finding_id,page,section,description,published_value,unit,tolerance,source,requires_gallup,gallup_items,note
C1_1_index_2021,2,Ch1 The state of global resilience in 2025,"Chart 1.1: global Resilience Index score, 2021",55,mean,,chart,N,,"PROJWT-weighted mean of the respondent score x 100, all countries in the wave"
C1_1_index_2023,2,Ch1 The state of global resilience in 2025,"Chart 1.1: global Resilience Index score, 2023",57,mean,,chart,N,,"PROJWT-weighted mean of the respondent score x 100, all countries in the wave"
C1_1_index_2025,2,Ch1 The state of global resilience in 2025,"Chart 1.1: global Resilience Index score, 2025",57,mean,,chart,N,,"PROJWT-weighted mean of the respondent score x 100, all countries in the wave"
C1_1_individual_2021,2,Ch1 The state of global resilience in 2025,"Chart 1.1: global individual dimension score, 2021",46,mean,,chart,N,,"PROJWT-weighted mean of the respondent score x 100, all countries in the wave"
C1_1_individual_2023,2,Ch1 The state of global resilience in 2025,"Chart 1.1: global individual dimension score, 2023",44,mean,,chart,N,,"PROJWT-weighted mean of the respondent score x 100, all countries in the wave"
C1_1_individual_2025,2,Ch1 The state of global resilience in 2025,"Chart 1.1: global individual dimension score, 2025",42,mean,,chart,N,,"PROJWT-weighted mean of the respondent score x 100, all countries in the wave"
C1_1_household_2021,2,Ch1 The state of global resilience in 2025,"Chart 1.1: global household dimension score, 2021",54,mean,,chart,N,,"PROJWT-weighted mean of the respondent score x 100, all countries in the wave"
C1_1_household_2023,2,Ch1 The state of global resilience in 2025,"Chart 1.1: global household dimension score, 2023",55,mean,,chart,N,,"PROJWT-weighted mean of the respondent score x 100, all countries in the wave"
C1_1_household_2025,2,Ch1 The state of global resilience in 2025,"Chart 1.1: global household dimension score, 2025",55,mean,,chart,N,,"PROJWT-weighted mean of the respondent score x 100, all countries in the wave"
C1_1_community_2021,2,Ch1 The state of global resilience in 2025,"Chart 1.1: global community dimension score, 2021",63,mean,,chart,N,,"PROJWT-weighted mean of the respondent score x 100, all countries in the wave"
C1_1_community_2023,2,Ch1 The state of global resilience in 2025,"Chart 1.1: global community dimension score, 2023",63,mean,,chart,N,,"PROJWT-weighted mean of the respondent score x 100, all countries in the wave"
C1_1_community_2025,2,Ch1 The state of global resilience in 2025,"Chart 1.1: global community dimension score, 2025",63,mean,,chart,N,,"PROJWT-weighted mean of the respondent score x 100, all countries in the wave"
C1_1_societal_2021,2,Ch1 The state of global resilience in 2025,"Chart 1.1: global societal dimension score, 2021",63,mean,,chart,N,,"PROJWT-weighted mean of the respondent score x 100, all countries in the wave"
C1_1_societal_2023,2,Ch1 The state of global resilience in 2025,"Chart 1.1: global societal dimension score, 2023",65,mean,,chart,N,,"PROJWT-weighted mean of the respondent score x 100, all countries in the wave"
C1_1_societal_2025,2,Ch1 The state of global resilience in 2025,"Chart 1.1: global societal dimension score, 2025",66,mean,,chart,N,,"PROJWT-weighted mean of the respondent score x 100, all countries in the wave"
C1_2_low_impacted,3,Ch1 What can a single edition of the Poll tell us?,"Chart 1.2: individual resilience, impacted by a disaster, low income",33,mean,,chart,N,,
C1_2_low_not,3,Ch1 What can a single edition of the Poll tell us?,"Chart 1.2: individual resilience, not impacted, low income",32,mean,,chart,N,,
C1_2_lower_middle_impacted,3,Ch1 What can a single edition of the Poll tell us?,"Chart 1.2: individual resilience, impacted by a disaster, lower_middle income",39,mean,,chart,N,,
C1_2_lower_middle_not,3,Ch1 What can a single edition of the Poll tell us?,"Chart 1.2: individual resilience, not impacted, lower_middle income",29,mean,,chart,N,,
C1_2_upper_middle_impacted,3,Ch1 What can a single edition of the Poll tell us?,"Chart 1.2: individual resilience, impacted by a disaster, upper_middle income",58,mean,,chart,N,,
C1_2_upper_middle_not,3,Ch1 What can a single edition of the Poll tell us?,"Chart 1.2: individual resilience, not impacted, upper_middle income",41,mean,,chart,N,,
C1_2_high_impacted,3,Ch1 What can a single edition of the Poll tell us?,"Chart 1.2: individual resilience, impacted by a disaster, high income",66,mean,,chart,N,,
C1_2_high_not,3,Ch1 What can a single edition of the Poll tell us?,"Chart 1.2: individual resilience, not impacted, high income",58,mean,,chart,N,,
T2_1_MAR_n2021,6,Ch2 How the comparison works,"Table 2.1: affected-region respondents, Morocco, 2021",137,count,,table,N,,
T2_1_MAR_n2023,6,Ch2 How the comparison works,"Table 2.1: affected-region respondents, Morocco, 2023",132,count,,table,N,,
T2_1_MAR_expo_est,6,Ch2 How the comparison works,"Table 2.1: Morocco, change in reported disaster experience, affected minus rest (pp)",11,pp,,table,N,,
T2_1_MAR_expo_lo,6,Ch2 How the comparison works,"Table 2.1: Morocco, exposure check, 95% CI lower bound",-2,pp,,table,N,,HC1 95% CI from the case regression
T2_1_MAR_expo_hi,6,Ch2 How the comparison works,"Table 2.1: Morocco, exposure check, 95% CI upper bound",25,pp,,table,N,,HC1 95% CI from the case regression
T2_1_MOZ_n2021,6,Ch2 How the comparison works,"Table 2.1: affected-region respondents, Mozambique, 2021",360,count,,table,N,,
T2_1_MOZ_n2023,6,Ch2 How the comparison works,"Table 2.1: affected-region respondents, Mozambique, 2023",360,count,,table,N,,
T2_1_MOZ_expo_est,6,Ch2 How the comparison works,"Table 2.1: Mozambique, change in reported disaster experience, affected minus rest (pp)",9,pp,,table,N,,
T2_1_MOZ_expo_lo,6,Ch2 How the comparison works,"Table 2.1: Mozambique, exposure check, 95% CI lower bound",-2,pp,,table,N,,HC1 95% CI from the case regression
T2_1_MOZ_expo_hi,6,Ch2 How the comparison works,"Table 2.1: Mozambique, exposure check, 95% CI upper bound",21,pp,,table,N,,HC1 95% CI from the case regression
T2_1_NZL_n2021,6,Ch2 How the comparison works,"Table 2.1: affected-region respondents, New Zealand, 2021",365,count,,table,N,,
T2_1_NZL_n2023,6,Ch2 How the comparison works,"Table 2.1: affected-region respondents, New Zealand, 2023",418,count,,table,N,,
T2_1_NZL_expo_est,6,Ch2 How the comparison works,"Table 2.1: New Zealand, change in reported disaster experience, affected minus rest (pp)",35,pp,,table,N,,
T2_1_NZL_expo_lo,6,Ch2 How the comparison works,"Table 2.1: New Zealand, exposure check, 95% CI lower bound",25,pp,,table,N,,HC1 95% CI from the case regression
T2_1_NZL_expo_hi,6,Ch2 How the comparison works,"Table 2.1: New Zealand, exposure check, 95% CI upper bound",45,pp,,table,N,,HC1 95% CI from the case regression
T2_1_TUR_n2021,6,Ch2 How the comparison works,"Table 2.1: affected-region respondents, Türkiye, 2021",174,count,,table,N,,
T2_1_TUR_n2023,6,Ch2 How the comparison works,"Table 2.1: affected-region respondents, Türkiye, 2023",180,count,,table,N,,
T2_1_TUR_expo_est,6,Ch2 How the comparison works,"Table 2.1: Türkiye, change in reported disaster experience, affected minus rest (pp)",39,pp,,table,N,,
T2_1_TUR_expo_lo,6,Ch2 How the comparison works,"Table 2.1: Türkiye, exposure check, 95% CI lower bound",27,pp,,table,N,,HC1 95% CI from the case regression
T2_1_TUR_expo_hi,6,Ch2 How the comparison works,"Table 2.1: Türkiye, exposure check, 95% CI upper bound",52,pp,,table,N,,HC1 95% CI from the case regression
T2_1_PAK_n2021,6,Ch2 How the comparison works,"Table 2.1: affected-region respondents, Pakistan, 2021",280,count,,table,N,,
T2_1_PAK_n2023,6,Ch2 How the comparison works,"Table 2.1: affected-region respondents, Pakistan, 2023",230,count,,table,N,,
T2_1_PAK_expo_est,6,Ch2 How the comparison works,"Table 2.1: Pakistan, change in reported disaster experience, affected minus rest (pp)",26,pp,,table,N,,
T2_1_PAK_expo_lo,6,Ch2 How the comparison works,"Table 2.1: Pakistan, exposure check, 95% CI lower bound",14,pp,,table,N,,HC1 95% CI from the case regression
T2_1_PAK_expo_hi,6,Ch2 How the comparison works,"Table 2.1: Pakistan, exposure check, 95% CI upper bound",37,pp,,table,N,,HC1 95% CI from the case regression
T2_1_ZAF_n2021,6,Ch2 How the comparison works,"Table 2.1: affected-region respondents, South Africa, 2021",186,count,,table,Y,REGION_ZAF,South Africa 2021 needs the 2021 province variable
T2_1_ZAF_n2023,6,Ch2 How the comparison works,"Table 2.1: affected-region respondents, South Africa, 2023",180,count,,table,N,,
T2_1_ZAF_expo_est,6,Ch2 How the comparison works,"Table 2.1: South Africa, change in reported disaster experience, affected minus rest (pp)",29,pp,,table,Y,REGION_ZAF,
T2_1_ZAF_expo_lo,6,Ch2 How the comparison works,"Table 2.1: South Africa, exposure check, 95% CI lower bound",17,pp,,table,Y,REGION_ZAF,HC1 95% CI from the case regression
T2_1_ZAF_expo_hi,6,Ch2 How the comparison works,"Table 2.1: South Africa, exposure check, 95% CI upper bound",42,pp,,table,Y,REGION_ZAF,HC1 95% CI from the case regression
T2_1_ECU_n2021,6,Ch2 How the comparison works,"Table 2.1: affected-region respondents, Ecuador, 2021",265,count,,table,N,,
T2_1_ECU_n2023,6,Ch2 How the comparison works,"Table 2.1: affected-region respondents, Ecuador, 2023",270,count,,table,N,,
T2_1_ECU_expo_est,6,Ch2 How the comparison works,"Table 2.1: Ecuador, change in reported disaster experience, affected minus rest (pp)",-11,pp,,table,N,,
T2_1_ECU_expo_lo,6,Ch2 How the comparison works,"Table 2.1: Ecuador, exposure check, 95% CI lower bound",-22,pp,,table,N,,HC1 95% CI from the case regression
T2_1_ECU_expo_hi,6,Ch2 How the comparison works,"Table 2.1: Ecuador, exposure check, 95% CI upper bound",0,pp,,table,N,,HC1 95% CI from the case regression
T2_1_MAR_months,6,Ch2 How the comparison works,"Table 2.1: months from the event to the 2023 fieldwork, Morocco",1,count,,table,Y,FIELD_DATE,Calendar months from the event month to the modal interview month
T2_1_MOZ_months,6,Ch2 How the comparison works,"Table 2.1: months from the event to the 2023 fieldwork, Mozambique",6,count,,table,Y,FIELD_DATE,Calendar months from the event month to the modal interview month
T2_1_NZL_months,6,Ch2 How the comparison works,"Table 2.1: months from the event to the 2023 fieldwork, New Zealand",7,count,,table,Y,FIELD_DATE,Calendar months from the event month to the modal interview month
T2_1_TUR_months,6,Ch2 How the comparison works,"Table 2.1: months from the event to the 2023 fieldwork, Türkiye",10,count,,table,Y,FIELD_DATE,Calendar months from the event month to the modal interview month
T2_1_PAK_months,6,Ch2 How the comparison works,"Table 2.1: months from the event to the 2023 fieldwork, Pakistan",14,count,,table,Y,FIELD_DATE,Calendar months from the event month to the modal interview month
T2_1_ZAF_months,6,Ch2 How the comparison works,"Table 2.1: months from the event to the 2023 fieldwork, South Africa",22,count,,table,Y,FIELD_DATE,Calendar months from the event month to the modal interview month
T2_1_ECU_months,6,Ch2 How the comparison works,"Table 2.1: months from the event to the 2023 fieldwork, Ecuador",5,count,,table,Y,FIELD_DATE,Calendar months from the event month to the modal interview month
T2_1_PAK_onset_months,6,Ch2 How the comparison works,"Table 2.1 note: Pakistan, months from the onset of the floods (June 2022)",16,count,,table,Y,FIELD_DATE,
T2_2_index_est,16,Ch2 The seven case studies taken together,"Table 2.2: pooled difference-in-differences, Resilience Index, 2021-2023",-2,points,,table,Y,REGION_ZAF,
T2_2_index_lo,16,Ch2 The seven case studies taken together,"Table 2.2: Resilience Index, 95% CI lower bound",-3,points,,table,Y,REGION_ZAF,
T2_2_index_hi,16,Ch2 The seven case studies taken together,"Table 2.2: Resilience Index, 95% CI upper bound",0,points,,table,Y,REGION_ZAF,
T2_2_societal_est,16,Ch2 The seven case studies taken together,"Table 2.2: pooled difference-in-differences, societal dimension, 2021-2023",-1,points,,table,Y,REGION_ZAF,
T2_2_societal_lo,16,Ch2 The seven case studies taken together,"Table 2.2: societal dimension, 95% CI lower bound",-3,points,,table,Y,REGION_ZAF,
T2_2_societal_hi,16,Ch2 The seven case studies taken together,"Table 2.2: societal dimension, 95% CI upper bound",1,points,,table,Y,REGION_ZAF,
T2_2_community_est,16,Ch2 The seven case studies taken together,"Table 2.2: pooled difference-in-differences, community dimension, 2021-2023",-3,points,,table,Y,REGION_ZAF,
T2_2_community_lo,16,Ch2 The seven case studies taken together,"Table 2.2: community dimension, 95% CI lower bound",-5,points,,table,Y,REGION_ZAF,
T2_2_community_hi,16,Ch2 The seven case studies taken together,"Table 2.2: community dimension, 95% CI upper bound",0,points,,table,Y,REGION_ZAF,
T2_2_household_est,16,Ch2 The seven case studies taken together,"Table 2.2: pooled difference-in-differences, household dimension, 2021-2023",-1,points,,table,Y,REGION_ZAF,
T2_2_household_lo,16,Ch2 The seven case studies taken together,"Table 2.2: household dimension, 95% CI lower bound",-3,points,,table,Y,REGION_ZAF,
T2_2_household_hi,16,Ch2 The seven case studies taken together,"Table 2.2: household dimension, 95% CI upper bound",2,points,,table,Y,REGION_ZAF,
T2_2_individual_est,16,Ch2 The seven case studies taken together,"Table 2.2: pooled difference-in-differences, individual dimension, 2021-2023",-3,points,,table,Y,REGION_ZAF,
T2_2_individual_lo,16,Ch2 The seven case studies taken together,"Table 2.2: individual dimension, 95% CI lower bound",-5,points,,table,Y,REGION_ZAF,
T2_2_individual_hi,16,Ch2 The seven case studies taken together,"Table 2.2: individual dimension, 95% CI upper bound",0,points,,table,Y,REGION_ZAF,
T2_2_confidence_est,16,Ch2 The seven case studies taken together,"Table 2.2: pooled difference-in-differences, confidence in national government, 2021-2023",-2,pp,,table,Y,REGION_ZAF; WP139,
T2_2_confidence_lo,16,Ch2 The seven case studies taken together,"Table 2.2: confidence in national government, 95% CI lower bound",-8,pp,,table,Y,REGION_ZAF; WP139,
T2_2_confidence_hi,16,Ch2 The seven case studies taken together,"Table 2.2: confidence in national government, 95% CI upper bound",3,pp,,table,Y,REGION_ZAF; WP139,
T2_2_gov_est,16,Ch2 The seven case studies taken together,"Table 2.2: pooled difference-in-differences, government cares 'a lot', 2021-2023",3,pp,,table,Y,REGION_ZAF,
T2_2_gov_lo,16,Ch2 The seven case studies taken together,"Table 2.2: government cares 'a lot', 95% CI lower bound",-1,pp,,table,Y,REGION_ZAF,
T2_2_gov_hi,16,Ch2 The seven case studies taken together,"Table 2.2: government cares 'a lot', 95% CI upper bound",6,pp,,table,Y,REGION_ZAF,
T2_2_neighbours_est,16,Ch2 The seven case studies taken together,"Table 2.2: pooled difference-in-differences, neighbours care 'a lot', 2021-2023",7,pp,,table,Y,REGION_ZAF,
T2_2_neighbours_lo,16,Ch2 The seven case studies taken together,"Table 2.2: neighbours care 'a lot', 95% CI lower bound",3,pp,,table,Y,REGION_ZAF,
T2_2_neighbours_hi,16,Ch2 The seven case studies taken together,"Table 2.2: neighbours care 'a lot', 95% CI upper bound",12,pp,,table,Y,REGION_ZAF,
T2_2_protect_est,16,Ch2 The seven case studies taken together,"Table 2.2: pooled difference-in-differences, could protect their family, 2021-2023",-2,pp,,table,Y,REGION_ZAF,
T2_2_protect_lo,16,Ch2 The seven case studies taken together,"Table 2.2: could protect their family, 95% CI lower bound",-6,pp,,table,Y,REGION_ZAF,
T2_2_protect_hi,16,Ch2 The seven case studies taken together,"Table 2.2: could protect their family, 95% CI upper bound",3,pp,,table,Y,REGION_ZAF,
C3_1_societal_MAR_aff,20,Ch3 Which dimensions of the Resilience Index change,"Chart 3.1: societal dimension, Morocco, change in the affected regions, 2021-2023",-2,points,,chart,N,,
C3_1_societal_MAR_rest,20,Ch3 Which dimensions of the Resilience Index change,"Chart 3.1: societal dimension, Morocco, change in the rest of the country, 2021-2023",-2,points,,chart,N,,
C3_1_societal_MAR_gap,20,Ch3 Which dimensions of the Resilience Index change,"Chart 3.1: societal dimension, Morocco, gap (difference-in-differences), 2021-2023",0,points,,chart,N,,
C3_1_societal_ECU_aff,20,Ch3 Which dimensions of the Resilience Index change,"Chart 3.1: societal dimension, Ecuador, change in the affected regions, 2021-2023",-11,points,,chart,N,,
C3_1_societal_ECU_rest,20,Ch3 Which dimensions of the Resilience Index change,"Chart 3.1: societal dimension, Ecuador, change in the rest of the country, 2021-2023",-8,points,,chart,N,,
C3_1_societal_ECU_gap,20,Ch3 Which dimensions of the Resilience Index change,"Chart 3.1: societal dimension, Ecuador, gap (difference-in-differences), 2021-2023",-3,points,,chart,N,,
C3_1_societal_MOZ_aff,20,Ch3 Which dimensions of the Resilience Index change,"Chart 3.1: societal dimension, Mozambique, change in the affected regions, 2021-2023",9,points,,chart,N,,
C3_1_societal_MOZ_rest,20,Ch3 Which dimensions of the Resilience Index change,"Chart 3.1: societal dimension, Mozambique, change in the rest of the country, 2021-2023",-2,points,,chart,N,,
C3_1_societal_MOZ_gap,20,Ch3 Which dimensions of the Resilience Index change,"Chart 3.1: societal dimension, Mozambique, gap (difference-in-differences), 2021-2023",11,points,,chart,N,,
C3_1_societal_NZL_aff,20,Ch3 Which dimensions of the Resilience Index change,"Chart 3.1: societal dimension, New Zealand, change in the affected regions, 2021-2023",-9,points,,chart,N,,
C3_1_societal_NZL_rest,20,Ch3 Which dimensions of the Resilience Index change,"Chart 3.1: societal dimension, New Zealand, change in the rest of the country, 2021-2023",-5,points,,chart,N,,
C3_1_societal_NZL_gap,20,Ch3 Which dimensions of the Resilience Index change,"Chart 3.1: societal dimension, New Zealand, gap (difference-in-differences), 2021-2023",-5,points,,chart,N,,
C3_1_societal_TUR_aff,20,Ch3 Which dimensions of the Resilience Index change,"Chart 3.1: societal dimension, Türkiye, change in the affected regions, 2021-2023",-11,points,,chart,N,,
C3_1_societal_TUR_rest,20,Ch3 Which dimensions of the Resilience Index change,"Chart 3.1: societal dimension, Türkiye, change in the rest of the country, 2021-2023",4,points,,chart,N,,
C3_1_societal_TUR_gap,20,Ch3 Which dimensions of the Resilience Index change,"Chart 3.1: societal dimension, Türkiye, gap (difference-in-differences), 2021-2023",-15,points,,chart,N,,
C3_1_societal_PAK_aff,20,Ch3 Which dimensions of the Resilience Index change,"Chart 3.1: societal dimension, Pakistan, change in the affected regions, 2021-2023",-8,points,,chart,N,,
C3_1_societal_PAK_rest,20,Ch3 Which dimensions of the Resilience Index change,"Chart 3.1: societal dimension, Pakistan, change in the rest of the country, 2021-2023",-3,points,,chart,N,,
C3_1_societal_PAK_gap,20,Ch3 Which dimensions of the Resilience Index change,"Chart 3.1: societal dimension, Pakistan, gap (difference-in-differences), 2021-2023",-5,points,,chart,N,,
C3_1_societal_ZAF_aff,20,Ch3 Which dimensions of the Resilience Index change,"Chart 3.1: societal dimension, South Africa, change in the affected regions, 2021-2023",2,points,,chart,Y,REGION_ZAF,
C3_1_societal_ZAF_rest,20,Ch3 Which dimensions of the Resilience Index change,"Chart 3.1: societal dimension, South Africa, change in the rest of the country, 2021-2023",-4,points,,chart,Y,REGION_ZAF,
C3_1_societal_ZAF_gap,20,Ch3 Which dimensions of the Resilience Index change,"Chart 3.1: societal dimension, South Africa, gap (difference-in-differences), 2021-2023",5,points,,chart,Y,REGION_ZAF,
C3_1_societal_pooled,20,Ch3 Which dimensions of the Resilience Index change,"Chart 3.1: societal dimension, pooled seven-case estimate",-1,points,,chart,Y,REGION_ZAF,
C3_1_community_MAR_aff,20,Ch3 Which dimensions of the Resilience Index change,"Chart 3.1: community dimension, Morocco, change in the affected regions, 2021-2023",4,points,,chart,N,,
C3_1_community_MAR_rest,20,Ch3 Which dimensions of the Resilience Index change,"Chart 3.1: community dimension, Morocco, change in the rest of the country, 2021-2023",2,points,,chart,N,,
C3_1_community_MAR_gap,20,Ch3 Which dimensions of the Resilience Index change,"Chart 3.1: community dimension, Morocco, gap (difference-in-differences), 2021-2023",2,points,,chart,N,,
C3_1_community_ECU_aff,20,Ch3 Which dimensions of the Resilience Index change,"Chart 3.1: community dimension, Ecuador, change in the affected regions, 2021-2023",-8,points,,chart,N,,
C3_1_community_ECU_rest,20,Ch3 Which dimensions of the Resilience Index change,"Chart 3.1: community dimension, Ecuador, change in the rest of the country, 2021-2023",-7,points,,chart,N,,
C3_1_community_ECU_gap,20,Ch3 Which dimensions of the Resilience Index change,"Chart 3.1: community dimension, Ecuador, gap (difference-in-differences), 2021-2023",-1,points,,chart,N,,
C3_1_community_MOZ_aff,20,Ch3 Which dimensions of the Resilience Index change,"Chart 3.1: community dimension, Mozambique, change in the affected regions, 2021-2023",-6,points,,chart,N,,
C3_1_community_MOZ_rest,20,Ch3 Which dimensions of the Resilience Index change,"Chart 3.1: community dimension, Mozambique, change in the rest of the country, 2021-2023",-5,points,,chart,N,,
C3_1_community_MOZ_gap,20,Ch3 Which dimensions of the Resilience Index change,"Chart 3.1: community dimension, Mozambique, gap (difference-in-differences), 2021-2023",-1,points,,chart,N,,
C3_1_community_NZL_aff,20,Ch3 Which dimensions of the Resilience Index change,"Chart 3.1: community dimension, New Zealand, change in the affected regions, 2021-2023",-10,points,,chart,N,,
C3_1_community_NZL_rest,20,Ch3 Which dimensions of the Resilience Index change,"Chart 3.1: community dimension, New Zealand, change in the rest of the country, 2021-2023",-5,points,,chart,N,,
C3_1_community_NZL_gap,20,Ch3 Which dimensions of the Resilience Index change,"Chart 3.1: community dimension, New Zealand, gap (difference-in-differences), 2021-2023",-5,points,,chart,N,,
C3_1_community_TUR_aff,20,Ch3 Which dimensions of the Resilience Index change,"Chart 3.1: community dimension, Türkiye, change in the affected regions, 2021-2023",-10,points,,chart,N,,
C3_1_community_TUR_rest,20,Ch3 Which dimensions of the Resilience Index change,"Chart 3.1: community dimension, Türkiye, change in the rest of the country, 2021-2023",-1,points,,chart,N,,
C3_1_community_TUR_gap,20,Ch3 Which dimensions of the Resilience Index change,"Chart 3.1: community dimension, Türkiye, gap (difference-in-differences), 2021-2023",-9,points,,chart,N,,
C3_1_community_PAK_aff,20,Ch3 Which dimensions of the Resilience Index change,"Chart 3.1: community dimension, Pakistan, change in the affected regions, 2021-2023",-8,points,,chart,N,,
C3_1_community_PAK_rest,20,Ch3 Which dimensions of the Resilience Index change,"Chart 3.1: community dimension, Pakistan, change in the rest of the country, 2021-2023",-1,points,,chart,N,,
C3_1_community_PAK_gap,20,Ch3 Which dimensions of the Resilience Index change,"Chart 3.1: community dimension, Pakistan, gap (difference-in-differences), 2021-2023",-6,points,,chart,N,,
C3_1_community_ZAF_aff,20,Ch3 Which dimensions of the Resilience Index change,"Chart 3.1: community dimension, South Africa, change in the affected regions, 2021-2023",0,points,,chart,Y,REGION_ZAF,
C3_1_community_ZAF_rest,20,Ch3 Which dimensions of the Resilience Index change,"Chart 3.1: community dimension, South Africa, change in the rest of the country, 2021-2023",-3,points,,chart,Y,REGION_ZAF,
C3_1_community_ZAF_gap,20,Ch3 Which dimensions of the Resilience Index change,"Chart 3.1: community dimension, South Africa, gap (difference-in-differences), 2021-2023",3,points,,chart,Y,REGION_ZAF,
C3_1_community_pooled,20,Ch3 Which dimensions of the Resilience Index change,"Chart 3.1: community dimension, pooled seven-case estimate",-3,points,,chart,Y,REGION_ZAF,
C3_1_household_MAR_aff,20,Ch3 Which dimensions of the Resilience Index change,"Chart 3.1: household dimension, Morocco, change in the affected regions, 2021-2023",-8,points,,chart,N,,
C3_1_household_MAR_rest,20,Ch3 Which dimensions of the Resilience Index change,"Chart 3.1: household dimension, Morocco, change in the rest of the country, 2021-2023",-11,points,,chart,N,,
C3_1_household_MAR_gap,20,Ch3 Which dimensions of the Resilience Index change,"Chart 3.1: household dimension, Morocco, gap (difference-in-differences), 2021-2023",3,points,,chart,N,,
C3_1_household_ECU_aff,20,Ch3 Which dimensions of the Resilience Index change,"Chart 3.1: household dimension, Ecuador, change in the affected regions, 2021-2023",-13,points,,chart,N,,
C3_1_household_ECU_rest,20,Ch3 Which dimensions of the Resilience Index change,"Chart 3.1: household dimension, Ecuador, change in the rest of the country, 2021-2023",-5,points,,chart,N,,
C3_1_household_ECU_gap,20,Ch3 Which dimensions of the Resilience Index change,"Chart 3.1: household dimension, Ecuador, gap (difference-in-differences), 2021-2023",-8,points,,chart,N,,
C3_1_household_MOZ_aff,20,Ch3 Which dimensions of the Resilience Index change,"Chart 3.1: household dimension, Mozambique, change in the affected regions, 2021-2023",-9,points,,chart,N,,
C3_1_household_MOZ_rest,20,Ch3 Which dimensions of the Resilience Index change,"Chart 3.1: household dimension, Mozambique, change in the rest of the country, 2021-2023",-5,points,,chart,N,,
C3_1_household_MOZ_gap,20,Ch3 Which dimensions of the Resilience Index change,"Chart 3.1: household dimension, Mozambique, gap (difference-in-differences), 2021-2023",-4,points,,chart,N,,
C3_1_household_NZL_aff,20,Ch3 Which dimensions of the Resilience Index change,"Chart 3.1: household dimension, New Zealand, change in the affected regions, 2021-2023",-2,points,,chart,N,,
C3_1_household_NZL_rest,20,Ch3 Which dimensions of the Resilience Index change,"Chart 3.1: household dimension, New Zealand, change in the rest of the country, 2021-2023",0,points,,chart,N,,
C3_1_household_NZL_gap,20,Ch3 Which dimensions of the Resilience Index change,"Chart 3.1: household dimension, New Zealand, gap (difference-in-differences), 2021-2023",-1,points,,chart,N,,
C3_1_household_TUR_aff,20,Ch3 Which dimensions of the Resilience Index change,"Chart 3.1: household dimension, Türkiye, change in the affected regions, 2021-2023",5,points,,chart,N,,
C3_1_household_TUR_rest,20,Ch3 Which dimensions of the Resilience Index change,"Chart 3.1: household dimension, Türkiye, change in the rest of the country, 2021-2023",3,points,,chart,N,,
C3_1_household_TUR_gap,20,Ch3 Which dimensions of the Resilience Index change,"Chart 3.1: household dimension, Türkiye, gap (difference-in-differences), 2021-2023",2,points,,chart,N,,
C3_1_household_PAK_aff,20,Ch3 Which dimensions of the Resilience Index change,"Chart 3.1: household dimension, Pakistan, change in the affected regions, 2021-2023",2,points,,chart,N,,
C3_1_household_PAK_rest,20,Ch3 Which dimensions of the Resilience Index change,"Chart 3.1: household dimension, Pakistan, change in the rest of the country, 2021-2023",0,points,,chart,N,,
C3_1_household_PAK_gap,20,Ch3 Which dimensions of the Resilience Index change,"Chart 3.1: household dimension, Pakistan, gap (difference-in-differences), 2021-2023",1,points,,chart,N,,
C3_1_household_ZAF_aff,20,Ch3 Which dimensions of the Resilience Index change,"Chart 3.1: household dimension, South Africa, change in the affected regions, 2021-2023",4,points,,chart,Y,REGION_ZAF,
C3_1_household_ZAF_rest,20,Ch3 Which dimensions of the Resilience Index change,"Chart 3.1: household dimension, South Africa, change in the rest of the country, 2021-2023",-4,points,,chart,Y,REGION_ZAF,
C3_1_household_ZAF_gap,20,Ch3 Which dimensions of the Resilience Index change,"Chart 3.1: household dimension, South Africa, gap (difference-in-differences), 2021-2023",8,points,,chart,Y,REGION_ZAF,
C3_1_household_pooled,20,Ch3 Which dimensions of the Resilience Index change,"Chart 3.1: household dimension, pooled seven-case estimate",-1,points,,chart,Y,REGION_ZAF,
C3_1_individual_MAR_aff,20,Ch3 Which dimensions of the Resilience Index change,"Chart 3.1: individual dimension, Morocco, change in the affected regions, 2021-2023",-22,points,,chart,N,,
C3_1_individual_MAR_rest,20,Ch3 Which dimensions of the Resilience Index change,"Chart 3.1: individual dimension, Morocco, change in the rest of the country, 2021-2023",-15,points,,chart,N,,
C3_1_individual_MAR_gap,20,Ch3 Which dimensions of the Resilience Index change,"Chart 3.1: individual dimension, Morocco, gap (difference-in-differences), 2021-2023",-7,points,,chart,N,,
C3_1_individual_ECU_aff,20,Ch3 Which dimensions of the Resilience Index change,"Chart 3.1: individual dimension, Ecuador, change in the affected regions, 2021-2023",-10,points,,chart,N,,
C3_1_individual_ECU_rest,20,Ch3 Which dimensions of the Resilience Index change,"Chart 3.1: individual dimension, Ecuador, change in the rest of the country, 2021-2023",-5,points,,chart,N,,
C3_1_individual_ECU_gap,20,Ch3 Which dimensions of the Resilience Index change,"Chart 3.1: individual dimension, Ecuador, gap (difference-in-differences), 2021-2023",-5,points,,chart,N,,
C3_1_individual_MOZ_aff,20,Ch3 Which dimensions of the Resilience Index change,"Chart 3.1: individual dimension, Mozambique, change in the affected regions, 2021-2023",-7,points,,chart,N,,
C3_1_individual_MOZ_rest,20,Ch3 Which dimensions of the Resilience Index change,"Chart 3.1: individual dimension, Mozambique, change in the rest of the country, 2021-2023",1,points,,chart,N,,
C3_1_individual_MOZ_gap,20,Ch3 Which dimensions of the Resilience Index change,"Chart 3.1: individual dimension, Mozambique, gap (difference-in-differences), 2021-2023",-8,points,,chart,N,,
C3_1_individual_NZL_aff,20,Ch3 Which dimensions of the Resilience Index change,"Chart 3.1: individual dimension, New Zealand, change in the affected regions, 2021-2023",-1,points,,chart,N,,
C3_1_individual_NZL_rest,20,Ch3 Which dimensions of the Resilience Index change,"Chart 3.1: individual dimension, New Zealand, change in the rest of the country, 2021-2023",0,points,,chart,N,,
C3_1_individual_NZL_gap,20,Ch3 Which dimensions of the Resilience Index change,"Chart 3.1: individual dimension, New Zealand, gap (difference-in-differences), 2021-2023",-2,points,,chart,N,,
C3_1_individual_TUR_aff,20,Ch3 Which dimensions of the Resilience Index change,"Chart 3.1: individual dimension, Türkiye, change in the affected regions, 2021-2023",3,points,,chart,N,,
C3_1_individual_TUR_rest,20,Ch3 Which dimensions of the Resilience Index change,"Chart 3.1: individual dimension, Türkiye, change in the rest of the country, 2021-2023",-4,points,,chart,N,,
C3_1_individual_TUR_gap,20,Ch3 Which dimensions of the Resilience Index change,"Chart 3.1: individual dimension, Türkiye, gap (difference-in-differences), 2021-2023",6,points,,chart,N,,
C3_1_individual_PAK_aff,20,Ch3 Which dimensions of the Resilience Index change,"Chart 3.1: individual dimension, Pakistan, change in the affected regions, 2021-2023",-2,points,,chart,N,,
C3_1_individual_PAK_rest,20,Ch3 Which dimensions of the Resilience Index change,"Chart 3.1: individual dimension, Pakistan, change in the rest of the country, 2021-2023",-2,points,,chart,N,,
C3_1_individual_PAK_gap,20,Ch3 Which dimensions of the Resilience Index change,"Chart 3.1: individual dimension, Pakistan, gap (difference-in-differences), 2021-2023",0,points,,chart,N,,
C3_1_individual_ZAF_aff,20,Ch3 Which dimensions of the Resilience Index change,"Chart 3.1: individual dimension, South Africa, change in the affected regions, 2021-2023",-1,points,,chart,Y,REGION_ZAF,
C3_1_individual_ZAF_rest,20,Ch3 Which dimensions of the Resilience Index change,"Chart 3.1: individual dimension, South Africa, change in the rest of the country, 2021-2023",0,points,,chart,Y,REGION_ZAF,
C3_1_individual_ZAF_gap,20,Ch3 Which dimensions of the Resilience Index change,"Chart 3.1: individual dimension, South Africa, gap (difference-in-differences), 2021-2023",-1,points,,chart,Y,REGION_ZAF,
C3_1_individual_pooled,20,Ch3 Which dimensions of the Resilience Index change,"Chart 3.1: individual dimension, pooled seven-case estimate",-2,points,,chart,Y,REGION_ZAF,Table 2.2 prints -3 for the individual dimension
C3_2_ECU_aff,21,"Ch3 Confidence in national government, and perceived care","Chart 3.2: confidence in national government, Ecuador, change in the affected regions",-23,pp,,chart,Y,WP139,
C3_2_ECU_rest,21,"Ch3 Confidence in national government, and perceived care","Chart 3.2: confidence in national government, Ecuador, change in the rest of the country",-24,pp,,chart,Y,WP139,
C3_2_ECU_gap,21,"Ch3 Confidence in national government, and perceived care","Chart 3.2: confidence in national government, Ecuador, gap (difference-in-differences)",0,pp,,chart,Y,WP139,
C3_2_MOZ_aff,21,"Ch3 Confidence in national government, and perceived care","Chart 3.2: confidence in national government, Mozambique, change in the affected regions",7,pp,,chart,Y,WP139,
C3_2_MOZ_rest,21,"Ch3 Confidence in national government, and perceived care","Chart 3.2: confidence in national government, Mozambique, change in the rest of the country",2,pp,,chart,Y,WP139,
C3_2_MOZ_gap,21,"Ch3 Confidence in national government, and perceived care","Chart 3.2: confidence in national government, Mozambique, gap (difference-in-differences)",6,pp,,chart,Y,WP139,
C3_2_NZL_aff,21,"Ch3 Confidence in national government, and perceived care","Chart 3.2: confidence in national government, New Zealand, change in the affected regions",-24,pp,,chart,Y,WP139,
C3_2_NZL_rest,21,"Ch3 Confidence in national government, and perceived care","Chart 3.2: confidence in national government, New Zealand, change in the rest of the country",-11,pp,,chart,Y,WP139,
C3_2_NZL_gap,21,"Ch3 Confidence in national government, and perceived care","Chart 3.2: confidence in national government, New Zealand, gap (difference-in-differences)",-13,pp,,chart,Y,WP139,
C3_2_TUR_aff,21,"Ch3 Confidence in national government, and perceived care","Chart 3.2: confidence in national government, Türkiye, change in the affected regions",-30,pp,,chart,Y,WP139,
C3_2_TUR_rest,21,"Ch3 Confidence in national government, and perceived care","Chart 3.2: confidence in national government, Türkiye, change in the rest of the country",-6,pp,,chart,Y,WP139,
C3_2_TUR_gap,21,"Ch3 Confidence in national government, and perceived care","Chart 3.2: confidence in national government, Türkiye, gap (difference-in-differences)",-24,pp,,chart,Y,WP139,
C3_2_ZAF_aff,21,"Ch3 Confidence in national government, and perceived care","Chart 3.2: confidence in national government, South Africa, change in the affected regions",5,pp,,chart,Y,REGION_ZAF; WP139,
C3_2_ZAF_rest,21,"Ch3 Confidence in national government, and perceived care","Chart 3.2: confidence in national government, South Africa, change in the rest of the country",-12,pp,,chart,Y,REGION_ZAF; WP139,
C3_2_ZAF_gap,21,"Ch3 Confidence in national government, and perceived care","Chart 3.2: confidence in national government, South Africa, gap (difference-in-differences)",17,pp,,chart,Y,REGION_ZAF; WP139,
C3_2_pooled,21,"Ch3 Confidence in national government, and perceived care","Chart 3.2: confidence in national government, pooled five-case estimate",-2,pp,,chart,Y,REGION_ZAF; WP139,
C3_3_MAR_aff,22,Ch3 Perceived neighbourly care and the community dimension,"Chart 3.3: neighbours care 'a lot', Morocco, change in the affected regions",18,pp,,chart,N,,
C3_3_MAR_rest,22,Ch3 Perceived neighbourly care and the community dimension,"Chart 3.3: neighbours care 'a lot', Morocco, change in the rest of the country",10,pp,,chart,N,,
C3_3_MAR_gap,22,Ch3 Perceived neighbourly care and the community dimension,"Chart 3.3: neighbours care 'a lot', Morocco, gap (difference-in-differences)",8,pp,,chart,N,,
C3_3_ECU_aff,22,Ch3 Perceived neighbourly care and the community dimension,"Chart 3.3: neighbours care 'a lot', Ecuador, change in the affected regions",-1,pp,,chart,N,,
C3_3_ECU_rest,22,Ch3 Perceived neighbourly care and the community dimension,"Chart 3.3: neighbours care 'a lot', Ecuador, change in the rest of the country",1,pp,,chart,N,,
C3_3_ECU_gap,22,Ch3 Perceived neighbourly care and the community dimension,"Chart 3.3: neighbours care 'a lot', Ecuador, gap (difference-in-differences)",-2,pp,,chart,N,,
C3_3_MOZ_aff,22,Ch3 Perceived neighbourly care and the community dimension,"Chart 3.3: neighbours care 'a lot', Mozambique, change in the affected regions",3,pp,,chart,N,,
C3_3_MOZ_rest,22,Ch3 Perceived neighbourly care and the community dimension,"Chart 3.3: neighbours care 'a lot', Mozambique, change in the rest of the country",-8,pp,,chart,N,,
C3_3_MOZ_gap,22,Ch3 Perceived neighbourly care and the community dimension,"Chart 3.3: neighbours care 'a lot', Mozambique, gap (difference-in-differences)",11,pp,,chart,N,,
C3_3_NZL_aff,22,Ch3 Perceived neighbourly care and the community dimension,"Chart 3.3: neighbours care 'a lot', New Zealand, change in the affected regions",-1,pp,,chart,N,,
C3_3_NZL_rest,22,Ch3 Perceived neighbourly care and the community dimension,"Chart 3.3: neighbours care 'a lot', New Zealand, change in the rest of the country",3,pp,,chart,N,,
C3_3_NZL_gap,22,Ch3 Perceived neighbourly care and the community dimension,"Chart 3.3: neighbours care 'a lot', New Zealand, gap (difference-in-differences)",-4,pp,,chart,N,,
C3_3_TUR_aff,22,Ch3 Perceived neighbourly care and the community dimension,"Chart 3.3: neighbours care 'a lot', Türkiye, change in the affected regions",3,pp,,chart,N,,
C3_3_TUR_rest,22,Ch3 Perceived neighbourly care and the community dimension,"Chart 3.3: neighbours care 'a lot', Türkiye, change in the rest of the country",-9,pp,,chart,N,,
C3_3_TUR_gap,22,Ch3 Perceived neighbourly care and the community dimension,"Chart 3.3: neighbours care 'a lot', Türkiye, gap (difference-in-differences)",11,pp,,chart,N,,
C3_3_PAK_aff,22,Ch3 Perceived neighbourly care and the community dimension,"Chart 3.3: neighbours care 'a lot', Pakistan, change in the affected regions",-10,pp,,chart,N,,
C3_3_PAK_rest,22,Ch3 Perceived neighbourly care and the community dimension,"Chart 3.3: neighbours care 'a lot', Pakistan, change in the rest of the country",-8,pp,,chart,N,,
C3_3_PAK_gap,22,Ch3 Perceived neighbourly care and the community dimension,"Chart 3.3: neighbours care 'a lot', Pakistan, gap (difference-in-differences)",-2,pp,,chart,N,,
C3_3_ZAF_aff,22,Ch3 Perceived neighbourly care and the community dimension,"Chart 3.3: neighbours care 'a lot', South Africa, change in the affected regions",31,pp,,chart,Y,REGION_ZAF,
C3_3_ZAF_rest,22,Ch3 Perceived neighbourly care and the community dimension,"Chart 3.3: neighbours care 'a lot', South Africa, change in the rest of the country",-6,pp,,chart,Y,REGION_ZAF,
C3_3_ZAF_gap,22,Ch3 Perceived neighbourly care and the community dimension,"Chart 3.3: neighbours care 'a lot', South Africa, gap (difference-in-differences)",38,pp,,chart,Y,REGION_ZAF,
C3_3_pooled,22,Ch3 Perceived neighbourly care and the community dimension,"Chart 3.3: neighbours care 'a lot', pooled seven-case estimate",7,pp,,chart,Y,REGION_ZAF,
C3_4_MAR_community,23,Ch3 Perceived neighbourly care and the community dimension,"Chart 3.4: community dimension difference-in-differences, Morocco",2,points,,chart,N,,
C3_4_MAR_neighbours,23,Ch3 Perceived neighbourly care and the community dimension,"Chart 3.4: neighbours care 'a lot' difference-in-differences, Morocco",8,pp,,chart,N,,
C3_4_ECU_community,23,Ch3 Perceived neighbourly care and the community dimension,"Chart 3.4: community dimension difference-in-differences, Ecuador",-1,points,,chart,N,,
C3_4_ECU_neighbours,23,Ch3 Perceived neighbourly care and the community dimension,"Chart 3.4: neighbours care 'a lot' difference-in-differences, Ecuador",-2,pp,,chart,N,,
C3_4_MOZ_community,23,Ch3 Perceived neighbourly care and the community dimension,"Chart 3.4: community dimension difference-in-differences, Mozambique",-1,points,,chart,N,,
C3_4_MOZ_neighbours,23,Ch3 Perceived neighbourly care and the community dimension,"Chart 3.4: neighbours care 'a lot' difference-in-differences, Mozambique",11,pp,,chart,N,,
C3_4_NZL_community,23,Ch3 Perceived neighbourly care and the community dimension,"Chart 3.4: community dimension difference-in-differences, New Zealand",-5,points,,chart,N,,
C3_4_NZL_neighbours,23,Ch3 Perceived neighbourly care and the community dimension,"Chart 3.4: neighbours care 'a lot' difference-in-differences, New Zealand",-4,pp,,chart,N,,
C3_4_TUR_community,23,Ch3 Perceived neighbourly care and the community dimension,"Chart 3.4: community dimension difference-in-differences, Türkiye",-9,points,,chart,N,,
C3_4_TUR_neighbours,23,Ch3 Perceived neighbourly care and the community dimension,"Chart 3.4: neighbours care 'a lot' difference-in-differences, Türkiye",11,pp,,chart,N,,
C3_4_PAK_community,23,Ch3 Perceived neighbourly care and the community dimension,"Chart 3.4: community dimension difference-in-differences, Pakistan",-6,points,,chart,N,,
C3_4_PAK_neighbours,23,Ch3 Perceived neighbourly care and the community dimension,"Chart 3.4: neighbours care 'a lot' difference-in-differences, Pakistan",-2,pp,,chart,N,,
C3_4_ZAF_community,23,Ch3 Perceived neighbourly care and the community dimension,"Chart 3.4: community dimension difference-in-differences, South Africa",3,points,,chart,Y,REGION_ZAF,
C3_4_ZAF_neighbours,23,Ch3 Perceived neighbourly care and the community dimension,"Chart 3.4: neighbours care 'a lot' difference-in-differences, South Africa",38,pp,,chart,Y,REGION_ZAF,
C3_4_pooled_community,23,Ch3 Perceived neighbourly care and the community dimension,"Chart 3.4: community dimension difference-in-differences, pooled seven-case estimate",-3,points,,chart,Y,REGION_ZAF,
C3_4_pooled_neighbours,23,Ch3 Perceived neighbourly care and the community dimension,"Chart 3.4: neighbours care 'a lot' difference-in-differences, pooled seven-case estimate",7,pp,,chart,Y,REGION_ZAF,
C3_5_MAR_aff,24,Ch3 Personal agency,"Chart 3.5: could protect their family, Morocco, change in the affected regions",-34,pp,,chart,N,,
C3_5_MAR_rest,24,Ch3 Personal agency,"Chart 3.5: could protect their family, Morocco, change in the rest of the country",-28,pp,,chart,N,,
C3_5_MAR_gap,24,Ch3 Personal agency,"Chart 3.5: could protect their family, Morocco, gap (difference-in-differences)",-6,pp,,chart,N,,
C3_5_ECU_aff,24,Ch3 Personal agency,"Chart 3.5: could protect their family, Ecuador, change in the affected regions",-21,pp,,chart,N,,
C3_5_ECU_rest,24,Ch3 Personal agency,"Chart 3.5: could protect their family, Ecuador, change in the rest of the country",-12,pp,,chart,N,,
C3_5_ECU_gap,24,Ch3 Personal agency,"Chart 3.5: could protect their family, Ecuador, gap (difference-in-differences)",-9,pp,,chart,N,,
C3_5_MOZ_aff,24,Ch3 Personal agency,"Chart 3.5: could protect their family, Mozambique, change in the affected regions",-4,pp,,chart,N,,
C3_5_MOZ_rest,24,Ch3 Personal agency,"Chart 3.5: could protect their family, Mozambique, change in the rest of the country",2,pp,,chart,N,,
C3_5_MOZ_gap,24,Ch3 Personal agency,"Chart 3.5: could protect their family, Mozambique, gap (difference-in-differences)",-6,pp,,chart,N,,
C3_5_NZL_aff,24,Ch3 Personal agency,"Chart 3.5: could protect their family, New Zealand, change in the affected regions",-1,pp,,chart,N,,
C3_5_NZL_rest,24,Ch3 Personal agency,"Chart 3.5: could protect their family, New Zealand, change in the rest of the country",1,pp,,chart,N,,
C3_5_NZL_gap,24,Ch3 Personal agency,"Chart 3.5: could protect their family, New Zealand, gap (difference-in-differences)",-2,pp,,chart,N,,
C3_5_TUR_aff,24,Ch3 Personal agency,"Chart 3.5: could protect their family, Türkiye, change in the affected regions",-13,pp,,chart,N,,
C3_5_TUR_rest,24,Ch3 Personal agency,"Chart 3.5: could protect their family, Türkiye, change in the rest of the country",-16,pp,,chart,N,,
C3_5_TUR_gap,24,Ch3 Personal agency,"Chart 3.5: could protect their family, Türkiye, gap (difference-in-differences)",3,pp,,chart,N,,
C3_5_PAK_aff,24,Ch3 Personal agency,"Chart 3.5: could protect their family, Pakistan, change in the affected regions",0,pp,,chart,N,,
C3_5_PAK_rest,24,Ch3 Personal agency,"Chart 3.5: could protect their family, Pakistan, change in the rest of the country",-1,pp,,chart,N,,
C3_5_PAK_gap,24,Ch3 Personal agency,"Chart 3.5: could protect their family, Pakistan, gap (difference-in-differences)",1,pp,,chart,N,,
C3_5_ZAF_aff,24,Ch3 Personal agency,"Chart 3.5: could protect their family, South Africa, change in the affected regions",4,pp,,chart,Y,REGION_ZAF,
C3_5_ZAF_rest,24,Ch3 Personal agency,"Chart 3.5: could protect their family, South Africa, change in the rest of the country",-4,pp,,chart,Y,REGION_ZAF,
C3_5_ZAF_gap,24,Ch3 Personal agency,"Chart 3.5: could protect their family, South Africa, gap (difference-in-differences)",8,pp,,chart,Y,REGION_ZAF,
C3_5_pooled,24,Ch3 Personal agency,"Chart 3.5: could protect their family, pooled seven-case estimate",-2,pp,,chart,Y,REGION_ZAF,
C3_6_THA,25,Ch3 Change without a single major disaster,"Chart 3.6: national change in confidence in national government, THA, 2021-2023",25,pp,,chart,Y,WP139,
C3_6_PHL,25,Ch3 Change without a single major disaster,"Chart 3.6: national change in confidence in national government, PHL, 2021-2023",10,pp,,chart,Y,WP139,
C3_6_LBN,25,Ch3 Change without a single major disaster,"Chart 3.6: national change in confidence in national government, LBN, 2021-2023",-6,pp,,chart,Y,WP139,
C3_6_ECU,25,Ch3 Change without a single major disaster,"Chart 3.6: confidence gap (affected minus rest), Ecuador, 2021-2023",0,pp,,chart,Y,WP139,Same values as Chart 3.2
C3_6_MOZ,25,Ch3 Change without a single major disaster,"Chart 3.6: confidence gap (affected minus rest), Mozambique, 2021-2023",6,pp,,chart,Y,WP139,Same values as Chart 3.2
C3_6_NZL,25,Ch3 Change without a single major disaster,"Chart 3.6: confidence gap (affected minus rest), New Zealand, 2021-2023",-13,pp,,chart,Y,WP139,Same values as Chart 3.2
C3_6_TUR,25,Ch3 Change without a single major disaster,"Chart 3.6: confidence gap (affected minus rest), Türkiye, 2021-2023",-24,pp,,chart,Y,WP139,Same values as Chart 3.2
C3_6_ZAF,25,Ch3 Change without a single major disaster,"Chart 3.6: confidence gap (affected minus rest), South Africa, 2021-2023",17,pp,,chart,Y,REGION_ZAF; WP139,Same values as Chart 3.2
T4_1_MAR_2021,28,Ch4 Understanding the recovery,"Table 4.1: affected-region respondents, Morocco, 2021",137,count,,table,N,,
T4_1_MAR_2023,28,Ch4 Understanding the recovery,"Table 4.1: affected-region respondents, Morocco, 2023",132,count,,table,N,,
T4_1_MAR_2025,28,Ch4 Understanding the recovery,"Table 4.1: affected-region respondents, Morocco, 2025",132,count,,table,N,,
T4_1_TUR_2021,28,Ch4 Understanding the recovery,"Table 4.1: affected-region respondents, Türkiye, 2021",174,count,,table,N,,
T4_1_TUR_2023,28,Ch4 Understanding the recovery,"Table 4.1: affected-region respondents, Türkiye, 2023",180,count,,table,N,,
T4_1_TUR_2025,28,Ch4 Understanding the recovery,"Table 4.1: affected-region respondents, Türkiye, 2025",160,count,,table,N,,
T4_1_NZL_2021,28,Ch4 Understanding the recovery,"Table 4.1: affected-region respondents, New Zealand, 2021",365,count,,table,N,,
T4_1_NZL_2023,28,Ch4 Understanding the recovery,"Table 4.1: affected-region respondents, New Zealand, 2023",418,count,,table,N,,
T4_1_NZL_2025,28,Ch4 Understanding the recovery,"Table 4.1: affected-region respondents, New Zealand, 2025",330,count,,table,Y,REGION_NZL,
T4_1_ZAF_2021,28,Ch4 Understanding the recovery,"Table 4.1: affected-region respondents, South Africa, 2021",186,count,,table,Y,REGION_ZAF,
T4_1_ZAF_2023,28,Ch4 Understanding the recovery,"Table 4.1: affected-region respondents, South Africa, 2023",180,count,,table,N,,
T4_1_ZAF_2025,28,Ch4 Understanding the recovery,"Table 4.1: affected-region respondents, South Africa, 2025",181,count,,table,N,,
T4_1_MAR_months,28,Ch4 Understanding the recovery,"Table 4.1: months from the event to the 2025 fieldwork, Morocco",25,count,,table,Y,FIELD_DATE,Calendar months from the event month to the modal interview month
T4_1_TUR_months,28,Ch4 Understanding the recovery,"Table 4.1: months from the event to the 2025 fieldwork, Türkiye",31,count,,table,Y,FIELD_DATE,Calendar months from the event month to the modal interview month
T4_1_NZL_months,28,Ch4 Understanding the recovery,"Table 4.1: months from the event to the 2025 fieldwork, New Zealand",31,count,,table,Y,FIELD_DATE,Calendar months from the event month to the modal interview month
T4_1_ZAF_months,28,Ch4 Understanding the recovery,"Table 4.1: months from the event to the 2025 fieldwork, South Africa",41,count,,table,Y,FIELD_DATE,Calendar months from the event month to the modal interview month
C4_8_MAR_aff,38,Ch4 What people expect next,"Chart 4.8: Worry Index, affected regions, Morocco, 2025",45,mean,,chart,N,,
C4_8_MAR_rest,38,Ch4 What people expect next,"Chart 4.8: Worry Index, rest of the country, Morocco, 2025",49,mean,,chart,N,,
C4_8_MAR_gap,38,Ch4 What people expect next,"Chart 4.8: Worry Index gap label, Morocco, 2025",-3,points,,chart,N,,
C4_8_TUR_aff,38,Ch4 What people expect next,"Chart 4.8: Worry Index, affected regions, Türkiye, 2025",45,mean,,chart,N,,
C4_8_TUR_rest,38,Ch4 What people expect next,"Chart 4.8: Worry Index, rest of the country, Türkiye, 2025",48,mean,,chart,N,,
C4_8_TUR_gap,38,Ch4 What people expect next,"Chart 4.8: Worry Index gap label, Türkiye, 2025",-3,points,,chart,N,,
C4_8_NZL_aff,38,Ch4 What people expect next,"Chart 4.8: Worry Index, affected regions, New Zealand, 2025",29,mean,,chart,Y,REGION_NZL,
C4_8_NZL_rest,38,Ch4 What people expect next,"Chart 4.8: Worry Index, rest of the country, New Zealand, 2025",28,mean,,chart,Y,REGION_NZL,
C4_8_NZL_gap,38,Ch4 What people expect next,"Chart 4.8: Worry Index gap label, New Zealand, 2025",1,points,,chart,Y,REGION_NZL,
C4_8_ZAF_aff,38,Ch4 What people expect next,"Chart 4.8: Worry Index, affected regions, South Africa, 2025",61,mean,,chart,N,,
C4_8_ZAF_rest,38,Ch4 What people expect next,"Chart 4.8: Worry Index, rest of the country, South Africa, 2025",49,mean,,chart,N,,
C4_8_ZAF_gap,38,Ch4 What people expect next,"Chart 4.8: Worry Index gap label, South Africa, 2025",12,points,,chart,N,,
C4_9_TUR_gap2021,39,Ch4 What people expect next,"Chart 4.9: national government well prepared, Türkiye, gap in 2021",5,pp,,chart,N,,
C4_9_TUR_gap2025,39,Ch4 What people expect next,"Chart 4.9: national government well prepared, Türkiye, gap in 2025",-10,pp,,chart,N,,
C4_9_TUR_change,39,Ch4 What people expect next,"Chart 4.9: national government well prepared, Türkiye, change in the gap 2021 to 2025",-15,pp,,chart,N,,
C4_9_NZL_gap2021,39,Ch4 What people expect next,"Chart 4.9: national government well prepared, New Zealand, gap in 2021",11,pp,,chart,N,,
C4_9_NZL_gap2025,39,Ch4 What people expect next,"Chart 4.9: national government well prepared, New Zealand, gap in 2025",-6,pp,,chart,Y,REGION_NZL,
C4_9_NZL_change,39,Ch4 What people expect next,"Chart 4.9: national government well prepared, New Zealand, change in the gap 2021 to 2025",-17,pp,,chart,Y,REGION_NZL,
C4_9_ZAF_gap2021,39,Ch4 What people expect next,"Chart 4.9: national government well prepared, South Africa, gap in 2021",-17,pp,,chart,Y,REGION_ZAF,
C4_9_ZAF_gap2025,39,Ch4 What people expect next,"Chart 4.9: national government well prepared, South Africa, gap in 2025",-13,pp,,chart,N,,
C4_9_ZAF_change,39,Ch4 What people expect next,"Chart 4.9: national government well prepared, South Africa, change in the gap 2021 to 2025",5,pp,,chart,Y,REGION_ZAF,
C4_9_pooled,39,Ch4 What people expect next,"Chart 4.9: well prepared, pooled change in the gap 2021-2025, three cases",-10,pp,,chart,Y,REGION_NZL; REGION_ZAF,
TA_1_MAR_index_est,45,Appendix: Analysis notes,"Table A.1: Morocco, Resilience Index, difference-in-differences 2021-2023",-0.7,points,,table,N,,
TA_1_MAR_index_lo,45,Appendix: Analysis notes,"Table A.1: Morocco, Resilience Index, HC1 95% CI lower",-5.2,points,,table,N,,
TA_1_MAR_index_hi,45,Appendix: Analysis notes,"Table A.1: Morocco, Resilience Index, HC1 95% CI upper",3.8,points,,table,N,,
TA_1_MAR_societal_est,45,Appendix: Analysis notes,"Table A.1: Morocco, societal dimension, difference-in-differences 2021-2023",-0.4,points,,table,N,,
TA_1_MAR_societal_lo,45,Appendix: Analysis notes,"Table A.1: Morocco, societal dimension, HC1 95% CI lower",-7.6,points,,table,N,,
TA_1_MAR_societal_hi,45,Appendix: Analysis notes,"Table A.1: Morocco, societal dimension, HC1 95% CI upper",6.9,points,,table,N,,
TA_1_MAR_community_est,45,Appendix: Analysis notes,"Table A.1: Morocco, community dimension, difference-in-differences 2021-2023",1.8,points,,table,N,,
TA_1_MAR_community_lo,45,Appendix: Analysis notes,"Table A.1: Morocco, community dimension, HC1 95% CI lower",-5.9,points,,table,N,,
TA_1_MAR_community_hi,45,Appendix: Analysis notes,"Table A.1: Morocco, community dimension, HC1 95% CI upper",9.4,points,,table,N,,
TA_1_MAR_household_est,45,Appendix: Analysis notes,"Table A.1: Morocco, household dimension, difference-in-differences 2021-2023",2.9,points,,table,N,,
TA_1_MAR_household_lo,45,Appendix: Analysis notes,"Table A.1: Morocco, household dimension, HC1 95% CI lower",-3.4,points,,table,N,,
TA_1_MAR_household_hi,45,Appendix: Analysis notes,"Table A.1: Morocco, household dimension, HC1 95% CI upper",9.2,points,,table,N,,
TA_1_MAR_individual_est,45,Appendix: Analysis notes,"Table A.1: Morocco, individual dimension, difference-in-differences 2021-2023",-7.2,points,,table,N,,
TA_1_MAR_individual_lo,45,Appendix: Analysis notes,"Table A.1: Morocco, individual dimension, HC1 95% CI lower",-15.8,points,,table,N,,
TA_1_MAR_individual_hi,45,Appendix: Analysis notes,"Table A.1: Morocco, individual dimension, HC1 95% CI upper",1.5,points,,table,N,,
TA_1_MOZ_index_est,45,Appendix: Analysis notes,"Table A.1: Mozambique, Resilience Index, difference-in-differences 2021-2023",-0.7,points,,table,N,,
TA_1_MOZ_index_lo,45,Appendix: Analysis notes,"Table A.1: Mozambique, Resilience Index, HC1 95% CI lower",-4.8,points,,table,N,,
TA_1_MOZ_index_hi,45,Appendix: Analysis notes,"Table A.1: Mozambique, Resilience Index, HC1 95% CI upper",3.4,points,,table,N,,
TA_1_MOZ_societal_est,45,Appendix: Analysis notes,"Table A.1: Mozambique, societal dimension, difference-in-differences 2021-2023",10.9,points,,table,N,,
TA_1_MOZ_societal_lo,45,Appendix: Analysis notes,"Table A.1: Mozambique, societal dimension, HC1 95% CI lower",5.3,points,,table,N,,
TA_1_MOZ_societal_hi,45,Appendix: Analysis notes,"Table A.1: Mozambique, societal dimension, HC1 95% CI upper",16.5,points,,table,N,,
TA_1_MOZ_community_est,45,Appendix: Analysis notes,"Table A.1: Mozambique, community dimension, difference-in-differences 2021-2023",-1.2,points,,table,N,,
TA_1_MOZ_community_lo,45,Appendix: Analysis notes,"Table A.1: Mozambique, community dimension, HC1 95% CI lower",-7.9,points,,table,N,,
TA_1_MOZ_community_hi,45,Appendix: Analysis notes,"Table A.1: Mozambique, community dimension, HC1 95% CI upper",5.6,points,,table,N,,
TA_1_MOZ_household_est,45,Appendix: Analysis notes,"Table A.1: Mozambique, household dimension, difference-in-differences 2021-2023",-4.3,points,,table,N,,
TA_1_MOZ_household_lo,45,Appendix: Analysis notes,"Table A.1: Mozambique, household dimension, HC1 95% CI lower",-11.0,points,,table,N,,
TA_1_MOZ_household_hi,45,Appendix: Analysis notes,"Table A.1: Mozambique, household dimension, HC1 95% CI upper",2.3,points,,table,N,,
TA_1_MOZ_individual_est,45,Appendix: Analysis notes,"Table A.1: Mozambique, individual dimension, difference-in-differences 2021-2023",-7.7,points,,table,N,,
TA_1_MOZ_individual_lo,45,Appendix: Analysis notes,"Table A.1: Mozambique, individual dimension, HC1 95% CI lower",-15.5,points,,table,N,,
TA_1_MOZ_individual_hi,45,Appendix: Analysis notes,"Table A.1: Mozambique, individual dimension, HC1 95% CI upper",0.2,points,,table,N,,
TA_1_NZL_index_est,45,Appendix: Analysis notes,"Table A.1: New Zealand, Resilience Index, difference-in-differences 2021-2023",-3.1,points,,table,N,,
TA_1_NZL_index_lo,45,Appendix: Analysis notes,"Table A.1: New Zealand, Resilience Index, HC1 95% CI lower",-6.2,points,,table,N,,
TA_1_NZL_index_hi,45,Appendix: Analysis notes,"Table A.1: New Zealand, Resilience Index, HC1 95% CI upper",-0.1,points,,table,N,,
TA_1_NZL_societal_est,45,Appendix: Analysis notes,"Table A.1: New Zealand, societal dimension, difference-in-differences 2021-2023",-4.5,points,,table,N,,
TA_1_NZL_societal_lo,45,Appendix: Analysis notes,"Table A.1: New Zealand, societal dimension, HC1 95% CI lower",-9.5,points,,table,N,,
TA_1_NZL_societal_hi,45,Appendix: Analysis notes,"Table A.1: New Zealand, societal dimension, HC1 95% CI upper",0.4,points,,table,N,,
TA_1_NZL_community_est,45,Appendix: Analysis notes,"Table A.1: New Zealand, community dimension, difference-in-differences 2021-2023",-5.1,points,,table,N,,
TA_1_NZL_community_lo,45,Appendix: Analysis notes,"Table A.1: New Zealand, community dimension, HC1 95% CI lower",-10.1,points,,table,N,,
TA_1_NZL_community_hi,45,Appendix: Analysis notes,"Table A.1: New Zealand, community dimension, HC1 95% CI upper",-0.1,points,,table,N,,
TA_1_NZL_household_est,45,Appendix: Analysis notes,"Table A.1: New Zealand, household dimension, difference-in-differences 2021-2023",-1.5,points,,table,N,,
TA_1_NZL_household_lo,45,Appendix: Analysis notes,"Table A.1: New Zealand, household dimension, HC1 95% CI lower",-6.5,points,,table,N,,
TA_1_NZL_household_hi,45,Appendix: Analysis notes,"Table A.1: New Zealand, household dimension, HC1 95% CI upper",3.5,points,,table,N,,
TA_1_NZL_individual_est,45,Appendix: Analysis notes,"Table A.1: New Zealand, individual dimension, difference-in-differences 2021-2023",-1.7,points,,table,N,,
TA_1_NZL_individual_lo,45,Appendix: Analysis notes,"Table A.1: New Zealand, individual dimension, HC1 95% CI lower",-7.8,points,,table,N,,
TA_1_NZL_individual_hi,45,Appendix: Analysis notes,"Table A.1: New Zealand, individual dimension, HC1 95% CI upper",4.5,points,,table,N,,
TA_1_TUR_index_est,45,Appendix: Analysis notes,"Table A.1: Türkiye, Resilience Index, difference-in-differences 2021-2023",-4.0,points,,table,N,,
TA_1_TUR_index_lo,45,Appendix: Analysis notes,"Table A.1: Türkiye, Resilience Index, HC1 95% CI lower",-8.1,points,,table,N,,
TA_1_TUR_index_hi,45,Appendix: Analysis notes,"Table A.1: Türkiye, Resilience Index, HC1 95% CI upper",0.2,points,,table,N,,
TA_1_TUR_societal_est,45,Appendix: Analysis notes,"Table A.1: Türkiye, societal dimension, difference-in-differences 2021-2023",-15.0,points,,table,N,,
TA_1_TUR_societal_lo,45,Appendix: Analysis notes,"Table A.1: Türkiye, societal dimension, HC1 95% CI lower",-21.4,points,,table,N,,
TA_1_TUR_societal_hi,45,Appendix: Analysis notes,"Table A.1: Türkiye, societal dimension, HC1 95% CI upper",-8.6,points,,table,N,,
TA_1_TUR_community_est,45,Appendix: Analysis notes,"Table A.1: Türkiye, community dimension, difference-in-differences 2021-2023",-9.2,points,,table,N,,
TA_1_TUR_community_lo,45,Appendix: Analysis notes,"Table A.1: Türkiye, community dimension, HC1 95% CI lower",-15.7,points,,table,N,,
TA_1_TUR_community_hi,45,Appendix: Analysis notes,"Table A.1: Türkiye, community dimension, HC1 95% CI upper",-2.7,points,,table,N,,
TA_1_TUR_household_est,45,Appendix: Analysis notes,"Table A.1: Türkiye, household dimension, difference-in-differences 2021-2023",2.2,points,,table,N,,
TA_1_TUR_household_lo,45,Appendix: Analysis notes,"Table A.1: Türkiye, household dimension, HC1 95% CI lower",-4.1,points,,table,N,,
TA_1_TUR_household_hi,45,Appendix: Analysis notes,"Table A.1: Türkiye, household dimension, HC1 95% CI upper",8.5,points,,table,N,,
TA_1_TUR_individual_est,45,Appendix: Analysis notes,"Table A.1: Türkiye, individual dimension, difference-in-differences 2021-2023",6.4,points,,table,N,,
TA_1_TUR_individual_lo,45,Appendix: Analysis notes,"Table A.1: Türkiye, individual dimension, HC1 95% CI lower",-1.5,points,,table,N,,
TA_1_TUR_individual_hi,45,Appendix: Analysis notes,"Table A.1: Türkiye, individual dimension, HC1 95% CI upper",14.3,points,,table,N,,
TA_1_PAK_index_est,45,Appendix: Analysis notes,"Table A.1: Pakistan, Resilience Index, difference-in-differences 2021-2023",-2.6,points,,table,N,,
TA_1_PAK_index_lo,45,Appendix: Analysis notes,"Table A.1: Pakistan, Resilience Index, HC1 95% CI lower",-6.4,points,,table,N,,
TA_1_PAK_index_hi,45,Appendix: Analysis notes,"Table A.1: Pakistan, Resilience Index, HC1 95% CI upper",1.2,points,,table,N,,
TA_1_PAK_societal_est,45,Appendix: Analysis notes,"Table A.1: Pakistan, societal dimension, difference-in-differences 2021-2023",-5.1,points,,table,N,,
TA_1_PAK_societal_lo,45,Appendix: Analysis notes,"Table A.1: Pakistan, societal dimension, HC1 95% CI lower",-9.4,points,,table,N,,
TA_1_PAK_societal_hi,45,Appendix: Analysis notes,"Table A.1: Pakistan, societal dimension, HC1 95% CI upper",-0.9,points,,table,N,,
TA_1_PAK_community_est,45,Appendix: Analysis notes,"Table A.1: Pakistan, community dimension, difference-in-differences 2021-2023",-6.4,points,,table,N,,
TA_1_PAK_community_lo,45,Appendix: Analysis notes,"Table A.1: Pakistan, community dimension, HC1 95% CI lower",-13.4,points,,table,N,,
TA_1_PAK_community_hi,45,Appendix: Analysis notes,"Table A.1: Pakistan, community dimension, HC1 95% CI upper",0.6,points,,table,N,,
TA_1_PAK_household_est,45,Appendix: Analysis notes,"Table A.1: Pakistan, household dimension, difference-in-differences 2021-2023",1.2,points,,table,N,,
TA_1_PAK_household_lo,45,Appendix: Analysis notes,"Table A.1: Pakistan, household dimension, HC1 95% CI lower",-4.4,points,,table,N,,
TA_1_PAK_household_hi,45,Appendix: Analysis notes,"Table A.1: Pakistan, household dimension, HC1 95% CI upper",6.8,points,,table,N,,
TA_1_PAK_individual_est,45,Appendix: Analysis notes,"Table A.1: Pakistan, individual dimension, difference-in-differences 2021-2023",-0.2,points,,table,N,,
TA_1_PAK_individual_lo,45,Appendix: Analysis notes,"Table A.1: Pakistan, individual dimension, HC1 95% CI lower",-7.3,points,,table,N,,
TA_1_PAK_individual_hi,45,Appendix: Analysis notes,"Table A.1: Pakistan, individual dimension, HC1 95% CI upper",7.0,points,,table,N,,
TA_1_ZAF_index_est,45,Appendix: Analysis notes,"Table A.1: South Africa, Resilience Index, difference-in-differences 2021-2023",3.7,points,,table,Y,REGION_ZAF,
TA_1_ZAF_index_lo,45,Appendix: Analysis notes,"Table A.1: South Africa, Resilience Index, HC1 95% CI lower",-0.3,points,,table,Y,REGION_ZAF,
TA_1_ZAF_index_hi,45,Appendix: Analysis notes,"Table A.1: South Africa, Resilience Index, HC1 95% CI upper",7.7,points,,table,Y,REGION_ZAF,
TA_1_ZAF_societal_est,45,Appendix: Analysis notes,"Table A.1: South Africa, societal dimension, difference-in-differences 2021-2023",5.3,points,,table,Y,REGION_ZAF,
TA_1_ZAF_societal_lo,45,Appendix: Analysis notes,"Table A.1: South Africa, societal dimension, HC1 95% CI lower",-0.9,points,,table,Y,REGION_ZAF,
TA_1_ZAF_societal_hi,45,Appendix: Analysis notes,"Table A.1: South Africa, societal dimension, HC1 95% CI upper",11.5,points,,table,Y,REGION_ZAF,
TA_1_ZAF_community_est,45,Appendix: Analysis notes,"Table A.1: South Africa, community dimension, difference-in-differences 2021-2023",3.0,points,,table,Y,REGION_ZAF,
TA_1_ZAF_community_lo,45,Appendix: Analysis notes,"Table A.1: South Africa, community dimension, HC1 95% CI lower",-3.0,points,,table,Y,REGION_ZAF,
TA_1_ZAF_community_hi,45,Appendix: Analysis notes,"Table A.1: South Africa, community dimension, HC1 95% CI upper",9.1,points,,table,Y,REGION_ZAF,
TA_1_ZAF_household_est,45,Appendix: Analysis notes,"Table A.1: South Africa, household dimension, difference-in-differences 2021-2023",7.5,points,,table,Y,REGION_ZAF,
TA_1_ZAF_household_lo,45,Appendix: Analysis notes,"Table A.1: South Africa, household dimension, HC1 95% CI lower",0.6,points,,table,Y,REGION_ZAF,
TA_1_ZAF_household_hi,45,Appendix: Analysis notes,"Table A.1: South Africa, household dimension, HC1 95% CI upper",14.5,points,,table,Y,REGION_ZAF,
TA_1_ZAF_individual_est,45,Appendix: Analysis notes,"Table A.1: South Africa, individual dimension, difference-in-differences 2021-2023",-1.0,points,,table,Y,REGION_ZAF,
TA_1_ZAF_individual_lo,45,Appendix: Analysis notes,"Table A.1: South Africa, individual dimension, HC1 95% CI lower",-8.9,points,,table,Y,REGION_ZAF,
TA_1_ZAF_individual_hi,45,Appendix: Analysis notes,"Table A.1: South Africa, individual dimension, HC1 95% CI upper",6.9,points,,table,Y,REGION_ZAF,
TA_1_ECU_index_est,45,Appendix: Analysis notes,"Table A.1: Ecuador, Resilience Index, difference-in-differences 2021-2023",-4.0,points,,table,N,,
TA_1_ECU_index_lo,45,Appendix: Analysis notes,"Table A.1: Ecuador, Resilience Index, HC1 95% CI lower",-7.5,points,,table,N,,
TA_1_ECU_index_hi,45,Appendix: Analysis notes,"Table A.1: Ecuador, Resilience Index, HC1 95% CI upper",-0.4,points,,table,N,,
TA_1_ECU_societal_est,45,Appendix: Analysis notes,"Table A.1: Ecuador, societal dimension, difference-in-differences 2021-2023",-2.6,points,,table,N,,
TA_1_ECU_societal_lo,45,Appendix: Analysis notes,"Table A.1: Ecuador, societal dimension, HC1 95% CI lower",-7.2,points,,table,N,,
TA_1_ECU_societal_hi,45,Appendix: Analysis notes,"Table A.1: Ecuador, societal dimension, HC1 95% CI upper",2.1,points,,table,N,,
TA_1_ECU_community_est,45,Appendix: Analysis notes,"Table A.1: Ecuador, community dimension, difference-in-differences 2021-2023",-0.9,points,,table,N,,
TA_1_ECU_community_lo,45,Appendix: Analysis notes,"Table A.1: Ecuador, community dimension, HC1 95% CI lower",-6.9,points,,table,N,,
TA_1_ECU_community_hi,45,Appendix: Analysis notes,"Table A.1: Ecuador, community dimension, HC1 95% CI upper",5.1,points,,table,N,,
TA_1_ECU_household_est,45,Appendix: Analysis notes,"Table A.1: Ecuador, household dimension, difference-in-differences 2021-2023",-7.8,points,,table,N,,
TA_1_ECU_household_lo,45,Appendix: Analysis notes,"Table A.1: Ecuador, household dimension, HC1 95% CI lower",-13.7,points,,table,N,,
TA_1_ECU_household_hi,45,Appendix: Analysis notes,"Table A.1: Ecuador, household dimension, HC1 95% CI upper",-1.9,points,,table,N,,
TA_1_ECU_individual_est,45,Appendix: Analysis notes,"Table A.1: Ecuador, individual dimension, difference-in-differences 2021-2023",-4.6,points,,table,N,,
TA_1_ECU_individual_lo,45,Appendix: Analysis notes,"Table A.1: Ecuador, individual dimension, HC1 95% CI lower",-12.4,points,,table,N,,
TA_1_ECU_individual_hi,45,Appendix: Analysis notes,"Table A.1: Ecuador, individual dimension, HC1 95% CI upper",3.2,points,,table,N,,
TA_2_MAR_gov_est,45,Appendix: Analysis notes,"Table A.2: Morocco, government cares 'a lot', difference-in-differences 2021-2023",-3.7,pp,,table,N,,
TA_2_MAR_gov_lo,45,Appendix: Analysis notes,"Table A.2: Morocco, government cares 'a lot', HC1 95% CI lower",-14.0,pp,,table,N,,
TA_2_MAR_gov_hi,45,Appendix: Analysis notes,"Table A.2: Morocco, government cares 'a lot', HC1 95% CI upper",6.6,pp,,table,N,,
TA_2_MAR_neighbours_est,45,Appendix: Analysis notes,"Table A.2: Morocco, neighbours care 'a lot', difference-in-differences 2021-2023",8.1,pp,,table,N,,
TA_2_MAR_neighbours_lo,45,Appendix: Analysis notes,"Table A.2: Morocco, neighbours care 'a lot', HC1 95% CI lower",-6.1,pp,,table,N,,
TA_2_MAR_neighbours_hi,45,Appendix: Analysis notes,"Table A.2: Morocco, neighbours care 'a lot', HC1 95% CI upper",22.4,pp,,table,N,,
TA_2_MAR_protect_est,45,Appendix: Analysis notes,"Table A.2: Morocco, could protect their family, difference-in-differences 2021-2023",-5.8,pp,,table,N,,
TA_2_MAR_protect_lo,45,Appendix: Analysis notes,"Table A.2: Morocco, could protect their family, HC1 95% CI lower",-20.2,pp,,table,N,,
TA_2_MAR_protect_hi,45,Appendix: Analysis notes,"Table A.2: Morocco, could protect their family, HC1 95% CI upper",8.6,pp,,table,N,,
TA_2_MAR_expo_est,45,Appendix: Analysis notes,"Table A.2: Morocco, reported disaster experience (exposure check), difference-in-differences 2021-2023",11.3,pp,,table,N,,
TA_2_MAR_expo_lo,45,Appendix: Analysis notes,"Table A.2: Morocco, reported disaster experience (exposure check), HC1 95% CI lower",-2.2,pp,,table,N,,
TA_2_MAR_expo_hi,45,Appendix: Analysis notes,"Table A.2: Morocco, reported disaster experience (exposure check), HC1 95% CI upper",24.9,pp,,table,N,,
TA_2_MOZ_confidence_est,45,Appendix: Analysis notes,"Table A.2: Mozambique, confidence in national government, difference-in-differences 2021-2023",5.7,pp,,table,Y,WP139,
TA_2_MOZ_confidence_lo,45,Appendix: Analysis notes,"Table A.2: Mozambique, confidence in national government, HC1 95% CI lower",-5.9,pp,,table,Y,WP139,
TA_2_MOZ_confidence_hi,45,Appendix: Analysis notes,"Table A.2: Mozambique, confidence in national government, HC1 95% CI upper",17.4,pp,,table,Y,WP139,
TA_2_MOZ_gov_est,45,Appendix: Analysis notes,"Table A.2: Mozambique, government cares 'a lot', difference-in-differences 2021-2023",20.4,pp,,table,N,,
TA_2_MOZ_gov_lo,45,Appendix: Analysis notes,"Table A.2: Mozambique, government cares 'a lot', HC1 95% CI lower",7.4,pp,,table,N,,
TA_2_MOZ_gov_hi,45,Appendix: Analysis notes,"Table A.2: Mozambique, government cares 'a lot', HC1 95% CI upper",33.3,pp,,table,N,,
TA_2_MOZ_neighbours_est,45,Appendix: Analysis notes,"Table A.2: Mozambique, neighbours care 'a lot', difference-in-differences 2021-2023",11.0,pp,,table,N,,
TA_2_MOZ_neighbours_lo,45,Appendix: Analysis notes,"Table A.2: Mozambique, neighbours care 'a lot', HC1 95% CI lower",-1.5,pp,,table,N,,
TA_2_MOZ_neighbours_hi,45,Appendix: Analysis notes,"Table A.2: Mozambique, neighbours care 'a lot', HC1 95% CI upper",23.4,pp,,table,N,,
TA_2_MOZ_protect_est,45,Appendix: Analysis notes,"Table A.2: Mozambique, could protect their family, difference-in-differences 2021-2023",-5.8,pp,,table,N,,
TA_2_MOZ_protect_lo,45,Appendix: Analysis notes,"Table A.2: Mozambique, could protect their family, HC1 95% CI lower",-18.8,pp,,table,N,,
TA_2_MOZ_protect_hi,45,Appendix: Analysis notes,"Table A.2: Mozambique, could protect their family, HC1 95% CI upper",7.2,pp,,table,N,,
TA_2_MOZ_expo_est,45,Appendix: Analysis notes,"Table A.2: Mozambique, reported disaster experience (exposure check), difference-in-differences 2021-2023",9.2,pp,,table,N,,
TA_2_MOZ_expo_lo,45,Appendix: Analysis notes,"Table A.2: Mozambique, reported disaster experience (exposure check), HC1 95% CI lower",-2.3,pp,,table,N,,
TA_2_MOZ_expo_hi,45,Appendix: Analysis notes,"Table A.2: Mozambique, reported disaster experience (exposure check), HC1 95% CI upper",20.7,pp,,table,N,,
TA_2_NZL_confidence_est,45,Appendix: Analysis notes,"Table A.2: New Zealand, confidence in national government, difference-in-differences 2021-2023",-12.9,pp,,table,Y,WP139,
TA_2_NZL_confidence_lo,45,Appendix: Analysis notes,"Table A.2: New Zealand, confidence in national government, HC1 95% CI lower",-23.8,pp,,table,Y,WP139,
TA_2_NZL_confidence_hi,45,Appendix: Analysis notes,"Table A.2: New Zealand, confidence in national government, HC1 95% CI upper",-2.1,pp,,table,Y,WP139,
TA_2_NZL_gov_est,45,Appendix: Analysis notes,"Table A.2: New Zealand, government cares 'a lot', difference-in-differences 2021-2023",-4.9,pp,,table,N,,
TA_2_NZL_gov_lo,45,Appendix: Analysis notes,"Table A.2: New Zealand, government cares 'a lot', HC1 95% CI lower",-13.5,pp,,table,N,,
TA_2_NZL_gov_hi,45,Appendix: Analysis notes,"Table A.2: New Zealand, government cares 'a lot', HC1 95% CI upper",3.7,pp,,table,N,,
TA_2_NZL_neighbours_est,45,Appendix: Analysis notes,"Table A.2: New Zealand, neighbours care 'a lot', difference-in-differences 2021-2023",-4.5,pp,,table,N,,
TA_2_NZL_neighbours_lo,45,Appendix: Analysis notes,"Table A.2: New Zealand, neighbours care 'a lot', HC1 95% CI lower",-14.3,pp,,table,N,,
TA_2_NZL_neighbours_hi,45,Appendix: Analysis notes,"Table A.2: New Zealand, neighbours care 'a lot', HC1 95% CI upper",5.4,pp,,table,N,,
TA_2_NZL_protect_est,45,Appendix: Analysis notes,"Table A.2: New Zealand, could protect their family, difference-in-differences 2021-2023",-1.6,pp,,table,N,,
TA_2_NZL_protect_lo,45,Appendix: Analysis notes,"Table A.2: New Zealand, could protect their family, HC1 95% CI lower",-12.3,pp,,table,N,,
TA_2_NZL_protect_hi,45,Appendix: Analysis notes,"Table A.2: New Zealand, could protect their family, HC1 95% CI upper",9.0,pp,,table,N,,
TA_2_NZL_expo_est,45,Appendix: Analysis notes,"Table A.2: New Zealand, reported disaster experience (exposure check), difference-in-differences 2021-2023",35.0,pp,,table,N,,
TA_2_NZL_expo_lo,45,Appendix: Analysis notes,"Table A.2: New Zealand, reported disaster experience (exposure check), HC1 95% CI lower",25.1,pp,,table,N,,
TA_2_NZL_expo_hi,45,Appendix: Analysis notes,"Table A.2: New Zealand, reported disaster experience (exposure check), HC1 95% CI upper",44.9,pp,,table,N,,
TA_2_TUR_confidence_est,45,Appendix: Analysis notes,"Table A.2: Türkiye, confidence in national government, difference-in-differences 2021-2023",-24.2,pp,,table,Y,WP139,
TA_2_TUR_confidence_lo,45,Appendix: Analysis notes,"Table A.2: Türkiye, confidence in national government, HC1 95% CI lower",-37.2,pp,,table,Y,WP139,
TA_2_TUR_confidence_hi,45,Appendix: Analysis notes,"Table A.2: Türkiye, confidence in national government, HC1 95% CI upper",-11.2,pp,,table,Y,WP139,
TA_2_TUR_gov_est,45,Appendix: Analysis notes,"Table A.2: Türkiye, government cares 'a lot', difference-in-differences 2021-2023",-18.7,pp,,table,N,,
TA_2_TUR_gov_lo,45,Appendix: Analysis notes,"Table A.2: Türkiye, government cares 'a lot', HC1 95% CI lower",-29.0,pp,,table,N,,
TA_2_TUR_gov_hi,45,Appendix: Analysis notes,"Table A.2: Türkiye, government cares 'a lot', HC1 95% CI upper",-8.3,pp,,table,N,,
TA_2_TUR_neighbours_est,45,Appendix: Analysis notes,"Table A.2: Türkiye, neighbours care 'a lot', difference-in-differences 2021-2023",11.1,pp,,table,N,,
TA_2_TUR_neighbours_lo,45,Appendix: Analysis notes,"Table A.2: Türkiye, neighbours care 'a lot', HC1 95% CI lower",-0.9,pp,,table,N,,
TA_2_TUR_neighbours_hi,45,Appendix: Analysis notes,"Table A.2: Türkiye, neighbours care 'a lot', HC1 95% CI upper",23.0,pp,,table,N,,
TA_2_TUR_protect_est,45,Appendix: Analysis notes,"Table A.2: Türkiye, could protect their family, difference-in-differences 2021-2023",3.0,pp,,table,N,,
TA_2_TUR_protect_lo,45,Appendix: Analysis notes,"Table A.2: Türkiye, could protect their family, HC1 95% CI lower",-7.6,pp,,table,N,,
TA_2_TUR_protect_hi,45,Appendix: Analysis notes,"Table A.2: Türkiye, could protect their family, HC1 95% CI upper",13.6,pp,,table,N,,
TA_2_TUR_expo_est,45,Appendix: Analysis notes,"Table A.2: Türkiye, reported disaster experience (exposure check), difference-in-differences 2021-2023",39.0,pp,,table,N,,
TA_2_TUR_expo_lo,45,Appendix: Analysis notes,"Table A.2: Türkiye, reported disaster experience (exposure check), HC1 95% CI lower",26.5,pp,,table,N,,
TA_2_TUR_expo_hi,45,Appendix: Analysis notes,"Table A.2: Türkiye, reported disaster experience (exposure check), HC1 95% CI upper",51.5,pp,,table,N,,
TA_2_PAK_gov_est,45,Appendix: Analysis notes,"Table A.2: Pakistan, government cares 'a lot', difference-in-differences 2021-2023",1.2,pp,,table,N,,
TA_2_PAK_gov_lo,45,Appendix: Analysis notes,"Table A.2: Pakistan, government cares 'a lot', HC1 95% CI lower",-4.2,pp,,table,N,,
TA_2_PAK_gov_hi,45,Appendix: Analysis notes,"Table A.2: Pakistan, government cares 'a lot', HC1 95% CI upper",6.5,pp,,table,N,,
TA_2_PAK_neighbours_est,45,Appendix: Analysis notes,"Table A.2: Pakistan, neighbours care 'a lot', difference-in-differences 2021-2023",-2.0,pp,,table,N,,
TA_2_PAK_neighbours_lo,45,Appendix: Analysis notes,"Table A.2: Pakistan, neighbours care 'a lot', HC1 95% CI lower",-10.5,pp,,table,N,,
TA_2_PAK_neighbours_hi,45,Appendix: Analysis notes,"Table A.2: Pakistan, neighbours care 'a lot', HC1 95% CI upper",6.4,pp,,table,N,,
TA_2_PAK_protect_est,45,Appendix: Analysis notes,"Table A.2: Pakistan, could protect their family, difference-in-differences 2021-2023",1.0,pp,,table,N,,
TA_2_PAK_protect_lo,45,Appendix: Analysis notes,"Table A.2: Pakistan, could protect their family, HC1 95% CI lower",-11.4,pp,,table,N,,
TA_2_PAK_protect_hi,45,Appendix: Analysis notes,"Table A.2: Pakistan, could protect their family, HC1 95% CI upper",13.5,pp,,table,N,,
TA_2_PAK_expo_est,45,Appendix: Analysis notes,"Table A.2: Pakistan, reported disaster experience (exposure check), difference-in-differences 2021-2023",25.8,pp,,table,N,,
TA_2_PAK_expo_lo,45,Appendix: Analysis notes,"Table A.2: Pakistan, reported disaster experience (exposure check), HC1 95% CI lower",14.2,pp,,table,N,,
TA_2_PAK_expo_hi,45,Appendix: Analysis notes,"Table A.2: Pakistan, reported disaster experience (exposure check), HC1 95% CI upper",37.3,pp,,table,N,,
TA_2_ZAF_confidence_est,45,Appendix: Analysis notes,"Table A.2: South Africa, confidence in national government, difference-in-differences 2021-2023",17.4,pp,,table,Y,REGION_ZAF; WP139,
TA_2_ZAF_confidence_lo,45,Appendix: Analysis notes,"Table A.2: South Africa, confidence in national government, HC1 95% CI lower",4.3,pp,,table,Y,REGION_ZAF; WP139,
TA_2_ZAF_confidence_hi,45,Appendix: Analysis notes,"Table A.2: South Africa, confidence in national government, HC1 95% CI upper",30.6,pp,,table,Y,REGION_ZAF; WP139,
TA_2_ZAF_gov_est,45,Appendix: Analysis notes,"Table A.2: South Africa, government cares 'a lot', difference-in-differences 2021-2023",13.6,pp,,table,Y,REGION_ZAF,
TA_2_ZAF_gov_lo,45,Appendix: Analysis notes,"Table A.2: South Africa, government cares 'a lot', HC1 95% CI lower",3.5,pp,,table,Y,REGION_ZAF,
TA_2_ZAF_gov_hi,45,Appendix: Analysis notes,"Table A.2: South Africa, government cares 'a lot', HC1 95% CI upper",23.6,pp,,table,Y,REGION_ZAF,
TA_2_ZAF_neighbours_est,45,Appendix: Analysis notes,"Table A.2: South Africa, neighbours care 'a lot', difference-in-differences 2021-2023",37.5,pp,,table,Y,REGION_ZAF,
TA_2_ZAF_neighbours_lo,45,Appendix: Analysis notes,"Table A.2: South Africa, neighbours care 'a lot', HC1 95% CI lower",25.0,pp,,table,Y,REGION_ZAF,
TA_2_ZAF_neighbours_hi,45,Appendix: Analysis notes,"Table A.2: South Africa, neighbours care 'a lot', HC1 95% CI upper",50.1,pp,,table,Y,REGION_ZAF,
TA_2_ZAF_protect_est,45,Appendix: Analysis notes,"Table A.2: South Africa, could protect their family, difference-in-differences 2021-2023",8.5,pp,,table,Y,REGION_ZAF,
TA_2_ZAF_protect_lo,45,Appendix: Analysis notes,"Table A.2: South Africa, could protect their family, HC1 95% CI lower",-2.2,pp,,table,Y,REGION_ZAF,
TA_2_ZAF_protect_hi,45,Appendix: Analysis notes,"Table A.2: South Africa, could protect their family, HC1 95% CI upper",19.2,pp,,table,Y,REGION_ZAF,
TA_2_ZAF_expo_est,45,Appendix: Analysis notes,"Table A.2: South Africa, reported disaster experience (exposure check), difference-in-differences 2021-2023",29.1,pp,,table,Y,REGION_ZAF,
TA_2_ZAF_expo_lo,45,Appendix: Analysis notes,"Table A.2: South Africa, reported disaster experience (exposure check), HC1 95% CI lower",16.7,pp,,table,Y,REGION_ZAF,
TA_2_ZAF_expo_hi,45,Appendix: Analysis notes,"Table A.2: South Africa, reported disaster experience (exposure check), HC1 95% CI upper",41.6,pp,,table,Y,REGION_ZAF,
TA_2_ECU_confidence_est,45,Appendix: Analysis notes,"Table A.2: Ecuador, confidence in national government, difference-in-differences 2021-2023",0.5,pp,,table,Y,WP139,
TA_2_ECU_confidence_lo,45,Appendix: Analysis notes,"Table A.2: Ecuador, confidence in national government, HC1 95% CI lower",-9.6,pp,,table,Y,WP139,
TA_2_ECU_confidence_hi,45,Appendix: Analysis notes,"Table A.2: Ecuador, confidence in national government, HC1 95% CI upper",10.5,pp,,table,Y,WP139,
TA_2_ECU_gov_est,45,Appendix: Analysis notes,"Table A.2: Ecuador, government cares 'a lot', difference-in-differences 2021-2023",3.4,pp,,table,N,,
TA_2_ECU_gov_lo,45,Appendix: Analysis notes,"Table A.2: Ecuador, government cares 'a lot', HC1 95% CI lower",-1.0,pp,,table,N,,
TA_2_ECU_gov_hi,45,Appendix: Analysis notes,"Table A.2: Ecuador, government cares 'a lot', HC1 95% CI upper",7.7,pp,,table,N,,
TA_2_ECU_neighbours_est,45,Appendix: Analysis notes,"Table A.2: Ecuador, neighbours care 'a lot', difference-in-differences 2021-2023",-2.2,pp,,table,N,,
TA_2_ECU_neighbours_lo,45,Appendix: Analysis notes,"Table A.2: Ecuador, neighbours care 'a lot', HC1 95% CI lower",-9.0,pp,,table,N,,
TA_2_ECU_neighbours_hi,45,Appendix: Analysis notes,"Table A.2: Ecuador, neighbours care 'a lot', HC1 95% CI upper",4.6,pp,,table,N,,
TA_2_ECU_protect_est,45,Appendix: Analysis notes,"Table A.2: Ecuador, could protect their family, difference-in-differences 2021-2023",-9.1,pp,,table,N,,
TA_2_ECU_protect_lo,45,Appendix: Analysis notes,"Table A.2: Ecuador, could protect their family, HC1 95% CI lower",-21.4,pp,,table,N,,
TA_2_ECU_protect_hi,45,Appendix: Analysis notes,"Table A.2: Ecuador, could protect their family, HC1 95% CI upper",3.2,pp,,table,N,,
TA_2_ECU_expo_est,45,Appendix: Analysis notes,"Table A.2: Ecuador, reported disaster experience (exposure check), difference-in-differences 2021-2023",-11.1,pp,,table,N,,
TA_2_ECU_expo_lo,45,Appendix: Analysis notes,"Table A.2: Ecuador, reported disaster experience (exposure check), HC1 95% CI lower",-22.2,pp,,table,N,,
TA_2_ECU_expo_hi,45,Appendix: Analysis notes,"Table A.2: Ecuador, reported disaster experience (exposure check), HC1 95% CI upper",0.1,pp,,table,N,,
TA_3_MAR_index_gap2021,47,Appendix: Analysis notes,"Table A.3: Morocco, Resilience Index, gap 2021",-2.4,points,,table,N,,
TA_3_MAR_index_gap2023,47,Appendix: Analysis notes,"Table A.3: Morocco, Resilience Index, gap 2023",-3.1,points,,table,N,,
TA_3_MAR_index_gap2025,47,Appendix: Analysis notes,"Table A.3: Morocco, Resilience Index, gap 2025",-1.5,points,,table,N,,
TA_3_MAR_index_change,47,Appendix: Analysis notes,"Table A.3: Morocco, Resilience Index, change 2023 to 2025",1.6,points,,table,N,,
TA_3_MAR_index_lo,47,Appendix: Analysis notes,"Table A.3: Morocco, Resilience Index, change, HC1 95% CI lower",-2.1,points,,table,N,,
TA_3_MAR_index_hi,47,Appendix: Analysis notes,"Table A.3: Morocco, Resilience Index, change, HC1 95% CI upper",5.3,points,,table,N,,
TA_3_MAR_societal_gap2021,47,Appendix: Analysis notes,"Table A.3: Morocco, societal dimension, gap 2021",-0.5,points,,table,N,,
TA_3_MAR_societal_gap2023,47,Appendix: Analysis notes,"Table A.3: Morocco, societal dimension, gap 2023",-0.8,points,,table,N,,
TA_3_MAR_societal_gap2025,47,Appendix: Analysis notes,"Table A.3: Morocco, societal dimension, gap 2025",-1.1,points,,table,N,,
TA_3_MAR_societal_change,47,Appendix: Analysis notes,"Table A.3: Morocco, societal dimension, change 2023 to 2025",-0.3,points,,table,N,,
TA_3_MAR_societal_lo,47,Appendix: Analysis notes,"Table A.3: Morocco, societal dimension, change, HC1 95% CI lower",-6.8,points,,table,N,,
TA_3_MAR_societal_hi,47,Appendix: Analysis notes,"Table A.3: Morocco, societal dimension, change, HC1 95% CI upper",6.2,points,,table,N,,
TA_3_MAR_community_gap2021,47,Appendix: Analysis notes,"Table A.3: Morocco, community dimension, gap 2021",-1.3,points,,table,N,,
TA_3_MAR_community_gap2023,47,Appendix: Analysis notes,"Table A.3: Morocco, community dimension, gap 2023",0.5,points,,table,N,,
TA_3_MAR_community_gap2025,47,Appendix: Analysis notes,"Table A.3: Morocco, community dimension, gap 2025",0.7,points,,table,N,,
TA_3_MAR_community_change,47,Appendix: Analysis notes,"Table A.3: Morocco, community dimension, change 2023 to 2025",0.3,points,,table,N,,
TA_3_MAR_community_lo,47,Appendix: Analysis notes,"Table A.3: Morocco, community dimension, change, HC1 95% CI lower",-6.5,points,,table,N,,
TA_3_MAR_community_hi,47,Appendix: Analysis notes,"Table A.3: Morocco, community dimension, change, HC1 95% CI upper",7.1,points,,table,N,,
TA_3_MAR_household_gap2021,47,Appendix: Analysis notes,"Table A.3: Morocco, household dimension, gap 2021",-5.0,points,,table,N,,
TA_3_MAR_household_gap2023,47,Appendix: Analysis notes,"Table A.3: Morocco, household dimension, gap 2023",-2.1,points,,table,N,,
TA_3_MAR_household_gap2025,47,Appendix: Analysis notes,"Table A.3: Morocco, household dimension, gap 2025",-3.1,points,,table,N,,
TA_3_MAR_household_change,47,Appendix: Analysis notes,"Table A.3: Morocco, household dimension, change 2023 to 2025",-1.0,points,,table,N,,
TA_3_MAR_household_lo,47,Appendix: Analysis notes,"Table A.3: Morocco, household dimension, change, HC1 95% CI lower",-7.5,points,,table,N,,
TA_3_MAR_household_hi,47,Appendix: Analysis notes,"Table A.3: Morocco, household dimension, change, HC1 95% CI upper",5.5,points,,table,N,,
TA_3_MAR_individual_gap2021,47,Appendix: Analysis notes,"Table A.3: Morocco, individual dimension, gap 2021",-2.6,points,,table,N,,
TA_3_MAR_individual_gap2023,47,Appendix: Analysis notes,"Table A.3: Morocco, individual dimension, gap 2023",-9.7,points,,table,N,,
TA_3_MAR_individual_gap2025,47,Appendix: Analysis notes,"Table A.3: Morocco, individual dimension, gap 2025",-2.8,points,,table,N,,
TA_3_MAR_individual_change,47,Appendix: Analysis notes,"Table A.3: Morocco, individual dimension, change 2023 to 2025",6.9,points,,table,N,,
TA_3_MAR_individual_lo,47,Appendix: Analysis notes,"Table A.3: Morocco, individual dimension, change, HC1 95% CI lower",-1.0,points,,table,N,,
TA_3_MAR_individual_hi,47,Appendix: Analysis notes,"Table A.3: Morocco, individual dimension, change, HC1 95% CI upper",14.8,points,,table,N,,
TA_3_MAR_gov_gap2021,47,Appendix: Analysis notes,"Table A.3: Morocco, government cares 'a lot', gap 2021",2.0,pp,,table,N,,
TA_3_MAR_gov_gap2023,47,Appendix: Analysis notes,"Table A.3: Morocco, government cares 'a lot', gap 2023",-1.7,pp,,table,N,,
TA_3_MAR_neighbours_gap2021,47,Appendix: Analysis notes,"Table A.3: Morocco, neighbours care 'a lot', gap 2021",-8.9,pp,,table,N,,
TA_3_MAR_neighbours_gap2023,47,Appendix: Analysis notes,"Table A.3: Morocco, neighbours care 'a lot', gap 2023",-0.8,pp,,table,N,,
TA_3_MAR_neighbours_gap2025,47,Appendix: Analysis notes,"Table A.3: Morocco, neighbours care 'a lot', gap 2025",-3.3,pp,,table,N,,
TA_3_MAR_neighbours_change,47,Appendix: Analysis notes,"Table A.3: Morocco, neighbours care 'a lot', change 2023 to 2025",-2.5,pp,,table,N,,
TA_3_MAR_neighbours_lo,47,Appendix: Analysis notes,"Table A.3: Morocco, neighbours care 'a lot', change, HC1 95% CI lower",-15.4,pp,,table,N,,
TA_3_MAR_neighbours_hi,47,Appendix: Analysis notes,"Table A.3: Morocco, neighbours care 'a lot', change, HC1 95% CI upper",10.4,pp,,table,N,,
TA_3_MAR_protect_gap2021,47,Appendix: Analysis notes,"Table A.3: Morocco, could protect their family, gap 2021",-0.6,pp,,table,N,,
TA_3_MAR_protect_gap2023,47,Appendix: Analysis notes,"Table A.3: Morocco, could protect their family, gap 2023",-6.5,pp,,table,N,,
TA_3_MAR_protect_gap2025,47,Appendix: Analysis notes,"Table A.3: Morocco, could protect their family, gap 2025",2.2,pp,,table,N,,
TA_3_MAR_protect_change,47,Appendix: Analysis notes,"Table A.3: Morocco, could protect their family, change 2023 to 2025",8.6,pp,,table,N,,
TA_3_MAR_protect_lo,47,Appendix: Analysis notes,"Table A.3: Morocco, could protect their family, change, HC1 95% CI lower",-2.4,pp,,table,N,,
TA_3_MAR_protect_hi,47,Appendix: Analysis notes,"Table A.3: Morocco, could protect their family, change, HC1 95% CI upper",19.6,pp,,table,N,,
TA_3_TUR_index_gap2021,47,Appendix: Analysis notes,"Table A.3: Türkiye, Resilience Index, gap 2021",-0.7,points,,table,N,,
TA_3_TUR_index_gap2023,47,Appendix: Analysis notes,"Table A.3: Türkiye, Resilience Index, gap 2023",-4.7,points,,table,N,,
TA_3_TUR_index_gap2025,47,Appendix: Analysis notes,"Table A.3: Türkiye, Resilience Index, gap 2025",-2.2,points,,table,N,,
TA_3_TUR_index_change,47,Appendix: Analysis notes,"Table A.3: Türkiye, Resilience Index, change 2023 to 2025",2.5,points,,table,N,,
TA_3_TUR_index_lo,47,Appendix: Analysis notes,"Table A.3: Türkiye, Resilience Index, change, HC1 95% CI lower",-1.7,points,,table,N,,
TA_3_TUR_index_hi,47,Appendix: Analysis notes,"Table A.3: Türkiye, Resilience Index, change, HC1 95% CI upper",6.7,points,,table,N,,
TA_3_TUR_index_adj_est,47,Appendix: Analysis notes,"Table A.3: Türkiye, Resilience Index, change, adjusted (regions also reached removed)",2.7,points,,table,N,,
TA_3_TUR_index_adj_lo,47,Appendix: Analysis notes,"Table A.3: Türkiye, Resilience Index, adjusted change, CI lower",-1.5,points,,table,N,,
TA_3_TUR_index_adj_hi,47,Appendix: Analysis notes,"Table A.3: Türkiye, Resilience Index, adjusted change, CI upper",6.9,points,,table,N,,
TA_3_TUR_societal_gap2021,47,Appendix: Analysis notes,"Table A.3: Türkiye, societal dimension, gap 2021",1.6,points,,table,N,,
TA_3_TUR_societal_gap2023,47,Appendix: Analysis notes,"Table A.3: Türkiye, societal dimension, gap 2023",-13.5,points,,table,N,,
TA_3_TUR_societal_gap2025,47,Appendix: Analysis notes,"Table A.3: Türkiye, societal dimension, gap 2025",-4.7,points,,table,N,,
TA_3_TUR_societal_change,47,Appendix: Analysis notes,"Table A.3: Türkiye, societal dimension, change 2023 to 2025",8.8,points,,table,N,,
TA_3_TUR_societal_lo,47,Appendix: Analysis notes,"Table A.3: Türkiye, societal dimension, change, HC1 95% CI lower",2.7,points,,table,N,,
TA_3_TUR_societal_hi,47,Appendix: Analysis notes,"Table A.3: Türkiye, societal dimension, change, HC1 95% CI upper",14.8,points,,table,N,,
TA_3_TUR_societal_adj_est,47,Appendix: Analysis notes,"Table A.3: Türkiye, societal dimension, change, adjusted (regions also reached removed)",9.6,points,,table,N,,
TA_3_TUR_societal_adj_lo,47,Appendix: Analysis notes,"Table A.3: Türkiye, societal dimension, adjusted change, CI lower",3.5,points,,table,N,,
TA_3_TUR_societal_adj_hi,47,Appendix: Analysis notes,"Table A.3: Türkiye, societal dimension, adjusted change, CI upper",15.6,points,,table,N,,
TA_3_TUR_community_gap2021,47,Appendix: Analysis notes,"Table A.3: Türkiye, community dimension, gap 2021",-2.5,points,,table,N,,
TA_3_TUR_community_gap2023,47,Appendix: Analysis notes,"Table A.3: Türkiye, community dimension, gap 2023",-11.7,points,,table,N,,
TA_3_TUR_community_gap2025,47,Appendix: Analysis notes,"Table A.3: Türkiye, community dimension, gap 2025",-5.9,points,,table,N,,
TA_3_TUR_community_change,47,Appendix: Analysis notes,"Table A.3: Türkiye, community dimension, change 2023 to 2025",5.8,points,,table,N,,
TA_3_TUR_community_lo,47,Appendix: Analysis notes,"Table A.3: Türkiye, community dimension, change, HC1 95% CI lower",-0.6,points,,table,N,,
TA_3_TUR_community_hi,47,Appendix: Analysis notes,"Table A.3: Türkiye, community dimension, change, HC1 95% CI upper",12.3,points,,table,N,,
TA_3_TUR_community_adj_est,47,Appendix: Analysis notes,"Table A.3: Türkiye, community dimension, change, adjusted (regions also reached removed)",4.3,points,,table,N,,
TA_3_TUR_community_adj_lo,47,Appendix: Analysis notes,"Table A.3: Türkiye, community dimension, adjusted change, CI lower",-2.2,points,,table,N,,
TA_3_TUR_community_adj_hi,47,Appendix: Analysis notes,"Table A.3: Türkiye, community dimension, adjusted change, CI upper",10.7,points,,table,N,,
TA_3_TUR_household_gap2021,47,Appendix: Analysis notes,"Table A.3: Türkiye, household dimension, gap 2021",-0.2,points,,table,N,,
TA_3_TUR_household_gap2023,47,Appendix: Analysis notes,"Table A.3: Türkiye, household dimension, gap 2023",2.0,points,,table,N,,
TA_3_TUR_household_gap2025,47,Appendix: Analysis notes,"Table A.3: Türkiye, household dimension, gap 2025",-0.2,points,,table,N,,
TA_3_TUR_household_change,47,Appendix: Analysis notes,"Table A.3: Türkiye, household dimension, change 2023 to 2025",-2.2,points,,table,N,,
TA_3_TUR_household_lo,47,Appendix: Analysis notes,"Table A.3: Türkiye, household dimension, change, HC1 95% CI lower",-9.3,points,,table,N,,
TA_3_TUR_household_hi,47,Appendix: Analysis notes,"Table A.3: Türkiye, household dimension, change, HC1 95% CI upper",5.0,points,,table,N,,
TA_3_TUR_household_adj_est,47,Appendix: Analysis notes,"Table A.3: Türkiye, household dimension, change, adjusted (regions also reached removed)",-1.2,points,,table,N,,
TA_3_TUR_household_adj_lo,47,Appendix: Analysis notes,"Table A.3: Türkiye, household dimension, adjusted change, CI lower",-8.3,points,,table,N,,
TA_3_TUR_household_adj_hi,47,Appendix: Analysis notes,"Table A.3: Türkiye, household dimension, adjusted change, CI upper",5.9,points,,table,N,,
TA_3_TUR_individual_gap2021,47,Appendix: Analysis notes,"Table A.3: Türkiye, individual dimension, gap 2021",-2.1,points,,table,N,,
TA_3_TUR_individual_gap2023,47,Appendix: Analysis notes,"Table A.3: Türkiye, individual dimension, gap 2023",4.3,points,,table,N,,
TA_3_TUR_individual_gap2025,47,Appendix: Analysis notes,"Table A.3: Türkiye, individual dimension, gap 2025",2.0,points,,table,N,,
TA_3_TUR_individual_change,47,Appendix: Analysis notes,"Table A.3: Türkiye, individual dimension, change 2023 to 2025",-2.3,points,,table,N,,
TA_3_TUR_individual_lo,47,Appendix: Analysis notes,"Table A.3: Türkiye, individual dimension, change, HC1 95% CI lower",-9.6,points,,table,N,,
TA_3_TUR_individual_hi,47,Appendix: Analysis notes,"Table A.3: Türkiye, individual dimension, change, HC1 95% CI upper",5.0,points,,table,N,,
TA_3_TUR_individual_adj_est,47,Appendix: Analysis notes,"Table A.3: Türkiye, individual dimension, change, adjusted (regions also reached removed)",-1.9,points,,table,N,,
TA_3_TUR_individual_adj_lo,47,Appendix: Analysis notes,"Table A.3: Türkiye, individual dimension, adjusted change, CI lower",-9.2,points,,table,N,,
TA_3_TUR_individual_adj_hi,47,Appendix: Analysis notes,"Table A.3: Türkiye, individual dimension, adjusted change, CI upper",5.4,points,,table,N,,
TA_3_TUR_confidence_gap2021,47,Appendix: Analysis notes,"Table A.3: Türkiye, confidence in national government, gap 2021",4.4,pp,,table,Y,WP139,
TA_3_TUR_confidence_gap2023,47,Appendix: Analysis notes,"Table A.3: Türkiye, confidence in national government, gap 2023",-19.8,pp,,table,Y,WP139,
TA_3_TUR_confidence_gap2025,47,Appendix: Analysis notes,"Table A.3: Türkiye, confidence in national government, gap 2025",-3.5,pp,,table,Y,WP139,
TA_3_TUR_confidence_change,47,Appendix: Analysis notes,"Table A.3: Türkiye, confidence in national government, change 2023 to 2025",16.3,pp,,table,Y,WP139,
TA_3_TUR_confidence_lo,47,Appendix: Analysis notes,"Table A.3: Türkiye, confidence in national government, change, HC1 95% CI lower",3.6,pp,,table,Y,WP139,
TA_3_TUR_confidence_hi,47,Appendix: Analysis notes,"Table A.3: Türkiye, confidence in national government, change, HC1 95% CI upper",29.1,pp,,table,Y,WP139,
TA_3_TUR_confidence_adj_est,47,Appendix: Analysis notes,"Table A.3: Türkiye, confidence in national government, change, adjusted (regions also reached removed)",16.7,pp,,table,Y,WP139,
TA_3_TUR_confidence_adj_lo,47,Appendix: Analysis notes,"Table A.3: Türkiye, confidence in national government, adjusted change, CI lower",3.9,pp,,table,Y,WP139,
TA_3_TUR_confidence_adj_hi,47,Appendix: Analysis notes,"Table A.3: Türkiye, confidence in national government, adjusted change, CI upper",29.5,pp,,table,Y,WP139,
TA_3_TUR_gov_gap2021,47,Appendix: Analysis notes,"Table A.3: Türkiye, government cares 'a lot', gap 2021",5.1,pp,,table,N,,
TA_3_TUR_gov_gap2023,47,Appendix: Analysis notes,"Table A.3: Türkiye, government cares 'a lot', gap 2023",-13.5,pp,,table,N,,
TA_3_TUR_gov_gap2025,47,Appendix: Analysis notes,"Table A.3: Türkiye, government cares 'a lot', gap 2025",-3.4,pp,,table,N,,
TA_3_TUR_gov_change,47,Appendix: Analysis notes,"Table A.3: Türkiye, government cares 'a lot', change 2023 to 2025",10.1,pp,,table,N,,
TA_3_TUR_gov_lo,47,Appendix: Analysis notes,"Table A.3: Türkiye, government cares 'a lot', change, HC1 95% CI lower",1.3,pp,,table,N,,
TA_3_TUR_gov_hi,47,Appendix: Analysis notes,"Table A.3: Türkiye, government cares 'a lot', change, HC1 95% CI upper",19.0,pp,,table,N,,
TA_3_TUR_gov_adj_est,47,Appendix: Analysis notes,"Table A.3: Türkiye, government cares 'a lot', change, adjusted (regions also reached removed)",8.6,pp,,table,N,,
TA_3_TUR_gov_adj_lo,47,Appendix: Analysis notes,"Table A.3: Türkiye, government cares 'a lot', adjusted change, CI lower",-0.4,pp,,table,N,,
TA_3_TUR_gov_adj_hi,47,Appendix: Analysis notes,"Table A.3: Türkiye, government cares 'a lot', adjusted change, CI upper",17.6,pp,,table,N,,
TA_3_TUR_neighbours_gap2021,47,Appendix: Analysis notes,"Table A.3: Türkiye, neighbours care 'a lot', gap 2021",-4.3,pp,,table,N,,
TA_3_TUR_neighbours_gap2023,47,Appendix: Analysis notes,"Table A.3: Türkiye, neighbours care 'a lot', gap 2023",6.7,pp,,table,N,,
TA_3_TUR_neighbours_gap2025,47,Appendix: Analysis notes,"Table A.3: Türkiye, neighbours care 'a lot', gap 2025",1.1,pp,,table,N,,
TA_3_TUR_neighbours_change,47,Appendix: Analysis notes,"Table A.3: Türkiye, neighbours care 'a lot', change 2023 to 2025",-5.6,pp,,table,N,,
TA_3_TUR_neighbours_lo,47,Appendix: Analysis notes,"Table A.3: Türkiye, neighbours care 'a lot', change, HC1 95% CI lower",-16.5,pp,,table,N,,
TA_3_TUR_neighbours_hi,47,Appendix: Analysis notes,"Table A.3: Türkiye, neighbours care 'a lot', change, HC1 95% CI upper",5.2,pp,,table,N,,
TA_3_TUR_neighbours_adj_est,47,Appendix: Analysis notes,"Table A.3: Türkiye, neighbours care 'a lot', change, adjusted (regions also reached removed)",-10.6,pp,,table,N,,
TA_3_TUR_neighbours_adj_lo,47,Appendix: Analysis notes,"Table A.3: Türkiye, neighbours care 'a lot', adjusted change, CI lower",-21.4,pp,,table,N,,
TA_3_TUR_neighbours_adj_hi,47,Appendix: Analysis notes,"Table A.3: Türkiye, neighbours care 'a lot', adjusted change, CI upper",0.2,pp,,table,N,,
TA_3_TUR_protect_gap2021,47,Appendix: Analysis notes,"Table A.3: Türkiye, could protect their family, gap 2021",-4.7,pp,,table,N,,
TA_3_TUR_protect_gap2023,47,Appendix: Analysis notes,"Table A.3: Türkiye, could protect their family, gap 2023",-1.7,pp,,table,N,,
TA_3_TUR_protect_gap2025,47,Appendix: Analysis notes,"Table A.3: Türkiye, could protect their family, gap 2025",5.7,pp,,table,N,,
TA_3_TUR_protect_change,47,Appendix: Analysis notes,"Table A.3: Türkiye, could protect their family, change 2023 to 2025",7.4,pp,,table,N,,
TA_3_TUR_protect_lo,47,Appendix: Analysis notes,"Table A.3: Türkiye, could protect their family, change, HC1 95% CI lower",-2.1,pp,,table,N,,
TA_3_TUR_protect_hi,47,Appendix: Analysis notes,"Table A.3: Türkiye, could protect their family, change, HC1 95% CI upper",16.8,pp,,table,N,,
TA_3_TUR_protect_adj_est,47,Appendix: Analysis notes,"Table A.3: Türkiye, could protect their family, change, adjusted (regions also reached removed)",8.1,pp,,table,N,,
TA_3_TUR_protect_adj_lo,47,Appendix: Analysis notes,"Table A.3: Türkiye, could protect their family, adjusted change, CI lower",-1.4,pp,,table,N,,
TA_3_TUR_protect_adj_hi,47,Appendix: Analysis notes,"Table A.3: Türkiye, could protect their family, adjusted change, CI upper",17.6,pp,,table,N,,
TA_3_NZL_index_gap2021,47,Appendix: Analysis notes,"Table A.3: New Zealand, Resilience Index, gap 2021",1.8,points,,table,N,,
TA_3_NZL_index_gap2023,47,Appendix: Analysis notes,"Table A.3: New Zealand, Resilience Index, gap 2023",-1.4,points,,table,N,,
TA_3_NZL_index_gap2025,47,Appendix: Analysis notes,"Table A.3: New Zealand, Resilience Index, gap 2025",-1.4,points,,table,Y,REGION_NZL,
TA_3_NZL_index_change,47,Appendix: Analysis notes,"Table A.3: New Zealand, Resilience Index, change 2023 to 2025",0.0,points,,table,Y,REGION_NZL,
TA_3_NZL_index_lo,47,Appendix: Analysis notes,"Table A.3: New Zealand, Resilience Index, change, HC1 95% CI lower",-3.3,points,,table,Y,REGION_NZL,
TA_3_NZL_index_hi,47,Appendix: Analysis notes,"Table A.3: New Zealand, Resilience Index, change, HC1 95% CI upper",3.2,points,,table,Y,REGION_NZL,
TA_3_NZL_index_adj_est,47,Appendix: Analysis notes,"Table A.3: New Zealand, Resilience Index, change, adjusted (regions also reached removed)",0.0,points,,table,Y,REGION_NZL,
TA_3_NZL_index_adj_lo,47,Appendix: Analysis notes,"Table A.3: New Zealand, Resilience Index, adjusted change, CI lower",-3.5,points,,table,Y,REGION_NZL,
TA_3_NZL_index_adj_hi,47,Appendix: Analysis notes,"Table A.3: New Zealand, Resilience Index, adjusted change, CI upper",3.6,points,,table,Y,REGION_NZL,
TA_3_NZL_societal_gap2021,47,Appendix: Analysis notes,"Table A.3: New Zealand, societal dimension, gap 2021",3.5,points,,table,N,,
TA_3_NZL_societal_gap2023,47,Appendix: Analysis notes,"Table A.3: New Zealand, societal dimension, gap 2023",-1.0,points,,table,N,,
TA_3_NZL_societal_gap2025,47,Appendix: Analysis notes,"Table A.3: New Zealand, societal dimension, gap 2025",0.6,points,,table,Y,REGION_NZL,
TA_3_NZL_societal_change,47,Appendix: Analysis notes,"Table A.3: New Zealand, societal dimension, change 2023 to 2025",1.6,points,,table,Y,REGION_NZL,
TA_3_NZL_societal_lo,47,Appendix: Analysis notes,"Table A.3: New Zealand, societal dimension, change, HC1 95% CI lower",-3.6,points,,table,Y,REGION_NZL,
TA_3_NZL_societal_hi,47,Appendix: Analysis notes,"Table A.3: New Zealand, societal dimension, change, HC1 95% CI upper",6.7,points,,table,Y,REGION_NZL,
TA_3_NZL_societal_adj_est,47,Appendix: Analysis notes,"Table A.3: New Zealand, societal dimension, change, adjusted (regions also reached removed)",0.9,points,,table,Y,REGION_NZL,
TA_3_NZL_societal_adj_lo,47,Appendix: Analysis notes,"Table A.3: New Zealand, societal dimension, adjusted change, CI lower",-4.7,points,,table,Y,REGION_NZL,
TA_3_NZL_societal_adj_hi,47,Appendix: Analysis notes,"Table A.3: New Zealand, societal dimension, adjusted change, CI upper",6.5,points,,table,Y,REGION_NZL,
TA_3_NZL_community_gap2021,47,Appendix: Analysis notes,"Table A.3: New Zealand, community dimension, gap 2021",1.1,points,,table,N,,
TA_3_NZL_community_gap2023,47,Appendix: Analysis notes,"Table A.3: New Zealand, community dimension, gap 2023",-4.0,points,,table,N,,
TA_3_NZL_community_gap2025,47,Appendix: Analysis notes,"Table A.3: New Zealand, community dimension, gap 2025",-1.4,points,,table,Y,REGION_NZL,
TA_3_NZL_community_change,47,Appendix: Analysis notes,"Table A.3: New Zealand, community dimension, change 2023 to 2025",2.6,points,,table,Y,REGION_NZL,
TA_3_NZL_community_lo,47,Appendix: Analysis notes,"Table A.3: New Zealand, community dimension, change, HC1 95% CI lower",-2.7,points,,table,Y,REGION_NZL,
TA_3_NZL_community_hi,47,Appendix: Analysis notes,"Table A.3: New Zealand, community dimension, change, HC1 95% CI upper",7.9,points,,table,Y,REGION_NZL,
TA_3_NZL_community_adj_est,47,Appendix: Analysis notes,"Table A.3: New Zealand, community dimension, change, adjusted (regions also reached removed)",1.0,points,,table,Y,REGION_NZL,
TA_3_NZL_community_adj_lo,47,Appendix: Analysis notes,"Table A.3: New Zealand, community dimension, adjusted change, CI lower",-4.7,points,,table,Y,REGION_NZL,
TA_3_NZL_community_adj_hi,47,Appendix: Analysis notes,"Table A.3: New Zealand, community dimension, adjusted change, CI upper",6.7,points,,table,Y,REGION_NZL,
TA_3_NZL_household_gap2021,47,Appendix: Analysis notes,"Table A.3: New Zealand, household dimension, gap 2021",-0.3,points,,table,N,,
TA_3_NZL_household_gap2023,47,Appendix: Analysis notes,"Table A.3: New Zealand, household dimension, gap 2023",-1.8,points,,table,N,,
TA_3_NZL_household_gap2025,47,Appendix: Analysis notes,"Table A.3: New Zealand, household dimension, gap 2025",-2.1,points,,table,Y,REGION_NZL,
TA_3_NZL_household_change,47,Appendix: Analysis notes,"Table A.3: New Zealand, household dimension, change 2023 to 2025",-0.3,points,,table,Y,REGION_NZL,
TA_3_NZL_household_lo,47,Appendix: Analysis notes,"Table A.3: New Zealand, household dimension, change, HC1 95% CI lower",-5.4,points,,table,Y,REGION_NZL,
TA_3_NZL_household_hi,47,Appendix: Analysis notes,"Table A.3: New Zealand, household dimension, change, HC1 95% CI upper",4.8,points,,table,Y,REGION_NZL,
TA_3_NZL_household_adj_est,47,Appendix: Analysis notes,"Table A.3: New Zealand, household dimension, change, adjusted (regions also reached removed)",1.4,points,,table,Y,REGION_NZL,
TA_3_NZL_household_adj_lo,47,Appendix: Analysis notes,"Table A.3: New Zealand, household dimension, adjusted change, CI lower",-4.1,points,,table,Y,REGION_NZL,
TA_3_NZL_household_adj_hi,47,Appendix: Analysis notes,"Table A.3: New Zealand, household dimension, adjusted change, CI upper",7.0,points,,table,Y,REGION_NZL,
TA_3_NZL_individual_gap2021,47,Appendix: Analysis notes,"Table A.3: New Zealand, individual dimension, gap 2021",2.7,points,,table,N,,
TA_3_NZL_individual_gap2023,47,Appendix: Analysis notes,"Table A.3: New Zealand, individual dimension, gap 2023",1.1,points,,table,N,,
TA_3_NZL_individual_gap2025,47,Appendix: Analysis notes,"Table A.3: New Zealand, individual dimension, gap 2025",-2.4,points,,table,Y,REGION_NZL,
TA_3_NZL_individual_change,47,Appendix: Analysis notes,"Table A.3: New Zealand, individual dimension, change 2023 to 2025",-3.5,points,,table,Y,REGION_NZL,
TA_3_NZL_individual_lo,47,Appendix: Analysis notes,"Table A.3: New Zealand, individual dimension, change, HC1 95% CI lower",-9.8,points,,table,Y,REGION_NZL,
TA_3_NZL_individual_hi,47,Appendix: Analysis notes,"Table A.3: New Zealand, individual dimension, change, HC1 95% CI upper",2.8,points,,table,Y,REGION_NZL,
TA_3_NZL_individual_adj_est,47,Appendix: Analysis notes,"Table A.3: New Zealand, individual dimension, change, adjusted (regions also reached removed)",-2.7,points,,table,Y,REGION_NZL,
TA_3_NZL_individual_adj_lo,47,Appendix: Analysis notes,"Table A.3: New Zealand, individual dimension, adjusted change, CI lower",-9.4,points,,table,Y,REGION_NZL,
TA_3_NZL_individual_adj_hi,47,Appendix: Analysis notes,"Table A.3: New Zealand, individual dimension, adjusted change, CI upper",4.1,points,,table,Y,REGION_NZL,
TA_3_NZL_confidence_gap2021,47,Appendix: Analysis notes,"Table A.3: New Zealand, confidence in national government, gap 2021",8.9,pp,,table,Y,WP139,
TA_3_NZL_confidence_gap2023,47,Appendix: Analysis notes,"Table A.3: New Zealand, confidence in national government, gap 2023",-4.0,pp,,table,Y,WP139,
TA_3_NZL_confidence_gap2025,47,Appendix: Analysis notes,"Table A.3: New Zealand, confidence in national government, gap 2025",3.5,pp,,table,Y,REGION_NZL; WP139,
TA_3_NZL_confidence_change,47,Appendix: Analysis notes,"Table A.3: New Zealand, confidence in national government, change 2023 to 2025",7.5,pp,,table,Y,REGION_NZL; WP139,
TA_3_NZL_confidence_lo,47,Appendix: Analysis notes,"Table A.3: New Zealand, confidence in national government, change, HC1 95% CI lower",-3.5,pp,,table,Y,REGION_NZL; WP139,
TA_3_NZL_confidence_hi,47,Appendix: Analysis notes,"Table A.3: New Zealand, confidence in national government, change, HC1 95% CI upper",18.6,pp,,table,Y,REGION_NZL; WP139,
TA_3_NZL_confidence_adj_est,47,Appendix: Analysis notes,"Table A.3: New Zealand, confidence in national government, change, adjusted (regions also reached removed)",6.0,pp,,table,Y,REGION_NZL; WP139,
TA_3_NZL_confidence_adj_lo,47,Appendix: Analysis notes,"Table A.3: New Zealand, confidence in national government, adjusted change, CI lower",-5.9,pp,,table,Y,REGION_NZL; WP139,
TA_3_NZL_confidence_adj_hi,47,Appendix: Analysis notes,"Table A.3: New Zealand, confidence in national government, adjusted change, CI upper",18.0,pp,,table,Y,REGION_NZL; WP139,
TA_3_NZL_gov_gap2021,47,Appendix: Analysis notes,"Table A.3: New Zealand, government cares 'a lot', gap 2021",5.2,pp,,table,N,,
TA_3_NZL_gov_gap2023,47,Appendix: Analysis notes,"Table A.3: New Zealand, government cares 'a lot', gap 2023",0.3,pp,,table,N,,
TA_3_NZL_gov_gap2025,47,Appendix: Analysis notes,"Table A.3: New Zealand, government cares 'a lot', gap 2025",1.1,pp,,table,Y,REGION_NZL,
TA_3_NZL_gov_change,47,Appendix: Analysis notes,"Table A.3: New Zealand, government cares 'a lot', change 2023 to 2025",0.9,pp,,table,Y,REGION_NZL,
TA_3_NZL_gov_lo,47,Appendix: Analysis notes,"Table A.3: New Zealand, government cares 'a lot', change, HC1 95% CI lower",-6.5,pp,,table,Y,REGION_NZL,
TA_3_NZL_gov_hi,47,Appendix: Analysis notes,"Table A.3: New Zealand, government cares 'a lot', change, HC1 95% CI upper",8.3,pp,,table,Y,REGION_NZL,
TA_3_NZL_gov_adj_est,47,Appendix: Analysis notes,"Table A.3: New Zealand, government cares 'a lot', change, adjusted (regions also reached removed)",2.1,pp,,table,Y,REGION_NZL,
TA_3_NZL_gov_adj_lo,47,Appendix: Analysis notes,"Table A.3: New Zealand, government cares 'a lot', adjusted change, CI lower",-5.8,pp,,table,Y,REGION_NZL,
TA_3_NZL_gov_adj_hi,47,Appendix: Analysis notes,"Table A.3: New Zealand, government cares 'a lot', adjusted change, CI upper",10.1,pp,,table,Y,REGION_NZL,
TA_3_NZL_neighbours_gap2021,47,Appendix: Analysis notes,"Table A.3: New Zealand, neighbours care 'a lot', gap 2021",1.1,pp,,table,N,,
TA_3_NZL_neighbours_gap2023,47,Appendix: Analysis notes,"Table A.3: New Zealand, neighbours care 'a lot', gap 2023",-3.3,pp,,table,N,,
TA_3_NZL_neighbours_gap2025,47,Appendix: Analysis notes,"Table A.3: New Zealand, neighbours care 'a lot', gap 2025",-3.9,pp,,table,Y,REGION_NZL,
TA_3_NZL_neighbours_change,47,Appendix: Analysis notes,"Table A.3: New Zealand, neighbours care 'a lot', change 2023 to 2025",-0.6,pp,,table,Y,REGION_NZL,
TA_3_NZL_neighbours_lo,47,Appendix: Analysis notes,"Table A.3: New Zealand, neighbours care 'a lot', change, HC1 95% CI lower",-10.5,pp,,table,Y,REGION_NZL,
TA_3_NZL_neighbours_hi,47,Appendix: Analysis notes,"Table A.3: New Zealand, neighbours care 'a lot', change, HC1 95% CI upper",9.4,pp,,table,Y,REGION_NZL,
TA_3_NZL_neighbours_adj_est,47,Appendix: Analysis notes,"Table A.3: New Zealand, neighbours care 'a lot', change, adjusted (regions also reached removed)",-6.5,pp,,table,Y,REGION_NZL,
TA_3_NZL_neighbours_adj_lo,47,Appendix: Analysis notes,"Table A.3: New Zealand, neighbours care 'a lot', adjusted change, CI lower",-17.2,pp,,table,Y,REGION_NZL,
TA_3_NZL_neighbours_adj_hi,47,Appendix: Analysis notes,"Table A.3: New Zealand, neighbours care 'a lot', adjusted change, CI upper",4.2,pp,,table,Y,REGION_NZL,
TA_3_NZL_protect_gap2021,47,Appendix: Analysis notes,"Table A.3: New Zealand, could protect their family, gap 2021",0.7,pp,,table,N,,
TA_3_NZL_protect_gap2023,47,Appendix: Analysis notes,"Table A.3: New Zealand, could protect their family, gap 2023",-0.9,pp,,table,N,,
TA_3_NZL_protect_gap2025,47,Appendix: Analysis notes,"Table A.3: New Zealand, could protect their family, gap 2025",-6.9,pp,,table,Y,REGION_NZL,
TA_3_NZL_protect_change,47,Appendix: Analysis notes,"Table A.3: New Zealand, could protect their family, change 2023 to 2025",-6.0,pp,,table,Y,REGION_NZL,
TA_3_NZL_protect_lo,47,Appendix: Analysis notes,"Table A.3: New Zealand, could protect their family, change, HC1 95% CI lower",-16.7,pp,,table,Y,REGION_NZL,
TA_3_NZL_protect_hi,47,Appendix: Analysis notes,"Table A.3: New Zealand, could protect their family, change, HC1 95% CI upper",4.8,pp,,table,Y,REGION_NZL,
TA_3_NZL_protect_adj_est,47,Appendix: Analysis notes,"Table A.3: New Zealand, could protect their family, change, adjusted (regions also reached removed)",-5.6,pp,,table,Y,REGION_NZL,
TA_3_NZL_protect_adj_lo,47,Appendix: Analysis notes,"Table A.3: New Zealand, could protect their family, adjusted change, CI lower",-17.2,pp,,table,Y,REGION_NZL,
TA_3_NZL_protect_adj_hi,47,Appendix: Analysis notes,"Table A.3: New Zealand, could protect their family, adjusted change, CI upper",6.1,pp,,table,Y,REGION_NZL,
TA_3_ZAF_index_gap2021,47,Appendix: Analysis notes,"Table A.3: South Africa, Resilience Index, gap 2021",-3.4,points,,table,Y,REGION_ZAF,
TA_3_ZAF_index_gap2023,47,Appendix: Analysis notes,"Table A.3: South Africa, Resilience Index, gap 2023",0.3,points,,table,N,,
TA_3_ZAF_index_gap2025,47,Appendix: Analysis notes,"Table A.3: South Africa, Resilience Index, gap 2025",-2.7,points,,table,N,,
TA_3_ZAF_index_change,47,Appendix: Analysis notes,"Table A.3: South Africa, Resilience Index, change 2023 to 2025",-3.0,points,,table,N,,"Two-wave (2023, 2025) regression; the report's three-wave model gives the same estimate"
TA_3_ZAF_index_lo,47,Appendix: Analysis notes,"Table A.3: South Africa, Resilience Index, change, HC1 95% CI lower",-6.9,points,,table,N,,"Two-wave (2023, 2025) regression; the report's three-wave model gives the same estimate"
TA_3_ZAF_index_hi,47,Appendix: Analysis notes,"Table A.3: South Africa, Resilience Index, change, HC1 95% CI upper",0.9,points,,table,N,,"Two-wave (2023, 2025) regression; the report's three-wave model gives the same estimate"
TA_3_ZAF_societal_gap2021,47,Appendix: Analysis notes,"Table A.3: South Africa, societal dimension, gap 2021",-7.2,points,,table,Y,REGION_ZAF,
TA_3_ZAF_societal_gap2023,47,Appendix: Analysis notes,"Table A.3: South Africa, societal dimension, gap 2023",-1.9,points,,table,N,,
TA_3_ZAF_societal_gap2025,47,Appendix: Analysis notes,"Table A.3: South Africa, societal dimension, gap 2025",-6.0,points,,table,N,,
TA_3_ZAF_societal_change,47,Appendix: Analysis notes,"Table A.3: South Africa, societal dimension, change 2023 to 2025",-4.1,points,,table,N,,"Two-wave (2023, 2025) regression; the report's three-wave model gives the same estimate"
TA_3_ZAF_societal_lo,47,Appendix: Analysis notes,"Table A.3: South Africa, societal dimension, change, HC1 95% CI lower",-10.2,points,,table,N,,"Two-wave (2023, 2025) regression; the report's three-wave model gives the same estimate"
TA_3_ZAF_societal_hi,47,Appendix: Analysis notes,"Table A.3: South Africa, societal dimension, change, HC1 95% CI upper",2.0,points,,table,N,,"Two-wave (2023, 2025) regression; the report's three-wave model gives the same estimate"
TA_3_ZAF_community_gap2021,47,Appendix: Analysis notes,"Table A.3: South Africa, community dimension, gap 2021",4.6,points,,table,Y,REGION_ZAF,
TA_3_ZAF_community_gap2023,47,Appendix: Analysis notes,"Table A.3: South Africa, community dimension, gap 2023",7.6,points,,table,N,,
TA_3_ZAF_community_gap2025,47,Appendix: Analysis notes,"Table A.3: South Africa, community dimension, gap 2025",-2.1,points,,table,N,,
TA_3_ZAF_community_change,47,Appendix: Analysis notes,"Table A.3: South Africa, community dimension, change 2023 to 2025",-9.7,points,,table,N,,"Two-wave (2023, 2025) regression; the report's three-wave model gives the same estimate"
TA_3_ZAF_community_lo,47,Appendix: Analysis notes,"Table A.3: South Africa, community dimension, change, HC1 95% CI lower",-16.0,points,,table,N,,"Two-wave (2023, 2025) regression; the report's three-wave model gives the same estimate"
TA_3_ZAF_community_hi,47,Appendix: Analysis notes,"Table A.3: South Africa, community dimension, change, HC1 95% CI upper",-3.3,points,,table,N,,"Two-wave (2023, 2025) regression; the report's three-wave model gives the same estimate"
TA_3_ZAF_household_gap2021,47,Appendix: Analysis notes,"Table A.3: South Africa, household dimension, gap 2021",-8.2,points,,table,Y,REGION_ZAF,
TA_3_ZAF_household_gap2023,47,Appendix: Analysis notes,"Table A.3: South Africa, household dimension, gap 2023",-0.7,points,,table,N,,
TA_3_ZAF_household_gap2025,47,Appendix: Analysis notes,"Table A.3: South Africa, household dimension, gap 2025",-0.1,points,,table,N,,
TA_3_ZAF_household_change,47,Appendix: Analysis notes,"Table A.3: South Africa, household dimension, change 2023 to 2025",0.6,points,,table,N,,"Two-wave (2023, 2025) regression; the report's three-wave model gives the same estimate"
TA_3_ZAF_household_lo,47,Appendix: Analysis notes,"Table A.3: South Africa, household dimension, change, HC1 95% CI lower",-6.3,points,,table,N,,"Two-wave (2023, 2025) regression; the report's three-wave model gives the same estimate"
TA_3_ZAF_household_hi,47,Appendix: Analysis notes,"Table A.3: South Africa, household dimension, change, HC1 95% CI upper",7.5,points,,table,N,,"Two-wave (2023, 2025) regression; the report's three-wave model gives the same estimate"
TA_3_ZAF_individual_gap2021,48,Appendix: Analysis notes,"Table A.3: South Africa, individual dimension, gap 2021",-2.6,points,,table,Y,REGION_ZAF,
TA_3_ZAF_individual_gap2023,48,Appendix: Analysis notes,"Table A.3: South Africa, individual dimension, gap 2023",-3.6,points,,table,N,,
TA_3_ZAF_individual_gap2025,48,Appendix: Analysis notes,"Table A.3: South Africa, individual dimension, gap 2025",-2.4,points,,table,N,,
TA_3_ZAF_individual_change,48,Appendix: Analysis notes,"Table A.3: South Africa, individual dimension, change 2023 to 2025",1.2,points,,table,N,,"Two-wave (2023, 2025) regression; the report's three-wave model gives the same estimate"
TA_3_ZAF_individual_lo,48,Appendix: Analysis notes,"Table A.3: South Africa, individual dimension, change, HC1 95% CI lower",-6.8,points,,table,N,,"Two-wave (2023, 2025) regression; the report's three-wave model gives the same estimate"
TA_3_ZAF_individual_hi,48,Appendix: Analysis notes,"Table A.3: South Africa, individual dimension, change, HC1 95% CI upper",9.2,points,,table,N,,"Two-wave (2023, 2025) regression; the report's three-wave model gives the same estimate"
TA_3_ZAF_confidence_gap2021,48,Appendix: Analysis notes,"Table A.3: South Africa, confidence in national government, gap 2021",-20.8,pp,,table,Y,REGION_ZAF; WP139,
TA_3_ZAF_confidence_gap2023,48,Appendix: Analysis notes,"Table A.3: South Africa, confidence in national government, gap 2023",-3.3,pp,,table,Y,WP139,
TA_3_ZAF_confidence_gap2025,48,Appendix: Analysis notes,"Table A.3: South Africa, confidence in national government, gap 2025",-15.6,pp,,table,Y,WP139,
TA_3_ZAF_confidence_change,48,Appendix: Analysis notes,"Table A.3: South Africa, confidence in national government, change 2023 to 2025",-12.2,pp,,table,Y,WP139,"Two-wave (2023, 2025) regression; the report's three-wave model gives the same estimate"
TA_3_ZAF_confidence_lo,48,Appendix: Analysis notes,"Table A.3: South Africa, confidence in national government, change, HC1 95% CI lower",-25.5,pp,,table,Y,WP139,"Two-wave (2023, 2025) regression; the report's three-wave model gives the same estimate"
TA_3_ZAF_confidence_hi,48,Appendix: Analysis notes,"Table A.3: South Africa, confidence in national government, change, HC1 95% CI upper",1.1,pp,,table,Y,WP139,"Two-wave (2023, 2025) regression; the report's three-wave model gives the same estimate"
TA_3_ZAF_gov_gap2021,48,Appendix: Analysis notes,"Table A.3: South Africa, government cares 'a lot', gap 2021",-12.2,pp,,table,Y,REGION_ZAF,
TA_3_ZAF_gov_gap2023,48,Appendix: Analysis notes,"Table A.3: South Africa, government cares 'a lot', gap 2023",1.3,pp,,table,N,,
TA_3_ZAF_gov_gap2025,48,Appendix: Analysis notes,"Table A.3: South Africa, government cares 'a lot', gap 2025",-1.3,pp,,table,N,,
TA_3_ZAF_gov_change,48,Appendix: Analysis notes,"Table A.3: South Africa, government cares 'a lot', change 2023 to 2025",-2.6,pp,,table,N,,"Two-wave (2023, 2025) regression; the report's three-wave model gives the same estimate"
TA_3_ZAF_gov_lo,48,Appendix: Analysis notes,"Table A.3: South Africa, government cares 'a lot', change, HC1 95% CI lower",-12.7,pp,,table,N,,"Two-wave (2023, 2025) regression; the report's three-wave model gives the same estimate"
TA_3_ZAF_gov_hi,48,Appendix: Analysis notes,"Table A.3: South Africa, government cares 'a lot', change, HC1 95% CI upper",7.5,pp,,table,N,,"Two-wave (2023, 2025) regression; the report's three-wave model gives the same estimate"
TA_3_ZAF_neighbours_gap2021,48,Appendix: Analysis notes,"Table A.3: South Africa, neighbours care 'a lot', gap 2021",-16.1,pp,,table,Y,REGION_ZAF,
TA_3_ZAF_neighbours_gap2023,48,Appendix: Analysis notes,"Table A.3: South Africa, neighbours care 'a lot', gap 2023",21.5,pp,,table,N,,
TA_3_ZAF_neighbours_gap2025,48,Appendix: Analysis notes,"Table A.3: South Africa, neighbours care 'a lot', gap 2025",-8.6,pp,,table,N,,
TA_3_ZAF_neighbours_change,48,Appendix: Analysis notes,"Table A.3: South Africa, neighbours care 'a lot', change 2023 to 2025",-30.1,pp,,table,N,,"Two-wave (2023, 2025) regression; the report's three-wave model gives the same estimate"
TA_3_ZAF_neighbours_lo,48,Appendix: Analysis notes,"Table A.3: South Africa, neighbours care 'a lot', change, HC1 95% CI lower",-42.2,pp,,table,N,,"Two-wave (2023, 2025) regression; the report's three-wave model gives the same estimate"
TA_3_ZAF_neighbours_hi,48,Appendix: Analysis notes,"Table A.3: South Africa, neighbours care 'a lot', change, HC1 95% CI upper",-18.0,pp,,table,N,,"Two-wave (2023, 2025) regression; the report's three-wave model gives the same estimate"
TA_3_ZAF_protect_gap2021,48,Appendix: Analysis notes,"Table A.3: South Africa, could protect their family, gap 2021",-8.7,pp,,table,Y,REGION_ZAF,
TA_3_ZAF_protect_gap2023,48,Appendix: Analysis notes,"Table A.3: South Africa, could protect their family, gap 2023",-0.2,pp,,table,N,,
TA_3_ZAF_protect_gap2025,48,Appendix: Analysis notes,"Table A.3: South Africa, could protect their family, gap 2025",5.4,pp,,table,N,,
TA_3_ZAF_protect_change,48,Appendix: Analysis notes,"Table A.3: South Africa, could protect their family, change 2023 to 2025",5.6,pp,,table,N,,"Two-wave (2023, 2025) regression; the report's three-wave model gives the same estimate"
TA_3_ZAF_protect_lo,48,Appendix: Analysis notes,"Table A.3: South Africa, could protect their family, change, HC1 95% CI lower",-6.1,pp,,table,N,,"Two-wave (2023, 2025) regression; the report's three-wave model gives the same estimate"
TA_3_ZAF_protect_hi,48,Appendix: Analysis notes,"Table A.3: South Africa, could protect their family, change, HC1 95% CI upper",17.4,pp,,table,N,,"Two-wave (2023, 2025) regression; the report's three-wave model gives the same estimate"
TA_4_index_c2023,48,Appendix: Analysis notes,"Table A.4: pooled three-wave model (Morocco, Türkiye, New Zealand), Resilience Index, change in the gap 2021 to 2023",-3,points,,table,Y,REGION_NZL,
TA_4_index_c2025,48,Appendix: Analysis notes,"Table A.4: pooled three-wave model (Morocco, Türkiye, New Zealand), Resilience Index, change in the gap 2021 to 2025",-2,points,,table,Y,REGION_NZL,
TA_4_index_change,48,Appendix: Analysis notes,"Table A.4: pooled three-wave model (Morocco, Türkiye, New Zealand), Resilience Index, change 2023 to 2025",1,points,,table,Y,REGION_NZL,
TA_4_index_lo,48,Appendix: Analysis notes,"Table A.4: pooled three-wave model (Morocco, Türkiye, New Zealand), Resilience Index, change 2023-2025, CI lower",-1,points,,table,Y,REGION_NZL,
TA_4_index_hi,48,Appendix: Analysis notes,"Table A.4: pooled three-wave model (Morocco, Türkiye, New Zealand), Resilience Index, change 2023-2025, CI upper",3,points,,table,Y,REGION_NZL,
TA_4_index_adj_est,48,Appendix: Analysis notes,"Table A.4: pooled three-wave model (Morocco, Türkiye, New Zealand), Resilience Index, change 2023-2025, adjusted",1,points,,table,Y,REGION_NZL,
TA_4_index_adj_lo,48,Appendix: Analysis notes,"Table A.4: pooled three-wave model (Morocco, Türkiye, New Zealand), Resilience Index, adjusted, CI lower",-1,points,,table,Y,REGION_NZL,
TA_4_index_adj_hi,48,Appendix: Analysis notes,"Table A.4: pooled three-wave model (Morocco, Türkiye, New Zealand), Resilience Index, adjusted, CI upper",4,points,,table,Y,REGION_NZL,
TA_4_societal_c2023,48,Appendix: Analysis notes,"Table A.4: pooled three-wave model (Morocco, Türkiye, New Zealand), societal dimension, change in the gap 2021 to 2023",-7,points,,table,Y,REGION_NZL,
TA_4_societal_c2025,48,Appendix: Analysis notes,"Table A.4: pooled three-wave model (Morocco, Türkiye, New Zealand), societal dimension, change in the gap 2021 to 2025",-3,points,,table,Y,REGION_NZL,
TA_4_societal_change,48,Appendix: Analysis notes,"Table A.4: pooled three-wave model (Morocco, Türkiye, New Zealand), societal dimension, change 2023 to 2025",3,points,,table,Y,REGION_NZL,
TA_4_societal_lo,48,Appendix: Analysis notes,"Table A.4: pooled three-wave model (Morocco, Türkiye, New Zealand), societal dimension, change 2023-2025, CI lower",-0.2,points,,table,Y,REGION_NZL,
TA_4_societal_hi,48,Appendix: Analysis notes,"Table A.4: pooled three-wave model (Morocco, Türkiye, New Zealand), societal dimension, change 2023-2025, CI upper",7,points,,table,Y,REGION_NZL,
TA_4_societal_adj_est,48,Appendix: Analysis notes,"Table A.4: pooled three-wave model (Morocco, Türkiye, New Zealand), societal dimension, change 2023-2025, adjusted",3,points,,table,Y,REGION_NZL,
TA_4_societal_adj_lo,48,Appendix: Analysis notes,"Table A.4: pooled three-wave model (Morocco, Türkiye, New Zealand), societal dimension, adjusted, CI lower",-0.2,points,,table,Y,REGION_NZL,
TA_4_societal_adj_hi,48,Appendix: Analysis notes,"Table A.4: pooled three-wave model (Morocco, Türkiye, New Zealand), societal dimension, adjusted, CI upper",7,points,,table,Y,REGION_NZL,
TA_4_community_c2023,48,Appendix: Analysis notes,"Table A.4: pooled three-wave model (Morocco, Türkiye, New Zealand), community dimension, change in the gap 2021 to 2023",-5,points,,table,Y,REGION_NZL,
TA_4_community_c2025,48,Appendix: Analysis notes,"Table A.4: pooled three-wave model (Morocco, Türkiye, New Zealand), community dimension, change in the gap 2021 to 2025",-2,points,,table,Y,REGION_NZL,
TA_4_community_change,48,Appendix: Analysis notes,"Table A.4: pooled three-wave model (Morocco, Türkiye, New Zealand), community dimension, change 2023 to 2025",3,points,,table,Y,REGION_NZL,
TA_4_community_lo,48,Appendix: Analysis notes,"Table A.4: pooled three-wave model (Morocco, Türkiye, New Zealand), community dimension, change 2023-2025, CI lower",-1,points,,table,Y,REGION_NZL,
TA_4_community_hi,48,Appendix: Analysis notes,"Table A.4: pooled three-wave model (Morocco, Türkiye, New Zealand), community dimension, change 2023-2025, CI upper",7,points,,table,Y,REGION_NZL,
TA_4_community_adj_est,48,Appendix: Analysis notes,"Table A.4: pooled three-wave model (Morocco, Türkiye, New Zealand), community dimension, change 2023-2025, adjusted",2,points,,table,Y,REGION_NZL,
TA_4_community_adj_lo,48,Appendix: Analysis notes,"Table A.4: pooled three-wave model (Morocco, Türkiye, New Zealand), community dimension, adjusted, CI lower",-2,points,,table,Y,REGION_NZL,
TA_4_community_adj_hi,48,Appendix: Analysis notes,"Table A.4: pooled three-wave model (Morocco, Türkiye, New Zealand), community dimension, adjusted, CI upper",6,points,,table,Y,REGION_NZL,
TA_4_household_c2023,48,Appendix: Analysis notes,"Table A.4: pooled three-wave model (Morocco, Türkiye, New Zealand), household dimension, change in the gap 2021 to 2023",1,points,,table,Y,REGION_NZL,
TA_4_household_c2025,48,Appendix: Analysis notes,"Table A.4: pooled three-wave model (Morocco, Türkiye, New Zealand), household dimension, change in the gap 2021 to 2025",0,points,,table,Y,REGION_NZL,
TA_4_household_change,48,Appendix: Analysis notes,"Table A.4: pooled three-wave model (Morocco, Türkiye, New Zealand), household dimension, change 2023 to 2025",-1,points,,table,Y,REGION_NZL,
TA_4_household_lo,48,Appendix: Analysis notes,"Table A.4: pooled three-wave model (Morocco, Türkiye, New Zealand), household dimension, change 2023-2025, CI lower",-5,points,,table,Y,REGION_NZL,
TA_4_household_hi,48,Appendix: Analysis notes,"Table A.4: pooled three-wave model (Morocco, Türkiye, New Zealand), household dimension, change 2023-2025, CI upper",3,points,,table,Y,REGION_NZL,
TA_4_household_adj_est,48,Appendix: Analysis notes,"Table A.4: pooled three-wave model (Morocco, Türkiye, New Zealand), household dimension, change 2023-2025, adjusted",0,points,,table,Y,REGION_NZL,
TA_4_household_adj_lo,48,Appendix: Analysis notes,"Table A.4: pooled three-wave model (Morocco, Türkiye, New Zealand), household dimension, adjusted, CI lower",-4,points,,table,Y,REGION_NZL,
TA_4_household_adj_hi,48,Appendix: Analysis notes,"Table A.4: pooled three-wave model (Morocco, Türkiye, New Zealand), household dimension, adjusted, CI upper",4,points,,table,Y,REGION_NZL,
TA_4_individual_c2023,48,Appendix: Analysis notes,"Table A.4: pooled three-wave model (Morocco, Türkiye, New Zealand), individual dimension, change in the gap 2021 to 2023",-1,points,,table,Y,REGION_NZL,
TA_4_individual_c2025,48,Appendix: Analysis notes,"Table A.4: pooled three-wave model (Morocco, Türkiye, New Zealand), individual dimension, change in the gap 2021 to 2025",-1,points,,table,Y,REGION_NZL,
TA_4_individual_change,48,Appendix: Analysis notes,"Table A.4: pooled three-wave model (Morocco, Türkiye, New Zealand), individual dimension, change 2023 to 2025",-1,points,,table,Y,REGION_NZL,
TA_4_individual_lo,48,Appendix: Analysis notes,"Table A.4: pooled three-wave model (Morocco, Türkiye, New Zealand), individual dimension, change 2023-2025, CI lower",-5,points,,table,Y,REGION_NZL,
TA_4_individual_hi,48,Appendix: Analysis notes,"Table A.4: pooled three-wave model (Morocco, Türkiye, New Zealand), individual dimension, change 2023-2025, CI upper",4,points,,table,Y,REGION_NZL,
TA_4_individual_adj_est,48,Appendix: Analysis notes,"Table A.4: pooled three-wave model (Morocco, Türkiye, New Zealand), individual dimension, change 2023-2025, adjusted",0,points,,table,Y,REGION_NZL,
TA_4_individual_adj_lo,48,Appendix: Analysis notes,"Table A.4: pooled three-wave model (Morocco, Türkiye, New Zealand), individual dimension, adjusted, CI lower",-4,points,,table,Y,REGION_NZL,
TA_4_individual_adj_hi,48,Appendix: Analysis notes,"Table A.4: pooled three-wave model (Morocco, Türkiye, New Zealand), individual dimension, adjusted, CI upper",4,points,,table,Y,REGION_NZL,
TA_4_confidence_c2023,48,Appendix: Analysis notes,"Table A.4: pooled three-wave model (Morocco, Türkiye, New Zealand), confidence in national government, change in the gap 2021 to 2023",-17,pp,,table,Y,REGION_NZL; WP139,Morocco left out (not asked)
TA_4_confidence_c2025,48,Appendix: Analysis notes,"Table A.4: pooled three-wave model (Morocco, Türkiye, New Zealand), confidence in national government, change in the gap 2021 to 2025",-6,pp,,table,Y,REGION_NZL; WP139,Morocco left out (not asked)
TA_4_confidence_change,48,Appendix: Analysis notes,"Table A.4: pooled three-wave model (Morocco, Türkiye, New Zealand), confidence in national government, change 2023 to 2025",11,pp,,table,Y,REGION_NZL; WP139,Morocco left out (not asked)
TA_4_confidence_lo,48,Appendix: Analysis notes,"Table A.4: pooled three-wave model (Morocco, Türkiye, New Zealand), confidence in national government, change 2023-2025, CI lower",3,pp,,table,Y,REGION_NZL; WP139,Morocco left out (not asked)
TA_4_confidence_hi,48,Appendix: Analysis notes,"Table A.4: pooled three-wave model (Morocco, Türkiye, New Zealand), confidence in national government, change 2023-2025, CI upper",19,pp,,table,Y,REGION_NZL; WP139,Morocco left out (not asked)
TA_4_confidence_adj_est,48,Appendix: Analysis notes,"Table A.4: pooled three-wave model (Morocco, Türkiye, New Zealand), confidence in national government, change 2023-2025, adjusted",11,pp,,table,Y,REGION_NZL; WP139,Morocco left out (not asked)
TA_4_confidence_adj_lo,48,Appendix: Analysis notes,"Table A.4: pooled three-wave model (Morocco, Türkiye, New Zealand), confidence in national government, adjusted, CI lower",2,pp,,table,Y,REGION_NZL; WP139,Morocco left out (not asked)
TA_4_confidence_adj_hi,48,Appendix: Analysis notes,"Table A.4: pooled three-wave model (Morocco, Türkiye, New Zealand), confidence in national government, adjusted, CI upper",19,pp,,table,Y,REGION_NZL; WP139,Morocco left out (not asked)
TA_4_gov_c2023,48,Appendix: Analysis notes,"Table A.4: pooled three-wave model (Morocco, Türkiye, New Zealand), government cares 'a lot', change in the gap 2021 to 2023",-9,pp,,table,Y,REGION_NZL,Morocco left out (not asked)
TA_4_gov_c2025,48,Appendix: Analysis notes,"Table A.4: pooled three-wave model (Morocco, Türkiye, New Zealand), government cares 'a lot', change in the gap 2021 to 2025",-5,pp,,table,Y,REGION_NZL,Morocco left out (not asked)
TA_4_gov_change,48,Appendix: Analysis notes,"Table A.4: pooled three-wave model (Morocco, Türkiye, New Zealand), government cares 'a lot', change 2023 to 2025",4,pp,,table,Y,REGION_NZL,Morocco left out (not asked)
TA_4_gov_lo,48,Appendix: Analysis notes,"Table A.4: pooled three-wave model (Morocco, Türkiye, New Zealand), government cares 'a lot', change 2023-2025, CI lower",-2,pp,,table,Y,REGION_NZL,Morocco left out (not asked)
TA_4_gov_hi,48,Appendix: Analysis notes,"Table A.4: pooled three-wave model (Morocco, Türkiye, New Zealand), government cares 'a lot', change 2023-2025, CI upper",9,pp,,table,Y,REGION_NZL,Morocco left out (not asked)
TA_4_gov_adj_est,48,Appendix: Analysis notes,"Table A.4: pooled three-wave model (Morocco, Türkiye, New Zealand), government cares 'a lot', change 2023-2025, adjusted",4,pp,,table,Y,REGION_NZL,Morocco left out (not asked)
TA_4_gov_adj_lo,48,Appendix: Analysis notes,"Table A.4: pooled three-wave model (Morocco, Türkiye, New Zealand), government cares 'a lot', adjusted, CI lower",-2,pp,,table,Y,REGION_NZL,Morocco left out (not asked)
TA_4_gov_adj_hi,48,Appendix: Analysis notes,"Table A.4: pooled three-wave model (Morocco, Türkiye, New Zealand), government cares 'a lot', adjusted, CI upper",10,pp,,table,Y,REGION_NZL,Morocco left out (not asked)
TA_4_neighbours_c2023,48,Appendix: Analysis notes,"Table A.4: pooled three-wave model (Morocco, Türkiye, New Zealand), neighbours care 'a lot', change in the gap 2021 to 2023",3,pp,,table,Y,REGION_NZL,
TA_4_neighbours_c2025,48,Appendix: Analysis notes,"Table A.4: pooled three-wave model (Morocco, Türkiye, New Zealand), neighbours care 'a lot', change in the gap 2021 to 2025",1,pp,,table,Y,REGION_NZL,
TA_4_neighbours_change,48,Appendix: Analysis notes,"Table A.4: pooled three-wave model (Morocco, Türkiye, New Zealand), neighbours care 'a lot', change 2023 to 2025",-3,pp,,table,Y,REGION_NZL,
TA_4_neighbours_lo,48,Appendix: Analysis notes,"Table A.4: pooled three-wave model (Morocco, Türkiye, New Zealand), neighbours care 'a lot', change 2023-2025, CI lower",-9,pp,,table,Y,REGION_NZL,
TA_4_neighbours_hi,48,Appendix: Analysis notes,"Table A.4: pooled three-wave model (Morocco, Türkiye, New Zealand), neighbours care 'a lot', change 2023-2025, CI upper",4,pp,,table,Y,REGION_NZL,
TA_4_neighbours_adj_est,48,Appendix: Analysis notes,"Table A.4: pooled three-wave model (Morocco, Türkiye, New Zealand), neighbours care 'a lot', change 2023-2025, adjusted",-7,pp,,table,Y,REGION_NZL,
TA_4_neighbours_adj_lo,48,Appendix: Analysis notes,"Table A.4: pooled three-wave model (Morocco, Türkiye, New Zealand), neighbours care 'a lot', adjusted, CI lower",-13,pp,,table,Y,REGION_NZL,
TA_4_neighbours_adj_hi,48,Appendix: Analysis notes,"Table A.4: pooled three-wave model (Morocco, Türkiye, New Zealand), neighbours care 'a lot', adjusted, CI upper",-0.1,pp,,table,Y,REGION_NZL,
TA_4_protect_c2023,48,Appendix: Analysis notes,"Table A.4: pooled three-wave model (Morocco, Türkiye, New Zealand), could protect their family, change in the gap 2021 to 2023",-1,pp,,table,Y,REGION_NZL,
TA_4_protect_c2025,48,Appendix: Analysis notes,"Table A.4: pooled three-wave model (Morocco, Türkiye, New Zealand), could protect their family, change in the gap 2021 to 2025",0,pp,,table,Y,REGION_NZL,
TA_4_protect_change,48,Appendix: Analysis notes,"Table A.4: pooled three-wave model (Morocco, Türkiye, New Zealand), could protect their family, change 2023 to 2025",1,pp,,table,Y,REGION_NZL,
TA_4_protect_lo,48,Appendix: Analysis notes,"Table A.4: pooled three-wave model (Morocco, Türkiye, New Zealand), could protect their family, change 2023-2025, CI lower",-5,pp,,table,Y,REGION_NZL,
TA_4_protect_hi,48,Appendix: Analysis notes,"Table A.4: pooled three-wave model (Morocco, Türkiye, New Zealand), could protect their family, change 2023-2025, CI upper",8,pp,,table,Y,REGION_NZL,
TA_4_protect_adj_est,48,Appendix: Analysis notes,"Table A.4: pooled three-wave model (Morocco, Türkiye, New Zealand), could protect their family, change 2023-2025, adjusted",2,pp,,table,Y,REGION_NZL,
TA_4_protect_adj_lo,48,Appendix: Analysis notes,"Table A.4: pooled three-wave model (Morocco, Türkiye, New Zealand), could protect their family, adjusted, CI lower",-4,pp,,table,Y,REGION_NZL,
TA_4_protect_adj_hi,48,Appendix: Analysis notes,"Table A.4: pooled three-wave model (Morocco, Türkiye, New Zealand), could protect their family, adjusted, CI upper",9,pp,,table,Y,REGION_NZL,
X001,i,Foreword,"Interviews in the 2025 Poll ('more than 143,000')",143000,count,1000,text,N,,
X002,i,Foreword,Countries and territories in 2025,140,count,,text,N,,
X003,i,Foreword,KwaZulu-Natal: share saying neighbours care 'a lot' 'nearly tripled' after the 2022 floods (2023 / 2021),3,ratio,0.5,text,Y,REGION_ZAF,
X004,i,Foreword,"Türkiye earthquake regions: national government well prepared, 2021 ('roughly two in five')",40,pct,3,text,N,,
X005,i,Foreword,"Türkiye earthquake regions: national government well prepared, 2025 ('fewer than one in ten')",10,pct,3,text,N,,Upper bound
X006,iv,Executive summary,"Interviews ('more than 143,000')",143000,count,1000,text,N,,
X007,iv,Executive summary,Countries and territories,140,count,,text,N,,
X008,iv,Executive summary,"Türkiye: confidence in national government, difference-in-differences 2021-2023",-24,pp,,text,Y,WP139,
X009,iv,Executive summary,"New Zealand: confidence in national government, difference-in-differences",-13,pp,,text,Y,WP139,
X010,iv,Executive summary,"Mozambique: government cares 'a lot', difference-in-differences",20,pp,,text,N,,
X011,iv,Executive summary,"Türkiye national Resilience Index, 2021",51,mean,,text,N,,
X012,iv,Executive summary,"Türkiye national Resilience Index, 2023",51,mean,,text,N,,
X013,iv,Executive summary,Türkiye earthquake regions: Index change 2021-2023,-3,points,,text,N,,
X014,iv,Executive summary,Rest of Türkiye: Index change 2021-2023,1,points,,text,N,,
X015,iv,Executive summary,"Pooled seven cases: neighbours care 'a lot', difference-in-differences",7,pp,,text,Y,REGION_ZAF,
X016,iv,Executive summary,Share of the pooled neighbours rise that comes from KwaZulu-Natal ('half'),50,pct,15,text,Y,REGION_ZAF,1 minus the pooled estimate without South Africa divided by the seven-case estimate
X017,iv,Executive summary,KwaZulu-Natal: neighbours care 'a lot' 'nearly tripled' (2023 / 2021),3,ratio,0.5,text,Y,REGION_ZAF,
X018,iv,Executive summary,"KwaZulu-Natal: neighbours care 'a lot', change in the gap 2023-2025",-30,pp,,text,N,,
X019,iv,Executive summary,"KwaZulu-Natal: neighbours care 'a lot', gap above the rest of South Africa in 2023",22,pp,,text,N,,
X020,v,Executive summary,"Türkiye: confidence gap, 2023",-20,pp,,text,Y,WP139,
X021,v,Executive summary,"Türkiye: confidence gap, 2025",-4,pp,,text,Y,WP139,
X022,v,Executive summary,Türkiye: confidence gap narrowing 2023-2025,16,pp,,text,Y,WP139,
X023,v,Executive summary,New Zealand: confidence gap narrowing 2023-2025,8,pp,,text,Y,REGION_NZL; WP139,
X024,v,Executive summary,"Türkiye earthquake regions: well prepared, 2021",38,pct,,text,N,,
X025,v,Executive summary,"Türkiye earthquake regions: well prepared, 2025",8,pct,,text,N,,
X026,v,Executive summary,"Rest of Türkiye: well prepared, 2021",33,pct,,text,N,,
X027,v,Executive summary,"Rest of Türkiye: well prepared, 2025",18,pct,,text,N,,
X028,v,Executive summary,"Pooled three countries: well prepared, change in the gap 2021-2025",-10,pp,,text,Y,REGION_NZL; REGION_ZAF,
X029,v,Executive summary,Pooled seven cases: Resilience Index difference-in-differences ('about two points'),-2,points,,text,Y,REGION_ZAF,
X030,v,Executive summary,Case studies where the Index fell relative to the rest of the country ('six of the seven'),6,count,,text,Y,REGION_ZAF,
X031,v,Executive summary,Pooled seven cases: community dimension ('about three points'),-3,points,,text,Y,REGION_ZAF,
X032,v,Executive summary,Türkiye: societal dimension difference-in-differences,-15,points,,text,N,,
X033,v,Executive summary,Mozambique: societal dimension difference-in-differences,11,points,,text,N,,
X034,v,Executive summary,Policy implications: Türkiye confidence difference-in-differences,-24,pp,,text,Y,WP139,
X035,v,Executive summary,Policy implications: Mozambique government cares 'a lot',20,pp,,text,N,,
X036,v,Executive summary,Policy implications: pooled neighbours care 'a lot',7,pp,,text,Y,REGION_ZAF,
X037,v,Executive summary,Policy implications: Türkiye confidence recovered 2023-2025,16,pp,,text,Y,WP139,
X038,v,Executive summary,Policy implications: Türkiye earthquake regions well prepared 2021,38,pct,,text,N,,
X039,v,Executive summary,Policy implications: Türkiye earthquake regions well prepared 2025,8,pct,,text,N,,
X040,v,Executive summary,Policy implications: rest of Türkiye well prepared 2021,33,pct,,text,N,,
X041,v,Executive summary,Policy implications: rest of Türkiye well prepared 2025,18,pct,,text,N,,
X042,2,Ch1 What the Resilience Index measures,"United States: rank on household resilience, 2025",2,rank,,text,N,,
X043,2,Ch1 What the Resilience Index measures,"United States: rank on societal resilience, 2025",130,rank,,text,N,,
X044,2,Ch1 What the Resilience Index measures,"Countries ranked on societal resilience, 2025",139,count,,text,N,,
X045,2,Ch1 The state of global resilience in 2025,Chart 1.1 subtitle: individual resilience 2025,42,mean,,text,N,,
X046,2,Ch1 The state of global resilience in 2025,Chart 1.1 subtitle: societal resilience 2025,66,mean,,text,N,,
X047,2,Ch1 The state of global resilience in 2025,Chart 1.1 subtitle: Resilience Index 2025,57,mean,,text,N,,
X048,2,Ch1 The state of global resilience in 2025,Chart 1.1 subtitle: Index 2025 minus 2023 ('level with 2023'),0,points,,text,N,,
X049,2,Ch1 The state of global resilience in 2025,Chart 1.1 subtitle: Index 2025 minus 2021 ('two points above'),2,points,,text,N,,Difference of rounded scores (unrounded 1.4)
X050,2,Ch1 The state of global resilience in 2025,Global Index 2025,57,mean,,text,N,,
X051,2,Ch1 The state of global resilience in 2025,Global Index 2025 minus 2023 ('level with 2023'),0,points,,text,N,,
X052,2,Ch1 The state of global resilience in 2025,Global Index 2025 minus 2021 ('two points above 2021'),2,points,,text,N,,Difference of rounded scores (unrounded 1.4)
X053,2,Ch1 The state of global resilience in 2025,Global individual dimension 2021,46,mean,,text,N,,
X054,2,Ch1 The state of global resilience in 2025,Global individual dimension 2023,44,mean,,text,N,,
X055,2,Ch1 The state of global resilience in 2025,Global individual dimension 2025,42,mean,,text,N,,
X056,2,Ch1 The state of global resilience in 2025,Global societal dimension 2021,63,mean,,text,N,,
X057,2,Ch1 The state of global resilience in 2025,Global societal dimension 2023,65,mean,,text,N,,
X058,2,Ch1 The state of global resilience in 2025,Global societal dimension 2025,66,mean,,text,N,,
X059,2,Ch1 The state of global resilience in 2025,Global household dimension 2023,55,mean,,text,N,,
X060,2,Ch1 The state of global resilience in 2025,Global household dimension 2025,55,mean,,text,N,,
X061,2,Ch1 The state of global resilience in 2025,Household 2025 minus 2021 ('one point above 2021'),1,points,,text,N,,Difference of rounded scores (unrounded 1.7)
X062,2,Ch1 The state of global resilience in 2025,Global community dimension 2021,63,mean,,text,N,,
X063,2,Ch1 The state of global resilience in 2025,Global community dimension 2023,63,mean,,text,N,,
X064,2,Ch1 The state of global resilience in 2025,Global community dimension 2025,63,mean,,text,N,,
X065,3,Ch1 What can a single edition of the Poll tell us?,"Adults impacted by a disaster in the past five years, 2025 ('one adult in five (20%)')",20,pct,,text,N,,
X066,3,Ch1 What can a single edition of the Poll tell us?,"Chart 1.2 subtitle: low income, impacted",33,mean,,text,N,,
X067,3,Ch1 What can a single edition of the Poll tell us?,"Chart 1.2 subtitle: low income, not impacted",32,mean,,text,N,,
X068,3,Ch1 What can a single edition of the Poll tell us?,"Individual resilience, lower_middle income, impacted",39,mean,,text,N,,
X069,3,Ch1 What can a single edition of the Poll tell us?,"Individual resilience, lower_middle income, not impacted",29,mean,,text,N,,
X070,3,Ch1 What can a single edition of the Poll tell us?,"Individual resilience, upper_middle income, impacted",58,mean,,text,N,,
X071,3,Ch1 What can a single edition of the Poll tell us?,"Individual resilience, upper_middle income, not impacted",41,mean,,text,N,,
X072,3,Ch1 What can a single edition of the Poll tell us?,"Individual resilience, high income, impacted",66,mean,,text,N,,
X073,3,Ch1 What can a single edition of the Poll tell us?,"Individual resilience, high income, not impacted",58,mean,,text,N,,
X074,3,Ch1 What can a single edition of the Poll tell us?,"Individual resilience, low income, impacted",33,mean,,text,N,,
X075,3,Ch1 What can a single edition of the Poll tell us?,"Individual resilience, low income, not impacted",32,mean,,text,N,,
X076,5,Ch2 What happens to resilience where a disaster strikes?,Türkiye national Index 2021,51,mean,,text,N,,
X077,5,Ch2 What happens to resilience where a disaster strikes?,Türkiye national Index 2023,51,mean,,text,N,,
X078,5,Ch2 What happens to resilience where a disaster strikes?,Türkiye earthquake regions: Index change,-3,points,,text,N,,
X079,5,Ch2 What happens to resilience where a disaster strikes?,Rest of Türkiye: Index change,1,points,,text,N,,
X080,5,Ch2 What happens to resilience where a disaster strikes?,Global Index 2021,55,mean,,text,N,,
X081,5,Ch2 What happens to resilience where a disaster strikes?,Global Index 2023,57,mean,,text,N,,
X082,5,Ch2 What happens to resilience where a disaster strikes?,Countries where the Index fell 2021-2023,75,count,,text,N,,Country Index = mean of the four dimension scores
X083,5,Ch2 What happens to resilience where a disaster strikes?,Countries measured in both 2021 and 2023,120,count,,text,N,,
X084,5,Ch2 What happens to resilience where a disaster strikes?,Countries where the Index rose 2021-2023,43,count,,text,N,,
X085,5,Ch2 What happens to resilience where a disaster strikes?,Countries where the individual dimension fell 2021-2023,87,count,,text,N,,
X086,6,Ch2 How the comparison works,Share of Türkiye's affected respondents in the Mediterranean region ('two thirds'),67,pct,3,text,N,,"Unweighted, 2021 and 2023 together"
X087,6,Ch2 How the comparison works,Share of New Zealand's affected respondents in Auckland ('nine in ten'),90,pct,3,text,N,,"Unweighted, 2021 and 2023 together"
X088,7,Ch2 Chart 2.1 Morocco,Chart 2.1 subtitle: Marrakech-Safi Index change 2021-2023,-7,points,,text,N,,
X089,7,Ch2 Chart 2.1 Morocco,Chart 2.1 subtitle: rest of Morocco Index change,-6,points,,text,N,,
X090,7,Ch2 Chart 2.1 Morocco,Marrakech-Safi Index change,-7,points,,text,N,,
X091,7,Ch2 Chart 2.1 Morocco,Rest of Morocco Index change,-6,points,,text,N,,
X092,7,Ch2 Chart 2.1 Morocco,Shaded regions that fell ('every shaded region fell'; 10 shaded),10,count,,text,N,,
X093,7,Ch2 Chart 2.1 Morocco,Rabat-Salé-Kénitra Index change,-9,points,,text,N,,
X094,7,Ch2 Chart 2.1 Morocco,Souss-Massa Index change,-6,points,,text,N,,
X095,7,Ch2 Chart 2.1 Morocco,Gap between the two groups ('one point'),-1,points,,text,N,,
X096,7,Ch2 Chart 2.1 Morocco,Draa-Tafilalet respondents 2021,43,count,,text,N,,
X097,7,Ch2 Chart 2.1 Morocco,Draa-Tafilalet respondents 2023,50,count,,text,N,,
X098,7,Ch2 Chart 2.1 Morocco,Guelmim-Oued Noun respondents 2021,9,count,,text,N,,
X099,7,Ch2 Chart 2.1 Morocco,Guelmim-Oued Noun respondents 2023,22,count,,text,N,,
X100,8,Ch2 Chart 2.2 Mozambique,Chart 2.2 subtitle: cyclone-hit provinces Index change,-4,points,,text,N,,
X101,8,Ch2 Chart 2.2 Mozambique,Chart 2.2 subtitle: rest of Mozambique Index change,-3,points,,text,N,,
X102,8,Ch2 Chart 2.2 Mozambique,Sofala Index change,-7,points,,text,N,,
X103,8,Ch2 Chart 2.2 Mozambique,Zambezia Index change,-5,points,,text,N,,
X104,8,Ch2 Chart 2.2 Mozambique,Manica Index change,4,points,,text,N,,
X105,8,Ch2 Chart 2.2 Mozambique,Three affected provinces together,-4,points,,text,N,,
X106,8,Ch2 Chart 2.2 Mozambique,Rest of the country,-3,points,,text,N,,
X107,8,Ch2 Chart 2.2 Mozambique,Gap ('one point'),-1,points,,text,N,,
X108,8,Ch2 Chart 2.2 Mozambique,Gaza Index change,-12,points,,text,N,,
X109,8,Ch2 Chart 2.2 Mozambique,Niassa Index change,10,points,,text,N,,
X110,9,Ch2 Chart 2.3 New Zealand,Chart 2.3 subtitle: Northland and Auckland fell further ('three points'),-3,points,,text,N,,
X111,9,Ch2 Chart 2.3 New Zealand,Northland Index change,-9,points,,text,N,,
X112,9,Ch2 Chart 2.3 New Zealand,Auckland Index change,-6,points,,text,N,,
X113,9,Ch2 Chart 2.3 New Zealand,Rest of New Zealand Index change,-3,points,,text,N,,
X114,9,Ch2 Chart 2.3 New Zealand,Gap ('three points'),-3,points,,text,N,,
X115,9,Ch2 Chart 2.3 New Zealand,Regions hatched (fewer than 50 respondents in an edition),10,count,,text,N,,
X116,9,Ch2 Chart 2.3 New Zealand,Regions shaded,16,count,,text,N,,
X117,9,Ch2 Chart 2.3 New Zealand,Northland respondents 2021,39,count,,text,N,,
X118,9,Ch2 Chart 2.3 New Zealand,Northland respondents 2023,32,count,,text,N,,
X119,9,Ch2 Chart 2.3 New Zealand,Hawke's Bay respondents 2021,35,count,,text,N,,
X120,9,Ch2 Chart 2.3 New Zealand,Hawke's Bay respondents 2023,28,count,,text,N,,
X121,9,Ch2 Chart 2.3 New Zealand,Tairāwhiti/Gisborne respondents 2021,6,count,,text,N,,
X122,9,Ch2 Chart 2.3 New Zealand,Tairāwhiti/Gisborne respondents 2023,4,count,,text,N,,
X123,10,Ch2 Chart 2.4 Türkiye,Chart 2.4 subtitle: Central East Anatolia Index change,-17,points,,text,N,,
X124,10,Ch2 Chart 2.4 Türkiye,Chart 2.4 subtitle: Mediterranean Index change,1,points,,text,N,,
X125,10,Ch2 Chart 2.4 Türkiye,Chart 2.4 subtitle: affected provinces with no 2023 respondents,8,count,,text,N,,
X126,10,Ch2 Chart 2.4 Türkiye,Central East Anatolia Index change,-17,points,,text,N,,
X127,10,Ch2 Chart 2.4 Türkiye,Central East Anatolia respondents 2021,47,count,,text,N,,
X128,10,Ch2 Chart 2.4 Türkiye,Central East Anatolia respondents 2023,50,count,,text,N,,
X129,10,Ch2 Chart 2.4 Türkiye,Mediterranean Index change,1,points,,text,N,,
X130,10,Ch2 Chart 2.4 Türkiye,Rest of Türkiye Index change,1,points,,text,N,,
X131,10,Ch2 Chart 2.4 Türkiye,Two affected regions together,-3,points,,text,N,,
X132,10,Ch2 Chart 2.4 Türkiye,Gap ('four points'),-4,points,,text,N,,
X133,10,Ch2 Chart 2.4 Türkiye,Smallest regional sample,10,count,,text,N,,
X134,10,Ch2 Chart 2.4 Türkiye,Largest regional sample,210,count,,text,N,,
X135,10,Ch2 Chart 2.4 Türkiye,Regions hatched,5,count,,text,N,,
X136,10,Ch2 Chart 2.4 Türkiye,Central East Anatolia respondents 2021 (note),47,count,,text,N,,
X137,10,Ch2 Chart 2.4 Türkiye,Central East Anatolia respondents 2023 (note),50,count,,text,N,,
X138,10,Ch2 Chart 2.4 Türkiye,Northeast Anatolia respondents 2021,26,count,,text,N,,
X139,10,Ch2 Chart 2.4 Türkiye,Northeast Anatolia respondents 2023,10,count,,text,N,,
X140,11,Ch2 Chart 2.5 Pakistan,Chart 2.5 subtitle: Sindh Index change,-4,points,,text,N,,
X141,11,Ch2 Chart 2.5 Pakistan,Chart 2.5 subtitle: rest of Pakistan,-1,points,,text,N,,
X142,11,Ch2 Chart 2.5 Pakistan,Sindh Index change,-4,points,,text,N,,
X143,11,Ch2 Chart 2.5 Pakistan,Rest of Pakistan Index change,-1,points,,text,N,,
X144,11,Ch2 Chart 2.5 Pakistan,Gap ('three points'),-3,points,,text,N,,
X145,11,Ch2 Chart 2.5 Pakistan,Punjab Index change,-2,points,,text,N,,
X146,11,Ch2 Chart 2.5 Pakistan,Balochistan Index change,-1,points,,text,N,,
X147,11,Ch2 Chart 2.5 Pakistan,Khyber Pakhtunkhwa Index change ('did not change'),0,points,,text,N,,Former FATA folded into Khyber Pakhtunkhwa
X148,11,Ch2 Chart 2.5 Pakistan,Islamabad Index change,-18,points,,text,N,,
X149,11,Ch2 Chart 2.5 Pakistan,Islamabad respondents 2021 (text),11,count,,text,N,,
X150,11,Ch2 Chart 2.5 Pakistan,Islamabad respondents 2023 (text),20,count,,text,N,,
X151,11,Ch2 Chart 2.5 Pakistan,Islamabad respondents 2021 (note),11,count,,text,N,,
X152,11,Ch2 Chart 2.5 Pakistan,Islamabad respondents 2023 (note),20,count,,text,N,,
X153,12,Ch2 Chart 2.6 South Africa,Chart 2.6 subtitle: KwaZulu-Natal Index change,1,points,,text,Y,REGION_ZAF,
X154,12,Ch2 Chart 2.6 South Africa,Chart 2.6 subtitle: rest of South Africa,-3,points,,text,Y,REGION_ZAF,
X155,12,Ch2 Chart 2.6 South Africa,KwaZulu-Natal Index change,1,points,,text,Y,REGION_ZAF,
X156,12,Ch2 Chart 2.6 South Africa,Rest of South Africa Index change,-3,points,,text,Y,REGION_ZAF,
X157,12,Ch2 Chart 2.6 South Africa,Gap in the province's favour ('four points'),4,points,,text,Y,REGION_ZAF,
X158,12,Ch2 Chart 2.6 South Africa,Western Cape Index change,-8,points,,text,Y,REGION_ZAF,
X159,12,Ch2 Chart 2.6 South Africa,Northern Cape respondents 2021 (text),23,count,,text,Y,REGION_ZAF,
X160,12,Ch2 Chart 2.6 South Africa,Northern Cape respondents 2023 (text),40,count,,text,N,,
X161,12,Ch2 Chart 2.6 South Africa,Northern Cape respondents 2021 (note),23,count,,text,Y,REGION_ZAF,
X162,12,Ch2 Chart 2.6 South Africa,Northern Cape respondents 2023 (note),40,count,,text,N,,
X163,13,Ch2 Chart 2.7 Ecuador,Chart 2.7 subtitle: Guayas and El Oro Index change,-10,points,,text,N,,
X164,13,Ch2 Chart 2.7 Ecuador,Chart 2.7 subtitle: rest of Ecuador,-6,points,,text,N,,
X165,13,Ch2 Chart 2.7 Ecuador,Chart 2.7 subtitle: gap,-4,points,,text,N,,
X166,13,Ch2 Chart 2.7 Ecuador,Guayas Index change,-9,points,,text,N,,
X167,13,Ch2 Chart 2.7 Ecuador,El Oro Index change,-15,points,,text,N,,
X168,13,Ch2 Chart 2.7 Ecuador,Guayas and El Oro together,-10,points,,text,N,,
X169,13,Ch2 Chart 2.7 Ecuador,Rest of Ecuador,-6,points,,text,N,,
X170,13,Ch2 Chart 2.7 Ecuador,Gap ('four points'),-4,points,,text,N,,
X171,13,Ch2 Chart 2.7 Ecuador,Pichincha Index change,-10,points,,text,N,,
X172,13,Ch2 Chart 2.7 Ecuador,Manabí Index change,-8,points,,text,N,,
X173,13,Ch2 Chart 2.7 Ecuador,Provinces hatched,18,count,,text,N,,
X174,13,Ch2 Chart 2.7 Ecuador,Provinces shaded,21,count,,text,N,,
X175,13,Ch2 Chart 2.7 Ecuador,El Oro respondents 2021,36,count,,text,N,,
X176,13,Ch2 Chart 2.7 Ecuador,El Oro respondents 2023,30,count,,text,N,,
X177,13,Ch2 Chart 2.7 Ecuador,Provinces with 50 or more respondents in both editions,3,count,,text,N,,
X178,14,Ch2 The two largest changes: Türkiye and South Africa,Türkiye societal dimension difference-in-differences,-15,points,,text,N,,
X179,14,Ch2 The two largest changes: Türkiye and South Africa,Türkiye affected regions: societal change,-11,points,,text,N,,
X180,14,Ch2 The two largest changes: Türkiye and South Africa,Türkiye affected regions: societal 2021,61,mean,,text,N,,
X181,14,Ch2 The two largest changes: Türkiye and South Africa,Türkiye affected regions: societal 2023,50,mean,,text,N,,
X182,14,Ch2 The two largest changes: Türkiye and South Africa,Rest of Türkiye: societal change,4,points,,text,N,,
X183,14,Ch2 The two largest changes: Türkiye and South Africa,Türkiye affected regions: confidence change,-30,pp,,text,Y,WP139,
X184,14,Ch2 The two largest changes: Türkiye and South Africa,Türkiye affected regions: confidence 2021,53,pct,,text,Y,WP139,
X185,14,Ch2 The two largest changes: Türkiye and South Africa,Türkiye affected regions: confidence 2023,23,pct,,text,Y,WP139,
X186,14,Ch2 The two largest changes: Türkiye and South Africa,Rest of Türkiye: confidence change,-6,pp,,text,Y,WP139,
X187,14,Ch2 The two largest changes: Türkiye and South Africa,Türkiye: confidence gap ('24 percentage points'),-24,pp,,text,Y,WP139,
X188,14,Ch2 The two largest changes: Türkiye and South Africa,Türkiye: government cares 'a lot' fell further,-19,pp,,text,N,,
X189,14,Ch2 The two largest changes: Türkiye and South Africa,Türkiye affected respondents 2021,174,count,,text,N,,
X190,14,Ch2 The two largest changes: Türkiye and South Africa,Türkiye affected respondents 2023,180,count,,text,N,,
X191,14,Ch2 The two largest changes: Türkiye and South Africa,Officially affected provinces with no 2023 respondents,8,count,,text,N,,
X192,14,Ch2 The two largest changes: Türkiye and South Africa,KwaZulu-Natal: reported disaster experience change,35,pp,,text,Y,REGION_ZAF,
X193,14,Ch2 The two largest changes: Türkiye and South Africa,Rest of South Africa: reported disaster experience change,6,pp,,text,Y,REGION_ZAF,
X194,14,Ch2 The two largest changes: Türkiye and South Africa,KwaZulu-Natal: neighbours care 'a lot' 2021,16,pct,,text,Y,REGION_ZAF,
X195,14,Ch2 The two largest changes: Türkiye and South Africa,KwaZulu-Natal: neighbours care 'a lot' 2023,47,pct,,text,N,,
X196,14,Ch2 The two largest changes: Türkiye and South Africa,South Africa: neighbours difference-in-differences,38,pp,,text,Y,REGION_ZAF,
X197,14,Ch2 The two largest changes: Türkiye and South Africa,South Africa: household dimension difference-in-differences,8,points,,text,Y,REGION_ZAF,
X198,14,Ch2 The two largest changes: Türkiye and South Africa,South Africa: confidence difference-in-differences,17,pp,,text,Y,REGION_ZAF; WP139,
X199,14,Ch2 The two largest changes: Türkiye and South Africa,South Africa: Index gap in the province's favour,4,points,,text,Y,REGION_ZAF,
X200,14,Ch2 The two largest changes: Türkiye and South Africa,KwaZulu-Natal respondents 2021,186,count,,text,Y,REGION_ZAF,
X201,14,Ch2 The two largest changes: Türkiye and South Africa,KwaZulu-Natal respondents 2023,180,count,,text,N,,
X202,14,Ch2 The other five case studies,Morocco: reported disaster experience rose where the earthquake did not strike,35,pp,,text,N,,
X203,14,Ch2 The other five case studies,Mozambique: estimates larger than the margin of error,2,count,,text,Y,WP139,"Nine outcome measures, HC1 intervals"
X204,14,Ch2 The other five case studies,Mozambique: societal dimension,11,points,,text,N,,
X205,14,Ch2 The other five case studies,Mozambique: government cares 'a lot',20,pp,,text,N,,
X206,14,Ch2 The other five case studies,Pakistan: estimates larger than the margin of error,1,count,,text,N,,Eight measures (confidence not asked)
X207,14,Ch2 The other five case studies,Pakistan: societal dimension,-5,points,,text,N,,
X208,14,Ch2 The other five case studies,New Zealand: Index,-3,points,,text,N,,
X209,14,Ch2 The other five case studies,New Zealand: confidence,-13,pp,,text,Y,WP139,
X210,14,Ch2 The other five case studies,Ecuador: Index gap,-4,points,,text,N,,
X211,14,Ch2 The other five case studies,Ecuador: household dimension gap,-8,points,,text,N,,
X212,14,Ch2 The other five case studies,Ecuador: confidence change inside the affected provinces,-23,pp,,text,Y,WP139,
X213,14,Ch2 The other five case studies,Ecuador: confidence change outside,-24,pp,,text,Y,WP139,
X214,15,Ch2 The seven case studies taken together,Chart 2.8 subtitle: pooled Index ('about two points lower'),-2,points,,text,Y,REGION_ZAF,
X215,15,Ch2 The seven case studies taken together,Pooled Index ('about two points lower'),-2,points,,text,Y,REGION_ZAF,
X216,15,Ch2 The seven case studies taken together,Case studies going that way ('six of the seven'),6,count,,text,Y,REGION_ZAF,
X217,15,Ch2 The seven case studies taken together,Box: KwaZulu-Natal neighbours 2021,16,pct,,text,Y,REGION_ZAF,
X218,15,Ch2 The seven case studies taken together,Box: KwaZulu-Natal neighbours 2023,47,pct,,text,N,,
X219,15,Ch2 The seven case studies taken together,Box: South Africa neighbours relative change,38,pp,,text,Y,REGION_ZAF,
X220,15,Ch2 The seven case studies taken together,Box: Marrakech-Safi neighbours rise,18,pp,,text,N,,
X221,15,Ch2 The seven case studies taken together,Box: rest of Morocco neighbours rise,10,pp,,text,N,,
X222,15,Ch2 The seven case studies taken together,Box: rise specific to the earthquake region,8,pp,,text,N,,
X223,16,Ch2 The seven case studies taken together,Pooled community dimension ('about three points'),-3,points,,text,Y,REGION_ZAF,
X224,16,Ch2 The seven case studies taken together,Pooled neighbours care 'a lot',7,pp,,text,Y,REGION_ZAF,
X225,16,Ch2 The seven case studies taken together,Pooled neighbours rise 'halves without KwaZulu-Natal' (ratio),0.5,ratio,0.15,text,Y,REGION_ZAF,
X226,16,Ch2 Where the Poll couldn't reach,Officially affected Turkish provinces with no 2023 respondents,8,count,,text,N,,
X227,16,Ch2 Where the Poll couldn't reach,"Respondents in those provinces, 2021",118,count,,text,N,,"NUTS-2 units TR63, TRC1, TRC2"
X228,16,Ch2 Where the Poll couldn't reach,"Respondents in those provinces, 2023",0,count,,text,N,,
X229,16,Ch2 Where the Poll couldn't reach,Türkiye: reported disaster experience 2021,25,pct,,text,N,,
X230,16,Ch2 Where the Poll couldn't reach,Türkiye: reported disaster experience 2023,22,pct,,text,N,,
X231,16,Ch2 Where the Poll couldn't reach,Mediterranean region: rise in reported experience,41,pp,,text,N,,
X232,16,Ch2 Where the Poll couldn't reach,Mediterranean region: reported experience 2021,22,pct,,text,N,,
X233,16,Ch2 Where the Poll couldn't reach,Mediterranean region: reported experience 2023,63,pct,,text,N,,
X234,16,Ch2 Where the Poll couldn't reach,Mediterranean: rank of the rise among Türkiye's 12 regions ('largest rise anywhere'),1,rank,,text,N,,
X235,16,Ch2 Where the Poll couldn't reach,Adana and Mersin unit (TR62) respondents 2021,48,count,,text,N,,
X236,16,Ch2 Where the Poll couldn't reach,Adana and Mersin unit respondents 2023,60,count,,text,N,,
X237,16,Ch2 Where the Poll couldn't reach,Adana and Mersin unit: reported experience 2021,20,pct,,text,N,,
X238,16,Ch2 Where the Poll couldn't reach,Adana and Mersin unit: reported experience 2023,98,pct,,text,N,,
X239,16,Ch2 Where the Poll couldn't reach,Nine regions outside the earthquake zone: reported experience 2021,25,pct,,text,N,,
X240,16,Ch2 Where the Poll couldn't reach,Nine regions outside the earthquake zone: reported experience 2023,15,pct,,text,N,,
X241,16,Ch2 Where the Poll couldn't reach,Hawke's Bay respondents 2021,35,count,,text,N,,
X242,16,Ch2 Where the Poll couldn't reach,Tairāwhiti/Gisborne respondents 2021,6,count,,text,N,,
X243,16,Ch2 Where the Poll couldn't reach,Hawke's Bay respondents 2023,28,count,,text,N,,
X244,16,Ch2 Where the Poll couldn't reach,Tairāwhiti/Gisborne respondents 2023,4,count,,text,N,,
X245,16,Ch2 Where the Poll couldn't reach,Hawke's Bay reported experience 2021,46,pct,,text,N,,
X246,16,Ch2 Where the Poll couldn't reach,Hawke's Bay reported experience 2023,98,pct,,text,N,,
X247,16,Ch2 Where the Poll couldn't reach,Marrakech-Safi: rise in reported experience,46,pp,,text,N,,
X248,16,Ch2 Where the Poll couldn't reach,Rest of Morocco: rise in reported experience,35,pp,,text,N,,
X249,17,Ch2 Insight to action,Türkiye societal dimension,-15,points,,text,N,,
X250,17,Ch2 Insight to action,Türkiye confidence,-24,pp,,text,Y,WP139,
X251,17,Ch2 Insight to action,Mozambique government cares 'a lot',20,pp,,text,N,,
X252,17,Ch2 Insight to action,Türkiye national Index 2021,51,mean,,text,N,,
X253,17,Ch2 Insight to action,Türkiye national Index 2023,51,mean,,text,N,,
X254,17,Ch2 Insight to action,Türkiye earthquake regions Index change,-3,points,,text,N,,
X255,17,Ch2 Insight to action,Rest of Türkiye Index change,1,points,,text,N,,
X256,17,Ch2 Insight to action,Hawke's Bay and Tairāwhiti/Gisborne respondents 2023,32,count,,text,N,,
X257,19,Ch3 Which dimensions of the Resilience Index change,Türkiye community dimension fell further,-9,points,,text,N,,
X258,19,Ch3 Which dimensions of the Resilience Index change,Türkiye neighbours rose further,11,pp,,text,N,,
X259,19,Ch3 Which dimensions of the Resilience Index change,Pooled neighbours,7,pp,,text,Y,REGION_ZAF,
X260,19,Ch3 Which dimensions of the Resilience Index change,Türkiye societal,-15,points,,text,N,,
X261,19,Ch3 Which dimensions of the Resilience Index change,Mozambique societal,11,points,,text,N,,
X262,19,Ch3 Which dimensions of the Resilience Index change,Pakistan societal,-5,points,,text,N,,
X263,19,Ch3 Which dimensions of the Resilience Index change,Morocco societal ('flat'),0,points,,text,N,,
X264,19,Ch3 Which dimensions of the Resilience Index change,Pooled societal,-1,points,,text,Y,REGION_ZAF,
X265,19,Ch3 Which dimensions of the Resilience Index change,Türkiye community,-9,points,,text,N,,
X266,19,Ch3 Which dimensions of the Resilience Index change,New Zealand community,-5,points,,text,N,,
X267,19,Ch3 Which dimensions of the Resilience Index change,Pakistan community,-6,points,,text,N,,
X268,19,Ch3 Which dimensions of the Resilience Index change,Other four case studies within three points of zero (largest absolute value),3,points,,text,Y,REGION_ZAF,Upper bound
X269,19,Ch3 Which dimensions of the Resilience Index change,Pooled community,-3,points,,text,Y,REGION_ZAF,
X270,19,Ch3 Which dimensions of the Resilience Index change,Household: case studies larger than the margin of error,2,count,,text,Y,REGION_ZAF,
X271,19,Ch3 Which dimensions of the Resilience Index change,South Africa household,8,points,,text,Y,REGION_ZAF,
X272,19,Ch3 Which dimensions of the Resilience Index change,Ecuador household,-8,points,,text,N,,
X273,19,Ch3 Which dimensions of the Resilience Index change,Marrakech-Safi household change,-8,points,,text,N,,
X274,19,Ch3 Which dimensions of the Resilience Index change,Rest of Morocco household change,-11,points,,text,N,,
X275,19,Ch3 Which dimensions of the Resilience Index change,Pooled household,-1,points,,text,Y,REGION_ZAF,
X276,19,Ch3 Which dimensions of the Resilience Index change,Morocco individual,-7,points,,text,N,,
X277,19,Ch3 Which dimensions of the Resilience Index change,Mozambique individual,-8,points,,text,N,,
X278,19,Ch3 Which dimensions of the Resilience Index change,Türkiye individual,6,points,,text,N,,
X279,19,Ch3 Which dimensions of the Resilience Index change,Pooled individual,-3,points,,text,Y,REGION_ZAF,
X280,20,Ch3 Which dimensions of the Resilience Index change,Chart 3.1 subtitle: Türkiye societal,-15,points,,text,N,,
X281,20,Ch3 Which dimensions of the Resilience Index change,Chart 3.1 subtitle: Mozambique societal,11,points,,text,N,,
X282,20,Ch3 Which dimensions of the Resilience Index change,Chart 3.1 subtitle: pooled community,-3,points,,text,Y,REGION_ZAF,
X283,21,"Ch3 Confidence in national government, and perceived care",KwaZulu-Natal confidence relative rise,17,pp,,text,Y,REGION_ZAF; WP139,
X284,21,"Ch3 Confidence in national government, and perceived care",Pooled five cases: confidence,-2,pp,,text,Y,REGION_ZAF; WP139,
X285,21,"Ch3 Confidence in national government, and perceived care",Chart 3.2 subtitle: Türkiye,-24,pp,,text,Y,WP139,
X286,21,"Ch3 Confidence in national government, and perceived care",Chart 3.2 subtitle: KwaZulu-Natal,17,pp,,text,Y,REGION_ZAF; WP139,
X287,21,"Ch3 Confidence in national government, and perceived care",New Zealand confidence gap,-13,pp,,text,Y,WP139,
X288,21,"Ch3 Confidence in national government, and perceived care",Mozambique confidence rose further,6,pp,,text,Y,WP139,
X289,21,"Ch3 Confidence in national government, and perceived care",Mozambique government cares 'a lot' rose further,20,pp,,text,N,,
X290,22,Ch3 Perceived neighbourly care and the community dimension,Case studies where neighbours rose relative ('four of the seven'),4,count,,text,Y,REGION_ZAF,
X291,22,Ch3 Perceived neighbourly care and the community dimension,KwaZulu-Natal neighbours,38,pp,,text,Y,REGION_ZAF,
X292,22,Ch3 Perceived neighbourly care and the community dimension,Mozambique neighbours,11,pp,,text,N,,
X293,22,Ch3 Perceived neighbourly care and the community dimension,Türkiye neighbours,11,pp,,text,N,,
X294,22,Ch3 Perceived neighbourly care and the community dimension,Morocco neighbours,8,pp,,text,N,,
X295,22,Ch3 Perceived neighbourly care and the community dimension,New Zealand neighbours ('other way by five'),-5,pp,,text,N,,
X296,22,Ch3 Perceived neighbourly care and the community dimension,Pakistan neighbours,-2,pp,,text,N,,
X297,22,Ch3 Perceived neighbourly care and the community dimension,Ecuador neighbours,-2,pp,,text,N,,
X298,22,Ch3 Perceived neighbourly care and the community dimension,Pooled seven cases neighbours,7,pp,,text,Y,REGION_ZAF,
X299,22,Ch3 Perceived neighbourly care and the community dimension,Pooled without KwaZulu-Natal ('halves to four'),4,pp,,text,N,,Pooled model on the six case studies other than South Africa
X300,22,Ch3 Perceived neighbourly care and the community dimension,Chart 3.3 subtitle: pooled,7,pp,,text,Y,REGION_ZAF,
X301,22,Ch3 Perceived neighbourly care and the community dimension,Chart 3.3 subtitle: KwaZulu-Natal,38,pp,,text,Y,REGION_ZAF,
X302,22,Ch3 Perceived neighbourly care and the community dimension,Northland and Auckland neighbours fell relative,-5,pp,,text,N,,
X303,23,Ch3 Perceived neighbourly care and the community dimension,Chart 3.4 subtitle: Türkiye community,-9,points,,text,N,,
X304,23,Ch3 Perceived neighbourly care and the community dimension,Chart 3.4 subtitle: Türkiye neighbours,11,pp,,text,N,,
X305,23,Ch3 Perceived neighbourly care and the community dimension,Sindh neighbours 'a lot' 2021,17,pct,,text,N,,
X306,23,Ch3 Perceived neighbourly care and the community dimension,Sindh neighbours 'a lot' 2023,7,pct,,text,N,,
X307,23,Ch3 Perceived neighbourly care and the community dimension,Punjab neighbours 'a lot' 2021,22,pct,,text,N,,
X308,23,Ch3 Perceived neighbourly care and the community dimension,Punjab neighbours 'a lot' 2023,12,pct,,text,N,,
X309,23,Ch3 Perceived neighbourly care and the community dimension,Pakistan neighbours gap change,-2,pp,,text,N,,
X310,24,Ch3 Personal agency,Chart 3.5 subtitle: pooled could protect,-2,pp,,text,Y,REGION_ZAF,
X311,24,Ch3 Personal agency,Pooled could protect,-2,pp,,text,Y,REGION_ZAF,
X312,24,Ch3 Personal agency,"Morocco could protect, national 2021",52,pct,,text,N,,
X313,24,Ch3 Personal agency,"Morocco could protect, national 2023",23,pct,,text,N,,
X314,24,Ch3 Personal agency,Morocco national fall,-29,pp,,text,N,,
X315,24,Ch3 Personal agency,Marrakech-Safi fall,-34,pp,,text,N,,
X316,24,Ch3 Personal agency,Rest of Morocco fall,-28,pp,,text,N,,
X317,24,Ch3 Personal agency,Morocco gap,-6,pp,,text,N,,
X318,24,Ch3 Personal agency,Türkiye earthquake regions change,-13,pp,,text,N,,
X319,24,Ch3 Personal agency,Rest of Türkiye change,-16,pp,,text,N,,
X320,24,Ch3 Personal agency,South Africa could protect relative,8,pp,,text,Y,REGION_ZAF,
X321,24,Ch3 Personal agency,Ecuador could protect relative,-9,pp,,text,N,,
X322,25,Ch3 Change without a single major disaster,Chart 3.6 subtitle: Thailand confidence rise,25,pp,,text,Y,WP139,
X323,25,Ch3 Change without a single major disaster,"Thailand reported a disaster in past five years, 2023",28,pct,,text,N,,
X324,25,Ch3 Change without a single major disaster,Thailand Index change,4,points,,text,N,,
X325,25,Ch3 Change without a single major disaster,Thailand confidence change,25,pp,,text,Y,WP139,
X326,25,Ch3 Change without a single major disaster,Thailand confidence 2021,27,pct,,text,Y,WP139,
X327,25,Ch3 Change without a single major disaster,Thailand confidence 2023,52,pct,,text,Y,WP139,
X328,25,Ch3 Change without a single major disaster,Philippines confidence change,10,pp,,text,Y,WP139,
X329,25,Ch3 Change without a single major disaster,Philippines Index change,-1,points,,text,N,,
X330,25,Ch3 Change without a single major disaster,Lebanon Index 2021,41,mean,,text,N,,
X331,25,Ch3 Change without a single major disaster,Lebanon Index 2023,44,mean,,text,N,,
X332,25,Ch3 Change without a single major disaster,Lebanon community dimension change,9,points,,text,N,,
X333,25,Ch3 Change without a single major disaster,Lebanon household dimension change,4,points,,text,N,,
X334,25,Ch3 Change without a single major disaster,Lebanon individual dimension change,4,points,,text,N,,
X335,25,Ch3 Change without a single major disaster,Lebanon societal dimension change,-3,points,,text,N,,
X336,25,Ch3 Change without a single major disaster,Lebanon confidence 2021,14,pct,,text,Y,WP139,
X337,25,Ch3 Change without a single major disaster,Lebanon confidence 2023,8,pct,,text,Y,WP139,
X338,25,Ch3 Change without a single major disaster,Lebanon government cares 'a lot' 2021,5,pct,,text,N,,
X339,25,Ch3 Change without a single major disaster,Lebanon government cares 'a lot' 2023,1,pct,,text,N,,
X340,25,Ch3 Change without a single major disaster,Lebanon could protect 2021,21,pct,,text,N,,
X341,25,Ch3 Change without a single major disaster,Lebanon could protect 2023,19,pct,,text,N,,
X342,25,Ch3 Change without a single major disaster,Lebanon reported a disaster 2021,12,pct,,text,N,,
X343,25,Ch3 Change without a single major disaster,Lebanon reported a disaster 2023,25,pct,,text,N,,
X344,25,Ch3 Change without a single major disaster,Lebanon reported disaster 'doubled' (2023 / 2021),2,ratio,0.3,text,N,,
X345,25,Ch3 Change without a single major disaster,Lebanon 2023 disaster reports naming an earthquake,57,pct,,text,N,,
X346,26,Ch3 Insight to action,Pooled neighbours,7,pp,,text,Y,REGION_ZAF,
X347,26,Ch3 Insight to action,Pooled community ('about three points'),-3,points,,text,Y,REGION_ZAF,
X348,26,Ch3 Insight to action,Pooled could protect,-2,pp,,text,Y,REGION_ZAF,
X349,26,Ch3 Insight to action,Morocco national fall in could protect,-29,pp,,text,N,,
X350,27,Ch4 Does the gap close?,Türkiye confidence gap 2023,-20,pp,,text,Y,WP139,
X351,27,Ch4 Does the gap close?,Türkiye confidence gap 2025,-4,pp,,text,Y,WP139,
X352,28,Ch4 Understanding the recovery,South Africa baseline Index gap ('three points below'),-3,points,,text,Y,REGION_ZAF,
X353,28,Ch4 Understanding the recovery,New Zealand baseline Index gap ('two points above'),2,points,,text,N,,
X354,28,Ch4 Understanding the recovery,"Marrakech-Safi impacted by a disaster, 2025",26,pct,,text,N,,
X355,28,Ch4 Understanding the recovery,"Rest of Morocco impacted, 2025",8,pct,,text,N,,
X356,28,Ch4 Understanding the recovery,Marrakech-Safi impacted respondents naming an earthquake,93,pct,,text,N,,
X357,28,Ch4 Understanding the recovery,Marrakech-Safi impacted respondents,32,count,,text,N,,
X358,28,Ch4 Understanding the recovery,KwaZulu-Natal impacted 2025,39,pct,,text,N,,
X359,28,Ch4 Understanding the recovery,Rest of South Africa impacted 2025,11,pct,,text,N,,
X360,28,Ch4 Understanding the recovery,Northland and Auckland impacted 2025,33,pct,,text,Y,REGION_NZL,
X361,28,Ch4 Understanding the recovery,Rest of New Zealand impacted 2025,23,pct,,text,Y,REGION_NZL,
X362,28,Ch4 Understanding the recovery,Türkiye earthquake regions impacted 2025,20,pct,,text,N,,
X363,28,Ch4 Understanding the recovery,Rest of Türkiye impacted 2025,15,pct,,text,N,,
X364,28,Ch4 Understanding the recovery,Southeast Anatolia impacted 2025,57,pct,,text,N,,
X365,28,Ch4 Understanding the recovery,Southeast Anatolia impacted respondents naming an earthquake,99,pct,,text,N,,
X366,28,Ch4 Understanding the recovery,Southeast Anatolia impacted respondents,35,count,,text,N,,
X367,28,Ch4 Understanding the recovery,Southeast Anatolia: all adults impacted by an earthquake,56,pct,,text,N,,
X368,28,Ch4 Understanding the recovery,Hawke's Bay impacted 2025,76,pct,,text,Y,REGION_NZL,
X369,28,Ch4 Understanding the recovery,Hawke's Bay impacted respondents naming a tropical storm,72,pct,,text,Y,REGION_NZL,
X370,28,Ch4 Understanding the recovery,Hawke's Bay impacted respondents,38,count,,text,Y,REGION_NZL,
X371,28,Ch4 Understanding the recovery,Hawke's Bay: all adults impacted by a tropical storm,55,pct,,text,Y,REGION_NZL,
X372,28,Ch4 Understanding the recovery,Hawke's Bay sample 2025,49,count,,text,Y,REGION_NZL,
X373,29,Ch4 Which Resilience Index dimensions recover,Türkiye Index gap 2021,-1,points,,text,N,,
X374,29,Ch4 Which Resilience Index dimensions recover,Türkiye Index gap 2023,-5,points,,text,N,,
X375,29,Ch4 Which Resilience Index dimensions recover,Türkiye Index gap 2025,-2,points,,text,N,,
X376,29,Ch4 Which Resilience Index dimensions recover,Marrakech-Safi ends above its own baseline (gap 2025 minus 2021),1,points,,text,N,,
X377,29,Ch4 Which Resilience Index dimensions recover,New Zealand Index gap 2021,2,points,,text,N,,
X378,29,Ch4 Which Resilience Index dimensions recover,New Zealand Index gap 2023,-1,points,,text,N,,
X379,29,Ch4 Which Resilience Index dimensions recover,New Zealand Index gap 2025,-1,points,,text,Y,REGION_NZL,
X380,29,Ch4 Which Resilience Index dimensions recover,New Zealand Index gap change 2023-2025 ('no change at all'),0,points,,text,Y,REGION_NZL,
X381,29,Ch4 Which Resilience Index dimensions recover,New Zealand affected respondents 2025,330,count,,text,Y,REGION_NZL,
X382,29,Ch4 Which Resilience Index dimensions recover,New Zealand 2025 gap below the 2021 baseline,-3,points,,text,Y,REGION_NZL,
X383,29,Ch4 Which Resilience Index dimensions recover,Chart 4.1 note: margin of error on the Index gap at 132 respondents,3,points,,text,N,,HC1 half-width of the Marrakech-Safi Index gap in 2023
X384,31,Ch4 Which Resilience Index dimensions recover,Türkiye societal gap widened 2021-2023,-15,points,,text,N,,
X385,31,Ch4 Which Resilience Index dimensions recover,Türkiye societal gap narrowed 2023-2025,9,points,,text,N,,
X386,31,Ch4 Which Resilience Index dimensions recover,Türkiye societal: remaining compared with 2021,-6,points,,text,N,,
X387,31,Ch4 Which Resilience Index dimensions recover,Marrakech-Safi individual gap 2023,-10,points,,text,N,,
X388,31,Ch4 Which Resilience Index dimensions recover,Marrakech-Safi individual gap 2025,-3,points,,text,N,,
X389,31,Ch4 Which Resilience Index dimensions recover,Marrakech-Safi individual 2025 minus baseline ('level with its baseline'),0,points,,text,N,,
X390,31,Ch4 Which Resilience Index dimensions recover,New Zealand individual gap 2023,1,points,,text,N,,
X391,31,Ch4 Which Resilience Index dimensions recover,New Zealand individual gap 2025,-2,points,,text,Y,REGION_NZL,
X392,31,Ch4 Which Resilience Index dimensions recover,New Zealand individual 2025 minus baseline,-5,points,,text,Y,REGION_NZL,
X393,31,Ch4 Which Resilience Index dimensions recover,Morocco household gap 2025,-3,points,,text,N,,
X394,31,Ch4 Which Resilience Index dimensions recover,Morocco household gap 2021,-5,points,,text,N,,
X395,31,Ch4 Which Resilience Index dimensions recover,Türkiye household gaps within about two points of zero (largest absolute),2,points,,text,N,,Upper bound
X396,31,Ch4 Which Resilience Index dimensions recover,New Zealand household gaps within about two points of zero (largest absolute),2,points,,text,Y,REGION_NZL,Upper bound
X397,31,Ch4 Which Resilience Index dimensions recover,Türkiye community gap 2023,-12,points,,text,N,,
X398,31,Ch4 Which Resilience Index dimensions recover,Türkiye community 2023 below its 2021 baseline,-9,points,,text,N,,
X399,31,Ch4 Which Resilience Index dimensions recover,Türkiye community recovered 2023-2025,6,points,,text,N,,
X400,32,"Ch4 Confidence, care and neighbours across three editions",Chart 4.3 subtitle: Türkiye confidence narrows,16,pp,,text,Y,WP139,
X401,32,"Ch4 Confidence, care and neighbours across three editions",Chart 4.3 subtitle: KwaZulu-Natal neighbours fall,-30,pp,,text,N,,
X402,33,"Ch4 Confidence, care and neighbours across three editions","Hatay, Kahramanmaraş and Osmaniye respondents 2025",10,count,,text,Y,REGION_TUR,Needs the 2025 NUTS-2 variable
X403,33,"Ch4 Confidence, care and neighbours across three editions",Türkiye confidence gap 2021,4,pp,,text,Y,WP139,
X404,33,"Ch4 Confidence, care and neighbours across three editions",Türkiye confidence gap 2023,-20,pp,,text,Y,WP139,
X405,33,"Ch4 Confidence, care and neighbours across three editions",Türkiye confidence gap 2025,-4,pp,,text,Y,WP139,
X406,33,"Ch4 Confidence, care and neighbours across three editions",Türkiye confidence narrowing,16,pp,,text,Y,WP139,
X407,33,"Ch4 Confidence, care and neighbours across three editions",Türkiye confidence gap remaining against 2021,-8,pp,,text,Y,WP139,
X408,33,"Ch4 Confidence, care and neighbours across three editions",New Zealand confidence change,8,pp,,text,Y,REGION_NZL; WP139,
X409,33,"Ch4 Confidence, care and neighbours across three editions",Türkiye government cares 'a lot' narrowing,10,pp,,text,N,,
X410,33,"Ch4 Confidence, care and neighbours across three editions",Thailand national confidence rise,25,pp,,text,Y,WP139,
X411,33,"Ch4 Confidence, care and neighbours across three editions",Türkiye neighbours gap 2023,7,pp,,text,N,,
X412,33,"Ch4 Confidence, care and neighbours across three editions",Türkiye neighbours gap 2025,1,pp,,text,N,,
X413,33,"Ch4 Confidence, care and neighbours across three editions",Türkiye neighbours change,-6,pp,,text,N,,
X414,33,"Ch4 Confidence, care and neighbours across three editions",Pooled three: neighbours change 2023-2025,-3,pp,,text,Y,REGION_NZL,
X415,33,"Ch4 Confidence, care and neighbours across three editions",Morocco could protect change 2023-2025,9,pp,,text,N,,
X416,33,"Ch4 Confidence, care and neighbours across three editions",Türkiye could protect change 2023-2025,7,pp,,text,N,,
X417,33,"Ch4 Confidence, care and neighbours across three editions",New Zealand could protect change 2023-2025,-6,pp,,text,Y,REGION_NZL,
X418,34,Ch4 Where the change happened,Türkiye Central East Anatolia Index change 2023-2025,8,points,,text,N,,
X419,34,Ch4 Where the change happened,Türkiye Mediterranean Index change 2023-2025,-3,points,,text,N,,
X420,34,Ch4 Where the change happened,Türkiye Aegean Index change 2023-2025,-9,points,,text,N,,
X421,34,Ch4 Where the change happened,Türkiye West Anatolia Index change 2023-2025,-6,points,,text,N,,
X422,34,Ch4 Where the change happened,Morocco Marrakech-Safi Index change 2023-2025,7,points,,text,N,,
X423,34,Ch4 Where the change happened,Morocco Fès-Meknès Index change 2023-2025,7,points,,text,N,,
X424,34,Ch4 Where the change happened,Morocco Oriental Index change 2023-2025,7,points,,text,N,,
X425,34,Ch4 Where the change happened,Morocco Casablanca-Settat Index change 2023-2025,7,points,,text,N,,
X426,34,Ch4 Where the change happened,Morocco Souss-Massa Index change 2023-2025,7,points,,text,N,,
X427,34,Ch4 Where the change happened,Morocco Béni Mellal-Khénifra Index change 2023-2025,7,points,,text,N,,
X428,34,Ch4 Where the change happened,Morocco Rabat-Salé-Kénitra Index change 2023-2025,6,points,,text,N,,
X429,34,Ch4 Where the change happened,Morocco Draa-Tafilalet Index change 2023-2025,-3,points,,text,N,,
X430,34,Ch4 Where the change happened,Draa-Tafilalet sample ('about 50'),50,count,5,text,N,,
X431,34,Ch4 Where the change happened,Marrakech-Safi Index gap 2023,-3,points,,text,N,,
X432,34,Ch4 Where the change happened,Marrakech-Safi Index gap 2025 ('within two points'),2,points,,text,N,,Upper bound
X433,34,Ch4 Where the change happened,Marrakech-Safi ends above its baseline,1,points,,text,N,,
X434,34,Ch4 Where the change happened,Marrakech-Safi individual gap 2023,-10,points,,text,N,,
X435,34,Ch4 Where the change happened,Marrakech-Safi individual gap 2025,-3,points,,text,N,,
X436,34,Ch4 Where the change happened,Marrakech-Safi individual recovery,7,points,,text,N,,
X437,34,Ch4 Where the change happened,Guelmim-Oued Noun sample ('about 20'),20,count,3,text,N,,
X438,34,Ch4 Where the change happened,Chart 4.4 subtitle: Marrakech-Safi Index change,7,points,,text,N,,
X439,34,Ch4 Where the change happened,Chart 4.4 subtitle: gap 2023,-3,points,,text,N,,
X440,34,Ch4 Where the change happened,Chart 4.4 subtitle: gap 2025 ('within two points'),2,points,,text,N,,Upper bound
X441,34,Ch4 Where the change happened,Guelmim-Oued Noun respondents 2023,22,count,,text,N,,
X442,34,Ch4 Where the change happened,Guelmim-Oued Noun respondents 2025,20,count,,text,N,,
X443,34,Ch4 Where the change happened,Draa-Tafilalet respondents 2023,50,count,,text,N,,
X444,34,Ch4 Where the change happened,Draa-Tafilalet respondents 2025,52,count,,text,N,,
X445,34,Ch4 Where the change happened,Souss-Massa respondents 2023,82,count,,text,N,,
X446,34,Ch4 Where the change happened,Souss-Massa respondents 2025,81,count,,text,N,,
X447,35,Ch4 Where the change happened,Chart 4.5 subtitle: Central East Anatolia,8,points,,text,N,,
X448,35,Ch4 Where the change happened,Chart 4.5 subtitle: Mediterranean,-3,points,,text,N,,
X449,35,Ch4 Where the change happened,Chart 4.5 subtitle: gap 2023,-5,points,,text,N,,
X450,35,Ch4 Where the change happened,Chart 4.5 subtitle: gap 2025,-2,points,,text,N,,
X451,35,Ch4 Where the change happened,"Southeast Anatolia 2023 respondents, all in the Mardin unit",50,count,,text,N,,
X452,35,Ch4 Where the change happened,Southeast Anatolia 2025 respondents,70,count,,text,N,,
X453,35,Ch4 Where the change happened,"Hatay, Kahramanmaraş and Osmaniye respondents 2023",0,count,,text,N,,
X454,35,Ch4 Where the change happened,"Hatay, Kahramanmaraş and Osmaniye respondents 2025",10,count,,text,Y,REGION_TUR,
X455,35,Ch4 Where the change happened,Northeast Anatolia respondents 2023,10,count,,text,N,,
X456,35,Ch4 Where the change happened,Northeast Anatolia respondents 2025,20,count,,text,N,,
X457,35,Ch4 Where the change happened,Central Anatolia respondents 2023,40,count,,text,N,,
X458,35,Ch4 Where the change happened,Central Anatolia respondents 2025,50,count,,text,N,,
X459,35,Ch4 Where the change happened,East Black Sea respondents 2023,40,count,,text,N,,
X460,35,Ch4 Where the change happened,East Black Sea respondents 2025,40,count,,text,N,,
X461,35,Ch4 Where the change happened,Türkiye Central East Anatolia Index change 2023-2025 (text),8,points,,text,N,,
X462,35,Ch4 Where the change happened,Türkiye Mediterranean Index change 2023-2025 (text),-3,points,,text,N,,
X463,35,Ch4 Where the change happened,Türkiye Aegean Index change 2023-2025 (text),-9,points,,text,N,,
X464,35,Ch4 Where the change happened,Türkiye West Anatolia Index change 2023-2025 (text),-6,points,,text,N,,
X465,35,Ch4 Where the change happened,Türkiye Central Anatolia Index change 2023-2025 (text),-10,points,,text,N,,
X466,35,Ch4 Where the change happened,Türkiye Northeast Anatolia Index change 2023-2025 (text),-20,points,,text,N,,
X467,35,Ch4 Where the change happened,Türkiye East Marmara Index change 2023-2025 (text),4,points,,text,N,,
X468,35,Ch4 Where the change happened,Türkiye Istanbul ('level') Index change 2023-2025 (text),0,points,,text,N,,
X469,35,Ch4 Where the change happened,Türkiye earthquake regions Index gap 2021,-1,points,,text,N,,
X470,35,Ch4 Where the change happened,Türkiye Index gap 2023,-5,points,,text,N,,
X471,35,Ch4 Where the change happened,Türkiye Index gap 2025,-2,points,,text,N,,
X472,35,Ch4 Where the change happened,Türkiye societal fell further by 2023,-15,points,,text,N,,
X473,35,Ch4 Where the change happened,Türkiye societal recovered by 2025,9,points,,text,N,,
X474,35,Ch4 Where the change happened,Türkiye confidence gap 2023,-20,pp,,text,Y,WP139,
X475,35,Ch4 Where the change happened,Türkiye confidence gap 2025,-4,pp,,text,Y,WP139,
X476,35,Ch4 Where the change happened,"Hatay, Kahramanmaraş and Osmaniye respondents 2023 (text)",0,count,,text,N,,
X477,35,Ch4 Where the change happened,"Hatay, Kahramanmaraş and Osmaniye respondents 2025 (text)",10,count,,text,Y,REGION_TUR,
X478,36,Ch4 Where the change happened,Chart 4.6 subtitle: Northland Index change 2023-2025,2,points,,text,Y,REGION_NZL,
X479,36,Ch4 Where the change happened,Chart 4.6 subtitle: Auckland,1,points,,text,Y,REGION_NZL,
X480,36,Ch4 Where the change happened,New Zealand Northland Index change 2023-2025,2,points,,text,Y,REGION_NZL,
X481,36,Ch4 Where the change happened,New Zealand Auckland Index change 2023-2025,1,points,,text,Y,REGION_NZL,
X482,36,Ch4 Where the change happened,New Zealand Waikato Index change 2023-2025,5,points,,text,Y,REGION_NZL,
X483,36,Ch4 Where the change happened,New Zealand Bay of Plenty Index change 2023-2025,2,points,,text,Y,REGION_NZL,
X484,36,Ch4 Where the change happened,New Zealand Wellington ('flat') Index change 2023-2025,0,points,,text,Y,REGION_NZL,
X485,36,Ch4 Where the change happened,New Zealand Canterbury ('flat') Index change 2023-2025,0,points,,text,Y,REGION_NZL,
X486,36,Ch4 Where the change happened,New Zealand Otago ('flat') Index change 2023-2025,0,points,,text,Y,REGION_NZL,
X487,36,Ch4 Where the change happened,New Zealand gap change 2023-2025 ('did not change at all'),0,points,,text,Y,REGION_NZL,
X488,36,Ch4 Where the change happened,Gap opened by 2023 ('three points'),-3,points,,text,N,,
X489,36,Ch4 Where the change happened,Gap remains below 2021 ('three points'),-3,points,,text,Y,REGION_NZL,
X490,36,Ch4 Where the change happened,Hawke's Bay Index change 2023-2025,-4,points,,text,Y,REGION_NZL,
X491,36,Ch4 Where the change happened,Hawke's Bay respondents 2023,28,count,,text,N,,
X492,36,Ch4 Where the change happened,Hawke's Bay respondents 2025,49,count,,text,Y,REGION_NZL,
X493,36,Ch4 Where the change happened,East Cape (Tairāwhiti) Index change 2023-2025,-19,points,,text,Y,REGION_NZL,
X494,36,Ch4 Where the change happened,East Cape respondents 2023,4,count,,text,N,,
X495,36,Ch4 Where the change happened,East Cape respondents 2025,2,count,,text,Y,REGION_NZL,
X496,36,Ch4 Where the change happened,Regions hatched ('ten of the 16'),10,count,,text,Y,REGION_NZL,
X497,36,Ch4 Where the change happened,Confidence returned towards the rest of the country,8,pp,,text,Y,REGION_NZL; WP139,
X498,36,Ch4 Where the change happened,Individual gap 2023,1,points,,text,N,,
X499,36,Ch4 Where the change happened,Individual gap 2025,-2,points,,text,Y,REGION_NZL,
X500,36,Ch4 Where the change happened,Note: Northland respondents 2023,32,count,,text,N,,
X501,36,Ch4 Where the change happened,Note: Northland respondents 2025,32,count,,text,Y,REGION_NZL,
X502,36,Ch4 Where the change happened,Note: Hawke's Bay respondents 2023,28,count,,text,N,,
X503,36,Ch4 Where the change happened,Note: Hawke's Bay respondents 2025,49,count,,text,Y,REGION_NZL,
X504,36,Ch4 Where the change happened,Note: East Cape respondents 2023,4,count,,text,N,,
X505,36,Ch4 Where the change happened,Note: East Cape respondents 2025,2,count,,text,Y,REGION_NZL,
X506,36,Ch4 Where the change happened,Note: regions hatched,10,count,,text,Y,REGION_NZL,
X507,36,Ch4 Where the change happened,Note: regions,16,count,,text,Y,REGION_NZL,
X508,37,Ch4 Where the change happened,Chart 4.7 subtitle: KwaZulu-Natal Index change 2023-2025,1,points,,text,N,,
X509,37,Ch4 Where the change happened,Chart 4.7 subtitle: rest of South Africa,4,points,,text,N,,
X510,37,Ch4 Where the change happened,Chart 4.7 subtitle: gap 2023 ('level'),0,points,,text,N,,
X511,37,Ch4 Where the change happened,Chart 4.7 subtitle: gap 2025,-3,points,,text,N,,
X512,37,Ch4 Where the change happened,KwaZulu-Natal Index difference-in-differences 2021-2023,4,points,,text,Y,REGION_ZAF,
X513,37,Ch4 Where the change happened,KwaZulu-Natal Index gap 2021,-3,points,,text,Y,REGION_ZAF,
X514,37,Ch4 Where the change happened,KwaZulu-Natal Index gap 2023 ('level'),0,points,,text,N,,
X515,37,Ch4 Where the change happened,KwaZulu-Natal neighbours relative rise 2021-2023,38,pp,,text,Y,REGION_ZAF,
X516,37,Ch4 Where the change happened,KwaZulu-Natal impacted 2025,39,pct,,text,N,,
X517,37,Ch4 Where the change happened,Rest of South Africa impacted 2025,11,pct,,text,N,,
X518,37,Ch4 Where the change happened,KwaZulu-Natal impacted naming a flood,56,pct,,text,N,,
X519,37,Ch4 Where the change happened,KwaZulu-Natal impacted naming a tropical storm,24,pct,,text,N,,
X520,37,Ch4 Where the change happened,Provinces that rose 2023-2025 ('every province'),9,count,,text,N,,
X521,37,Ch4 Where the change happened,KwaZulu-Natal Index change 2023-2025,1,points,,text,N,,
X522,37,Ch4 Where the change happened,Northern Cape Index change 2023-2025,10,points,,text,N,,
X523,37,Ch4 Where the change happened,Northern Cape sample ('about 40'),40,count,3,text,N,,
X524,37,Ch4 Where the change happened,Mpumalanga Index change,8,points,,text,N,,
X525,37,Ch4 Where the change happened,North West Index change,7,points,,text,N,,
X526,37,Ch4 Where the change happened,Western Cape Index change,6,points,,text,N,,
X527,37,Ch4 Where the change happened,KwaZulu-Natal Index gap 2025,-3,points,,text,N,,
X528,37,Ch4 Where the change happened,Neighbours gap 2023,22,pp,,text,N,,
X529,37,Ch4 Where the change happened,Neighbours change 2023-2025,-30,pp,,text,N,,
X530,37,Ch4 Where the change happened,Community dimension change 2023-2025,-10,points,,text,N,,
X531,37,Ch4 Where the change happened,Community gap 2025 below 2021 baseline,-7,points,,text,Y,REGION_ZAF,
X532,37,Ch4 Where the change happened,Confidence relative rise 2021-2023,17,pp,,text,Y,REGION_ZAF; WP139,
X533,37,Ch4 Where the change happened,Confidence gap 2025,-16,pp,,text,Y,WP139,
X534,37,Ch4 Where the change happened,Measures that returned towards or past their 2021 position ('seven of the nine'),7,count,,text,Y,REGION_ZAF; WP139,
X535,37,Ch4 Where the change happened,Household gap above 2021 baseline,8,points,,text,Y,REGION_ZAF,
X536,37,Ch4 Where the change happened,Could protect gap above 2021 baseline,14,pp,,text,Y,REGION_ZAF,
X537,37,Ch4 Where the change happened,Note: Northern Cape respondents 2023,40,count,,text,N,,
X538,37,Ch4 Where the change happened,Note: Northern Cape respondents 2025,39,count,,text,N,,
X539,37,Ch4 Where the change happened,Note: Mpumalanga respondents 2023,70,count,,text,N,,
X540,37,Ch4 Where the change happened,Note: Mpumalanga respondents 2025,70,count,,text,N,,
X541,38,Ch4 The three recovery case studies together,Pooled three: Index gap narrower than in 2023,1,points,,text,Y,REGION_NZL,
X542,38,Ch4 The three recovery case studies together,Türkiye and New Zealand: confidence change in the gap by 2023,-17,pp,,text,Y,REGION_NZL; WP139,
X543,38,Ch4 The three recovery case studies together,Türkiye and New Zealand: confidence change in the gap by 2025,-6,pp,,text,Y,REGION_NZL; WP139,
X544,38,Ch4 The three recovery case studies together,Confidence narrowing ('11 percentage points'),11,pp,,text,Y,REGION_NZL; WP139,
X545,38,Ch4 The three recovery case studies together,Household and individual change by a point or less (largest absolute),1,points,,text,Y,REGION_NZL,Upper bound
X546,38,Ch4 The three recovery case studies together,Neighbours change in the gap by 2023,3,pp,,text,Y,REGION_NZL,
X547,38,Ch4 What people expect next,Chart 4.8 subtitle: KwaZulu-Natal Worry Index,61,mean,,text,N,,
X548,38,Ch4 What people expect next,Chart 4.8 subtitle: rest of South Africa Worry Index,49,mean,,text,N,,
X549,38,Ch4 What people expect next,"Chart 4.8 note: affected-region respondents with a Worry Index score, MAR",120,count,,text,N,,
X550,38,Ch4 What people expect next,"Chart 4.8 note: affected-region respondents with a Worry Index score, TUR",156,count,,text,N,,
X551,38,Ch4 What people expect next,"Chart 4.8 note: affected-region respondents with a Worry Index score, NZL",319,count,,text,Y,REGION_NZL,
X552,38,Ch4 What people expect next,"Chart 4.8 note: affected-region respondents with a Worry Index score, ZAF",178,count,,text,N,,
X553,38,Ch4 What people expect next,Morocco worry gap,-3,points,,text,N,,
X554,38,Ch4 What people expect next,Türkiye worry gap,-3,points,,text,N,,
X555,38,Ch4 What people expect next,New Zealand worry gap,1,points,,text,Y,REGION_NZL,
X556,38,Ch4 What people expect next,South Africa worry gap,12,points,,text,N,,
X557,39,Ch4 What people expect next,Chart 4.9 subtitle: pooled well prepared change,-10,pp,,text,Y,REGION_NZL; REGION_ZAF,
X558,39,Ch4 What people expect next,Türkiye earthquake regions well prepared 2021,38,pct,,text,N,,
X559,39,Ch4 What people expect next,Türkiye earthquake regions well prepared 2025,8,pct,,text,N,,
X560,39,Ch4 What people expect next,Rest of Türkiye well prepared 2021,33,pct,,text,N,,
X561,39,Ch4 What people expect next,Rest of Türkiye well prepared 2025,18,pct,,text,N,,
X562,39,Ch4 What people expect next,Türkiye well prepared gap 2021,5,pp,,text,N,,
X563,39,Ch4 What people expect next,Türkiye well prepared gap 2025,-10,pp,,text,N,,
X564,39,Ch4 What people expect next,Türkiye well prepared change in the gap,-15,pp,,text,N,,
X565,39,Ch4 What people expect next,New Zealand well prepared change in the gap,-17,pp,,text,Y,REGION_NZL,
X566,39,Ch4 What people expect next,KwaZulu-Natal well prepared 2021,24,pct,,text,Y,REGION_ZAF,
X567,39,Ch4 What people expect next,KwaZulu-Natal well prepared 2025,27,pct,,text,N,,
X568,39,Ch4 What people expect next,Rest of South Africa well prepared 2021,41,pct,,text,Y,REGION_ZAF,
X569,39,Ch4 What people expect next,Rest of South Africa well prepared 2025,40,pct,,text,N,,
X570,39,Ch4 What people expect next,Pooled three countries well prepared,-10,pp,,text,Y,REGION_NZL; REGION_ZAF,
X571,39,Ch4 What people expect next,Pooled Türkiye and New Zealand well prepared,-16,pp,,text,Y,REGION_NZL,
X572,39,Ch4 What people expect next,Türkiye earthquake regions: local government well prepared 2025,8,pct,,text,N,,
X573,39,Ch4 What people expect next,Rest of Türkiye: local government well prepared 2025,17,pct,,text,N,,
X574,39,Ch4 What people expect next,New Zealand local government well prepared gap 2025,-10,pp,,text,Y,REGION_NZL,
X575,39,Ch4 Insight to action,KwaZulu-Natal neighbours fall,-30,pp,,text,N,,
X576,39,Ch4 Insight to action,Measures returned towards 2021 ('seven of the nine'),7,count,,text,Y,REGION_ZAF; WP139,
X577,39,Ch4 Insight to action,Türkiye confidence narrowing,16,pp,,text,Y,WP139,
X578,39,Ch4 Insight to action,Türkiye well prepared fell further 2021-2025,-15,pp,,text,N,,
X579,39,Ch4 Insight to action,Northland and Auckland well prepared fell further,-17,pp,,text,Y,REGION_NZL,
X580,39,Ch4 Insight to action,Türkiye confidence narrowing (31 months),16,pp,,text,Y,WP139,
X581,39,Ch4 Insight to action,New Zealand confidence narrowing,8,pp,,text,Y,REGION_NZL; WP139,
X582,40,Conclusion,Türkiye confidence fell further,-24,pp,,text,Y,WP139,
X583,40,Conclusion,New Zealand confidence fell further,-13,pp,,text,Y,WP139,
X584,40,Conclusion,Mozambique government cares 'a lot',20,pp,,text,N,,
X585,40,Conclusion,Thailand confidence rise,25,pp,,text,Y,WP139,
X586,40,Conclusion,Neighbours rose in four of the seven case studies,4,count,,text,Y,REGION_ZAF,
X587,40,Conclusion,Pooled could protect,-2,pp,,text,Y,REGION_ZAF,
X588,40,Conclusion,Confidence narrowing across Türkiye and New Zealand,11,pp,,text,Y,REGION_NZL; WP139,
X589,40,Conclusion,Pooled well prepared fell further,-10,pp,,text,Y,REGION_NZL; REGION_ZAF,
X590,40,Conclusion,Pooled three: Index gap narrowed,1,points,,text,Y,REGION_NZL,
X591,40,Conclusion,New Zealand Index gap did not change,0,points,,text,Y,REGION_NZL,
X592,40,Conclusion,KwaZulu-Natal neighbours fall,-30,pp,,text,N,,
X593,40,Conclusion,Türkiye national Index,51,mean,,text,N,,
X594,40,Conclusion,Türkiye societal fell further,-15,points,,text,N,,
X595,40,Conclusion,Pooled Index ('about two'),-2,points,,text,Y,REGION_ZAF,
X596,40,Conclusion,Six of the seven,6,count,,text,Y,REGION_ZAF,
X597,40,Conclusion,Türkiye confidence narrowed,16,pp,,text,Y,WP139,
X598,40,Conclusion,Türkiye earthquake regions well prepared 2021,38,pct,,text,N,,
X599,40,Conclusion,Türkiye earthquake regions well prepared 2025,8,pct,,text,N,,
X600,40,Conclusion,Rest of Türkiye well prepared 2021,33,pct,,text,N,,
X601,40,Conclusion,Rest of Türkiye well prepared 2025,18,pct,,text,N,,
X602,40,Conclusion,Pooled neighbours,7,pp,,text,Y,REGION_ZAF,
X603,40,Conclusion,Turkish affected provinces with no 2023 respondents,8,count,,text,N,,
X604,44,Appendix: Analysis notes,Case studies that asked confidence in national government in both waves,5,count,,text,Y,WP139,
X605,44,Appendix: Analysis notes,Case studies that asked the other three questions,7,count,,text,N,,
X606,44,Appendix: Analysis notes,"'It depends' on the protect question: Thailand, 2023",1,pct,,text,N,,
X607,44,Appendix: Analysis notes,"'It depends' on the protect question: Lebanon, 2023",28,pct,,text,N,,
X608,45,Appendix: Analysis notes,Ecuador: reported experience fell faster inside Guayas and El Oro,-11,pp,,text,N,,
X609,45,Appendix: Analysis notes,Mozambique 2025: Nampula impacted,69,pct,,text,Y,REGION_MOZ,Needs the 2025 province variable
X610,45,Appendix: Analysis notes,"Mozambique 2025: Zambezia, Sofala and Manica impacted",69,pct,,text,Y,REGION_MOZ,
X611,45,Appendix: Analysis notes,Pakistan 2025: Khyber Pakhtunkhwa impacted,25,pct,,text,Y,REGION_PAK,
X612,45,Appendix: Analysis notes,Pakistan 2025: Sindh impacted,19,pct,,text,Y,REGION_PAK,
X613,46,Appendix: Analysis notes,KwaZulu-Natal impacted 2025,39,pct,,text,N,,
X614,46,Appendix: Analysis notes,Rest of South Africa impacted 2025,11,pct,,text,N,,
X615,46,Appendix: Analysis notes,Ecuador 2025: Guayas and El Oro impacted,5,pct,,text,Y,REGION_ECU,
X616,46,Appendix: Analysis notes,Ecuador 2025: rest of Ecuador impacted,9,pct,,text,Y,REGION_ECU,
X617,46,Appendix: Analysis notes,Without Ecuador: pooled Index ('about one'),-1,points,,text,Y,REGION_ZAF,
X618,46,Appendix: Analysis notes,"Without Ecuador: pooled Index, HC1 lower",-3,points,,text,Y,REGION_ZAF,
X619,46,Appendix: Analysis notes,"Without Ecuador: pooled Index, HC1 upper",0,points,,text,Y,REGION_ZAF,
X620,46,Appendix: Analysis notes,Without Ecuador: community ('about three points'),-3,points,,text,Y,REGION_ZAF,
X621,46,Appendix: Analysis notes,"Without Ecuador: community, HC1 lower",-5.7,points,,text,Y,REGION_ZAF,
X622,46,Appendix: Analysis notes,"Without Ecuador: community, HC1 upper",-0.4,points,,text,Y,REGION_ZAF,
X623,46,Appendix: Analysis notes,Seven cases: neighbours ('seven'),7,pp,,text,Y,REGION_ZAF,
X624,46,Appendix: Analysis notes,Without Ecuador: neighbours ('nine'),9,pp,,text,Y,REGION_ZAF,
X625,46,Appendix: Analysis notes,"Without Ecuador: neighbours, HC1 lower",4,pp,,text,Y,REGION_ZAF,
X626,46,Appendix: Analysis notes,"Without Ecuador: neighbours, HC1 upper",14,pp,,text,Y,REGION_ZAF,
X627,46,Appendix: Analysis notes,Slope of the Index change on months from event to fieldwork,0.2,points,0.1,text,Y,REGION_ZAF,"Months as in Table 2.1 (1, 6, 7, 10, 14, 22, 5)"
X628,46,Appendix: Analysis notes,"Months slope, 95% CI lower",0.0,points,0.1,text,Y,REGION_ZAF,
X629,46,Appendix: Analysis notes,"Months slope, 95% CI upper",0.5,points,0.1,text,Y,REGION_ZAF,
X630,46,Appendix: Analysis notes,Slope on the strength of the exposure check,0.0,points,0.1,text,Y,REGION_ZAF,
X631,46,Appendix: Analysis notes,"Exposure-check slope, 95% CI lower",-0.1,points,0.1,text,Y,REGION_ZAF,
X632,46,Appendix: Analysis notes,"Exposure-check slope, 95% CI upper",0.1,points,0.1,text,Y,REGION_ZAF,
X633,46,Appendix: Analysis notes,"Respondents behind the seven-case estimates ('about 14,000')",14000,count,500,text,N,,"Respondents with an Index score in the seven countries, 2021 and 2023"
X634,46,Appendix: Analysis notes,"Respondents behind the confidence row ('about 10,000')",10000,count,500,text,N,,"All respondents in the five countries that asked it, 2021 and 2023"
X635,46,Appendix: Analysis notes,Region clusters across the seven countries,89,count,,text,N,,South Africa counted from 2023
X636,46,Appendix: Analysis notes,Fewest region clusters in a country,6,count,,text,N,,
X637,46,Appendix: Analysis notes,Most region clusters in a country,24,count,,text,N,,
X638,46,Appendix: Analysis notes,Per-case estimates significant only with region clustering,15,count,,text,Y,REGION_ZAF; WP139,
X639,46,Appendix: Analysis notes,"Pooled seven cases, index: HC1 lower",-3.2,points,,text,Y,REGION_ZAF,
X640,46,Appendix: Analysis notes,"Pooled seven cases, index: HC1 upper",-0.3,points,,text,Y,REGION_ZAF,
X641,46,Appendix: Analysis notes,"Pooled seven cases, index: region-clustered lower",-3.7,points,,text,Y,REGION_ZAF,
X642,46,Appendix: Analysis notes,"Pooled seven cases, index: region-clustered upper",0.2,points,,text,Y,REGION_ZAF,
X643,46,Appendix: Analysis notes,"Pooled seven cases, index: PSU-clustered lower",-3.5,points,,text,Y,REGION_ZAF; WP12259,
X644,46,Appendix: Analysis notes,"Pooled seven cases, index: PSU-clustered upper",0.1,points,,text,Y,REGION_ZAF; WP12259,
X645,46,Appendix: Analysis notes,"Pooled seven cases, community: HC1 lower",-5.1,points,,text,Y,REGION_ZAF,
X646,46,Appendix: Analysis notes,"Pooled seven cases, community: HC1 upper",-0.3,points,,text,Y,REGION_ZAF,
X647,46,Appendix: Analysis notes,"Pooled seven cases, community: region-clustered lower",-5.7,points,,text,Y,REGION_ZAF,
X648,46,Appendix: Analysis notes,"Pooled seven cases, community: region-clustered upper",0.3,points,,text,Y,REGION_ZAF,
X649,46,Appendix: Analysis notes,"Pooled seven cases, community: PSU-clustered lower",-5.9,points,,text,Y,REGION_ZAF; WP12259,
X650,46,Appendix: Analysis notes,"Pooled seven cases, community: PSU-clustered upper",0.5,points,,text,Y,REGION_ZAF; WP12259,
X651,46,Appendix: Analysis notes,"Pooled seven cases, neighbours: HC1 lower",3.2,pp,,text,Y,REGION_ZAF,
X652,46,Appendix: Analysis notes,"Pooled seven cases, neighbours: HC1 upper",11.6,pp,,text,Y,REGION_ZAF,
X653,46,Appendix: Analysis notes,"Pooled seven cases, neighbours: region-clustered lower",-0.6,pp,,text,Y,REGION_ZAF,
X654,46,Appendix: Analysis notes,"Pooled seven cases, neighbours: region-clustered upper",15.4,pp,,text,Y,REGION_ZAF,
X655,46,Appendix: Analysis notes,"Pooled seven cases, neighbours: PSU-clustered lower",2.5,pp,,text,Y,REGION_ZAF; WP12259,
X656,46,Appendix: Analysis notes,"Pooled seven cases, neighbours: PSU-clustered upper",12.3,pp,,text,Y,REGION_ZAF; WP12259,
X657,46,Appendix: Analysis notes,Pooled measures significant on more than one of the three standard errors,1,count,,text,Y,REGION_ZAF; WP12259; WP139,
X658,46,Appendix: Analysis notes,"Pooled three-wave: widening to 2023, HC1 lower",-5.0,points,,text,Y,REGION_NZL,
X659,46,Appendix: Analysis notes,"Pooled three-wave: widening to 2023, HC1 upper",-0.6,points,,text,Y,REGION_NZL,
X660,47,Appendix: Analysis notes,"Pooled three-wave: narrowing 2023-2025, HC1 lower",-1.0,points,,text,Y,REGION_NZL,
X661,47,Appendix: Analysis notes,"Pooled three-wave: narrowing 2023-2025, HC1 upper",3.3,points,,text,Y,REGION_NZL,
X662,49,Appendix: Analysis notes,All four case studies: Index narrowing ('zero'),0,points,,text,Y,REGION_NZL; REGION_ZAF,
X663,49,Appendix: Analysis notes,All four: neighbours above the 2021 baseline by 2023,12,pp,,text,Y,REGION_NZL; REGION_ZAF,
X664,49,Appendix: Analysis notes,All four: neighbours above the 2021 baseline by 2025,2,pp,,text,Y,REGION_NZL; REGION_ZAF,
X665,49,Appendix: Analysis notes,Smallest affected region: Morocco 2021,137,count,,text,N,,
X666,49,Appendix: Analysis notes,Morocco 2023,132,count,,text,N,,
X667,49,Appendix: Analysis notes,Morocco 2025,132,count,,text,N,,
X668,49,Appendix: Analysis notes,Adana and Mersin unit respondents 2021,48,count,,text,N,,
X669,49,Appendix: Analysis notes,Adana and Mersin unit respondents 2023,60,count,,text,N,,
X670,49,Appendix: Analysis notes,Hawke's Bay respondents 2021,35,count,,text,N,,
X671,49,Appendix: Analysis notes,Hawke's Bay respondents 2023,28,count,,text,N,,
X672,49,Appendix: Analysis notes,Marrakech-Safi impacted respondents 2025,32,count,,text,N,,
X673,49,Appendix: Analysis notes,Southeast Anatolia impacted respondents 2025,35,count,,text,N,,
X674,49,Appendix: Analysis notes,Hawke's Bay impacted respondents 2025,38,count,,text,Y,REGION_NZL,
X675,49,Appendix: Analysis notes,Hawke's Bay sample 2025,49,count,,text,Y,REGION_NZL,
X676,49,Appendix: Analysis notes,Smallest affected-region sample,132,count,,text,N,,Over the case-waves in the public data
X677,49,Appendix: Analysis notes,Largest affected-region sample,418,count,,text,N,,Over the case-waves in the public data
X678,49,Appendix: Analysis notes,Margin of error on a percentage at 132 respondents ('about nine'),9,pp,,text,N,,1.96 x sqrt(0.25 / n)
X679,49,Appendix: Analysis notes,Margin of error on an Index score at 132 respondents ('about three'),3,points,,text,N,,"HC1 half-width of the Index gap, Morocco 2023"
X680,49,Appendix: Analysis notes,Margin of error on a percentage at 418 respondents ('about five'),5,pp,,text,N,,
X681,49,Appendix: Analysis notes,Margin of error on an Index score at 418 respondents ('about two'),2,points,,text,N,,"HC1 half-width of the Index gap, New Zealand 2023"
X682,49,Appendix: Analysis notes,KwaZulu-Natal respondents 2025,181,count,,text,N,,
X683,49,Appendix: Analysis notes,Margin of error at 181 respondents ('roughly seven'),7,pp,,text,N,,
X684,50,Appendix: Analysis notes,Officially affected Turkish provinces with no 2023 respondents,8,count,,text,N,,
X685,50,Appendix: Analysis notes,"Affected regions made up of officially affected NUTS-2 units, 2021",51,pct,,text,N,,"Unweighted share of affected-region respondents in TR62, TR63 and TRB1"
X686,50,Appendix: Analysis notes,"Same, 2023",50,pct,,text,N,,
X687,50,Appendix: Analysis notes,"Same, 2025",63,pct,,text,Y,REGION_TUR,
X688,50,Appendix: Analysis notes,"Hatay, Kahramanmaraş and Osmaniye respondents 2021",22,count,,text,N,,
X689,50,Appendix: Analysis notes,"Hatay, Kahramanmaraş and Osmaniye respondents 2023",0,count,,text,N,,
X690,50,Appendix: Analysis notes,"Hatay, Kahramanmaraş and Osmaniye respondents 2025",10,count,,text,Y,REGION_TUR,
X691,50,Appendix: Analysis notes,Southeast Anatolia respondents 2021,109,count,,text,N,,
X692,50,Appendix: Analysis notes,Southeast Anatolia respondents 2023,50,count,,text,N,,
X693,50,Appendix: Analysis notes,Southeast Anatolia respondents 2025,70,count,,text,N,,
X694,50,Appendix: Analysis notes,Southeast Anatolia 2023 respondents from the Mardin unit,50,count,,text,N,,
X695,50,Appendix: Analysis notes,Hawke's Bay respondents 2021,35,count,,text,N,,
X696,50,Appendix: Analysis notes,Hawke's Bay respondents 2023,28,count,,text,N,,
X697,50,Appendix: Analysis notes,Tairāwhiti/Gisborne respondents 2021,6,count,,text,N,,
X698,50,Appendix: Analysis notes,Tairāwhiti/Gisborne respondents 2023,4,count,,text,N,,
