iso3,country,indicator,year,value
AFE,Africa Eastern and Southern,FP.CPI.TOTL.ZG,2020,5.19162942092851
AFE,Africa Eastern and Southern,FP.CPI.TOTL.ZG,2021,6.82472709282067
AFE,Africa Eastern and Southern,FP.CPI.TOTL.ZG,2022,10.8834775726018
AFE,Africa Eastern and Southern,FP.CPI.TOTL.ZG,2023,7.39918558080627
AFG,Afghanistan,FP.CPI.TOTL.ZG,2020,5.60188791482224
AFG,Afghanistan,FP.CPI.TOTL.ZG,2021,5.13320340824963
AFG,Afghanistan,FP.CPI.TOTL.ZG,2022,13.7121023720065
AFG,Afghanistan,FP.CPI.TOTL.ZG,2023,-4.64470870797775
AFW,Africa Western and Central,FP.CPI.TOTL.ZG,2020,2.49037783931949
AFW,Africa Western and Central,FP.CPI.TOTL.ZG,2021,3.74556782333009
AFW,Africa Western and Central,FP.CPI.TOTL.ZG,2022,7.94925143524016
AFW,Africa Western and Central,FP.CPI.TOTL.ZG,2023,5.22116801324002
AGO,Angola,FP.CPI.TOTL.ZG,2020,22.271539247051
AGO,Angola,FP.CPI.TOTL.ZG,2021,25.7542948841891
AGO,Angola,FP.CPI.TOTL.ZG,2022,21.3552901320822
AGO,Angola,FP.CPI.TOTL.ZG,2023,13.6441017767715
ALB,Albania,FP.CPI.TOTL.ZG,2020,1.62088661717021
ALB,Albania,FP.CPI.TOTL.ZG,2021,2.04147163139545
ALB,Albania,FP.CPI.TOTL.ZG,2022,6.72520271530059
ALB,Albania,FP.CPI.TOTL.ZG,2023,4.75834555150038
ARB,Arab World,FP.CPI.TOTL.ZG,2020,1.44703656998741
ARB,Arab World,FP.CPI.TOTL.ZG,2021,2.86833027751015
ARB,Arab World,FP.CPI.TOTL.ZG,2022,5.17222088647606
ARB,Arab World,FP.CPI.TOTL.ZG,2023,4.00025877060152
ARE,United Arab Emirates,FP.CPI.TOTL.ZG,2020,-2.07940317940944
ARE,United Arab Emirates,FP.CPI.TOTL.ZG,2021,0.179935336174431
ARE,United Arab Emirates,FP.CPI.TOTL.ZG,2022,5.29122604376849
ARE,United Arab Emirates,FP.CPI.TOTL.ZG,2023,1.62670837213248
ARG,Argentina,FP.CPI.TOTL.ZG,2020,42.0150947376509
ARG,Argentina,FP.CPI.TOTL.ZG,2021,48.4093786255199
ARG,Argentina,FP.CPI.TOTL.ZG,2022,72.430757531824
ARG,Argentina,FP.CPI.TOTL.ZG,2023,133.488935594175
ARM,Armenia,FP.CPI.TOTL.ZG,2020,1.21143577838465
ARM,Armenia,FP.CPI.TOTL.ZG,2021,7.18483629443371
ARM,Armenia,FP.CPI.TOTL.ZG,2022,8.64091108973855
ARM,Armenia,FP.CPI.TOTL.ZG,2023,1.98041877615554
ATG,Antigua and Barbuda,FP.CPI.TOTL.ZG,2020,0.625989707046719
ATG,Antigua and Barbuda,FP.CPI.TOTL.ZG,2021,2.06299638545334
ATG,Antigua and Barbuda,FP.CPI.TOTL.ZG,2022,7.53107834634288
ATG,Antigua and Barbuda,FP.CPI.TOTL.ZG,2023,5.06713865364213
AUS,Australia,FP.CPI.TOTL.ZG,2020,0.846900734607273
AUS,Australia,FP.CPI.TOTL.ZG,2021,2.86391284709318
AUS,Australia,FP.CPI.TOTL.ZG,2022,6.59409658717841
AUS,Australia,FP.CPI.TOTL.ZG,2023,5.59701792296707
AUT,Austria,FP.CPI.TOTL.ZG,2020,1.38191063351854
AUT,Austria,FP.CPI.TOTL.ZG,2021,2.7666666666667
AUT,Austria,FP.CPI.TOTL.ZG,2022,8.54686993188458
AUT,Austria,FP.CPI.TOTL.ZG,2023,7.81413417002831
AZE,Azerbaijan,FP.CPI.TOTL.ZG,2020,2.75980947008127
AZE,Azerbaijan,FP.CPI.TOTL.ZG,2021,6.65029912708779
AZE,Azerbaijan,FP.CPI.TOTL.ZG,2022,13.8522590144267
AZE,Azerbaijan,FP.CPI.TOTL.ZG,2023,8.78543049849081
BDI,Burundi,FP.CPI.TOTL.ZG,2020,7.32110643415521
BDI,Burundi,FP.CPI.TOTL.ZG,2021,8.40453845076341
BDI,Burundi,FP.CPI.TOTL.ZG,2022,18.8008786664945
BDI,Burundi,FP.CPI.TOTL.ZG,2023,26.9414835762453
BEL,Belgium,FP.CPI.TOTL.ZG,2020,0.740791812220344
BEL,Belgium,FP.CPI.TOTL.ZG,2021,2.44024851144084
BEL,Belgium,FP.CPI.TOTL.ZG,2022,9.597511728725
BEL,Belgium,FP.CPI.TOTL.ZG,2023,4.04901077613941
BEN,Benin,FP.CPI.TOTL.ZG,2020,3.02272119663759
BEN,Benin,FP.CPI.TOTL.ZG,2021,1.73353962694036
BEN,Benin,FP.CPI.TOTL.ZG,2022,1.35077863583527
BEN,Benin,FP.CPI.TOTL.ZG,2023,2.73870078406075
BFA,Burkina Faso,FP.CPI.TOTL.ZG,2020,1.88470066518847
BFA,Burkina Faso,FP.CPI.TOTL.ZG,2021,3.65326761825509
BFA,Burkina Faso,FP.CPI.TOTL.ZG,2022,14.2902354303358
BFA,Burkina Faso,FP.CPI.TOTL.ZG,2023,0.742910428668918
BGD,Bangladesh,FP.CPI.TOTL.ZG,2020,5.69107474746211
BGD,Bangladesh,FP.CPI.TOTL.ZG,2021,5.54565430773473
BGD,Bangladesh,FP.CPI.TOTL.ZG,2022,7.69695437176898
BGD,Bangladesh,FP.CPI.TOTL.ZG,2023,9.8835030377921
BGR,Bulgaria,FP.CPI.TOTL.ZG,2020,1.67244096855756
BGR,Bulgaria,FP.CPI.TOTL.ZG,2021,3.29774435299506
BGR,Bulgaria,FP.CPI.TOTL.ZG,2022,15.3252589264367
BGR,Bulgaria,FP.CPI.TOTL.ZG,2023,9.44284140088564
BHR,Bahrain,FP.CPI.TOTL.ZG,2020,-2.31770629331379
BHR,Bahrain,FP.CPI.TOTL.ZG,2021,-0.60631938514085
BHR,Bahrain,FP.CPI.TOTL.ZG,2022,3.62574104304482
BHR,Bahrain,FP.CPI.TOTL.ZG,2023,0.0746206782192256
BHS,"Bahamas, The",FP.CPI.TOTL.ZG,2020,0.0385210980054558
BHS,"Bahamas, The",FP.CPI.TOTL.ZG,2021,2.90491262928478
BHS,"Bahamas, The",FP.CPI.TOTL.ZG,2022,5.60540633583044
BHS,"Bahamas, The",FP.CPI.TOTL.ZG,2023,3.05291578969743
BIH,Bosnia and Herzegovina,FP.CPI.TOTL.ZG,2020,-1.0512960076349
BIH,Bosnia and Herzegovina,FP.CPI.TOTL.ZG,2021,1.98163900587622
BIH,Bosnia and Herzegovina,FP.CPI.TOTL.ZG,2022,14.0208440826771
BIH,Bosnia and Herzegovina,FP.CPI.TOTL.ZG,2023,6.1059011284828
BLR,Belarus,FP.CPI.TOTL.ZG,2020,5.54814357456519
BLR,Belarus,FP.CPI.TOTL.ZG,2021,9.46028389623099
BLR,Belarus,FP.CPI.TOTL.ZG,2022,15.209675274081
BLR,Belarus,FP.CPI.TOTL.ZG,2023,5.0005990309131
BLZ,Belize,FP.CPI.TOTL.ZG,2020,0.121434644614894
BLZ,Belize,FP.CPI.TOTL.ZG,2021,3.23563659237071
BLZ,Belize,FP.CPI.TOTL.ZG,2022,6.27689319447544
BLZ,Belize,FP.CPI.TOTL.ZG,2023,4.38984017487675
BOL,Bolivia,FP.CPI.TOTL.ZG,2020,0.940742153381849
BOL,Bolivia,FP.CPI.TOTL.ZG,2021,0.737383721452275
BOL,Bolivia,FP.CPI.TOTL.ZG,2022,1.74632872945969
BOL,Bolivia,FP.CPI.TOTL.ZG,2023,2.57688800489192
BRA,Brazil,FP.CPI.TOTL.ZG,2020,3.21176803803376
BRA,Brazil,FP.CPI.TOTL.ZG,2021,8.30165975585673
BRA,Brazil,FP.CPI.TOTL.ZG,2022,9.28010608956873
BRA,Brazil,FP.CPI.TOTL.ZG,2023,4.59356282283204
BRB,Barbados,FP.CPI.TOTL.ZG,2023,3.18718905472632
BRN,Brunei Darussalam,FP.CPI.TOTL.ZG,2020,1.94031996607184
BRN,Brunei Darussalam,FP.CPI.TOTL.ZG,2021,1.73341388450593
BRN,Brunei Darussalam,FP.CPI.TOTL.ZG,2022,3.68225030604216
BRN,Brunei Darussalam,FP.CPI.TOTL.ZG,2023,0.35706431153689
BTN,Bhutan,FP.CPI.TOTL.ZG,2020,5.62936522632508
BTN,Bhutan,FP.CPI.TOTL.ZG,2021,7.3468144053353
BTN,Bhutan,FP.CPI.TOTL.ZG,2022,5.6391667139637
BTN,Bhutan,FP.CPI.TOTL.ZG,2023,4.22934419929251
BWA,Botswana,FP.CPI.TOTL.ZG,2020,1.8903591682421
BWA,Botswana,FP.CPI.TOTL.ZG,2021,7.24097765588442
BWA,Botswana,FP.CPI.TOTL.ZG,2022,11.665567478802
BWA,Botswana,FP.CPI.TOTL.ZG,2023,5.0676154934383
CAF,Central African Republic,FP.CPI.TOTL.ZG,2020,1.71015659523153
CAF,Central African Republic,FP.CPI.TOTL.ZG,2021,4.25936417542868
CAF,Central African Republic,FP.CPI.TOTL.ZG,2022,5.58316735183247
CAF,Central African Republic,FP.CPI.TOTL.ZG,2023,2.97913852618937
CAN,Canada,FP.CPI.TOTL.ZG,2020,0.716999632307827
CAN,Canada,FP.CPI.TOTL.ZG,2021,3.39519318527528
CAN,Canada,FP.CPI.TOTL.ZG,2022,6.80280115341613
CAN,Canada,FP.CPI.TOTL.ZG,2023,3.87900159788426
CEB,Central Europe and the Baltics,FP.CPI.TOTL.ZG,2020,1.67244096855756
CEB,Central Europe and the Baltics,FP.CPI.TOTL.ZG,2021,3.83984491500146
CEB,Central Europe and the Baltics,FP.CPI.TOTL.ZG,2022,14.6081439492433
CEB,Central Europe and the Baltics,FP.CPI.TOTL.ZG,2023,9.44284140088564
CHE,Switzerland,FP.CPI.TOTL.ZG,2020,-0.725874933313403
CHE,Switzerland,FP.CPI.TOTL.ZG,2021,0.581814168489856
CHE,Switzerland,FP.CPI.TOTL.ZG,2022,2.83502798644451
CHE,Switzerland,FP.CPI.TOTL.ZG,2023,2.13540088016387
CHL,Chile,FP.CPI.TOTL.ZG,2020,3.04549084804326
CHL,Chile,FP.CPI.TOTL.ZG,2021,4.52456838259144
CHL,Chile,FP.CPI.TOTL.ZG,2022,11.643866711056
CHL,Chile,FP.CPI.TOTL.ZG,2023,7.58168251407962
CHN,China,FP.CPI.TOTL.ZG,2020,2.41942189457782
CHN,China,FP.CPI.TOTL.ZG,2021,0.981015135544882
CHN,China,FP.CPI.TOTL.ZG,2022,1.97357555739051
CHN,China,FP.CPI.TOTL.ZG,2023,0.234836828893051
CIV,Cote d'Ivoire,FP.CPI.TOTL.ZG,2020,2.41252617189053
CIV,Cote d'Ivoire,FP.CPI.TOTL.ZG,2021,4.15919657911798
CIV,Cote d'Ivoire,FP.CPI.TOTL.ZG,2022,5.23352856100843
CIV,Cote d'Ivoire,FP.CPI.TOTL.ZG,2023,4.36972254867474
CMR,Cameroon,FP.CPI.TOTL.ZG,2020,2.43760882182236
CMR,Cameroon,FP.CPI.TOTL.ZG,2021,2.27185762503637
CMR,Cameroon,FP.CPI.TOTL.ZG,2022,6.24767713343861
CMR,Cameroon,FP.CPI.TOTL.ZG,2023,7.38281384280984
COG,"Congo, Rep.",FP.CPI.TOTL.ZG,2020,1.79537147083108
COG,"Congo, Rep.",FP.CPI.TOTL.ZG,2021,1.7156427545126
COG,"Congo, Rep.",FP.CPI.TOTL.ZG,2022,3.04344334698478
COG,"Congo, Rep.",FP.CPI.TOTL.ZG,2023,4.30174563591016
COL,Colombia,FP.CPI.TOTL.ZG,2020,2.52663500084706
COL,Colombia,FP.CPI.TOTL.ZG,2021,3.49505757399448
COL,Colombia,FP.CPI.TOTL.ZG,2022,10.1772313546166
COL,Colombia,FP.CPI.TOTL.ZG,2023,11.7359044948689
COM,Comoros,FP.CPI.TOTL.ZG,2020,0.786641929499151
COM,Comoros,FP.CPI.TOTL.ZG,2021,-0.00441793682346988
COM,Comoros,FP.CPI.TOTL.ZG,2022,12.5320314570999
COM,Comoros,FP.CPI.TOTL.ZG,2023,8.37373955490996
CPV,Cabo Verde,FP.CPI.TOTL.ZG,2020,0.605795808395385
CPV,Cabo Verde,FP.CPI.TOTL.ZG,2021,1.86215297494647
CPV,Cabo Verde,FP.CPI.TOTL.ZG,2022,7.93092925430087
CPV,Cabo Verde,FP.CPI.TOTL.ZG,2023,3.72437517668748
CRI,Costa Rica,FP.CPI.TOTL.ZG,2020,0.724911478131376
CRI,Costa Rica,FP.CPI.TOTL.ZG,2021,1.72647755109241
CRI,Costa Rica,FP.CPI.TOTL.ZG,2022,8.27477490232654
CRI,Costa Rica,FP.CPI.TOTL.ZG,2023,0.525193508693455
CSS,Caribbean small states,FP.CPI.TOTL.ZG,2020,0.121434644614894
CSS,Caribbean small states,FP.CPI.TOTL.ZG,2021,2.22891330700344
CSS,Caribbean small states,FP.CPI.TOTL.ZG,2022,5.82838638517959
CSS,Caribbean small states,FP.CPI.TOTL.ZG,2023,4.10449281822017
CYP,Cyprus,FP.CPI.TOTL.ZG,2020,-0.638422797978861
CYP,Cyprus,FP.CPI.TOTL.ZG,2021,2.44608867175474
CYP,Cyprus,FP.CPI.TOTL.ZG,2022,8.39548297993334
CYP,Cyprus,FP.CPI.TOTL.ZG,2023,3.54134188751646
CZE,Czechia,FP.CPI.TOTL.ZG,2020,3.1612952849781
CZE,Czechia,FP.CPI.TOTL.ZG,2021,3.83984491500146
CZE,Czechia,FP.CPI.TOTL.ZG,2022,15.1001651468371
CZE,Czechia,FP.CPI.TOTL.ZG,2023,10.6612601372427
DEU,Germany,FP.CPI.TOTL.ZG,2020,0.144877925813982
DEU,Germany,FP.CPI.TOTL.ZG,2021,3.06666666666673
DEU,Germany,FP.CPI.TOTL.ZG,2022,6.87257438551097
DEU,Germany,FP.CPI.TOTL.ZG,2023,5.94643667725823
DJI,Djibouti,FP.CPI.TOTL.ZG,2020,1.77900535643955
DJI,Djibouti,FP.CPI.TOTL.ZG,2021,1.18086783934059
DJI,Djibouti,FP.CPI.TOTL.ZG,2022,5.17222088647606
DJI,Djibouti,FP.CPI.TOTL.ZG,2023,1.44905087029086
DMA,Dominica,FP.CPI.TOTL.ZG,2020,1.22026442242476
DMA,Dominica,FP.CPI.TOTL.ZG,2021,2.22891330700344
DMA,Dominica,FP.CPI.TOTL.ZG,2022,2.88490226829353
DMA,Dominica,FP.CPI.TOTL.ZG,2023,5.08677483158112
DNK,Denmark,FP.CPI.TOTL.ZG,2020,0.420711974110025
DNK,Denmark,FP.CPI.TOTL.ZG,2021,1.85304543989689
DNK,Denmark,FP.CPI.TOTL.ZG,2022,7.6965669988926
DNK,Denmark,FP.CPI.TOTL.ZG,2023,3.30517811237606
DOM,Dominican Republic,FP.CPI.TOTL.ZG,2020,3.78103179915517
DOM,Dominican Republic,FP.CPI.TOTL.ZG,2021,8.24300347981809
DOM,Dominican Republic,FP.CPI.TOTL.ZG,2022,8.81109209279587
DOM,Dominican Republic,FP.CPI.TOTL.ZG,2023,4.78561281021135
DZA,Algeria,FP.CPI.TOTL.ZG,2020,2.41513094083414
DZA,Algeria,FP.CPI.TOTL.ZG,2021,7.22606307415477
DZA,Algeria,FP.CPI.TOTL.ZG,2022,9.26551551551553
DZA,Algeria,FP.CPI.TOTL.ZG,2023,9.32217375928322
EAP,East Asia & Pacific (excluding high income),FP.CPI.TOTL.ZG,2020,2.40629214387011
EAP,East Asia & Pacific (excluding high income),FP.CPI.TOTL.ZG,2021,2.69891859529198
EAP,East Asia & Pacific (excluding high income),FP.CPI.TOTL.ZG,2022,5.66964369895446
EAP,East Asia & Pacific (excluding high income),FP.CPI.TOTL.ZG,2023,5.88585897042164
EAR,Early-demographic dividend,FP.CPI.TOTL.ZG,2020,2.96354992076065
EAR,Early-demographic dividend,FP.CPI.TOTL.ZG,2021,4.12676744440695
EAR,Early-demographic dividend,FP.CPI.TOTL.ZG,2022,7.19861615609867
EAR,Early-demographic dividend,FP.CPI.TOTL.ZG,2023,5.88585897042164
EAS,East Asia & Pacific,FP.CPI.TOTL.ZG,2020,0.846900734607273
EAS,East Asia & Pacific,FP.CPI.TOTL.ZG,2021,2.47710241465447
EAS,East Asia & Pacific,FP.CPI.TOTL.ZG,2022,5.51812928576938
EAS,East Asia & Pacific,FP.CPI.TOTL.ZG,2023,4.25155508842779
ECA,Europe & Central Asia (excluding high income),FP.CPI.TOTL.ZG,2020,2.74615078213777
ECA,Europe & Central Asia (excluding high income),FP.CPI.TOTL.ZG,2021,6.91756771076075
ECA,Europe & Central Asia (excluding high income),FP.CPI.TOTL.ZG,2022,13.8875841659221
ECA,Europe & Central Asia (excluding high income),FP.CPI.TOTL.ZG,2023,9.07365149809048
ECS,Europe & Central Asia,FP.CPI.TOTL.ZG,2020,1.19998396936019
ECS,Europe & Central Asia,FP.CPI.TOTL.ZG,2021,3.19017771027094
ECS,Europe & Central Asia,FP.CPI.TOTL.ZG,2022,11.1136121878761
ECS,Europe & Central Asia,FP.CPI.TOTL.ZG,2023,7.12042212089904
ECU,Ecuador,FP.CPI.TOTL.ZG,2020,-0.338872392562139
ECU,Ecuador,FP.CPI.TOTL.ZG,2021,0.133251386096389
ECU,Ecuador,FP.CPI.TOTL.ZG,2022,3.46616972213077
ECU,Ecuador,FP.CPI.TOTL.ZG,2023,2.21568764237058
EGY,"Egypt, Arab Rep.",FP.CPI.TOTL.ZG,2020,5.04493288977539
EGY,"Egypt, Arab Rep.",FP.CPI.TOTL.ZG,2021,5.21404940513043
EGY,"Egypt, Arab Rep.",FP.CPI.TOTL.ZG,2022,13.8956609775178
EGY,"Egypt, Arab Rep.",FP.CPI.TOTL.ZG,2023,33.8847763115546
EMU,Euro area,FP.CPI.TOTL.ZG,2020,0.219064904841985
EMU,Euro area,FP.CPI.TOTL.ZG,2021,2.52692009066166
EMU,Euro area,FP.CPI.TOTL.ZG,2022,8.54686993188458
EMU,Euro area,FP.CPI.TOTL.ZG,2023,5.94643667725823
ESP,Spain,FP.CPI.TOTL.ZG,2020,-0.322753017299649
ESP,Spain,FP.CPI.TOTL.ZG,2021,3.09313511976402
ESP,Spain,FP.CPI.TOTL.ZG,2022,8.39057634118637
ESP,Spain,FP.CPI.TOTL.ZG,2023,3.53236133492433
EST,Estonia,FP.CPI.TOTL.ZG,2020,-0.44453109767983
EST,Estonia,FP.CPI.TOTL.ZG,2021,4.65316673847473
EST,Estonia,FP.CPI.TOTL.ZG,2022,19.3982634080616
EST,Estonia,FP.CPI.TOTL.ZG,2023,9.15922507983982
ETH,Ethiopia,FP.CPI.TOTL.ZG,2020,20.3563468559061
ETH,Ethiopia,FP.CPI.TOTL.ZG,2021,26.8395221557722
ETH,Ethiopia,FP.CPI.TOTL.ZG,2022,33.8898797100898
ETH,Ethiopia,FP.CPI.TOTL.ZG,2023,30.2188278135278
EUU,European Union,FP.CPI.TOTL.ZG,2020,0.476498852725065
EUU,European Union,FP.CPI.TOTL.ZG,2021,2.55450699642041
EUU,European Union,FP.CPI.TOTL.ZG,2022,8.83369886749452
EUU,European Union,FP.CPI.TOTL.ZG,2023,6.29942487419125
FIN,Finland,FP.CPI.TOTL.ZG,2020,0.290554555653239
FIN,Finland,FP.CPI.TOTL.ZG,2021,2.19457432339998
FIN,Finland,FP.CPI.TOTL.ZG,2022,7.12350773301412
FIN,Finland,FP.CPI.TOTL.ZG,2023,6.25064322154763
FJI,Fiji,FP.CPI.TOTL.ZG,2020,-1.70014167847318
FJI,Fiji,FP.CPI.TOTL.ZG,2021,1.53454853751592
FJI,Fiji,FP.CPI.TOTL.ZG,2022,6.07882431529725
FJI,Fiji,FP.CPI.TOTL.ZG,2023,2.97544080604539
FRA,France,FP.CPI.TOTL.ZG,2020,0.476498852725065
FRA,France,FP.CPI.TOTL.ZG,2021,1.64233141038394
FRA,France,FP.CPI.TOTL.ZG,2022,5.22236748369725
FRA,France,FP.CPI.TOTL.ZG,2023,4.8783572650844
FSM,"Micronesia, Fed. Sts.",FP.CPI.TOTL.ZG,2020,0.554594630853174
FSM,"Micronesia, Fed. Sts.",FP.CPI.TOTL.ZG,2021,3.19128406597466
FSM,"Micronesia, Fed. Sts.",FP.CPI.TOTL.ZG,2022,5.40874375479067
GAB,Gabon,FP.CPI.TOTL.ZG,2020,1.35276110675333
GAB,Gabon,FP.CPI.TOTL.ZG,2021,1.0869074651941
GAB,Gabon,FP.CPI.TOTL.ZG,2022,4.23124798274579
GAB,Gabon,FP.CPI.TOTL.ZG,2023,3.62901534185376
GBR,United Kingdom,FP.CPI.TOTL.ZG,2020,0.989486703772491
GBR,United Kingdom,FP.CPI.TOTL.ZG,2021,2.51837109614213
GBR,United Kingdom,FP.CPI.TOTL.ZG,2022,7.92204883147902
GBR,United Kingdom,FP.CPI.TOTL.ZG,2023,6.79396706793963
GEO,Georgia,FP.CPI.TOTL.ZG,2020,5.2024648897534
GEO,Georgia,FP.CPI.TOTL.ZG,2021,9.56691433824769
GEO,Georgia,FP.CPI.TOTL.ZG,2022,11.8981654203198
GEO,Georgia,FP.CPI.TOTL.ZG,2023,2.48776056578715
GHA,Ghana,FP.CPI.TOTL.ZG,2020,9.88728956269944
GHA,Ghana,FP.CPI.TOTL.ZG,2021,9.9710886750444
GHA,Ghana,FP.CPI.TOTL.ZG,2022,31.2558951049016
GHA,Ghana,FP.CPI.TOTL.ZG,2023,38.1069656296501
GIN,Guinea,FP.CPI.TOTL.ZG,2020,10.6016203387167
GIN,Guinea,FP.CPI.TOTL.ZG,2021,12.5972882566934
GIN,Guinea,FP.CPI.TOTL.ZG,2022,10.4930409984424
GIN,Guinea,FP.CPI.TOTL.ZG,2023,7.80497591927973
GMB,"Gambia, The",FP.CPI.TOTL.ZG,2020,5.93127636562441
GMB,"Gambia, The",FP.CPI.TOTL.ZG,2021,7.37034758876618
GMB,"Gambia, The",FP.CPI.TOTL.ZG,2022,11.5131198380505
GMB,"Gambia, The",FP.CPI.TOTL.ZG,2023,16.9742129632327
GNB,Guinea-Bissau,FP.CPI.TOTL.ZG,2020,1.14000939393222
GNB,Guinea-Bissau,FP.CPI.TOTL.ZG,2021,2.24248879577658
GNB,Guinea-Bissau,FP.CPI.TOTL.ZG,2022,9.39075933985203
GNB,Guinea-Bissau,FP.CPI.TOTL.ZG,2023,7.10220928557059
GNQ,Equatorial Guinea,FP.CPI.TOTL.ZG,2020,4.76669523944228
GNQ,Equatorial Guinea,FP.CPI.TOTL.ZG,2021,-0.0971007664640198
GNQ,Equatorial Guinea,FP.CPI.TOTL.ZG,2022,4.78671704710803
GNQ,Equatorial Guinea,FP.CPI.TOTL.ZG,2023,2.85949506037322
GRC,Greece,FP.CPI.TOTL.ZG,2020,-1.24798355581405
GRC,Greece,FP.CPI.TOTL.ZG,2021,1.22382501019854
GRC,Greece,FP.CPI.TOTL.ZG,2022,9.64525981280632
GRC,Greece,FP.CPI.TOTL.ZG,2023,3.46480128513405
GRD,Grenada,FP.CPI.TOTL.ZG,2020,-0.740732597045498
GRD,Grenada,FP.CPI.TOTL.ZG,2021,1.21951193916838
GRD,Grenada,FP.CPI.TOTL.ZG,2022,2.5805392590792
GRD,Grenada,FP.CPI.TOTL.ZG,2023,2.69612269814564
GTM,Guatemala,FP.CPI.TOTL.ZG,2020,3.21444062197345
GTM,Guatemala,FP.CPI.TOTL.ZG,2021,4.26105127422813
GTM,Guatemala,FP.CPI.TOTL.ZG,2022,6.88512823344287
GTM,Guatemala,FP.CPI.TOTL.ZG,2023,6.20657592272126
GUY,Guyana,FP.CPI.TOTL.ZG,2020,0.722434045501787
GUY,Guyana,FP.CPI.TOTL.ZG,2021,4.50619858925893
GUY,Guyana,FP.CPI.TOTL.ZG,2022,6.93346066500816
GUY,Guyana,FP.CPI.TOTL.ZG,2023,2.82159393090811
HKG,"Hong Kong SAR, China",FP.CPI.TOTL.ZG,2020,0.2509620210808
HKG,"Hong Kong SAR, China",FP.CPI.TOTL.ZG,2021,1.56875834445922
HKG,"Hong Kong SAR, China",FP.CPI.TOTL.ZG,2022,1.88136707196853
HKG,"Hong Kong SAR, China",FP.CPI.TOTL.ZG,2023,2.09660511249089
HND,Honduras,FP.CPI.TOTL.ZG,2020,3.46841177951171
HND,Honduras,FP.CPI.TOTL.ZG,2021,4.48087963413446
HND,Honduras,FP.CPI.TOTL.ZG,2022,9.08963911525032
HND,Honduras,FP.CPI.TOTL.ZG,2023,6.66325180347463
HPC,Heavily indebted poor countries (HIPC),FP.CPI.TOTL.ZG,2020,3.47617372722187
HPC,Heavily indebted poor countries (HIPC),FP.CPI.TOTL.ZG,2021,4.37012190478157
HPC,Heavily indebted poor countries (HIPC),FP.CPI.TOTL.ZG,2022,9.65914753785069
HPC,Heavily indebted poor countries (HIPC),FP.CPI.TOTL.ZG,2023,7.12697482131851
HRV,Croatia,FP.CPI.TOTL.ZG,2020,0.154811374562106
HRV,Croatia,FP.CPI.TOTL.ZG,2021,2.55450699642041
HRV,Croatia,FP.CPI.TOTL.ZG,2022,10.7805806758686
HRV,Croatia,FP.CPI.TOTL.ZG,2023,7.94128177586822
HTI,Haiti,FP.CPI.TOTL.ZG,2020,22.7963113642528
HTI,Haiti,FP.CPI.TOTL.ZG,2021,16.8415240198785
HTI,Haiti,FP.CPI.TOTL.ZG,2022,33.98393194707
HTI,Haiti,FP.CPI.TOTL.ZG,2023,36.8135162780854
HUN,Hungary,FP.CPI.TOTL.ZG,2020,3.32674385766738
HUN,Hungary,FP.CPI.TOTL.ZG,2021,5.11096534382855
HUN,Hungary,FP.CPI.TOTL.ZG,2022,14.6081439492433
HUN,Hungary,FP.CPI.TOTL.ZG,2023,17.1249659678737
IBD,IBRD only,FP.CPI.TOTL.ZG,2020,2.41513094083414
IBD,IBRD only,FP.CPI.TOTL.ZG,2021,4.27166381536798
IBD,IBRD only,FP.CPI.TOTL.ZG,2022,9.10437983075437
IBD,IBRD only,FP.CPI.TOTL.ZG,2023,5.87451911590197
IBT,IDA & IBRD total,FP.CPI.TOTL.ZG,2020,2.8981937602627
IBT,IDA & IBRD total,FP.CPI.TOTL.ZG,2021,4.25936417542868
IBT,IDA & IBRD total,FP.CPI.TOTL.ZG,2022,9.08963911525032
IBT,IDA & IBRD total,FP.CPI.TOTL.ZG,2023,6.09114152504141
IDA,IDA total,FP.CPI.TOTL.ZG,2020,3.47617372722187
IDA,IDA total,FP.CPI.TOTL.ZG,2021,4.17270582217659
IDA,IDA total,FP.CPI.TOTL.ZG,2022,8.6807215073403
IDA,IDA total,FP.CPI.TOTL.ZG,2023,7.10220928557059
IDB,IDA blend,FP.CPI.TOTL.ZG,2020,2.1039488213608
IDB,IDA blend,FP.CPI.TOTL.ZG,2021,3.46677876951929
IDB,IDA blend,FP.CPI.TOTL.ZG,2022,6.64110132423665
IDB,IDA blend,FP.CPI.TOTL.ZG,2023,4.56457719814894
IDN,Indonesia,FP.CPI.TOTL.ZG,2020,1.91983527270793
IDN,Indonesia,FP.CPI.TOTL.ZG,2021,1.56007882983334
IDN,Indonesia,FP.CPI.TOTL.ZG,2022,4.20946463714784
IDN,Indonesia,FP.CPI.TOTL.ZG,2023,3.66938654859761
IDX,IDA only,FP.CPI.TOTL.ZG,2020,3.94180326908065
IDX,IDA only,FP.CPI.TOTL.ZG,2021,4.37012190478157
IDX,IDA only,FP.CPI.TOTL.ZG,2022,9.57337118555953
IDX,IDA only,FP.CPI.TOTL.ZG,2023,7.12142371831339
IND,India,FP.CPI.TOTL.ZG,2020,6.6234367762853
IND,India,FP.CPI.TOTL.ZG,2021,5.13140747176364
IND,India,FP.CPI.TOTL.ZG,2022,6.69903414079858
IND,India,FP.CPI.TOTL.ZG,2023,5.64914318907925
IRL,Ireland,FP.CPI.TOTL.ZG,2020,-0.326183651280033
IRL,Ireland,FP.CPI.TOTL.ZG,2021,2.34034113447044
IRL,Ireland,FP.CPI.TOTL.ZG,2022,7.82945736434105
IRL,Ireland,FP.CPI.TOTL.ZG,2023,6.29942487419125
IRN,"Iran, Islamic Rep.",FP.CPI.TOTL.ZG,2020,30.5941390387295
IRN,"Iran, Islamic Rep.",FP.CPI.TOTL.ZG,2021,43.3890162681514
IRN,"Iran, Islamic Rep.",FP.CPI.TOTL.ZG,2022,43.4884641742179
IRN,"Iran, Islamic Rep.",FP.CPI.TOTL.ZG,2023,44.5791857572797
IRQ,Iraq,FP.CPI.TOTL.ZG,2020,0.574162679425856
IRQ,Iraq,FP.CPI.TOTL.ZG,2021,6.04186489058043
IRQ,Iraq,FP.CPI.TOTL.ZG,2022,4.9947659638103
IRQ,Iraq,FP.CPI.TOTL.ZG,2023,4.35835351089595
ISL,Iceland,FP.CPI.TOTL.ZG,2020,2.84792401518657
ISL,Iceland,FP.CPI.TOTL.ZG,2021,4.44423970189746
ISL,Iceland,FP.CPI.TOTL.ZG,2022,8.30875511558912
ISL,Iceland,FP.CPI.TOTL.ZG,2023,8.73630299937298
ISR,Israel,FP.CPI.TOTL.ZG,2020,-0.575254620897756
ISR,Israel,FP.CPI.TOTL.ZG,2021,1.47965474722561
ISR,Israel,FP.CPI.TOTL.ZG,2022,4.41162725488371
ISR,Israel,FP.CPI.TOTL.ZG,2023,4.22522603168918
ITA,Italy,FP.CPI.TOTL.ZG,2020,-0.13770757391651
ITA,Italy,FP.CPI.TOTL.ZG,2021,1.87378325762481
ITA,Italy,FP.CPI.TOTL.ZG,2022,8.20128991161718
ITA,Italy,FP.CPI.TOTL.ZG,2023,5.62219442195901
JAM,Jamaica,FP.CPI.TOTL.ZG,2020,5.2267777929352
JAM,Jamaica,FP.CPI.TOTL.ZG,2021,5.86278242801063
JAM,Jamaica,FP.CPI.TOTL.ZG,2022,10.3495688391272
JAM,Jamaica,FP.CPI.TOTL.ZG,2023,6.47413734662063
JOR,Jordan,FP.CPI.TOTL.ZG,2020,0.333294350628378
JOR,Jordan,FP.CPI.TOTL.ZG,2021,1.34609377243118
JOR,Jordan,FP.CPI.TOTL.ZG,2022,4.22915568897117
JOR,Jordan,FP.CPI.TOTL.ZG,2023,2.08486986327134
JPN,Japan,FP.CPI.TOTL.ZG,2020,-0.024995834027731
JPN,Japan,FP.CPI.TOTL.ZG,2021,-0.233352779398264
JPN,Japan,FP.CPI.TOTL.ZG,2022,2.49770278172255
JPN,Japan,FP.CPI.TOTL.ZG,2023,3.26813365933163
KAZ,Kazakhstan,FP.CPI.TOTL.ZG,2020,6.71815454861458
KAZ,Kazakhstan,FP.CPI.TOTL.ZG,2021,8.04147134028401
KAZ,Kazakhstan,FP.CPI.TOTL.ZG,2022,15.0278644440851
KAZ,Kazakhstan,FP.CPI.TOTL.ZG,2023,14.5275597825952
KEN,Kenya,FP.CPI.TOTL.ZG,2020,5.40516207933392
KEN,Kenya,FP.CPI.TOTL.ZG,2021,6.10793603659176
KEN,Kenya,FP.CPI.TOTL.ZG,2022,7.65986268272224
KEN,Kenya,FP.CPI.TOTL.ZG,2023,7.67139634029402
KGZ,Kyrgyz Republic,FP.CPI.TOTL.ZG,2020,6.32542296338078
KGZ,Kyrgyz Republic,FP.CPI.TOTL.ZG,2021,11.9050398185147
KGZ,Kyrgyz Republic,FP.CPI.TOTL.ZG,2022,13.9229093174176
KGZ,Kyrgyz Republic,FP.CPI.TOTL.ZG,2023,10.7532770416742
KHM,Cambodia,FP.CPI.TOTL.ZG,2020,2.9402951426397
KHM,Cambodia,FP.CPI.TOTL.ZG,2021,2.92073477592949
KHM,Cambodia,FP.CPI.TOTL.ZG,2022,5.34370264895437
KHM,Cambodia,FP.CPI.TOTL.ZG,2023,2.12746796594194
KIR,Kiribati,FP.CPI.TOTL.ZG,2020,2.5532455441463
KIR,Kiribati,FP.CPI.TOTL.ZG,2021,2.05361676773907
KIR,Kiribati,FP.CPI.TOTL.ZG,2022,5.34595440908904
KIR,Kiribati,FP.CPI.TOTL.ZG,2023,9.28307374517721
KNA,St. Kitts and Nevis,FP.CPI.TOTL.ZG,2020,-1.16724501769353
KNA,St. Kitts and Nevis,FP.CPI.TOTL.ZG,2021,1.195688870384
KNA,St. Kitts and Nevis,FP.CPI.TOTL.ZG,2022,2.66817533111249
KNA,St. Kitts and Nevis,FP.CPI.TOTL.ZG,2023,3.55711230848243
KOR,"Korea, Rep.",FP.CPI.TOTL.ZG,2020,0.537288023411737
KOR,"Korea, Rep.",FP.CPI.TOTL.ZG,2021,2.49833333333339
KOR,"Korea, Rep.",FP.CPI.TOTL.ZG,2022,5.08951365062842
KOR,"Korea, Rep.",FP.CPI.TOTL.ZG,2023,3.5974562502901
KWT,Kuwait,FP.CPI.TOTL.ZG,2020,2.101729548274
KWT,Kuwait,FP.CPI.TOTL.ZG,2021,3.42362947609188
KWT,Kuwait,FP.CPI.TOTL.ZG,2022,3.98064961990313
KWT,Kuwait,FP.CPI.TOTL.ZG,2023,3.64216403030709
LAC,Latin America & Caribbean (excluding high income),FP.CPI.TOTL.ZG,2020,2.52663500084706
LAC,Latin America & Caribbean (excluding high income),FP.CPI.TOTL.ZG,2021,4.27166381536798
LAC,Latin America & Caribbean (excluding high income),FP.CPI.TOTL.ZG,2022,8.81109209279587
LAC,Latin America & Caribbean (excluding high income),FP.CPI.TOTL.ZG,2023,5.08677483158112
LAO,Lao PDR,FP.CPI.TOTL.ZG,2020,5.10407262959919
LAO,Lao PDR,FP.CPI.TOTL.ZG,2021,3.75562036658877
LAO,Lao PDR,FP.CPI.TOTL.ZG,2022,22.9562225132056
LAO,Lao PDR,FP.CPI.TOTL.ZG,2023,31.2301341732646
LBN,Lebanon,FP.CPI.TOTL.ZG,2020,84.8643330472041
LBN,Lebanon,FP.CPI.TOTL.ZG,2021,154.756096023393
LBN,Lebanon,FP.CPI.TOTL.ZG,2022,171.205491336641
LBN,Lebanon,FP.CPI.TOTL.ZG,2023,221.341644023365
LBR,Liberia,FP.CPI.TOTL.ZG,2020,16.9557241496255
LBR,Liberia,FP.CPI.TOTL.ZG,2021,7.81559385858648
LBR,Liberia,FP.CPI.TOTL.ZG,2022,7.59298486560313
LBR,Liberia,FP.CPI.TOTL.ZG,2023,10.0944535665552
LBY,Libya,FP.CPI.TOTL.ZG,2020,1.44703656998741
LBY,Libya,FP.CPI.TOTL.ZG,2021,2.86833027751015
LBY,Libya,FP.CPI.TOTL.ZG,2022,4.51030149235695
LBY,Libya,FP.CPI.TOTL.ZG,2023,2.3731753143518
LCA,St. Lucia,FP.CPI.TOTL.ZG,2020,-1.75580833517594
LCA,St. Lucia,FP.CPI.TOTL.ZG,2021,2.41070312174393
LCA,St. Lucia,FP.CPI.TOTL.ZG,2022,9.65268564265764
LCA,St. Lucia,FP.CPI.TOTL.ZG,2023,3.81914546156358
LCN,Latin America & Caribbean,FP.CPI.TOTL.ZG,2020,1.49389017299587
LCN,Latin America & Caribbean,FP.CPI.TOTL.ZG,2021,3.87805442411131
LCN,Latin America & Caribbean,FP.CPI.TOTL.ZG,2022,8.08552554700602
LCN,Latin America & Caribbean,FP.CPI.TOTL.ZG,2023,4.63202285403356
LDC,Least developed countries: UN classification,FP.CPI.TOTL.ZG,2020,4.33296874711709
LDC,Least developed countries: UN classification,FP.CPI.TOTL.ZG,2021,4.15649125482107
LDC,Least developed countries: UN classification,FP.CPI.TOTL.ZG,2022,9.45801281304023
LDC,Least developed countries: UN classification,FP.CPI.TOTL.ZG,2023,7.12697482131851
LKA,Sri Lanka,FP.CPI.TOTL.ZG,2020,6.15394508391738
LKA,Sri Lanka,FP.CPI.TOTL.ZG,2021,7.01478071238195
LKA,Sri Lanka,FP.CPI.TOTL.ZG,2022,49.7211021114327
LKA,Sri Lanka,FP.CPI.TOTL.ZG,2023,16.5411742279832
LMY,Low & middle income,FP.CPI.TOTL.ZG,2020,3.02272119663759
LMY,Low & middle income,FP.CPI.TOTL.ZG,2021,4.25936417542868
LMY,Low & middle income,FP.CPI.TOTL.ZG,2022,8.81109209279587
LMY,Low & middle income,FP.CPI.TOTL.ZG,2023,6.15623852560203
LSO,Lesotho,FP.CPI.TOTL.ZG,2020,4.97809676252309
LSO,Lesotho,FP.CPI.TOTL.ZG,2021,6.04774591950676
LSO,Lesotho,FP.CPI.TOTL.ZG,2022,8.27180389943028
LSO,Lesotho,FP.CPI.TOTL.ZG,2023,6.34221743124953
LTE,Late-demographic dividend,FP.CPI.TOTL.ZG,2020,1.93694126694223
LTE,Late-demographic dividend,FP.CPI.TOTL.ZG,2021,3.49505757399448
LTE,Late-demographic dividend,FP.CPI.TOTL.ZG,2022,9.10437983075437
LTE,Late-demographic dividend,FP.CPI.TOTL.ZG,2023,5.86910359896119
LTU,Lithuania,FP.CPI.TOTL.ZG,2020,1.19989444983569
LTU,Lithuania,FP.CPI.TOTL.ZG,2021,4.68354420903453
LTU,Lithuania,FP.CPI.TOTL.ZG,2022,19.7050461518394
LTU,Lithuania,FP.CPI.TOTL.ZG,2023,9.11731962390475
LUX,Luxembourg,FP.CPI.TOTL.ZG,2020,0.819957302127036
LUX,Luxembourg,FP.CPI.TOTL.ZG,2021,2.52692009066166
LUX,Luxembourg,FP.CPI.TOTL.ZG,2022,6.33600807777919
LUX,Luxembourg,FP.CPI.TOTL.ZG,2023,3.74140361983136
LVA,Latvia,FP.CPI.TOTL.ZG,2020,0.219064904841985
LVA,Latvia,FP.CPI.TOTL.ZG,2021,3.27582937431165
LVA,Latvia,FP.CPI.TOTL.ZG,2022,17.3102830198815
LVA,Latvia,FP.CPI.TOTL.ZG,2023,8.9380462331663
MAC,"Macao SAR, China",FP.CPI.TOTL.ZG,2020,0.811410511491512
MAC,"Macao SAR, China",FP.CPI.TOTL.ZG,2021,0.0264543647055504
MAC,"Macao SAR, China",FP.CPI.TOTL.ZG,2022,1.04502802369954
MAC,"Macao SAR, China",FP.CPI.TOTL.ZG,2023,0.476384495788075
MAR,Morocco,FP.CPI.TOTL.ZG,2020,0.705968661338261
MAR,Morocco,FP.CPI.TOTL.ZG,2021,1.40195883962006
MAR,Morocco,FP.CPI.TOTL.ZG,2022,6.65704202759067
MAR,Morocco,FP.CPI.TOTL.ZG,2023,6.09114152504141
MDA,Moldova,FP.CPI.TOTL.ZG,2020,3.76597122245358
MDA,Moldova,FP.CPI.TOTL.ZG,2021,5.10641129002836
MDA,Moldova,FP.CPI.TOTL.ZG,2022,28.7372976766236
MDA,Moldova,FP.CPI.TOTL.ZG,2023,13.41701043813
MDG,Madagascar,FP.CPI.TOTL.ZG,2020,4.20179312190557
MDG,Madagascar,FP.CPI.TOTL.ZG,2021,5.81225118787715
MDG,Madagascar,FP.CPI.TOTL.ZG,2022,8.16059031991844
MDG,Madagascar,FP.CPI.TOTL.ZG,2023,9.87432675044888
MDV,Maldives,FP.CPI.TOTL.ZG,2020,-1.36977425569811
MDV,Maldives,FP.CPI.TOTL.ZG,2021,0.543149688737013
MDV,Maldives,FP.CPI.TOTL.ZG,2022,2.3305404647725
MDV,Maldives,FP.CPI.TOTL.ZG,2023,2.90372427754586
MEA,"Middle East, North Africa, Afghanistan & Pakistan",FP.CPI.TOTL.ZG,2020,1.44703656998741
MEA,"Middle East, North Africa, Afghanistan & Pakistan",FP.CPI.TOTL.ZG,2021,2.86833027751015
MEA,"Middle East, North Africa, Afghanistan & Pakistan",FP.CPI.TOTL.ZG,2022,5.17222088647606
MEA,"Middle East, North Africa, Afghanistan & Pakistan",FP.CPI.TOTL.ZG,2023,4.22522603168918
MEX,Mexico,FP.CPI.TOTL.ZG,2020,3.39683415570006
MEX,Mexico,FP.CPI.TOTL.ZG,2021,5.68920847683753
MEX,Mexico,FP.CPI.TOTL.ZG,2022,7.8962761916855
MEX,Mexico,FP.CPI.TOTL.ZG,2023,5.52796087314389
MIC,Middle income,FP.CPI.TOTL.ZG,2020,2.65664643301128
MIC,Middle income,FP.CPI.TOTL.ZG,2021,4.14298201176246
MIC,Middle income,FP.CPI.TOTL.ZG,2022,8.32008377271927
MIC,Middle income,FP.CPI.TOTL.ZG,2023,6.083192685419
MKD,North Macedonia,FP.CPI.TOTL.ZG,2020,1.20007348888469
MKD,North Macedonia,FP.CPI.TOTL.ZG,2021,3.23074912132928
MKD,North Macedonia,FP.CPI.TOTL.ZG,2022,14.2047173195833
MKD,North Macedonia,FP.CPI.TOTL.ZG,2023,9.36187249769015
MLI,Mali,FP.CPI.TOTL.ZG,2020,0.438088940320669
MLI,Mali,FP.CPI.TOTL.ZG,2021,3.92560283104277
MLI,Mali,FP.CPI.TOTL.ZG,2022,9.62147608489064
MLI,Mali,FP.CPI.TOTL.ZG,2023,2.05880228274223
MLT,Malta,FP.CPI.TOTL.ZG,2020,0.638544956776712
MLT,Malta,FP.CPI.TOTL.ZG,2021,1.49789217934724
MLT,Malta,FP.CPI.TOTL.ZG,2022,6.15375621933037
MLT,Malta,FP.CPI.TOTL.ZG,2023,5.09396758978883
MNA,"Middle East, North Africa, Afghanistan & Pakistan (excluding high income)",FP.CPI.TOTL.ZG,2020,2.41513094083414
MNA,"Middle East, North Africa, Afghanistan & Pakistan (excluding high income)",FP.CPI.TOTL.ZG,2021,5.21404940513043
MNA,"Middle East, North Africa, Afghanistan & Pakistan (excluding high income)",FP.CPI.TOTL.ZG,2022,8.30646124447623
MNA,"Middle East, North Africa, Afghanistan & Pakistan (excluding high income)",FP.CPI.TOTL.ZG,2023,6.09114152504141
MNE,Montenegro,FP.CPI.TOTL.ZG,2020,-0.255655699848551
MNE,Montenegro,FP.CPI.TOTL.ZG,2021,2.41080198403165
MNE,Montenegro,FP.CPI.TOTL.ZG,2022,13.0403036347004
MNE,Montenegro,FP.CPI.TOTL.ZG,2023,8.58476910455403
MNG,Mongolia,FP.CPI.TOTL.ZG,2020,3.7237230614026
MNG,Mongolia,FP.CPI.TOTL.ZG,2021,7.35894657888155
MNG,Mongolia,FP.CPI.TOTL.ZG,2022,15.1509728200805
MNG,Mongolia,FP.CPI.TOTL.ZG,2023,10.347583131434
MOZ,Mozambique,FP.CPI.TOTL.ZG,2020,3.48393567493204
MOZ,Mozambique,FP.CPI.TOTL.ZG,2021,6.40847652975692
MOZ,Mozambique,FP.CPI.TOTL.ZG,2022,10.2794018093421
MOZ,Mozambique,FP.CPI.TOTL.ZG,2023,7.12697482131851
MRT,Mauritania,FP.CPI.TOTL.ZG,2020,2.3856948845632
MRT,Mauritania,FP.CPI.TOTL.ZG,2021,3.56516484650185
MRT,Mauritania,FP.CPI.TOTL.ZG,2022,9.52526628622843
MRT,Mauritania,FP.CPI.TOTL.ZG,2023,4.95305034506872
MUS,Mauritius,FP.CPI.TOTL.ZG,2020,2.5808007718283
MUS,Mauritius,FP.CPI.TOTL.ZG,2021,4.02852888157376
MUS,Mauritius,FP.CPI.TOTL.ZG,2022,10.7737512242899
MUS,Mauritius,FP.CPI.TOTL.ZG,2023,7.05298238454736
MWI,Malawi,FP.CPI.TOTL.ZG,2020,8.62551469650552
MWI,Malawi,FP.CPI.TOTL.ZG,2021,9.33014410835212
MWI,Malawi,FP.CPI.TOTL.ZG,2022,20.953969729969
MWI,Malawi,FP.CPI.TOTL.ZG,2023,28.7897428247298
MYS,Malaysia,FP.CPI.TOTL.ZG,2020,-1.1387021539305
MYS,Malaysia,FP.CPI.TOTL.ZG,2021,2.47710241465447
MYS,Malaysia,FP.CPI.TOTL.ZG,2022,3.37869862549928
MYS,Malaysia,FP.CPI.TOTL.ZG,2023,2.48886560125754
NAC,North America,FP.CPI.TOTL.ZG,2020,0.97529201430706
NAC,North America,FP.CPI.TOTL.ZG,2021,4.04652602445635
NAC,North America,FP.CPI.TOTL.ZG,2022,7.40280048696867
NAC,North America,FP.CPI.TOTL.ZG,2023,3.99766999081457
NAM,Namibia,FP.CPI.TOTL.ZG,2020,2.20938236933469
NAM,Namibia,FP.CPI.TOTL.ZG,2021,3.61690530108814
NAM,Namibia,FP.CPI.TOTL.ZG,2022,6.08128114112413
NAM,Namibia,FP.CPI.TOTL.ZG,2023,5.87993463284275
NER,Niger,FP.CPI.TOTL.ZG,2020,2.8981937602627
NER,Niger,FP.CPI.TOTL.ZG,2021,3.8378680284051
NER,Niger,FP.CPI.TOTL.ZG,2022,4.22621791916392
NER,Niger,FP.CPI.TOTL.ZG,2023,3.70097316425834
NGA,Nigeria,FP.CPI.TOTL.ZG,2020,13.2460234276598
NGA,Nigeria,FP.CPI.TOTL.ZG,2021,16.9528457221608
NGA,Nigeria,FP.CPI.TOTL.ZG,2022,18.8471877843274
NGA,Nigeria,FP.CPI.TOTL.ZG,2023,24.659550203114
NIC,Nicaragua,FP.CPI.TOTL.ZG,2020,3.68181341625572
NIC,Nicaragua,FP.CPI.TOTL.ZG,2021,4.92841396948968
NIC,Nicaragua,FP.CPI.TOTL.ZG,2022,10.4674244465991
NIC,Nicaragua,FP.CPI.TOTL.ZG,2023,8.38765854872536
NLD,Netherlands,FP.CPI.TOTL.ZG,2020,1.27246037789161
NLD,Netherlands,FP.CPI.TOTL.ZG,2021,2.67572008805385
NLD,Netherlands,FP.CPI.TOTL.ZG,2022,10.0012078753473
NLD,Netherlands,FP.CPI.TOTL.ZG,2023,3.83839354342808
NOR,Norway,FP.CPI.TOTL.ZG,2020,1.28658490707996
NOR,Norway,FP.CPI.TOTL.ZG,2021,3.48388055266669
NOR,Norway,FP.CPI.TOTL.ZG,2022,5.76412317852272
NOR,Norway,FP.CPI.TOTL.ZG,2023,5.51784987104659
NPL,Nepal,FP.CPI.TOTL.ZG,2020,5.05635826238499
NPL,Nepal,FP.CPI.TOTL.ZG,2021,4.12676744440695
NPL,Nepal,FP.CPI.TOTL.ZG,2022,7.6702057938028
NPL,Nepal,FP.CPI.TOTL.ZG,2023,7.11587261530826
NZL,New Zealand,FP.CPI.TOTL.ZG,2020,1.71456170007245
NZL,New Zealand,FP.CPI.TOTL.ZG,2021,3.94112060778728
NZL,New Zealand,FP.CPI.TOTL.ZG,2022,7.17222476016441
NZL,New Zealand,FP.CPI.TOTL.ZG,2023,5.73316283034957
OED,OECD members,FP.CPI.TOTL.ZG,2020,0.73285164517586
OED,OECD members,FP.CPI.TOTL.ZG,2021,2.81528975687994
OED,OECD members,FP.CPI.TOTL.ZG,2022,8.23803240697186
OED,OECD members,FP.CPI.TOTL.ZG,2023,5.67767862615429
OMN,Oman,FP.CPI.TOTL.ZG,2020,-0.40640291946585
OMN,Oman,FP.CPI.TOTL.ZG,2021,1.68221185876085
OMN,Oman,FP.CPI.TOTL.ZG,2022,2.5061425061425
OMN,Oman,FP.CPI.TOTL.ZG,2023,0.950782997762827
OSS,Other small states,FP.CPI.TOTL.ZG,2020,0.712593443137932
OSS,Other small states,FP.CPI.TOTL.ZG,2021,2.4284453278932
OSS,Other small states,FP.CPI.TOTL.ZG,2022,7.46811935414937
OSS,Other small states,FP.CPI.TOTL.ZG,2023,5.51293808804143
PAK,Pakistan,FP.CPI.TOTL.ZG,2020,9.74011619320125
PAK,Pakistan,FP.CPI.TOTL.ZG,2021,9.49641577285205
PAK,Pakistan,FP.CPI.TOTL.ZG,2022,19.8738599646655
PAK,Pakistan,FP.CPI.TOTL.ZG,2023,30.7681280657005
PAN,Panama,FP.CPI.TOTL.ZG,2020,-1.55027540803761
PAN,Panama,FP.CPI.TOTL.ZG,2021,1.63070337301898
PAN,Panama,FP.CPI.TOTL.ZG,2022,2.85965128834711
PAN,Panama,FP.CPI.TOTL.ZG,2023,1.48641355277038
PER,Peru,FP.CPI.TOTL.ZG,2020,2.00241205759292
PER,Peru,FP.CPI.TOTL.ZG,2021,4.27166381536798
PER,Peru,FP.CPI.TOTL.ZG,2022,8.33370630096231
PER,Peru,FP.CPI.TOTL.ZG,2023,6.45561348369586
PHL,Philippines,FP.CPI.TOTL.ZG,2020,2.3931623931624
PHL,Philippines,FP.CPI.TOTL.ZG,2021,3.92718022100332
PHL,Philippines,FP.CPI.TOTL.ZG,2022,5.82115811213955
PHL,Philippines,FP.CPI.TOTL.ZG,2023,5.97802515541409
PLW,Palau,FP.CPI.TOTL.ZG,2020,0.218181818181833
PLW,Palau,FP.CPI.TOTL.ZG,2021,2.6124818577648
PLW,Palau,FP.CPI.TOTL.ZG,2022,12.3526638378124
PLW,Palau,FP.CPI.TOTL.ZG,2023,12.8199748216534
PNG,Papua New Guinea,FP.CPI.TOTL.ZG,2020,4.87167398565555
PNG,Papua New Guinea,FP.CPI.TOTL.ZG,2021,4.48359014042398
PNG,Papua New Guinea,FP.CPI.TOTL.ZG,2022,5.25323922215241
PNG,Papua New Guinea,FP.CPI.TOTL.ZG,2023,2.29869991296791
POL,Poland,FP.CPI.TOTL.ZG,2020,3.37446972618589
POL,Poland,FP.CPI.TOTL.ZG,2021,5.05502704719272
POL,Poland,FP.CPI.TOTL.ZG,2022,14.4294507575758
POL,Poland,FP.CPI.TOTL.ZG,2023,11.5289127961105
PRE,Pre-demographic dividend,FP.CPI.TOTL.ZG,2020,3.39862928518853
PRE,Pre-demographic dividend,FP.CPI.TOTL.ZG,2021,4.22278962033194
PRE,Pre-demographic dividend,FP.CPI.TOTL.ZG,2022,8.77567482988523
PRE,Pre-demographic dividend,FP.CPI.TOTL.ZG,2023,7.10220928557059
PRT,Portugal,FP.CPI.TOTL.ZG,2020,-0.0124383299576209
PRT,Portugal,FP.CPI.TOTL.ZG,2021,1.26565719069044
PRT,Portugal,FP.CPI.TOTL.ZG,2022,7.83269124233323
PRT,Portugal,FP.CPI.TOTL.ZG,2023,4.31128191898681
PRY,Paraguay,FP.CPI.TOTL.ZG,2020,1.76751592356698
PRY,Paraguay,FP.CPI.TOTL.ZG,2021,4.787983101236
PRY,Paraguay,FP.CPI.TOTL.ZG,2022,9.76556667164402
PRY,Paraguay,FP.CPI.TOTL.ZG,2023,4.63202285403356
PSE,West Bank and Gaza,FP.CPI.TOTL.ZG,2020,-0.735332001092191
PSE,West Bank and Gaza,FP.CPI.TOTL.ZG,2021,1.23748102831369
PSE,West Bank and Gaza,FP.CPI.TOTL.ZG,2022,3.74122391852077
PSE,West Bank and Gaza,FP.CPI.TOTL.ZG,2023,5.87110177678988
PSS,Pacific island small states,FP.CPI.TOTL.ZG,2020,0.386388224517504
PSS,Pacific island small states,FP.CPI.TOTL.ZG,2021,2.47788271992717
PSS,Pacific island small states,FP.CPI.TOTL.ZG,2022,6.37906506708423
PSS,Pacific island small states,FP.CPI.TOTL.ZG,2023,7.92164684826777
PST,Post-demographic dividend,FP.CPI.TOTL.ZG,2020,0.632267331911716
PST,Post-demographic dividend,FP.CPI.TOTL.ZG,2021,2.50835221473776
PST,Post-demographic dividend,FP.CPI.TOTL.ZG,2022,7.87737003690613
PST,Post-demographic dividend,FP.CPI.TOTL.ZG,2023,5.06713865364213
QAT,Qatar,FP.CPI.TOTL.ZG,2020,-2.5403150300476
QAT,Qatar,FP.CPI.TOTL.ZG,2021,2.30446565742003
QAT,Qatar,FP.CPI.TOTL.ZG,2022,4.99527553740761
QAT,Qatar,FP.CPI.TOTL.ZG,2023,3.02764899198902
ROU,Romania,FP.CPI.TOTL.ZG,2020,2.63107311184743
ROU,Romania,FP.CPI.TOTL.ZG,2021,5.05232876096582
ROU,Romania,FP.CPI.TOTL.ZG,2022,13.7954887432521
ROU,Romania,FP.CPI.TOTL.ZG,2023,10.3971874764996
RUS,Russian Federation,FP.CPI.TOTL.ZG,2020,3.38219796948068
RUS,Russian Federation,FP.CPI.TOTL.ZG,2021,6.69445891957612
RUS,Russian Federation,FP.CPI.TOTL.ZG,2022,13.7436797398232
RUS,Russian Federation,FP.CPI.TOTL.ZG,2023,5.86571931748967
RWA,Rwanda,FP.CPI.TOTL.ZG,2020,9.85039902274207
RWA,Rwanda,FP.CPI.TOTL.ZG,2021,-0.391346748300791
RWA,Rwanda,FP.CPI.TOTL.ZG,2022,17.6892095588153
RWA,Rwanda,FP.CPI.TOTL.ZG,2023,19.789546746467
SAS,South Asia,FP.CPI.TOTL.ZG,2020,5.6602199868936
SAS,South Asia,FP.CPI.TOTL.ZG,2021,5.33853088974918
SAS,South Asia,FP.CPI.TOTL.ZG,2022,7.18461996730069
SAS,South Asia,FP.CPI.TOTL.ZG,2023,6.38250790219375
SAU,Saudi Arabia,FP.CPI.TOTL.ZG,2020,3.37234961012303
SAU,Saudi Arabia,FP.CPI.TOTL.ZG,2021,3.06328988941548
SAU,Saudi Arabia,FP.CPI.TOTL.ZG,2022,2.47407371925372
SAU,Saudi Arabia,FP.CPI.TOTL.ZG,2023,2.32708518362706
SDN,Sudan,FP.CPI.TOTL.ZG,2020,163.257782355458
SDN,Sudan,FP.CPI.TOTL.ZG,2021,359.093040778999
SDN,Sudan,FP.CPI.TOTL.ZG,2022,138.80846024176
SEN,Senegal,FP.CPI.TOTL.ZG,2020,2.54314685681662
SEN,Senegal,FP.CPI.TOTL.ZG,2021,2.18032278088147
SEN,Senegal,FP.CPI.TOTL.ZG,2022,9.69681899081073
SEN,Senegal,FP.CPI.TOTL.ZG,2023,5.93947798773215
SGP,Singapore,FP.CPI.TOTL.ZG,2020,-0.172111865925382
SGP,Singapore,FP.CPI.TOTL.ZG,2021,2.31610315765146
SGP,Singapore,FP.CPI.TOTL.ZG,2022,6.13095418919732
SGP,Singapore,FP.CPI.TOTL.ZG,2023,4.83372362825798
SLB,Solomon Islands,FP.CPI.TOTL.ZG,2020,2.96354992076065
SLB,Solomon Islands,FP.CPI.TOTL.ZG,2021,-0.115437894412839
SLB,Solomon Islands,FP.CPI.TOTL.ZG,2022,5.51812928576938
SLB,Solomon Islands,FP.CPI.TOTL.ZG,2023,5.88585897042164
SLE,Sierra Leone,FP.CPI.TOTL.ZG,2020,13.4468711101052
SLE,Sierra Leone,FP.CPI.TOTL.ZG,2021,11.8739588840234
SLE,Sierra Leone,FP.CPI.TOTL.ZG,2022,27.2082883814653
SLE,Sierra Leone,FP.CPI.TOTL.ZG,2023,47.6428733253179
SLV,El Salvador,FP.CPI.TOTL.ZG,2020,-0.371590212324095
SLV,El Salvador,FP.CPI.TOTL.ZG,2021,3.46692585313082
SLV,El Salvador,FP.CPI.TOTL.ZG,2022,7.19861615609867
SLV,El Salvador,FP.CPI.TOTL.ZG,2023,4.04554694222477
SMR,San Marino,FP.CPI.TOTL.ZG,2020,-0.133368898372915
SMR,San Marino,FP.CPI.TOTL.ZG,2021,1.61551411551421
SMR,San Marino,FP.CPI.TOTL.ZG,2022,5.32545321311365
SMR,San Marino,FP.CPI.TOTL.ZG,2023,5.93190858629403
SRB,Serbia,FP.CPI.TOTL.ZG,2020,1.57553290083415
SRB,Serbia,FP.CPI.TOTL.ZG,2021,4.08510285335102
SRB,Serbia,FP.CPI.TOTL.ZG,2022,11.9815117344703
SRB,Serbia,FP.CPI.TOTL.ZG,2023,12.3719043552519
SSA,Sub-Saharan Africa (excluding high income),FP.CPI.TOTL.ZG,2020,3.48393567493204
SSA,Sub-Saharan Africa (excluding high income),FP.CPI.TOTL.ZG,2021,4.25936417542868
SSA,Sub-Saharan Africa (excluding high income),FP.CPI.TOTL.ZG,2022,9.52526628622843
SSA,Sub-Saharan Africa (excluding high income),FP.CPI.TOTL.ZG,2023,7.05298238454736
SSD,South Sudan,FP.CPI.TOTL.ZG,2020,29.6758435538572
SSD,South Sudan,FP.CPI.TOTL.ZG,2021,10.5167158294358
SSD,South Sudan,FP.CPI.TOTL.ZG,2022,-6.68732094212668
SSD,South Sudan,FP.CPI.TOTL.ZG,2023,2.38280434813754
SSF,Sub-Saharan Africa,FP.CPI.TOTL.ZG,2020,3.39862928518853
SSF,Sub-Saharan Africa,FP.CPI.TOTL.ZG,2021,4.43905481215002
SSF,Sub-Saharan Africa,FP.CPI.TOTL.ZG,2022,9.45801281304023
SSF,Sub-Saharan Africa,FP.CPI.TOTL.ZG,2023,6.69759990789845
SST,Small states,FP.CPI.TOTL.ZG,2020,0.598986330824643
SST,Small states,FP.CPI.TOTL.ZG,2021,2.41070312174393
SST,Small states,FP.CPI.TOTL.ZG,2022,6.27689319447544
SST,Small states,FP.CPI.TOTL.ZG,2023,5.06713865364213
STP,Sao Tome and Principe,FP.CPI.TOTL.ZG,2020,9.81932791540146
STP,Sao Tome and Principe,FP.CPI.TOTL.ZG,2021,8.13777038378732
STP,Sao Tome and Principe,FP.CPI.TOTL.ZG,2022,18.0056351122841
STP,Sao Tome and Principe,FP.CPI.TOTL.ZG,2023,21.2589138473
SUR,Suriname,FP.CPI.TOTL.ZG,2020,34.889784309078
SUR,Suriname,FP.CPI.TOTL.ZG,2021,59.1196626251977
SUR,Suriname,FP.CPI.TOTL.ZG,2022,52.446027276241
SUR,Suriname,FP.CPI.TOTL.ZG,2023,51.5873159600861
SVK,Slovak Republic,FP.CPI.TOTL.ZG,2020,1.93694126694223
SVK,Slovak Republic,FP.CPI.TOTL.ZG,2021,3.1496062992126
SVK,Slovak Republic,FP.CPI.TOTL.ZG,2022,12.7741463637611
SVK,Slovak Republic,FP.CPI.TOTL.ZG,2023,10.5319476645211
SVN,Slovenia,FP.CPI.TOTL.ZG,2020,-0.05485681576061
SVN,Slovenia,FP.CPI.TOTL.ZG,2021,1.91706506089269
SVN,Slovenia,FP.CPI.TOTL.ZG,2022,8.83369886749452
SVN,Slovenia,FP.CPI.TOTL.ZG,2023,7.44687717385846
SWE,Sweden,FP.CPI.TOTL.ZG,2020,0.497367318853572
SWE,Sweden,FP.CPI.TOTL.ZG,2021,2.16319736447143
SWE,Sweden,FP.CPI.TOTL.ZG,2022,8.36929098869189
SWE,Sweden,FP.CPI.TOTL.ZG,2023,8.5486248974891
SYC,Seychelles,FP.CPI.TOTL.ZG,2020,1.20266463987123
SYC,Seychelles,FP.CPI.TOTL.ZG,2021,9.76909936973542
SYC,Seychelles,FP.CPI.TOTL.ZG,2022,2.6260363285129
SYC,Seychelles,FP.CPI.TOTL.ZG,2023,-1.03530088431952
TCD,Chad,FP.CPI.TOTL.ZG,2020,4.46414437232861
TCD,Chad,FP.CPI.TOTL.ZG,2021,-0.77284437035914
TCD,Chad,FP.CPI.TOTL.ZG,2022,5.78802687843616
TCD,Chad,FP.CPI.TOTL.ZG,2023,10.8363568399843
TEA,East Asia & Pacific (IDA & IBRD countries),FP.CPI.TOTL.ZG,2020,2.3931623931624
TEA,East Asia & Pacific (IDA & IBRD countries),FP.CPI.TOTL.ZG,2021,2.6124818577648
TEA,East Asia & Pacific (IDA & IBRD countries),FP.CPI.TOTL.ZG,2022,5.82115811213955
TEA,East Asia & Pacific (IDA & IBRD countries),FP.CPI.TOTL.ZG,2023,5.93194206291787
TEC,Europe & Central Asia (IDA & IBRD countries),FP.CPI.TOTL.ZG,2020,2.73249209419427
TEC,Europe & Central Asia (IDA & IBRD countries),FP.CPI.TOTL.ZG,2021,5.10641129002836
TEC,Europe & Central Asia (IDA & IBRD countries),FP.CPI.TOTL.ZG,2022,13.8522590144267
TEC,Europe & Central Asia (IDA & IBRD countries),FP.CPI.TOTL.ZG,2023,9.36187249769015
TGO,Togo,FP.CPI.TOTL.ZG,2020,1.69928463299399
TGO,Togo,FP.CPI.TOTL.ZG,2021,4.1862150652352
TGO,Togo,FP.CPI.TOTL.ZG,2022,7.96757361617945
TGO,Togo,FP.CPI.TOTL.ZG,2023,5.48928568141131
THA,Thailand,FP.CPI.TOTL.ZG,2020,-0.846087518861799
THA,Thailand,FP.CPI.TOTL.ZG,2021,1.23104516549814
THA,Thailand,FP.CPI.TOTL.ZG,2022,6.07589952842433
THA,Thailand,FP.CPI.TOTL.ZG,2023,1.22908986612448
TLA,Latin America & the Caribbean (IDA & IBRD countries),FP.CPI.TOTL.ZG,2020,1.76751592356698
TLA,Latin America & the Caribbean (IDA & IBRD countries),FP.CPI.TOTL.ZG,2021,4.26105127422813
TLA,Latin America & the Caribbean (IDA & IBRD countries),FP.CPI.TOTL.ZG,2022,8.27477490232654
TLA,Latin America & the Caribbean (IDA & IBRD countries),FP.CPI.TOTL.ZG,2023,4.70881783212245
TLS,Timor-Leste,FP.CPI.TOTL.ZG,2020,0.495499215459571
TLS,Timor-Leste,FP.CPI.TOTL.ZG,2021,3.69792094666786
TLS,Timor-Leste,FP.CPI.TOTL.ZG,2022,7.00530945399787
TLS,Timor-Leste,FP.CPI.TOTL.ZG,2023,8.42035103310377
TMN,"Middle East, North Africa, Afghanistan & Pakistan (IDA & IBRD)",FP.CPI.TOTL.ZG,2020,3.73003191530476
TMN,"Middle East, North Africa, Afghanistan & Pakistan (IDA & IBRD)",FP.CPI.TOTL.ZG,2021,5.46019980671871
TMN,"Middle East, North Africa, Afghanistan & Pakistan (IDA & IBRD)",FP.CPI.TOTL.ZG,2022,8.78598837999588
TMN,"Middle East, North Africa, Afghanistan & Pakistan (IDA & IBRD)",FP.CPI.TOTL.ZG,2023,7.70665764216232
TON,Tonga,FP.CPI.TOTL.ZG,2020,-0.349737696727419
TON,Tonga,FP.CPI.TOTL.ZG,2021,5.64051140636743
TON,Tonga,FP.CPI.TOTL.ZG,2022,10.9713652903022
TON,Tonga,FP.CPI.TOTL.ZG,2023,6.35112980255182
TSA,South Asia (IDA & IBRD),FP.CPI.TOTL.ZG,2020,5.6602199868936
TSA,South Asia (IDA & IBRD),FP.CPI.TOTL.ZG,2021,5.33853088974918
TSA,South Asia (IDA & IBRD),FP.CPI.TOTL.ZG,2022,7.18461996730069
TSA,South Asia (IDA & IBRD),FP.CPI.TOTL.ZG,2023,6.38250790219375
TSS,Sub-Saharan Africa (IDA & IBRD countries),FP.CPI.TOTL.ZG,2020,3.39862928518853
TSS,Sub-Saharan Africa (IDA & IBRD countries),FP.CPI.TOTL.ZG,2021,4.43905481215002
TSS,Sub-Saharan Africa (IDA & IBRD countries),FP.CPI.TOTL.ZG,2022,9.45801281304023
TSS,Sub-Saharan Africa (IDA & IBRD countries),FP.CPI.TOTL.ZG,2023,6.69759990789845
TTO,Trinidad and Tobago,FP.CPI.TOTL.ZG,2020,0.598986330824643
TTO,Trinidad and Tobago,FP.CPI.TOTL.ZG,2021,2.05922746915458
TTO,Trinidad and Tobago,FP.CPI.TOTL.ZG,2022,5.82838638517959
TTO,Trinidad and Tobago,FP.CPI.TOTL.ZG,2023,4.62930242419968
TUN,Tunisia,FP.CPI.TOTL.ZG,2020,5.63415115897625
TUN,Tunisia,FP.CPI.TOTL.ZG,2021,5.706350208307
TUN,Tunisia,FP.CPI.TOTL.ZG,2022,8.30646124447623
TUN,Tunisia,FP.CPI.TOTL.ZG,2023,9.32899597507865
TUR,Turkiye,FP.CPI.TOTL.ZG,2020,12.2789574462574
TUR,Turkiye,FP.CPI.TOTL.ZG,2021,19.5964926913324
TUR,Turkiye,FP.CPI.TOTL.ZG,2022,72.3088359891207
TUR,Turkiye,FP.CPI.TOTL.ZG,2023,53.8594087593315
TZA,Tanzania,FP.CPI.TOTL.ZG,2020,3.29029062798325
TZA,Tanzania,FP.CPI.TOTL.ZG,2021,3.69091958802199
TZA,Tanzania,FP.CPI.TOTL.ZG,2022,4.35027204269101
TZA,Tanzania,FP.CPI.TOTL.ZG,2023,3.79923291384916
UGA,Uganda,FP.CPI.TOTL.ZG,2020,3.31332289544502
UGA,Uganda,FP.CPI.TOTL.ZG,2021,2.20457204757414
UGA,Uganda,FP.CPI.TOTL.ZG,2022,7.1957888597581
UGA,Uganda,FP.CPI.TOTL.ZG,2023,5.35094804280395
UKR,Ukraine,FP.CPI.TOTL.ZG,2020,2.73249209419427
UKR,Ukraine,FP.CPI.TOTL.ZG,2021,9.36313917695223
UKR,Ukraine,FP.CPI.TOTL.ZG,2022,20.1836366617478
UKR,Ukraine,FP.CPI.TOTL.ZG,2023,12.8490222828559
URY,Uruguay,FP.CPI.TOTL.ZG,2020,9.75640636078194
URY,Uruguay,FP.CPI.TOTL.ZG,2021,7.74791402314762
URY,Uruguay,FP.CPI.TOTL.ZG,2022,9.10437983075437
URY,Uruguay,FP.CPI.TOTL.ZG,2023,5.86910359896119
USA,United States,FP.CPI.TOTL.ZG,2020,1.23358439630629
USA,United States,FP.CPI.TOTL.ZG,2021,4.69785886363742
USA,United States,FP.CPI.TOTL.ZG,2022,8.00279982052121
USA,United States,FP.CPI.TOTL.ZG,2023,4.11633838374488
UZB,Uzbekistan,FP.CPI.TOTL.ZG,2020,12.8677297362606
UZB,Uzbekistan,FP.CPI.TOTL.ZG,2021,10.8492397508122
UZB,Uzbekistan,FP.CPI.TOTL.ZG,2022,11.4466436998836
UZB,Uzbekistan,FP.CPI.TOTL.ZG,2023,9.95659071258018
VCT,St. Vincent and the Grenadines,FP.CPI.TOTL.ZG,2020,-0.628131309354654
VCT,St. Vincent and the Grenadines,FP.CPI.TOTL.ZG,2021,1.57272932500558
VCT,St. Vincent and the Grenadines,FP.CPI.TOTL.ZG,2022,5.66009779226552
VCT,St. Vincent and the Grenadines,FP.CPI.TOTL.ZG,2023,4.56457719814894
VNM,Viet Nam,FP.CPI.TOTL.ZG,2020,3.22093436652515
VNM,Viet Nam,FP.CPI.TOTL.ZG,2021,1.83471554810462
VNM,Viet Nam,FP.CPI.TOTL.ZG,2022,3.15650749963112
VNM,Viet Nam,FP.CPI.TOTL.ZG,2023,3.25289282667662
VUT,Vanuatu,FP.CPI.TOTL.ZG,2020,5.32935073101715
VUT,Vanuatu,FP.CPI.TOTL.ZG,2021,2.34328358208953
VUT,Vanuatu,FP.CPI.TOTL.ZG,2022,6.67930581887121
VUT,Vanuatu,FP.CPI.TOTL.ZG,2023,11.1825017088175
WLD,World,FP.CPI.TOTL.ZG,2020,1.90509722047501
WLD,World,FP.CPI.TOTL.ZG,2021,3.47540320289875
WLD,World,FP.CPI.TOTL.ZG,2022,8.08169507021982
WLD,World,FP.CPI.TOTL.ZG,2023,5.79944107391962
WSM,Samoa,FP.CPI.TOTL.ZG,2020,-1.56891247740895
WSM,Samoa,FP.CPI.TOTL.ZG,2021,3.13320473174494
WSM,Samoa,FP.CPI.TOTL.ZG,2022,10.9618822286844
WSM,Samoa,FP.CPI.TOTL.ZG,2023,7.92164684826777
XKX,Kosovo,FP.CPI.TOTL.ZG,2020,0.198227922994854
XKX,Kosovo,FP.CPI.TOTL.ZG,2021,3.35369139207997
XKX,Kosovo,FP.CPI.TOTL.ZG,2022,11.5805104542012
XKX,Kosovo,FP.CPI.TOTL.ZG,2023,4.94432438791283
ZAF,South Africa,FP.CPI.TOTL.ZG,2020,3.23238831615113
ZAF,South Africa,FP.CPI.TOTL.ZG,2021,4.61874544887136
ZAF,South Africa,FP.CPI.TOTL.ZG,2022,7.03987272546482
ZAF,South Africa,FP.CPI.TOTL.ZG,2023,6.0752438457966
ZMB,Zambia,FP.CPI.TOTL.ZG,2020,15.7330604721369
ZMB,Zambia,FP.CPI.TOTL.ZG,2021,22.0207676245777
ZMB,Zambia,FP.CPI.TOTL.ZG,2022,10.9932039209136
ZMB,Zambia,FP.CPI.TOTL.ZG,2023,10.884531691282
ZWE,Zimbabwe,FP.CPI.TOTL.ZG,2020,557.201817362051
ZWE,Zimbabwe,FP.CPI.TOTL.ZG,2021,98.5461050920624
ZWE,Zimbabwe,FP.CPI.TOTL.ZG,2022,104.705170628667
ABW,Aruba,NY.GDP.MKTP.KD.ZG,2020,-23.9400592677491
ABW,Aruba,NY.GDP.MKTP.KD.ZG,2021,14.833691976226
ABW,Aruba,NY.GDP.MKTP.KD.ZG,2022,10.6079607621246
ABW,Aruba,NY.GDP.MKTP.KD.ZG,2023,9.51636022347185
AFE,Africa Eastern and Southern,NY.GDP.MKTP.KD.ZG,2020,-2.93076411386527
AFE,Africa Eastern and Southern,NY.GDP.MKTP.KD.ZG,2021,4.45264295607002
AFE,Africa Eastern and Southern,NY.GDP.MKTP.KD.ZG,2022,3.66802914041513
AFE,Africa Eastern and Southern,NY.GDP.MKTP.KD.ZG,2023,1.94138157772015
AFG,Afghanistan,NY.GDP.MKTP.KD.ZG,2020,-2.35110067203466
AFG,Afghanistan,NY.GDP.MKTP.KD.ZG,2021,-20.7388393676343
AFG,Afghanistan,NY.GDP.MKTP.KD.ZG,2022,-6.24017199240269
AFG,Afghanistan,NY.GDP.MKTP.KD.ZG,2023,2.26694373649188
AFW,Africa Western and Central,NY.GDP.MKTP.KD.ZG,2020,-3.71879330346492
AFW,Africa Western and Central,NY.GDP.MKTP.KD.ZG,2021,2.54547274764256
AFW,Africa Western and Central,NY.GDP.MKTP.KD.ZG,2022,4.47710763731639
AFW,Africa Western and Central,NY.GDP.MKTP.KD.ZG,2023,3.64459087867006
AGO,Angola,NY.GDP.MKTP.KD.ZG,2020,-5.27349128300007
AGO,Angola,NY.GDP.MKTP.KD.ZG,2021,1.09058369944815
AGO,Angola,NY.GDP.MKTP.KD.ZG,2022,3.55749206675667
AGO,Angola,NY.GDP.MKTP.KD.ZG,2023,1.32016587081031
ALB,Albania,NY.GDP.MKTP.KD.ZG,2020,-3.31375636888916
ALB,Albania,NY.GDP.MKTP.KD.ZG,2021,8.96957619074095
ALB,Albania,NY.GDP.MKTP.KD.ZG,2022,4.8268006234359
ALB,Albania,NY.GDP.MKTP.KD.ZG,2023,4.01541716935742
AND,Andorra,NY.GDP.MKTP.KD.ZG,2020,-11.1839399355384
AND,Andorra,NY.GDP.MKTP.KD.ZG,2021,8.28677879049404
AND,Andorra,NY.GDP.MKTP.KD.ZG,2022,9.56461225648184
AND,Andorra,NY.GDP.MKTP.KD.ZG,2023,2.58355480961319
ARB,Arab World,NY.GDP.MKTP.KD.ZG,2020,-5.28641417078185
ARB,Arab World,NY.GDP.MKTP.KD.ZG,2021,4.43140396719774
ARB,Arab World,NY.GDP.MKTP.KD.ZG,2022,6.99667634282584
ARB,Arab World,NY.GDP.MKTP.KD.ZG,2023,1.6487292798157
ARE,United Arab Emirates,NY.GDP.MKTP.KD.ZG,2020,-8.69343363776639
ARE,United Arab Emirates,NY.GDP.MKTP.KD.ZG,2021,4.55280140106356
ARE,United Arab Emirates,NY.GDP.MKTP.KD.ZG,2022,7.51452414254605
ARE,United Arab Emirates,NY.GDP.MKTP.KD.ZG,2023,4.30113648499413
ARG,Argentina,NY.GDP.MKTP.KD.ZG,2020,-9.9004848136464
ARG,Argentina,NY.GDP.MKTP.KD.ZG,2021,10.4418119882506
ARG,Argentina,NY.GDP.MKTP.KD.ZG,2022,6.02074537534855
ARG,Argentina,NY.GDP.MKTP.KD.ZG,2023,-1.85578803046339
ARM,Armenia,NY.GDP.MKTP.KD.ZG,2020,-7.19999999920631
ARM,Armenia,NY.GDP.MKTP.KD.ZG,2021,5.80000000065645
ARM,Armenia,NY.GDP.MKTP.KD.ZG,2022,12.5999999997766
ARM,Armenia,NY.GDP.MKTP.KD.ZG,2023,8.29999999959539
ASM,American Samoa,NY.GDP.MKTP.KD.ZG,2020,4.41176470588236
ASM,American Samoa,NY.GDP.MKTP.KD.ZG,2021,-0.782472613458523
ASM,American Samoa,NY.GDP.MKTP.KD.ZG,2022,1.73501577287065
ATG,Antigua and Barbuda,NY.GDP.MKTP.KD.ZG,2020,-18.8687765208148
ATG,Antigua and Barbuda,NY.GDP.MKTP.KD.ZG,2021,8.17286311186622
ATG,Antigua and Barbuda,NY.GDP.MKTP.KD.ZG,2022,8.49776342254205
ATG,Antigua and Barbuda,NY.GDP.MKTP.KD.ZG,2023,3.86550160079324
AUS,Australia,NY.GDP.MKTP.KD.ZG,2020,-0.133531904304775
AUS,Australia,NY.GDP.MKTP.KD.ZG,2021,2.00694844335034
AUS,Australia,NY.GDP.MKTP.KD.ZG,2022,4.25304559238732
AUS,Australia,NY.GDP.MKTP.KD.ZG,2023,3.58382100798981
AUT,Austria,NY.GDP.MKTP.KD.ZG,2020,-6.31825509209936
AUT,Austria,NY.GDP.MKTP.KD.ZG,2021,4.92309171717903
AUT,Austria,NY.GDP.MKTP.KD.ZG,2022,5.33096379400371
AUT,Austria,NY.GDP.MKTP.KD.ZG,2023,-0.786244288594673
AZE,Azerbaijan,NY.GDP.MKTP.KD.ZG,2020,-4.19896065333343
AZE,Azerbaijan,NY.GDP.MKTP.KD.ZG,2021,5.61644027150554
AZE,Azerbaijan,NY.GDP.MKTP.KD.ZG,2022,4.71468033247649
AZE,Azerbaijan,NY.GDP.MKTP.KD.ZG,2023,1.35447749115767
BDI,Burundi,NY.GDP.MKTP.KD.ZG,2020,0.306443811651718
BDI,Burundi,NY.GDP.MKTP.KD.ZG,2021,3.23707479372925
BDI,Burundi,NY.GDP.MKTP.KD.ZG,2022,2.31770122350822
BDI,Burundi,NY.GDP.MKTP.KD.ZG,2023,3.25476897326196
BEL,Belgium,NY.GDP.MKTP.KD.ZG,2020,-4.7929839083518
BEL,Belgium,NY.GDP.MKTP.KD.ZG,2021,6.25445686466593
BEL,Belgium,NY.GDP.MKTP.KD.ZG,2022,4.02460852835887
BEL,Belgium,NY.GDP.MKTP.KD.ZG,2023,1.56125539542029
BEN,Benin,NY.GDP.MKTP.KD.ZG,2020,3.84879240030133
BEN,Benin,NY.GDP.MKTP.KD.ZG,2021,7.1554516457574
BEN,Benin,NY.GDP.MKTP.KD.ZG,2022,6.25294705373625
BEN,Benin,NY.GDP.MKTP.KD.ZG,2023,6.3527773854442
BFA,Burkina Faso,NY.GDP.MKTP.KD.ZG,2020,2.01077262406221
BFA,Burkina Faso,NY.GDP.MKTP.KD.ZG,2021,6.94252492572348
BFA,Burkina Faso,NY.GDP.MKTP.KD.ZG,2022,1.62673258211919
BFA,Burkina Faso,NY.GDP.MKTP.KD.ZG,2023,3.00027415814125
BGD,Bangladesh,NY.GDP.MKTP.KD.ZG,2020,3.44801755122445
BGD,Bangladesh,NY.GDP.MKTP.KD.ZG,2021,6.93867912442445
BGD,Bangladesh,NY.GDP.MKTP.KD.ZG,2022,7.09982877575158
BGD,Bangladesh,NY.GDP.MKTP.KD.ZG,2023,5.77511237007889
BGR,Bulgaria,NY.GDP.MKTP.KD.ZG,2020,-3.13323543125917
BGR,Bulgaria,NY.GDP.MKTP.KD.ZG,2021,7.82817310703665
BGR,Bulgaria,NY.GDP.MKTP.KD.ZG,2022,4.08386398118941
BGR,Bulgaria,NY.GDP.MKTP.KD.ZG,2023,1.68151075832925
BHR,Bahrain,NY.GDP.MKTP.KD.ZG,2020,-5.9113629524152
BHR,Bahrain,NY.GDP.MKTP.KD.ZG,2021,4.35004091668986
BHR,Bahrain,NY.GDP.MKTP.KD.ZG,2022,6.18016125475185
BHR,Bahrain,NY.GDP.MKTP.KD.ZG,2023,3.87811614845566
BHS,"Bahamas, The",NY.GDP.MKTP.KD.ZG,2020,-20.0893664891399
BHS,"Bahamas, The",NY.GDP.MKTP.KD.ZG,2021,17.5861390037409
BHS,"Bahamas, The",NY.GDP.MKTP.KD.ZG,2022,10.8779009410268
BHS,"Bahamas, The",NY.GDP.MKTP.KD.ZG,2023,3.04824180553773
BIH,Bosnia and Herzegovina,NY.GDP.MKTP.KD.ZG,2020,-3.01509335460439
BIH,Bosnia and Herzegovina,NY.GDP.MKTP.KD.ZG,2021,7.39164256472846
BIH,Bosnia and Herzegovina,NY.GDP.MKTP.KD.ZG,2022,4.22681333390325
BIH,Bosnia and Herzegovina,NY.GDP.MKTP.KD.ZG,2023,1.99439414850893
BLR,Belarus,NY.GDP.MKTP.KD.ZG,2020,-0.672742918585868
BLR,Belarus,NY.GDP.MKTP.KD.ZG,2021,2.43886210234947
BLR,Belarus,NY.GDP.MKTP.KD.ZG,2022,-4.65839591328999
BLR,Belarus,NY.GDP.MKTP.KD.ZG,2023,4.12654007153881
BLZ,Belize,NY.GDP.MKTP.KD.ZG,2020,-13.5228997055506
BLZ,Belize,NY.GDP.MKTP.KD.ZG,2021,17.9899244143607
BLZ,Belize,NY.GDP.MKTP.KD.ZG,2022,9.25051329530994
BLZ,Belize,NY.GDP.MKTP.KD.ZG,2023,0.500127941638667
BMU,Bermuda,NY.GDP.MKTP.KD.ZG,2020,-6.97162571479863
BMU,Bermuda,NY.GDP.MKTP.KD.ZG,2021,4.76497899668355
BMU,Bermuda,NY.GDP.MKTP.KD.ZG,2022,6.25695521240877
BMU,Bermuda,NY.GDP.MKTP.KD.ZG,2023,4.33447280353832
BOL,Bolivia,NY.GDP.MKTP.KD.ZG,2020,-12.7194690092717
BOL,Bolivia,NY.GDP.MKTP.KD.ZG,2021,10.0290488827886
BOL,Bolivia,NY.GDP.MKTP.KD.ZG,2022,3.74741781241461
BOL,Bolivia,NY.GDP.MKTP.KD.ZG,2023,2.51636590154891
BRA,Brazil,NY.GDP.MKTP.KD.ZG,2020,-3.2767587964736
BRA,Brazil,NY.GDP.MKTP.KD.ZG,2021,4.76260437908608
BRA,Brazil,NY.GDP.MKTP.KD.ZG,2022,3.01669435393015
BRA,Brazil,NY.GDP.MKTP.KD.ZG,2023,3.24165532906981
BRB,Barbados,NY.GDP.MKTP.KD.ZG,2020,-17.4059314651747
BRB,Barbados,NY.GDP.MKTP.KD.ZG,2021,8.0198770096479
BRB,Barbados,NY.GDP.MKTP.KD.ZG,2022,15.9453206225473
BRB,Barbados,NY.GDP.MKTP.KD.ZG,2023,1.81419817804516
BRN,Brunei Darussalam,NY.GDP.MKTP.KD.ZG,2020,1.1335733495246
BRN,Brunei Darussalam,NY.GDP.MKTP.KD.ZG,2021,-1.59076260099606
BRN,Brunei Darussalam,NY.GDP.MKTP.KD.ZG,2022,-1.62833154515108
BRN,Brunei Darussalam,NY.GDP.MKTP.KD.ZG,2023,1.12764418162719
BTN,Bhutan,NY.GDP.MKTP.KD.ZG,2020,-10.2183974208569
BTN,Bhutan,NY.GDP.MKTP.KD.ZG,2021,4.42136738945015
BTN,Bhutan,NY.GDP.MKTP.KD.ZG,2022,5.21386783786224
BTN,Bhutan,NY.GDP.MKTP.KD.ZG,2023,4.63215702969933
BWA,Botswana,NY.GDP.MKTP.KD.ZG,2020,-8.72888243996397
BWA,Botswana,NY.GDP.MKTP.KD.ZG,2021,11.9162724376008
BWA,Botswana,NY.GDP.MKTP.KD.ZG,2022,5.48601706446772
BWA,Botswana,NY.GDP.MKTP.KD.ZG,2023,3.20806812224438
CAF,Central African Republic,NY.GDP.MKTP.KD.ZG,2020,0.899999996857062
CAF,Central African Republic,NY.GDP.MKTP.KD.ZG,2021,0.982919996264229
CAF,Central African Republic,NY.GDP.MKTP.KD.ZG,2022,0.453901876447787
CAF,Central African Republic,NY.GDP.MKTP.KD.ZG,2023,0.69996840076054
CAN,Canada,NY.GDP.MKTP.KD.ZG,2020,-5.03823342794087
CAN,Canada,NY.GDP.MKTP.KD.ZG,2021,5.95052804984759
CAN,Canada,NY.GDP.MKTP.KD.ZG,2022,4.69541985045903
CAN,Canada,NY.GDP.MKTP.KD.ZG,2023,1.95308552199025
CEB,Central Europe and the Baltics,NY.GDP.MKTP.KD.ZG,2020,-3.30110758026468
CEB,Central Europe and the Baltics,NY.GDP.MKTP.KD.ZG,2021,6.57271679525719
CEB,Central Europe and the Baltics,NY.GDP.MKTP.KD.ZG,2022,4.03989151407053
CEB,Central Europe and the Baltics,NY.GDP.MKTP.KD.ZG,2023,0.720328299990356
CHE,Switzerland,NY.GDP.MKTP.KD.ZG,2020,-2.2552579425106
CHE,Switzerland,NY.GDP.MKTP.KD.ZG,2021,6.17622836050151
CHE,Switzerland,NY.GDP.MKTP.KD.ZG,2022,3.53430286842426
CHE,Switzerland,NY.GDP.MKTP.KD.ZG,2023,0.825560934124624
CHI,Channel Islands,NY.GDP.MKTP.KD.ZG,2020,-8.89677926591959
CHI,Channel Islands,NY.GDP.MKTP.KD.ZG,2021,9.93680136985076
CHI,Channel Islands,NY.GDP.MKTP.KD.ZG,2022,5.34196140375869
CHI,Channel Islands,NY.GDP.MKTP.KD.ZG,2023,3.71500590367266
CHL,Chile,NY.GDP.MKTP.KD.ZG,2020,-6.1396969411886
CHL,Chile,NY.GDP.MKTP.KD.ZG,2021,11.3374032409913
CHL,Chile,NY.GDP.MKTP.KD.ZG,2022,2.06391864254198
CHL,Chile,NY.GDP.MKTP.KD.ZG,2023,0.677024831595858
CHN,China,NY.GDP.MKTP.KD.ZG,2020,2.33950385203023
CHN,China,NY.GDP.MKTP.KD.ZG,2021,8.57038414981781
CHN,China,NY.GDP.MKTP.KD.ZG,2022,3.13385438394069
CHN,China,NY.GDP.MKTP.KD.ZG,2023,5.41600334492955
CIV,Cote d'Ivoire,NY.GDP.MKTP.KD.ZG,2020,0.699728593494228
CIV,Cote d'Ivoire,NY.GDP.MKTP.KD.ZG,2021,7.06253713446816
CIV,Cote d'Ivoire,NY.GDP.MKTP.KD.ZG,2022,6.39988362730921
CIV,Cote d'Ivoire,NY.GDP.MKTP.KD.ZG,2023,6.60000045209176
CMR,Cameroon,NY.GDP.MKTP.KD.ZG,2020,0.259932915907115
CMR,Cameroon,NY.GDP.MKTP.KD.ZG,2021,3.33885747179505
CMR,Cameroon,NY.GDP.MKTP.KD.ZG,2022,3.7367840056412
CMR,Cameroon,NY.GDP.MKTP.KD.ZG,2023,3.34756290750219
COD,"Congo, Dem. Rep.",NY.GDP.MKTP.KD.ZG,2020,0.775427992354622
COD,"Congo, Dem. Rep.",NY.GDP.MKTP.KD.ZG,2021,6.42961005647355
COD,"Congo, Dem. Rep.",NY.GDP.MKTP.KD.ZG,2022,9.31116944064918
COD,"Congo, Dem. Rep.",NY.GDP.MKTP.KD.ZG,2023,8.5334898318451
COG,"Congo, Rep.",NY.GDP.MKTP.KD.ZG,2020,-6.26777227963225
COG,"Congo, Rep.",NY.GDP.MKTP.KD.ZG,2021,1.01507036990908
COG,"Congo, Rep.",NY.GDP.MKTP.KD.ZG,2022,1.47535613247133
COG,"Congo, Rep.",NY.GDP.MKTP.KD.ZG,2023,1.90686426346754
COL,Colombia,NY.GDP.MKTP.KD.ZG,2020,-7.18591413760859
COL,Colombia,NY.GDP.MKTP.KD.ZG,2021,10.8011981904878
COL,Colombia,NY.GDP.MKTP.KD.ZG,2022,7.32827729427979
COL,Colombia,NY.GDP.MKTP.KD.ZG,2023,0.841819555752039
COM,Comoros,NY.GDP.MKTP.KD.ZG,2020,-0.195556841918759
COM,Comoros,NY.GDP.MKTP.KD.ZG,2021,2.04245238320844
COM,Comoros,NY.GDP.MKTP.KD.ZG,2022,2.45381174550259
COM,Comoros,NY.GDP.MKTP.KD.ZG,2023,3.1866131800554
CPV,Cabo Verde,NY.GDP.MKTP.KD.ZG,2020,-20.8052758990735
CPV,Cabo Verde,NY.GDP.MKTP.KD.ZG,2021,7.03353010694514
CPV,Cabo Verde,NY.GDP.MKTP.KD.ZG,2022,15.843675684642
CPV,Cabo Verde,NY.GDP.MKTP.KD.ZG,2023,4.7947613911073
CRI,Costa Rica,NY.GDP.MKTP.KD.ZG,2020,-4.14159340574358
CRI,Costa Rica,NY.GDP.MKTP.KD.ZG,2021,8.21817953969082
CRI,Costa Rica,NY.GDP.MKTP.KD.ZG,2022,5.46119455235068
CRI,Costa Rica,NY.GDP.MKTP.KD.ZG,2023,4.79187732359398
CSS,Caribbean small states,NY.GDP.MKTP.KD.ZG,2020,-9.27326845637317
CSS,Caribbean small states,NY.GDP.MKTP.KD.ZG,2021,7.23640467044548
CSS,Caribbean small states,NY.GDP.MKTP.KD.ZG,2022,14.7413556305504
CSS,Caribbean small states,NY.GDP.MKTP.KD.ZG,2023,8.80514656985758
CUB,Cuba,NY.GDP.MKTP.KD.ZG,2020,-10.9494359030206
CUB,Cuba,NY.GDP.MKTP.KD.ZG,2021,1.25448735650322
CUB,Cuba,NY.GDP.MKTP.KD.ZG,2022,1.77465227724316
CUB,Cuba,NY.GDP.MKTP.KD.ZG,2023,-1.92937123169681
CUW,Curacao,NY.GDP.MKTP.KD.ZG,2020,-18.4384696124769
CUW,Curacao,NY.GDP.MKTP.KD.ZG,2021,4.18371018614259
CUW,Curacao,NY.GDP.MKTP.KD.ZG,2022,6.90600055461097
CUW,Curacao,NY.GDP.MKTP.KD.ZG,2023,4.20199929761131
CYM,Cayman Islands,NY.GDP.MKTP.KD.ZG,2020,-4.95480696516726
CYM,Cayman Islands,NY.GDP.MKTP.KD.ZG,2021,4.86941655353661
CYM,Cayman Islands,NY.GDP.MKTP.KD.ZG,2022,5.66079366938135
CYM,Cayman Islands,NY.GDP.MKTP.KD.ZG,2023,5.80436961198644
CYP,Cyprus,NY.GDP.MKTP.KD.ZG,2020,-3.22063018637567
CYP,Cyprus,NY.GDP.MKTP.KD.ZG,2021,11.3975590801512
CYP,Cyprus,NY.GDP.MKTP.KD.ZG,2022,8.73854684881674
CYP,Cyprus,NY.GDP.MKTP.KD.ZG,2023,3.62045368236082
CZE,Czechia,NY.GDP.MKTP.KD.ZG,2020,-5.30487955463876
CZE,Czechia,NY.GDP.MKTP.KD.ZG,2021,4.02901832055149
CZE,Czechia,NY.GDP.MKTP.KD.ZG,2022,2.8471706583814
CZE,Czechia,NY.GDP.MKTP.KD.ZG,2023,0.0475803308973752
DEU,Germany,NY.GDP.MKTP.KD.ZG,2020,-4.13191443239947
DEU,Germany,NY.GDP.MKTP.KD.ZG,2021,3.90999994204108
DEU,Germany,NY.GDP.MKTP.KD.ZG,2022,1.8092581243061
DEU,Germany,NY.GDP.MKTP.KD.ZG,2023,-0.869647578573321
DJI,Djibouti,NY.GDP.MKTP.KD.ZG,2020,1.2021151728969
DJI,Djibouti,NY.GDP.MKTP.KD.ZG,2021,4.40715667561153
DJI,Djibouti,NY.GDP.MKTP.KD.ZG,2022,5.16653702854374
DJI,Djibouti,NY.GDP.MKTP.KD.ZG,2023,6.80733529403308
DMA,Dominica,NY.GDP.MKTP.KD.ZG,2020,-15.7064024545862
DMA,Dominica,NY.GDP.MKTP.KD.ZG,2021,5.37983838954712
DMA,Dominica,NY.GDP.MKTP.KD.ZG,2022,10.3968076616121
DMA,Dominica,NY.GDP.MKTP.KD.ZG,2023,3.65221012208734
DNK,Denmark,NY.GDP.MKTP.KD.ZG,2020,-1.78010601831291
DNK,Denmark,NY.GDP.MKTP.KD.ZG,2021,6.50025445756295
DNK,Denmark,NY.GDP.MKTP.KD.ZG,2022,0.443832614908331
DNK,Denmark,NY.GDP.MKTP.KD.ZG,2023,0.604587766175584
DOM,Dominican Republic,NY.GDP.MKTP.KD.ZG,2020,-7.92905234231061
DOM,Dominican Republic,NY.GDP.MKTP.KD.ZG,2021,14.0124289062207
DOM,Dominican Republic,NY.GDP.MKTP.KD.ZG,2022,5.23795652902595
DOM,Dominican Republic,NY.GDP.MKTP.KD.ZG,2023,2.19229848237939
DZA,Algeria,NY.GDP.MKTP.KD.ZG,2020,-4.99999999908597
DZA,Algeria,NY.GDP.MKTP.KD.ZG,2021,3.79999999900707
DZA,Algeria,NY.GDP.MKTP.KD.ZG,2022,3.60000000094915
DZA,Algeria,NY.GDP.MKTP.KD.ZG,2023,4.10000000005964
EAP,East Asia & Pacific (excluding high income),NY.GDP.MKTP.KD.ZG,2020,1.34340856610488
EAP,East Asia & Pacific (excluding high income),NY.GDP.MKTP.KD.ZG,2021,7.72023040471529
EAP,East Asia & Pacific (excluding high income),NY.GDP.MKTP.KD.ZG,2022,3.54917734794495
EAP,East Asia & Pacific (excluding high income),NY.GDP.MKTP.KD.ZG,2023,5.26014161362973
EAR,Early-demographic dividend,NY.GDP.MKTP.KD.ZG,2020,-4.28342682037605
EAR,Early-demographic dividend,NY.GDP.MKTP.KD.ZG,2021,7.50689561708779
EAR,Early-demographic dividend,NY.GDP.MKTP.KD.ZG,2022,6.02429179462496
EAR,Early-demographic dividend,NY.GDP.MKTP.KD.ZG,2023,4.12336017326531
EAS,East Asia & Pacific,NY.GDP.MKTP.KD.ZG,2020,-0.0906651751610497
EAS,East Asia & Pacific,NY.GDP.MKTP.KD.ZG,2021,6.48037639158159
EAS,East Asia & Pacific,NY.GDP.MKTP.KD.ZG,2022,3.05155877820648
EAS,East Asia & Pacific,NY.GDP.MKTP.KD.ZG,2023,4.07119548974431
ECA,Europe & Central Asia (excluding high income),NY.GDP.MKTP.KD.ZG,2020,0.29079640989535
ECA,Europe & Central Asia (excluding high income),NY.GDP.MKTP.KD.ZG,2021,9.27987062914227
ECA,Europe & Central Asia (excluding high income),NY.GDP.MKTP.KD.ZG,2022,3.11188050867233
ECA,Europe & Central Asia (excluding high income),NY.GDP.MKTP.KD.ZG,2023,5.05062997543834
ECS,Europe & Central Asia,NY.GDP.MKTP.KD.ZG,2020,-5.37584934879737
ECS,Europe & Central Asia,NY.GDP.MKTP.KD.ZG,2021,6.82460720354004
ECS,Europe & Central Asia,NY.GDP.MKTP.KD.ZG,2022,3.42810235027954
ECS,Europe & Central Asia,NY.GDP.MKTP.KD.ZG,2023,1.04695405528739
ECU,Ecuador,NY.GDP.MKTP.KD.ZG,2020,-9.24509619165865
ECU,Ecuador,NY.GDP.MKTP.KD.ZG,2021,9.42189269033631
ECU,Ecuador,NY.GDP.MKTP.KD.ZG,2022,5.86842354862311
ECU,Ecuador,NY.GDP.MKTP.KD.ZG,2023,1.8328406107788
EGY,"Egypt, Arab Rep.",NY.GDP.MKTP.KD.ZG,2020,3.55016483883115
EGY,"Egypt, Arab Rep.",NY.GDP.MKTP.KD.ZG,2021,3.29064601193245
EGY,"Egypt, Arab Rep.",NY.GDP.MKTP.KD.ZG,2022,6.58784560870467
EGY,"Egypt, Arab Rep.",NY.GDP.MKTP.KD.ZG,2023,3.76028052279247
EMU,Euro area,NY.GDP.MKTP.KD.ZG,2020,-6.04374915754508
EMU,Euro area,NY.GDP.MKTP.KD.ZG,2021,6.44349747359811
EMU,Euro area,NY.GDP.MKTP.KD.ZG,2022,3.66468497532753
EMU,Euro area,NY.GDP.MKTP.KD.ZG,2023,0.460070365687699
ESP,Spain,NY.GDP.MKTP.KD.ZG,2020,-10.9400706350371
ESP,Spain,NY.GDP.MKTP.KD.ZG,2021,6.68314420473001
ESP,Spain,NY.GDP.MKTP.KD.ZG,2022,6.37031712129601
ESP,Spain,NY.GDP.MKTP.KD.ZG,2023,2.46085796805582
EST,Estonia,NY.GDP.MKTP.KD.ZG,2020,-2.88380751483778
EST,Estonia,NY.GDP.MKTP.KD.ZG,2021,8.25488044580031
EST,Estonia,NY.GDP.MKTP.KD.ZG,2022,-1.22616966587796
EST,Estonia,NY.GDP.MKTP.KD.ZG,2023,-2.74421914571231
ETH,Ethiopia,NY.GDP.MKTP.KD.ZG,2020,6.05953089248577
ETH,Ethiopia,NY.GDP.MKTP.KD.ZG,2021,5.64153069324176
ETH,Ethiopia,NY.GDP.MKTP.KD.ZG,2022,5.32175988485454
ETH,Ethiopia,NY.GDP.MKTP.KD.ZG,2023,6.59424599054353
EUU,European Union,NY.GDP.MKTP.KD.ZG,2020,-5.57888122067428
EUU,European Union,NY.GDP.MKTP.KD.ZG,2021,6.37773717070797
EUU,European Union,NY.GDP.MKTP.KD.ZG,2022,3.56455510630462
EUU,European Union,NY.GDP.MKTP.KD.ZG,2023,0.4380089249495
FIN,Finland,NY.GDP.MKTP.KD.ZG,2020,-2.49103605535707
FIN,Finland,NY.GDP.MKTP.KD.ZG,2021,2.67634641498897
FIN,Finland,NY.GDP.MKTP.KD.ZG,2022,0.763041912763526
FIN,Finland,NY.GDP.MKTP.KD.ZG,2023,-1.28973484453397
FJI,Fiji,NY.GDP.MKTP.KD.ZG,2020,-17.1835352599354
FJI,Fiji,NY.GDP.MKTP.KD.ZG,2021,-4.3459619989752
FJI,Fiji,NY.GDP.MKTP.KD.ZG,2022,17.7451269773594
FJI,Fiji,NY.GDP.MKTP.KD.ZG,2023,9.44245856738313
FRA,France,NY.GDP.MKTP.KD.ZG,2020,-7.44064589948231
FRA,France,NY.GDP.MKTP.KD.ZG,2021,6.88233783360239
FRA,France,NY.GDP.MKTP.KD.ZG,2022,2.71676264185913
FRA,France,NY.GDP.MKTP.KD.ZG,2023,1.43921494437743
FRO,Faroe Islands,NY.GDP.MKTP.KD.ZG,2020,-1.63732118017028
FRO,Faroe Islands,NY.GDP.MKTP.KD.ZG,2021,5.06636291600633
FRO,Faroe Islands,NY.GDP.MKTP.KD.ZG,2022,3.86099981669155
FRO,Faroe Islands,NY.GDP.MKTP.KD.ZG,2023,3.15873872329266
FSM,"Micronesia, Fed. Sts.",NY.GDP.MKTP.KD.ZG,2020,-2.05703124999999
FSM,"Micronesia, Fed. Sts.",NY.GDP.MKTP.KD.ZG,2021,3.09969928290539
FSM,"Micronesia, Fed. Sts.",NY.GDP.MKTP.KD.ZG,2022,-3.11412501063803
FSM,"Micronesia, Fed. Sts.",NY.GDP.MKTP.KD.ZG,2023,1.13097800090873
GAB,Gabon,NY.GDP.MKTP.KD.ZG,2020,-1.8377610635094
GAB,Gabon,NY.GDP.MKTP.KD.ZG,2021,1.46795731508091
GAB,Gabon,NY.GDP.MKTP.KD.ZG,2022,3.03761449525692
GAB,Gabon,NY.GDP.MKTP.KD.ZG,2023,2.43893665041031
GBR,United Kingdom,NY.GDP.MKTP.KD.ZG,2020,-10.047896637362
GBR,United Kingdom,NY.GDP.MKTP.KD.ZG,2021,8.5431118453255
GBR,United Kingdom,NY.GDP.MKTP.KD.ZG,2022,5.14970388522993
GBR,United Kingdom,NY.GDP.MKTP.KD.ZG,2023,0.271650048355255
GEO,Georgia,NY.GDP.MKTP.KD.ZG,2020,-6.2904717853839
GEO,Georgia,NY.GDP.MKTP.KD.ZG,2021,10.6442336580969
GEO,Georgia,NY.GDP.MKTP.KD.ZG,2022,10.9585321385624
GEO,Georgia,NY.GDP.MKTP.KD.ZG,2023,7.83220126555726
GHA,Ghana,NY.GDP.MKTP.KD.ZG,2020,0.513941670628171
GHA,Ghana,NY.GDP.MKTP.KD.ZG,2021,5.07646643533542
GHA,Ghana,NY.GDP.MKTP.KD.ZG,2022,3.80484978178042
GHA,Ghana,NY.GDP.MKTP.KD.ZG,2023,3.14009100080186
GIN,Guinea,NY.GDP.MKTP.KD.ZG,2020,4.70459096113575
GIN,Guinea,NY.GDP.MKTP.KD.ZG,2021,5.5823328114905
GIN,Guinea,NY.GDP.MKTP.KD.ZG,2022,3.97240784200721
GIN,Guinea,NY.GDP.MKTP.KD.ZG,2023,5.54172668627702
GMB,"Gambia, The",NY.GDP.MKTP.KD.ZG,2020,0.591487287873974
GMB,"Gambia, The",NY.GDP.MKTP.KD.ZG,2021,5.25596878816744
GMB,"Gambia, The",NY.GDP.MKTP.KD.ZG,2022,5.49299823010114
GMB,"Gambia, The",NY.GDP.MKTP.KD.ZG,2023,5.91679576551141
GNB,Guinea-Bissau,NY.GDP.MKTP.KD.ZG,2020,2.89149979806913
GNB,Guinea-Bissau,NY.GDP.MKTP.KD.ZG,2021,5.0173096003907
GNB,Guinea-Bissau,NY.GDP.MKTP.KD.ZG,2022,5.45776090019501
GNB,Guinea-Bissau,NY.GDP.MKTP.KD.ZG,2023,4.63052364601562
GNQ,Equatorial Guinea,NY.GDP.MKTP.KD.ZG,2020,-4.79108083383294
GNQ,Equatorial Guinea,NY.GDP.MKTP.KD.ZG,2021,0.860269956382069
GNQ,Equatorial Guinea,NY.GDP.MKTP.KD.ZG,2022,3.22350831658598
GNQ,Equatorial Guinea,NY.GDP.MKTP.KD.ZG,2023,-7.4250553172124
GRC,Greece,NY.GDP.MKTP.KD.ZG,2020,-9.19623149726978
GRC,Greece,NY.GDP.MKTP.KD.ZG,2021,8.65449786002131
GRC,Greece,NY.GDP.MKTP.KD.ZG,2022,5.52198580589408
GRC,Greece,NY.GDP.MKTP.KD.ZG,2023,2.13591131996631
GRD,Grenada,NY.GDP.MKTP.KD.ZG,2020,-13.7566222572107
GRD,Grenada,NY.GDP.MKTP.KD.ZG,2021,4.6977240232674
GRD,Grenada,NY.GDP.MKTP.KD.ZG,2022,7.31023806981959
GRD,Grenada,NY.GDP.MKTP.KD.ZG,2023,4.52657497450693
GRL,Greenland,NY.GDP.MKTP.KD.ZG,2020,0.250789762104304
GRL,Greenland,NY.GDP.MKTP.KD.ZG,2021,1.63409410992996
GRL,Greenland,NY.GDP.MKTP.KD.ZG,2022,2.00455580865604
GRL,Greenland,NY.GDP.MKTP.KD.ZG,2023,0.865961986998158
GTM,Guatemala,NY.GDP.MKTP.KD.ZG,2020,-1.78555117570465
GTM,Guatemala,NY.GDP.MKTP.KD.ZG,2021,8.04170398855833
GTM,Guatemala,NY.GDP.MKTP.KD.ZG,2022,4.15492196609047
GTM,Guatemala,NY.GDP.MKTP.KD.ZG,2023,3.52430434049013
GUM,Guam,NY.GDP.MKTP.KD.ZG,2020,-10.5188595714539
GUM,Guam,NY.GDP.MKTP.KD.ZG,2021,2.0581832574708
GUM,Guam,NY.GDP.MKTP.KD.ZG,2022,5.09986426216793
GUY,Guyana,NY.GDP.MKTP.KD.ZG,2020,43.479651716849
GUY,Guyana,NY.GDP.MKTP.KD.ZG,2021,20.0599975568418
GUY,Guyana,NY.GDP.MKTP.KD.ZG,2022,63.3346343654855
GUY,Guyana,NY.GDP.MKTP.KD.ZG,2023,33.795011115873
HKG,"Hong Kong SAR, China",NY.GDP.MKTP.KD.ZG,2020,-6.54479640529367
HKG,"Hong Kong SAR, China",NY.GDP.MKTP.KD.ZG,2021,6.45443038333934
HKG,"Hong Kong SAR, China",NY.GDP.MKTP.KD.ZG,2022,-3.68528359281325
HKG,"Hong Kong SAR, China",NY.GDP.MKTP.KD.ZG,2023,3.15034461759902
HND,Honduras,NY.GDP.MKTP.KD.ZG,2020,-8.96508223267296
HND,Honduras,NY.GDP.MKTP.KD.ZG,2021,12.5652843771279
HND,Honduras,NY.GDP.MKTP.KD.ZG,2022,4.14356194013767
HND,Honduras,NY.GDP.MKTP.KD.ZG,2023,3.57584760454412
HPC,Heavily indebted poor countries (HIPC),NY.GDP.MKTP.KD.ZG,2020,0.00307772049912103
HPC,Heavily indebted poor countries (HIPC),NY.GDP.MKTP.KD.ZG,2021,4.35683661926664
HPC,Heavily indebted poor countries (HIPC),NY.GDP.MKTP.KD.ZG,2022,4.89961676353468
HPC,Heavily indebted poor countries (HIPC),NY.GDP.MKTP.KD.ZG,2023,3.48241783540763
HRV,Croatia,NY.GDP.MKTP.KD.ZG,2020,-8.31046995309319
HRV,Croatia,NY.GDP.MKTP.KD.ZG,2021,12.6312741312741
HRV,Croatia,NY.GDP.MKTP.KD.ZG,2022,7.29479114889533
HRV,Croatia,NY.GDP.MKTP.KD.ZG,2023,3.76204092717136
HTI,Haiti,NY.GDP.MKTP.KD.ZG,2020,-3.30550546965893
HTI,Haiti,NY.GDP.MKTP.KD.ZG,2021,-1.79823988931486
HTI,Haiti,NY.GDP.MKTP.KD.ZG,2022,-1.68198396897978
HTI,Haiti,NY.GDP.MKTP.KD.ZG,2023,-1.86388420254838
HUN,Hungary,NY.GDP.MKTP.KD.ZG,2020,-4.33872540024058
HUN,Hungary,NY.GDP.MKTP.KD.ZG,2021,7.22291580811137
HUN,Hungary,NY.GDP.MKTP.KD.ZG,2022,4.15238057779229
HUN,Hungary,NY.GDP.MKTP.KD.ZG,2023,-0.817107370513455
IBD,IBRD only,NY.GDP.MKTP.KD.ZG,2020,-1.28694758331594
IBD,IBRD only,NY.GDP.MKTP.KD.ZG,2021,7.62447663420478
IBD,IBRD only,NY.GDP.MKTP.KD.ZG,2022,3.76945565506477
IBD,IBRD only,NY.GDP.MKTP.KD.ZG,2023,4.63911789010562
IBT,IDA & IBRD total,NY.GDP.MKTP.KD.ZG,2020,-1.32331489746059
IBT,IDA & IBRD total,NY.GDP.MKTP.KD.ZG,2021,7.35158119263311
IBT,IDA & IBRD total,NY.GDP.MKTP.KD.ZG,2022,3.8271063174832
IBT,IDA & IBRD total,NY.GDP.MKTP.KD.ZG,2023,4.52590057203417
IDA,IDA total,NY.GDP.MKTP.KD.ZG,2020,-1.76868159241481
IDA,IDA total,NY.GDP.MKTP.KD.ZG,2021,3.99322003260568
IDA,IDA total,NY.GDP.MKTP.KD.ZG,2022,4.56135207487173
IDA,IDA total,NY.GDP.MKTP.KD.ZG,2023,3.09487183510299
IDB,IDA blend,NY.GDP.MKTP.KD.ZG,2020,-3.22553173097771
IDB,IDA blend,NY.GDP.MKTP.KD.ZG,2021,4.36009454869888
IDB,IDA blend,NY.GDP.MKTP.KD.ZG,2022,4.82256296455954
IDB,IDA blend,NY.GDP.MKTP.KD.ZG,2023,2.87508782353444
IDN,Indonesia,NY.GDP.MKTP.KD.ZG,2020,-2.06551182934165
IDN,Indonesia,NY.GDP.MKTP.KD.ZG,2021,3.70288562827751
IDN,Indonesia,NY.GDP.MKTP.KD.ZG,2022,5.30719722664799
IDN,Indonesia,NY.GDP.MKTP.KD.ZG,2023,5.04883117855516
IDX,IDA only,NY.GDP.MKTP.KD.ZG,2020,-0.335170512912143
IDX,IDA only,NY.GDP.MKTP.KD.ZG,2021,3.64269213685422
IDX,IDA only,NY.GDP.MKTP.KD.ZG,2022,4.31005230149408
IDX,IDA only,NY.GDP.MKTP.KD.ZG,2023,3.3073554888398
IMN,Isle of Man,NY.GDP.MKTP.KD.ZG,2020,-8.83681697473475
IMN,Isle of Man,NY.GDP.MKTP.KD.ZG,2021,3.83783632334639
IMN,Isle of Man,NY.GDP.MKTP.KD.ZG,2022,-4.16847722466753
IMN,Isle of Man,NY.GDP.MKTP.KD.ZG,2023,-2.03524496955581
IND,India,NY.GDP.MKTP.KD.ZG,2020,-5.77772470687303
IND,India,NY.GDP.MKTP.KD.ZG,2021,9.68959249191741
IND,India,NY.GDP.MKTP.KD.ZG,2022,7.6093649776932
IND,India,NY.GDP.MKTP.KD.ZG,2023,7.210224629335
IRL,Ireland,NY.GDP.MKTP.KD.ZG,2020,7.15369505735335
IRL,Ireland,NY.GDP.MKTP.KD.ZG,2021,16.2581881158197
IRL,Ireland,NY.GDP.MKTP.KD.ZG,2022,7.51113888415304
IRL,Ireland,NY.GDP.MKTP.KD.ZG,2023,-2.53637409313261
IRN,"Iran, Islamic Rep.",NY.GDP.MKTP.KD.ZG,2020,4.44180865358672
IRN,"Iran, Islamic Rep.",NY.GDP.MKTP.KD.ZG,2021,4.13089685034471
IRN,"Iran, Islamic Rep.",NY.GDP.MKTP.KD.ZG,2022,4.35281087521344
IRN,"Iran, Islamic Rep.",NY.GDP.MKTP.KD.ZG,2023,5.33235116079808
IRQ,Iraq,NY.GDP.MKTP.KD.ZG,2020,-12.0367930960454
IRQ,Iraq,NY.GDP.MKTP.KD.ZG,2021,1.5021807095434
IRQ,Iraq,NY.GDP.MKTP.KD.ZG,2022,7.95904804990212
IRQ,Iraq,NY.GDP.MKTP.KD.ZG,2023,0.517705525140073
ISL,Iceland,NY.GDP.MKTP.KD.ZG,2020,-6.64587810456635
ISL,Iceland,NY.GDP.MKTP.KD.ZG,2021,5.18057190719905
ISL,Iceland,NY.GDP.MKTP.KD.ZG,2022,8.85729897856851
ISL,Iceland,NY.GDP.MKTP.KD.ZG,2023,5.0322597376242
ISR,Israel,NY.GDP.MKTP.KD.ZG,2020,-1.80206927953466
ISR,Israel,NY.GDP.MKTP.KD.ZG,2021,9.33534690236249
ISR,Israel,NY.GDP.MKTP.KD.ZG,2022,6.36407234798706
ISR,Israel,NY.GDP.MKTP.KD.ZG,2023,2.06272504731618
ITA,Italy,NY.GDP.MKTP.KD.ZG,2020,-8.86822122185345
ITA,Italy,NY.GDP.MKTP.KD.ZG,2021,8.93106210800055
ITA,Italy,NY.GDP.MKTP.KD.ZG,2022,4.82117669913565
ITA,Italy,NY.GDP.MKTP.KD.ZG,2023,0.922796543670316
JAM,Jamaica,NY.GDP.MKTP.KD.ZG,2020,-8.30441923583135
JAM,Jamaica,NY.GDP.MKTP.KD.ZG,2021,5.70467978309095
JAM,Jamaica,NY.GDP.MKTP.KD.ZG,2022,6.43930323656186
JAM,Jamaica,NY.GDP.MKTP.KD.ZG,2023,2.74634433906714
JOR,Jordan,NY.GDP.MKTP.KD.ZG,2020,-1.15257534158022
JOR,Jordan,NY.GDP.MKTP.KD.ZG,2021,3.75201276755828
JOR,Jordan,NY.GDP.MKTP.KD.ZG,2022,2.7468615450031
JOR,Jordan,NY.GDP.MKTP.KD.ZG,2023,3.12900102017251
JPN,Japan,NY.GDP.MKTP.KD.ZG,2020,-4.28327942675573
JPN,Japan,NY.GDP.MKTP.KD.ZG,2021,3.56419531474475
JPN,Japan,NY.GDP.MKTP.KD.ZG,2022,1.33164750653741
JPN,Japan,NY.GDP.MKTP.KD.ZG,2023,0.720785304749811
KAZ,Kazakhstan,NY.GDP.MKTP.KD.ZG,2020,-2.49999999628
KAZ,Kazakhstan,NY.GDP.MKTP.KD.ZG,2021,4.29999999729456
KAZ,Kazakhstan,NY.GDP.MKTP.KD.ZG,2022,3.19999999970734
KAZ,Kazakhstan,NY.GDP.MKTP.KD.ZG,2023,5.09999999973641
KEN,Kenya,NY.GDP.MKTP.KD.ZG,2020,-0.272766327438816
KEN,Kenya,NY.GDP.MKTP.KD.ZG,2021,7.59048947333467
KEN,Kenya,NY.GDP.MKTP.KD.ZG,2022,4.85998104287999
KEN,Kenya,NY.GDP.MKTP.KD.ZG,2023,5.71999241214208
KGZ,Kyrgyz Republic,NY.GDP.MKTP.KD.ZG,2020,-7.14897757727955
KGZ,Kyrgyz Republic,NY.GDP.MKTP.KD.ZG,2021,5.50700762671923
KGZ,Kyrgyz Republic,NY.GDP.MKTP.KD.ZG,2022,8.96750520041391
KGZ,Kyrgyz Republic,NY.GDP.MKTP.KD.ZG,2023,9.0132928339342
KHM,Cambodia,NY.GDP.MKTP.KD.ZG,2020,-3.55572193406549
KHM,Cambodia,NY.GDP.MKTP.KD.ZG,2021,3.08984284148661
KHM,Cambodia,NY.GDP.MKTP.KD.ZG,2022,5.12990110773977
KHM,Cambodia,NY.GDP.MKTP.KD.ZG,2023,5.00733043811898
KIR,Kiribati,NY.GDP.MKTP.KD.ZG,2020,-1.28205128205127
KIR,Kiribati,NY.GDP.MKTP.KD.ZG,2021,8.44155844155846
KIR,Kiribati,NY.GDP.MKTP.KD.ZG,2022,5.08982035928143
KIR,Kiribati,NY.GDP.MKTP.KD.ZG,2023,3.13390313390313
KNA,St. Kitts and Nevis,NY.GDP.MKTP.KD.ZG,2020,-15.3018891740649
KNA,St. Kitts and Nevis,NY.GDP.MKTP.KD.ZG,2021,0.367606879216311
KNA,St. Kitts and Nevis,NY.GDP.MKTP.KD.ZG,2022,10.4804941546807
KNA,St. Kitts and Nevis,NY.GDP.MKTP.KD.ZG,2023,3.02127526129283
KOR,"Korea, Rep.",NY.GDP.MKTP.KD.ZG,2020,-0.700242317542106
KOR,"Korea, Rep.",NY.GDP.MKTP.KD.ZG,2021,4.61296795454287
KOR,"Korea, Rep.",NY.GDP.MKTP.KD.ZG,2022,2.72756456708991
KOR,"Korea, Rep.",NY.GDP.MKTP.KD.ZG,2023,1.58301467403629
KWT,Kuwait,NY.GDP.MKTP.KD.ZG,2020,-4.81731593381585
KWT,Kuwait,NY.GDP.MKTP.KD.ZG,2021,1.67213054307859
KWT,Kuwait,NY.GDP.MKTP.KD.ZG,2022,6.75866711966617
KWT,Kuwait,NY.GDP.MKTP.KD.ZG,2023,-1.64087799968877
LAC,Latin America & Caribbean (excluding high income),NY.GDP.MKTP.KD.ZG,2020,-6.79640022295334
LAC,Latin America & Caribbean (excluding high income),NY.GDP.MKTP.KD.ZG,2021,6.85451332312384
LAC,Latin America & Caribbean (excluding high income),NY.GDP.MKTP.KD.ZG,2022,3.97595959337909
LAC,Latin America & Caribbean (excluding high income),NY.GDP.MKTP.KD.ZG,2023,2.12680994822227
LAO,Lao PDR,NY.GDP.MKTP.KD.ZG,2020,0.503031829018681
LAO,Lao PDR,NY.GDP.MKTP.KD.ZG,2021,2.52835100486102
LAO,Lao PDR,NY.GDP.MKTP.KD.ZG,2022,2.70742652643155
LAO,Lao PDR,NY.GDP.MKTP.KD.ZG,2023,3.74568140158232
LBN,Lebanon,NY.GDP.MKTP.KD.ZG,2020,-21.3998996914321
LBN,Lebanon,NY.GDP.MKTP.KD.ZG,2021,-7.00123862514116
LBN,Lebanon,NY.GDP.MKTP.KD.ZG,2022,-0.621678970663112
LBN,Lebanon,NY.GDP.MKTP.KD.ZG,2023,-0.760584470257314
LBR,Liberia,NY.GDP.MKTP.KD.ZG,2020,-2.98249127649473
LBR,Liberia,NY.GDP.MKTP.KD.ZG,2021,4.98671283481617
LBR,Liberia,NY.GDP.MKTP.KD.ZG,2022,4.80810517290655
LBR,Liberia,NY.GDP.MKTP.KD.ZG,2023,4.68375688761311
LBY,Libya,NY.GDP.MKTP.KD.ZG,2020,-29.4552967282824
LBY,Libya,NY.GDP.MKTP.KD.ZG,2021,28.2996823429147
LBY,Libya,NY.GDP.MKTP.KD.ZG,2022,-8.29981811198795
LBY,Libya,NY.GDP.MKTP.KD.ZG,2023,10.2000497852517
LCA,St. Lucia,NY.GDP.MKTP.KD.ZG,2020,-22.9005138634176
LCA,St. Lucia,NY.GDP.MKTP.KD.ZG,2021,11.1466993240856
LCA,St. Lucia,NY.GDP.MKTP.KD.ZG,2022,19.3456795355342
LCA,St. Lucia,NY.GDP.MKTP.KD.ZG,2023,3.90774802925928
LCN,Latin America & Caribbean,NY.GDP.MKTP.KD.ZG,2020,-6.85943781930433
LCN,Latin America & Caribbean,NY.GDP.MKTP.KD.ZG,2021,7.07608139571873
LCN,Latin America & Caribbean,NY.GDP.MKTP.KD.ZG,2022,4.09058657203177
LCN,Latin America & Caribbean,NY.GDP.MKTP.KD.ZG,2023,2.20678468368602
LDC,Least developed countries: UN classification,NY.GDP.MKTP.KD.ZG,2020,-0.181011978205504
LDC,Least developed countries: UN classification,NY.GDP.MKTP.KD.ZG,2021,2.75579291386683
LDC,Least developed countries: UN classification,NY.GDP.MKTP.KD.ZG,2022,4.71510989192116
LDC,Least developed countries: UN classification,NY.GDP.MKTP.KD.ZG,2023,3.05090811063616
LKA,Sri Lanka,NY.GDP.MKTP.KD.ZG,2020,-4.62451503712715
LKA,Sri Lanka,NY.GDP.MKTP.KD.ZG,2021,4.2074764950026
LKA,Sri Lanka,NY.GDP.MKTP.KD.ZG,2022,-7.34919311146656
LKA,Sri Lanka,NY.GDP.MKTP.KD.ZG,2023,-2.0289296690344
LMY,Low & middle income,NY.GDP.MKTP.KD.ZG,2020,-1.15067064256841
LMY,Low & middle income,NY.GDP.MKTP.KD.ZG,2021,7.37033958733097
LMY,Low & middle income,NY.GDP.MKTP.KD.ZG,2022,4.00803776152725
LMY,Low & middle income,NY.GDP.MKTP.KD.ZG,2023,4.65212132351984
LSO,Lesotho,NY.GDP.MKTP.KD.ZG,2020,-8.15595785459911
LSO,Lesotho,NY.GDP.MKTP.KD.ZG,2021,2.26670961833291
LSO,Lesotho,NY.GDP.MKTP.KD.ZG,2022,2.38778020186284
LSO,Lesotho,NY.GDP.MKTP.KD.ZG,2023,1.69433177608774
LTE,Late-demographic dividend,NY.GDP.MKTP.KD.ZG,2020,0.235409361022192
LTE,Late-demographic dividend,NY.GDP.MKTP.KD.ZG,2021,7.59396655185003
LTE,Late-demographic dividend,NY.GDP.MKTP.KD.ZG,2022,3.28975241103197
LTE,Late-demographic dividend,NY.GDP.MKTP.KD.ZG,2023,4.43253867675644
LTU,Lithuania,NY.GDP.MKTP.KD.ZG,2020,0.0428158336981426
LTU,Lithuania,NY.GDP.MKTP.KD.ZG,2021,6.39481772930206
LTU,Lithuania,NY.GDP.MKTP.KD.ZG,2022,2.46532013155011
LTU,Lithuania,NY.GDP.MKTP.KD.ZG,2023,0.739537398185803
LUX,Luxembourg,NY.GDP.MKTP.KD.ZG,2020,-0.510051634039826
LUX,Luxembourg,NY.GDP.MKTP.KD.ZG,2021,6.92973270801744
LUX,Luxembourg,NY.GDP.MKTP.KD.ZG,2022,-1.09741256293819
LUX,Luxembourg,NY.GDP.MKTP.KD.ZG,2023,0.0994370594039111
LVA,Latvia,NY.GDP.MKTP.KD.ZG,2020,-3.46922750780554
LVA,Latvia,NY.GDP.MKTP.KD.ZG,2021,6.94254173062592
LVA,Latvia,NY.GDP.MKTP.KD.ZG,2022,1.90853419029801
LVA,Latvia,NY.GDP.MKTP.KD.ZG,2023,-0.941606068823631
MAC,"Macao SAR, China",NY.GDP.MKTP.KD.ZG,2020,-54.4020925789353
MAC,"Macao SAR, China",NY.GDP.MKTP.KD.ZG,2021,22.4622020023362
MAC,"Macao SAR, China",NY.GDP.MKTP.KD.ZG,2022,-18.956941494497
MAC,"Macao SAR, China",NY.GDP.MKTP.KD.ZG,2023,75.3084184293413
MAF,St. Martin (French part),NY.GDP.MKTP.KD.ZG,2020,-12.500002246731
MAF,St. Martin (French part),NY.GDP.MKTP.KD.ZG,2021,4.89999967133534
MAR,Morocco,NY.GDP.MKTP.KD.ZG,2020,-7.17820744246774
MAR,Morocco,NY.GDP.MKTP.KD.ZG,2021,8.15473889823681
MAR,Morocco,NY.GDP.MKTP.KD.ZG,2022,1.81269242194809
MAR,Morocco,NY.GDP.MKTP.KD.ZG,2023,3.65564411017931
MCO,Monaco,NY.GDP.MKTP.KD.ZG,2020,-13.2391048292108
MCO,Monaco,NY.GDP.MKTP.KD.ZG,2021,22.2322155851208
MCO,Monaco,NY.GDP.MKTP.KD.ZG,2022,11.2662955198601
MCO,Monaco,NY.GDP.MKTP.KD.ZG,2023,5.44395088840088
MDA,Moldova,NY.GDP.MKTP.KD.ZG,2020,-8.27597831976949
MDA,Moldova,NY.GDP.MKTP.KD.ZG,2021,13.9299997889786
MDA,Moldova,NY.GDP.MKTP.KD.ZG,2022,-4.64785101037361
MDA,Moldova,NY.GDP.MKTP.KD.ZG,2023,1.18802067937429
MDG,Madagascar,NY.GDP.MKTP.KD.ZG,2020,-7.13767162064489
MDG,Madagascar,NY.GDP.MKTP.KD.ZG,2021,4.65068343174309
MDG,Madagascar,NY.GDP.MKTP.KD.ZG,2022,4.13753534956307
MDG,Madagascar,NY.GDP.MKTP.KD.ZG,2023,4.23086580696344
MDV,Maldives,NY.GDP.MKTP.KD.ZG,2020,-32.9088287752921
MDV,Maldives,NY.GDP.MKTP.KD.ZG,2021,37.507870124321
MDV,Maldives,NY.GDP.MKTP.KD.ZG,2022,13.8260895184139
MDV,Maldives,NY.GDP.MKTP.KD.ZG,2023,4.94286301229583
MEA,"Middle East, North Africa, Afghanistan & Pakistan",NY.GDP.MKTP.KD.ZG,2020,-3.55690005451382
MEA,"Middle East, North Africa, Afghanistan & Pakistan",NY.GDP.MKTP.KD.ZG,2021,5.030413314914
MEA,"Middle East, North Africa, Afghanistan & Pakistan",NY.GDP.MKTP.KD.ZG,2022,6.44954466678931
MEA,"Middle East, North Africa, Afghanistan & Pakistan",NY.GDP.MKTP.KD.ZG,2023,2.29073324961962
MEX,Mexico,NY.GDP.MKTP.KD.ZG,2020,-8.35403459379062
MEX,Mexico,NY.GDP.MKTP.KD.ZG,2021,6.04848347173572
MEX,Mexico,NY.GDP.MKTP.KD.ZG,2022,3.70975708309098
MEX,Mexico,NY.GDP.MKTP.KD.ZG,2023,3.1067964131456
MHL,Marshall Islands,NY.GDP.MKTP.KD.ZG,2020,-2.77288732394366
MHL,Marshall Islands,NY.GDP.MKTP.KD.ZG,2021,2.15939339067452
MHL,Marshall Islands,NY.GDP.MKTP.KD.ZG,2022,-0.700580183196621
MHL,Marshall Islands,NY.GDP.MKTP.KD.ZG,2023,-5.39477377525279
MIC,Middle income,NY.GDP.MKTP.KD.ZG,2020,-1.17178883495949
MIC,Middle income,NY.GDP.MKTP.KD.ZG,2021,7.4508617815507
MIC,Middle income,NY.GDP.MKTP.KD.ZG,2022,4.01198144032888
MIC,Middle income,NY.GDP.MKTP.KD.ZG,2023,4.70121337251241
MKD,North Macedonia,NY.GDP.MKTP.KD.ZG,2020,-4.68845000956652
MKD,North Macedonia,NY.GDP.MKTP.KD.ZG,2021,4.51067949038222
MKD,North Macedonia,NY.GDP.MKTP.KD.ZG,2022,2.75888415332967
MKD,North Macedonia,NY.GDP.MKTP.KD.ZG,2023,2.554965253403
MLI,Mali,NY.GDP.MKTP.KD.ZG,2020,-1.16910834857605
MLI,Mali,NY.GDP.MKTP.KD.ZG,2021,3.10094124463507
MLI,Mali,NY.GDP.MKTP.KD.ZG,2022,3.70319027585386
MLI,Mali,NY.GDP.MKTP.KD.ZG,2023,4.76394100040932
MLT,Malta,NY.GDP.MKTP.KD.ZG,2020,-3.45728232537419
MLT,Malta,NY.GDP.MKTP.KD.ZG,2021,13.3509818925498
MLT,Malta,NY.GDP.MKTP.KD.ZG,2022,2.59276776884379
MLT,Malta,NY.GDP.MKTP.KD.ZG,2023,10.6340558017004
MMR,Myanmar,NY.GDP.MKTP.KD.ZG,2020,-9.04834717984643
MMR,Myanmar,NY.GDP.MKTP.KD.ZG,2021,-12.0163724829177
MMR,Myanmar,NY.GDP.MKTP.KD.ZG,2022,4.0374934360085
MMR,Myanmar,NY.GDP.MKTP.KD.ZG,2023,0.958446625126115
MNA,"Middle East, North Africa, Afghanistan & Pakistan (excluding high income)",NY.GDP.MKTP.KD.ZG,2020,-2.61983985761596
MNA,"Middle East, North Africa, Afghanistan & Pakistan (excluding high income)",NY.GDP.MKTP.KD.ZG,2021,4.33211957315503
MNA,"Middle East, North Africa, Afghanistan & Pakistan (excluding high income)",NY.GDP.MKTP.KD.ZG,2022,4.3206385298363
MNA,"Middle East, North Africa, Afghanistan & Pakistan (excluding high income)",NY.GDP.MKTP.KD.ZG,2023,2.89591827095839
MNE,Montenegro,NY.GDP.MKTP.KD.ZG,2020,-14.9926187023533
MNE,Montenegro,NY.GDP.MKTP.KD.ZG,2021,13.0462607426359
MNE,Montenegro,NY.GDP.MKTP.KD.ZG,2022,7.73954689516201
MNE,Montenegro,NY.GDP.MKTP.KD.ZG,2023,6.47836283518564
MNG,Mongolia,NY.GDP.MKTP.KD.ZG,2020,-4.55775197583431
MNG,Mongolia,NY.GDP.MKTP.KD.ZG,2021,1.63676957736662
MNG,Mongolia,NY.GDP.MKTP.KD.ZG,2022,5.0327096366527
MNG,Mongolia,NY.GDP.MKTP.KD.ZG,2023,7.4221127615025
MNP,Northern Mariana Islands,NY.GDP.MKTP.KD.ZG,2020,-29.0598290598291
MNP,Northern Mariana Islands,NY.GDP.MKTP.KD.ZG,2021,4.96987951807229
MNP,Northern Mariana Islands,NY.GDP.MKTP.KD.ZG,2022,16.6427546628408
MOZ,Mozambique,NY.GDP.MKTP.KD.ZG,2020,-1.21952250011192
MOZ,Mozambique,NY.GDP.MKTP.KD.ZG,2021,2.37743572761507
MOZ,Mozambique,NY.GDP.MKTP.KD.ZG,2022,4.3693080193804
MOZ,Mozambique,NY.GDP.MKTP.KD.ZG,2023,5.50384456650241
MRT,Mauritania,NY.GDP.MKTP.KD.ZG,2020,-0.36065738652286
MRT,Mauritania,NY.GDP.MKTP.KD.ZG,2021,0.7427154981402
MRT,Mauritania,NY.GDP.MKTP.KD.ZG,2022,6.7960049994761
MRT,Mauritania,NY.GDP.MKTP.KD.ZG,2023,6.80949002457973
MUS,Mauritius,NY.GDP.MKTP.KD.ZG,2020,-14.1974358137792
MUS,Mauritius,NY.GDP.MKTP.KD.ZG,2021,3.33809084057279
MUS,Mauritius,NY.GDP.MKTP.KD.ZG,2022,8.3424438025047
MUS,Mauritius,NY.GDP.MKTP.KD.ZG,2023,4.69918189687444
MWI,Malawi,NY.GDP.MKTP.KD.ZG,2020,0.793596429787286
MWI,Malawi,NY.GDP.MKTP.KD.ZG,2021,4.55829212016083
MWI,Malawi,NY.GDP.MKTP.KD.ZG,2022,0.921115069005936
MWI,Malawi,NY.GDP.MKTP.KD.ZG,2023,1.94575281675984
MYS,Malaysia,NY.GDP.MKTP.KD.ZG,2020,-5.45684658426701
MYS,Malaysia,NY.GDP.MKTP.KD.ZG,2021,3.31534954399166
MYS,Malaysia,NY.GDP.MKTP.KD.ZG,2022,9.03173723044451
MYS,Malaysia,NY.GDP.MKTP.KD.ZG,2023,3.5370638041057
NAC,North America,NY.GDP.MKTP.KD.ZG,2020,-2.31236247885967
NAC,North America,NY.GDP.MKTP.KD.ZG,2021,6.13640923701173
NAC,North America,NY.GDP.MKTP.KD.ZG,2022,2.68881207167273
NAC,North America,NY.GDP.MKTP.KD.ZG,2023,2.85945132916503
NAM,Namibia,NY.GDP.MKTP.KD.ZG,2020,-8.10140201443319
NAM,Namibia,NY.GDP.MKTP.KD.ZG,2021,3.60382919248703
NAM,Namibia,NY.GDP.MKTP.KD.ZG,2022,5.3987247803654
NAM,Namibia,NY.GDP.MKTP.KD.ZG,2023,4.32498048866805
NCL,New Caledonia,NY.GDP.MKTP.KD.ZG,2020,-2.40000000692145
NCL,New Caledonia,NY.GDP.MKTP.KD.ZG,2021,-2.0999999972552
NCL,New Caledonia,NY.GDP.MKTP.KD.ZG,2022,3.50000000289097
NCL,New Caledonia,NY.GDP.MKTP.KD.ZG,2023,2.79999999603682
NER,Niger,NY.GDP.MKTP.KD.ZG,2020,4.45481803846413
NER,Niger,NY.GDP.MKTP.KD.ZG,2021,1.11520063869706
NER,Niger,NY.GDP.MKTP.KD.ZG,2022,12.2215497467041
NER,Niger,NY.GDP.MKTP.KD.ZG,2023,2.63516980401258
NGA,Nigeria,NY.GDP.MKTP.KD.ZG,2020,-6.36889840468527
NGA,Nigeria,NY.GDP.MKTP.KD.ZG,2021,1.109252540249
NGA,Nigeria,NY.GDP.MKTP.KD.ZG,2022,4.31882949157136
NGA,Nigeria,NY.GDP.MKTP.KD.ZG,2023,3.31590368111438
NIC,Nicaragua,NY.GDP.MKTP.KD.ZG,2020,-2.23654176262323
NIC,Nicaragua,NY.GDP.MKTP.KD.ZG,2021,10.4543887816515
NIC,Nicaragua,NY.GDP.MKTP.KD.ZG,2022,3.55027477135765
NIC,Nicaragua,NY.GDP.MKTP.KD.ZG,2023,4.42779393186883
NLD,Netherlands,NY.GDP.MKTP.KD.ZG,2020,-3.86799714191608
NLD,Netherlands,NY.GDP.MKTP.KD.ZG,2021,6.27683593745216
NLD,Netherlands,NY.GDP.MKTP.KD.ZG,2022,5.00723453395074
NLD,Netherlands,NY.GDP.MKTP.KD.ZG,2023,-0.598061017580278
NOR,Norway,NY.GDP.MKTP.KD.ZG,2020,-1.36055723261586
NOR,Norway,NY.GDP.MKTP.KD.ZG,2021,4.14314688769197
NOR,Norway,NY.GDP.MKTP.KD.ZG,2022,4.08039770659241
NOR,Norway,NY.GDP.MKTP.KD.ZG,2023,0.352695581319765
NPL,Nepal,NY.GDP.MKTP.KD.ZG,2020,-2.3696206292072
NPL,Nepal,NY.GDP.MKTP.KD.ZG,2021,4.838149614115
NPL,Nepal,NY.GDP.MKTP.KD.ZG,2022,5.6313145568451
NPL,Nepal,NY.GDP.MKTP.KD.ZG,2023,1.98254843461849
NRU,Naoero,NY.GDP.MKTP.KD.ZG,2020,1.57480314960559
NRU,Naoero,NY.GDP.MKTP.KD.ZG,2021,7.75193798449692
NRU,Naoero,NY.GDP.MKTP.KD.ZG,2022,0
NRU,Naoero,NY.GDP.MKTP.KD.ZG,2023,-0.719424460431725
NZL,New Zealand,NY.GDP.MKTP.KD.ZG,2020,-0.240916114758988
NZL,New Zealand,NY.GDP.MKTP.KD.ZG,2021,4.29916005216614
NZL,New Zealand,NY.GDP.MKTP.KD.ZG,2022,3.34521847792682
NZL,New Zealand,NY.GDP.MKTP.KD.ZG,2023,1.81389453412019
OED,OECD members,NY.GDP.MKTP.KD.ZG,2020,-3.86432916323412
OED,OECD members,NY.GDP.MKTP.KD.ZG,2021,6.09471533648059
OED,OECD members,NY.GDP.MKTP.KD.ZG,2022,3.15854809219758
OED,OECD members,NY.GDP.MKTP.KD.ZG,2023,1.78937161232169
OMN,Oman,NY.GDP.MKTP.KD.ZG,2020,-3.37972052697999
OMN,Oman,NY.GDP.MKTP.KD.ZG,2021,2.5821749892893
OMN,Oman,NY.GDP.MKTP.KD.ZG,2022,7.98570728354278
OMN,Oman,NY.GDP.MKTP.KD.ZG,2023,1.41401383200161
OSS,Other small states,NY.GDP.MKTP.KD.ZG,2020,-5.76450168062843
OSS,Other small states,NY.GDP.MKTP.KD.ZG,2021,7.99114438236406
OSS,Other small states,NY.GDP.MKTP.KD.ZG,2022,4.39868942923867
OSS,Other small states,NY.GDP.MKTP.KD.ZG,2023,3.20030722043091
PAK,Pakistan,NY.GDP.MKTP.KD.ZG,2020,-1.27408744338709
PAK,Pakistan,NY.GDP.MKTP.KD.ZG,2021,6.51388575852702
PAK,Pakistan,NY.GDP.MKTP.KD.ZG,2022,4.7781068690358
PAK,Pakistan,NY.GDP.MKTP.KD.ZG,2023,-0.414935997088406
PAN,Panama,NY.GDP.MKTP.KD.ZG,2020,-17.8211174074602
PAN,Panama,NY.GDP.MKTP.KD.ZG,2021,16.4669992022652
PAN,Panama,NY.GDP.MKTP.KD.ZG,2022,11.0386022908773
PAN,Panama,NY.GDP.MKTP.KD.ZG,2023,7.16634016390665
PER,Peru,NY.GDP.MKTP.KD.ZG,2020,-10.9333065010382
PER,Peru,NY.GDP.MKTP.KD.ZG,2021,13.4166456126513
PER,Peru,NY.GDP.MKTP.KD.ZG,2022,2.81819976419922
PER,Peru,NY.GDP.MKTP.KD.ZG,2023,-0.350699814345759
PHL,Philippines,NY.GDP.MKTP.KD.ZG,2020,-9.51829474045297
PHL,Philippines,NY.GDP.MKTP.KD.ZG,2021,5.71473313185116
PHL,Philippines,NY.GDP.MKTP.KD.ZG,2022,7.58098212785563
PHL,Philippines,NY.GDP.MKTP.KD.ZG,2023,5.51894967856043
PLW,Palau,NY.GDP.MKTP.KD.ZG,2020,-6.00740723664144
PLW,Palau,NY.GDP.MKTP.KD.ZG,2021,-11.9146400192064
PLW,Palau,NY.GDP.MKTP.KD.ZG,2022,-0.462879543823192
PLW,Palau,NY.GDP.MKTP.KD.ZG,2023,1.22284844405733
PNG,Papua New Guinea,NY.GDP.MKTP.KD.ZG,2020,-3.16743204434815
PNG,Papua New Guinea,NY.GDP.MKTP.KD.ZG,2021,-0.510612607034361
PNG,Papua New Guinea,NY.GDP.MKTP.KD.ZG,2022,5.70701964996525
PNG,Papua New Guinea,NY.GDP.MKTP.KD.ZG,2023,3.81046308333708
POL,Poland,NY.GDP.MKTP.KD.ZG,2020,-2.03556882399977
POL,Poland,NY.GDP.MKTP.KD.ZG,2021,6.92718266052501
POL,Poland,NY.GDP.MKTP.KD.ZG,2022,5.25545697386036
POL,Poland,NY.GDP.MKTP.KD.ZG,2023,0.249610834017872
PRE,Pre-demographic dividend,NY.GDP.MKTP.KD.ZG,2020,-4.15455315541389
PRE,Pre-demographic dividend,NY.GDP.MKTP.KD.ZG,2021,2.29076410791771
PRE,Pre-demographic dividend,NY.GDP.MKTP.KD.ZG,2022,4.63522422118558
PRE,Pre-demographic dividend,NY.GDP.MKTP.KD.ZG,2023,2.44455093685518
PRI,Puerto Rico (US),NY.GDP.MKTP.KD.ZG,2020,-4.1808743093346
PRI,Puerto Rico (US),NY.GDP.MKTP.KD.ZG,2021,0.385222719529239
PRI,Puerto Rico (US),NY.GDP.MKTP.KD.ZG,2022,2.95709565499587
PRI,Puerto Rico (US),NY.GDP.MKTP.KD.ZG,2023,0.731492105366186
PRT,Portugal,NY.GDP.MKTP.KD.ZG,2020,-8.20463159324387
PRT,Portugal,NY.GDP.MKTP.KD.ZG,2021,5.55875672070374
PRT,Portugal,NY.GDP.MKTP.KD.ZG,2022,6.98584137580278
PRT,Portugal,NY.GDP.MKTP.KD.ZG,2023,3.09998745904281
PRY,Paraguay,NY.GDP.MKTP.KD.ZG,2020,-0.819785390971916
PRY,Paraguay,NY.GDP.MKTP.KD.ZG,2021,3.99461510731535
PRY,Paraguay,NY.GDP.MKTP.KD.ZG,2022,-0.0280771723899278
PRY,Paraguay,NY.GDP.MKTP.KD.ZG,2023,5.28584584975323
PSE,West Bank and Gaza,NY.GDP.MKTP.KD.ZG,2020,-11.3184661065134
PSE,West Bank and Gaza,NY.GDP.MKTP.KD.ZG,2021,7.01198227592003
PSE,West Bank and Gaza,NY.GDP.MKTP.KD.ZG,2022,4.08276027347105
PSE,West Bank and Gaza,NY.GDP.MKTP.KD.ZG,2023,-0.97217780620403
PSS,Pacific island small states,NY.GDP.MKTP.KD.ZG,2020,-10.2465615365926
PSS,Pacific island small states,NY.GDP.MKTP.KD.ZG,2021,-2.62004384629151
PSS,Pacific island small states,NY.GDP.MKTP.KD.ZG,2022,8.33511772575022
PSS,Pacific island small states,NY.GDP.MKTP.KD.ZG,2023,7.23510889764707
PST,Post-demographic dividend,NY.GDP.MKTP.KD.ZG,2020,-4.03866257492757
PST,Post-demographic dividend,NY.GDP.MKTP.KD.ZG,2021,5.82057405938134
PST,Post-demographic dividend,NY.GDP.MKTP.KD.ZG,2022,2.86042677787768
PST,Post-demographic dividend,NY.GDP.MKTP.KD.ZG,2023,1.79595440239152
PYF,French Polynesia,NY.GDP.MKTP.KD.ZG,2020,-10.5738138632489
PYF,French Polynesia,NY.GDP.MKTP.KD.ZG,2021,3.36590242421546
PYF,French Polynesia,NY.GDP.MKTP.KD.ZG,2022,2.9373470716322
PYF,French Polynesia,NY.GDP.MKTP.KD.ZG,2023,2.77284077155413
QAT,Qatar,NY.GDP.MKTP.KD.ZG,2020,-3.5576039896784
QAT,Qatar,NY.GDP.MKTP.KD.ZG,2021,1.62684671918775
QAT,Qatar,NY.GDP.MKTP.KD.ZG,2022,4.18500970982862
QAT,Qatar,NY.GDP.MKTP.KD.ZG,2023,1.18715991623776
ROU,Romania,NY.GDP.MKTP.KD.ZG,2020,-3.59802546034757
ROU,Romania,NY.GDP.MKTP.KD.ZG,2021,5.58735072538869
ROU,Romania,NY.GDP.MKTP.KD.ZG,2022,4.18771305104109
ROU,Romania,NY.GDP.MKTP.KD.ZG,2023,2.25773416555121
RUS,Russian Federation,NY.GDP.MKTP.KD.ZG,2020,-2.65365449695453
RUS,Russian Federation,NY.GDP.MKTP.KD.ZG,2021,5.866491772979
RUS,Russian Federation,NY.GDP.MKTP.KD.ZG,2022,-1.43537063467896
RUS,Russian Federation,NY.GDP.MKTP.KD.ZG,2023,4.06661395813023
RWA,Rwanda,NY.GDP.MKTP.KD.ZG,2020,-2.77710485515125
RWA,Rwanda,NY.GDP.MKTP.KD.ZG,2021,8.41140448646523
RWA,Rwanda,NY.GDP.MKTP.KD.ZG,2022,9.82497394651698
RWA,Rwanda,NY.GDP.MKTP.KD.ZG,2023,8.55964292914153
SAS,South Asia,NY.GDP.MKTP.KD.ZG,2020,-4.98750173652559
SAS,South Asia,NY.GDP.MKTP.KD.ZG,2021,9.24659959756499
SAS,South Asia,NY.GDP.MKTP.KD.ZG,2022,7.10115392414392
SAS,South Asia,NY.GDP.MKTP.KD.ZG,2023,6.7848640413625
SAU,Saudi Arabia,NY.GDP.MKTP.KD.ZG,2020,-3.80478901996312
SAU,Saudi Arabia,NY.GDP.MKTP.KD.ZG,2021,6.51959698325419
SAU,Saudi Arabia,NY.GDP.MKTP.KD.ZG,2022,12.0005874752929
SAU,Saudi Arabia,NY.GDP.MKTP.KD.ZG,2023,0.542592439393161
SDN,Sudan,NY.GDP.MKTP.KD.ZG,2020,-3.62980082410752
SDN,Sudan,NY.GDP.MKTP.KD.ZG,2021,-1.8685204827207
SDN,Sudan,NY.GDP.MKTP.KD.ZG,2022,-0.957816591119183
SDN,Sudan,NY.GDP.MKTP.KD.ZG,2023,-29.4332716274387
SEN,Senegal,NY.GDP.MKTP.KD.ZG,2020,1.34207377285524
SEN,Senegal,NY.GDP.MKTP.KD.ZG,2021,6.5440010991951
SEN,Senegal,NY.GDP.MKTP.KD.ZG,2022,3.85043193752725
SEN,Senegal,NY.GDP.MKTP.KD.ZG,2023,4.25743083300657
SGP,Singapore,NY.GDP.MKTP.KD.ZG,2020,-3.61084281729929
SGP,Singapore,NY.GDP.MKTP.KD.ZG,2021,10.1410845197192
SGP,Singapore,NY.GDP.MKTP.KD.ZG,2022,4.01027884472296
SGP,Singapore,NY.GDP.MKTP.KD.ZG,2023,1.45026775889565
SLB,Solomon Islands,NY.GDP.MKTP.KD.ZG,2020,-3.38125925839405
SLB,Solomon Islands,NY.GDP.MKTP.KD.ZG,2021,-0.227975292792024
SLB,Solomon Islands,NY.GDP.MKTP.KD.ZG,2022,-2.58448361755723
SLB,Solomon Islands,NY.GDP.MKTP.KD.ZG,2023,2.84111851154807
SLE,Sierra Leone,NY.GDP.MKTP.KD.ZG,2020,-1.2533490322766
SLE,Sierra Leone,NY.GDP.MKTP.KD.ZG,2021,5.8968527047094
SLE,Sierra Leone,NY.GDP.MKTP.KD.ZG,2022,5.3135546141915
SLE,Sierra Leone,NY.GDP.MKTP.KD.ZG,2023,5.7100218981806
SLV,El Salvador,NY.GDP.MKTP.KD.ZG,2020,-7.893101359867
SLV,El Salvador,NY.GDP.MKTP.KD.ZG,2021,11.9047617015957
SLV,El Salvador,NY.GDP.MKTP.KD.ZG,2022,2.9546041089332
SLV,El Salvador,NY.GDP.MKTP.KD.ZG,2023,3.35508721646165
SMR,San Marino,NY.GDP.MKTP.KD.ZG,2020,-6.64791226034481
SMR,San Marino,NY.GDP.MKTP.KD.ZG,2021,13.8977857594089
SMR,San Marino,NY.GDP.MKTP.KD.ZG,2022,7.89844678230362
SMR,San Marino,NY.GDP.MKTP.KD.ZG,2023,0.401932371532837
SOM,"Somalia, Fed. Rep.",NY.GDP.MKTP.KD.ZG,2020,-2.76455696202532
SOM,"Somalia, Fed. Rep.",NY.GDP.MKTP.KD.ZG,2021,3.44719850031242
SOM,"Somalia, Fed. Rep.",NY.GDP.MKTP.KD.ZG,2022,2.71821202053759
SOM,"Somalia, Fed. Rep.",NY.GDP.MKTP.KD.ZG,2023,4.17524257571303
SRB,Serbia,NY.GDP.MKTP.KD.ZG,2020,-0.950023991851594
SRB,Serbia,NY.GDP.MKTP.KD.ZG,2021,7.94905650472278
SRB,Serbia,NY.GDP.MKTP.KD.ZG,2022,2.70347705543654
SRB,Serbia,NY.GDP.MKTP.KD.ZG,2023,3.74793303561771
SSA,Sub-Saharan Africa (excluding high income),NY.GDP.MKTP.KD.ZG,2020,-3.28342298905326
SSA,Sub-Saharan Africa (excluding high income),NY.GDP.MKTP.KD.ZG,2021,3.58478965187514
SSA,Sub-Saharan Africa (excluding high income),NY.GDP.MKTP.KD.ZG,2022,4.02837470360804
SSA,Sub-Saharan Africa (excluding high income),NY.GDP.MKTP.KD.ZG,2023,2.71209038880693
SSF,Sub-Saharan Africa,NY.GDP.MKTP.KD.ZG,2020,-3.29212615874913
SSF,Sub-Saharan Africa,NY.GDP.MKTP.KD.ZG,2021,3.58194129290288
SSF,Sub-Saharan Africa,NY.GDP.MKTP.KD.ZG,2022,4.03371066956886
SSF,Sub-Saharan Africa,NY.GDP.MKTP.KD.ZG,2023,2.71446691675897
SST,Small states,NY.GDP.MKTP.KD.ZG,2020,-6.9752973416568
SST,Small states,NY.GDP.MKTP.KD.ZG,2021,7.29421049896773
SST,Small states,NY.GDP.MKTP.KD.ZG,2022,7.42838535135735
SST,Small states,NY.GDP.MKTP.KD.ZG,2023,5.02859646200615
STP,Sao Tome and Principe,NY.GDP.MKTP.KD.ZG,2020,2.62485949543812
STP,Sao Tome and Principe,NY.GDP.MKTP.KD.ZG,2021,1.89929891337832
STP,Sao Tome and Principe,NY.GDP.MKTP.KD.ZG,2022,0.168698492216564
STP,Sao Tome and Principe,NY.GDP.MKTP.KD.ZG,2023,0.372252775001456
SUR,Suriname,NY.GDP.MKTP.KD.ZG,2020,-15.9751917148622
SUR,Suriname,NY.GDP.MKTP.KD.ZG,2021,-2.43538583612838
SUR,Suriname,NY.GDP.MKTP.KD.ZG,2022,2.40622235601218
SUR,Suriname,NY.GDP.MKTP.KD.ZG,2023,2.41659215006946
SVK,Slovak Republic,NY.GDP.MKTP.KD.ZG,2020,-2.58551241733207
SVK,Slovak Republic,NY.GDP.MKTP.KD.ZG,2021,5.6558588065555
SVK,Slovak Republic,NY.GDP.MKTP.KD.ZG,2022,0.544591632137454
SVK,Slovak Republic,NY.GDP.MKTP.KD.ZG,2023,2.11263633214959
SVN,Slovenia,NY.GDP.MKTP.KD.ZG,2020,-4.08500094942896
SVN,Slovenia,NY.GDP.MKTP.KD.ZG,2021,8.41686457725321
SVN,Slovenia,NY.GDP.MKTP.KD.ZG,2022,2.66850555542486
SVN,Slovenia,NY.GDP.MKTP.KD.ZG,2023,2.3758326648385
SWE,Sweden,NY.GDP.MKTP.KD.ZG,2020,-1.93379704032216
SWE,Sweden,NY.GDP.MKTP.KD.ZG,2021,5.2258643028773
SWE,Sweden,NY.GDP.MKTP.KD.ZG,2022,1.25543620445816
SWE,Sweden,NY.GDP.MKTP.KD.ZG,2023,-0.204061304891439
SWZ,Eswatini,NY.GDP.MKTP.KD.ZG,2020,-2.95183453409287
SWZ,Eswatini,NY.GDP.MKTP.KD.ZG,2021,4.23621913615419
SWZ,Eswatini,NY.GDP.MKTP.KD.ZG,2022,0.386070835562705
SWZ,Eswatini,NY.GDP.MKTP.KD.ZG,2023,3.53257662836211
SXM,Sint Maarten (Dutch part),NY.GDP.MKTP.KD.ZG,2020,-13.3167887221567
SXM,Sint Maarten (Dutch part),NY.GDP.MKTP.KD.ZG,2021,4.57759677933345
SXM,Sint Maarten (Dutch part),NY.GDP.MKTP.KD.ZG,2022,13.9000012614164
SXM,Sint Maarten (Dutch part),NY.GDP.MKTP.KD.ZG,2023,3.79999769985537
SYC,Seychelles,NY.GDP.MKTP.KD.ZG,2020,-11.7398608281732
SYC,Seychelles,NY.GDP.MKTP.KD.ZG,2021,0.552281631207279
SYC,Seychelles,NY.GDP.MKTP.KD.ZG,2022,9.88048366355446
SYC,Seychelles,NY.GDP.MKTP.KD.ZG,2023,5.17980996672414
SYR,Syrian Arab Republic,NY.GDP.MKTP.KD.ZG,2020,0.954914586675713
SYR,Syrian Arab Republic,NY.GDP.MKTP.KD.ZG,2021,1.7896919997567
SYR,Syrian Arab Republic,NY.GDP.MKTP.KD.ZG,2022,-0.20247264200475
TCA,Turks and Caicos Islands,NY.GDP.MKTP.KD.ZG,2020,-33.8170973434652
TCA,Turks and Caicos Islands,NY.GDP.MKTP.KD.ZG,2021,29.6293781722414
TCA,Turks and Caicos Islands,NY.GDP.MKTP.KD.ZG,2022,14.0871234168153
TCA,Turks and Caicos Islands,NY.GDP.MKTP.KD.ZG,2023,13.7311481139228
TCD,Chad,NY.GDP.MKTP.KD.ZG,2020,-0.393646582380399
TCD,Chad,NY.GDP.MKTP.KD.ZG,2021,0.293442648033434
TCD,Chad,NY.GDP.MKTP.KD.ZG,2022,4.12969897668356
TCD,Chad,NY.GDP.MKTP.KD.ZG,2023,3.99861309461539
TEA,East Asia & Pacific (IDA & IBRD countries),NY.GDP.MKTP.KD.ZG,2020,1.34329202401489
TEA,East Asia & Pacific (IDA & IBRD countries),NY.GDP.MKTP.KD.ZG,2021,7.71993890573823
TEA,East Asia & Pacific (IDA & IBRD countries),NY.GDP.MKTP.KD.ZG,2022,3.5491103392587
TEA,East Asia & Pacific (IDA & IBRD countries),NY.GDP.MKTP.KD.ZG,2023,5.2600647393007
TEC,Europe & Central Asia (IDA & IBRD countries),NY.GDP.MKTP.KD.ZG,2020,-1.44509752100556
TEC,Europe & Central Asia (IDA & IBRD countries),NY.GDP.MKTP.KD.ZG,2021,7.59725679517675
TEC,Europe & Central Asia (IDA & IBRD countries),NY.GDP.MKTP.KD.ZG,2022,1.97113681599863
TEC,Europe & Central Asia (IDA & IBRD countries),NY.GDP.MKTP.KD.ZG,2023,3.8319198777364
TGO,Togo,NY.GDP.MKTP.KD.ZG,2020,2.15900131150536
TGO,Togo,NY.GDP.MKTP.KD.ZG,2021,5.13562929064506
TGO,Togo,NY.GDP.MKTP.KD.ZG,2022,6.29443692019429
TGO,Togo,NY.GDP.MKTP.KD.ZG,2023,6.19762969378132
THA,Thailand,NY.GDP.MKTP.KD.ZG,2020,-6.09306312966953
THA,Thailand,NY.GDP.MKTP.KD.ZG,2021,1.55858232076893
THA,Thailand,NY.GDP.MKTP.KD.ZG,2022,2.63784213566305
THA,Thailand,NY.GDP.MKTP.KD.ZG,2023,2.24883437970568
TJK,Tajikistan,NY.GDP.MKTP.KD.ZG,2020,4.40000111553493
TJK,Tajikistan,NY.GDP.MKTP.KD.ZG,2021,9.39999955037523
TJK,Tajikistan,NY.GDP.MKTP.KD.ZG,2022,8.00000033846364
TJK,Tajikistan,NY.GDP.MKTP.KD.ZG,2023,8.29999921651935
TKM,Turkmenistan,NY.GDP.MKTP.KD.ZG,2020,5.87065623130427
TKM,Turkmenistan,NY.GDP.MKTP.KD.ZG,2021,6.15115785574542
TKM,Turkmenistan,NY.GDP.MKTP.KD.ZG,2022,6.23491365071671
TKM,Turkmenistan,NY.GDP.MKTP.KD.ZG,2023,6.31879850268643
TLA,Latin America & the Caribbean (IDA & IBRD countries),NY.GDP.MKTP.KD.ZG,2020,-6.78167389936947
TLA,Latin America & the Caribbean (IDA & IBRD countries),NY.GDP.MKTP.KD.ZG,2021,7.27596087772766
TLA,Latin America & the Caribbean (IDA & IBRD countries),NY.GDP.MKTP.KD.ZG,2022,4.12386672781881
TLA,Latin America & the Caribbean (IDA & IBRD countries),NY.GDP.MKTP.KD.ZG,2023,2.28058560829545
TLS,Timor-Leste,NY.GDP.MKTP.KD.ZG,2020,31.7257416721413
TLS,Timor-Leste,NY.GDP.MKTP.KD.ZG,2021,5.36980119392668
TLS,Timor-Leste,NY.GDP.MKTP.KD.ZG,2022,-20.5224802314812
TLS,Timor-Leste,NY.GDP.MKTP.KD.ZG,2023,-18.1359049134472
TMN,"Middle East, North Africa, Afghanistan & Pakistan (IDA & IBRD)",NY.GDP.MKTP.KD.ZG,2020,-2.55101546183431
TMN,"Middle East, North Africa, Afghanistan & Pakistan (IDA & IBRD)",NY.GDP.MKTP.KD.ZG,2021,4.31282389000222
TMN,"Middle East, North Africa, Afghanistan & Pakistan (IDA & IBRD)",NY.GDP.MKTP.KD.ZG,2022,4.3223956322189
TMN,"Middle East, North Africa, Afghanistan & Pakistan (IDA & IBRD)",NY.GDP.MKTP.KD.ZG,2023,2.92442456913298
TON,Tonga,NY.GDP.MKTP.KD.ZG,2020,1.80618715298932
TON,Tonga,NY.GDP.MKTP.KD.ZG,2021,-0.934919892094683
TON,Tonga,NY.GDP.MKTP.KD.ZG,2022,-2.12854876486114
TON,Tonga,NY.GDP.MKTP.KD.ZG,2023,2.79014715494606
TSA,South Asia (IDA & IBRD),NY.GDP.MKTP.KD.ZG,2020,-4.98750173652559
TSA,South Asia (IDA & IBRD),NY.GDP.MKTP.KD.ZG,2021,9.24659959756499
TSA,South Asia (IDA & IBRD),NY.GDP.MKTP.KD.ZG,2022,7.10115392414392
TSA,South Asia (IDA & IBRD),NY.GDP.MKTP.KD.ZG,2023,6.7848640413625
TSS,Sub-Saharan Africa (IDA & IBRD countries),NY.GDP.MKTP.KD.ZG,2020,-3.29212615874916
TSS,Sub-Saharan Africa (IDA & IBRD countries),NY.GDP.MKTP.KD.ZG,2021,3.58194129290288
TSS,Sub-Saharan Africa (IDA & IBRD countries),NY.GDP.MKTP.KD.ZG,2022,4.03371066956888
TSS,Sub-Saharan Africa (IDA & IBRD countries),NY.GDP.MKTP.KD.ZG,2023,2.71446691675898
TTO,Trinidad and Tobago,NY.GDP.MKTP.KD.ZG,2020,-8.78879817831519
TTO,Trinidad and Tobago,NY.GDP.MKTP.KD.ZG,2021,-0.716740625909793
TTO,Trinidad and Tobago,NY.GDP.MKTP.KD.ZG,2022,0.86126082651883
TTO,Trinidad and Tobago,NY.GDP.MKTP.KD.ZG,2023,1.46645947294053
TUN,Tunisia,NY.GDP.MKTP.KD.ZG,2020,-8.97512622934723
TUN,Tunisia,NY.GDP.MKTP.KD.ZG,2021,4.73603648206102
TUN,Tunisia,NY.GDP.MKTP.KD.ZG,2022,2.75228761004381
TUN,Tunisia,NY.GDP.MKTP.KD.ZG,2023,0.184015548469745
TUR,Turkiye,NY.GDP.MKTP.KD.ZG,2020,1.80306247087255
TUR,Turkiye,NY.GDP.MKTP.KD.ZG,2021,11.811094450607
TUR,Turkiye,NY.GDP.MKTP.KD.ZG,2022,5.44122511322401
TUR,Turkiye,NY.GDP.MKTP.KD.ZG,2023,5.04512369812289
TUV,Tuvalu,NY.GDP.MKTP.KD.ZG,2020,-3.03030303030303
TUV,Tuvalu,NY.GDP.MKTP.KD.ZG,2021,0
TUV,Tuvalu,NY.GDP.MKTP.KD.ZG,2022,-10.9375
TUV,Tuvalu,NY.GDP.MKTP.KD.ZG,2023,3.50877192982458
TZA,Tanzania,NY.GDP.MKTP.KD.ZG,2020,1.99196460647855
TZA,Tanzania,NY.GDP.MKTP.KD.ZG,2021,4.32138429480482
TZA,Tanzania,NY.GDP.MKTP.KD.ZG,2022,4.56600576430955
TZA,Tanzania,NY.GDP.MKTP.KD.ZG,2023,5.06952353203394
UGA,Uganda,NY.GDP.MKTP.KD.ZG,2020,2.95130642218098
UGA,Uganda,NY.GDP.MKTP.KD.ZG,2021,3.53658034070898
UGA,Uganda,NY.GDP.MKTP.KD.ZG,2022,4.58802192181773
UGA,Uganda,NY.GDP.MKTP.KD.ZG,2023,5.33697295511469
UKR,Ukraine,NY.GDP.MKTP.KD.ZG,2020,-3.75281793983162
UKR,Ukraine,NY.GDP.MKTP.KD.ZG,2021,3.44562065945944
UKR,Ukraine,NY.GDP.MKTP.KD.ZG,2022,-28.7585842155085
UKR,Ukraine,NY.GDP.MKTP.KD.ZG,2023,5.53473354963334
URY,Uruguay,NY.GDP.MKTP.KD.ZG,2020,-7.35732706897301
URY,Uruguay,NY.GDP.MKTP.KD.ZG,2021,5.84427325018082
URY,Uruguay,NY.GDP.MKTP.KD.ZG,2022,4.60623000920732
URY,Uruguay,NY.GDP.MKTP.KD.ZG,2023,0.761749241321681
USA,United States,NY.GDP.MKTP.KD.ZG,2020,-2.081375977796
USA,United States,NY.GDP.MKTP.KD.ZG,2021,6.15202247867526
USA,United States,NY.GDP.MKTP.KD.ZG,2022,2.52421385073222
USA,United States,NY.GDP.MKTP.KD.ZG,2023,2.93436322440155
UZB,Uzbekistan,NY.GDP.MKTP.KD.ZG,2020,1.62162281640448
UZB,Uzbekistan,NY.GDP.MKTP.KD.ZG,2021,8.20448512353877
UZB,Uzbekistan,NY.GDP.MKTP.KD.ZG,2022,6.08592335737373
UZB,Uzbekistan,NY.GDP.MKTP.KD.ZG,2023,6.31603004201926
VCT,St. Vincent and the Grenadines,NY.GDP.MKTP.KD.ZG,2020,-4.26892434422649
VCT,St. Vincent and the Grenadines,NY.GDP.MKTP.KD.ZG,2021,2.09340124465459
VCT,St. Vincent and the Grenadines,NY.GDP.MKTP.KD.ZG,2022,3.1108330034352
VCT,St. Vincent and the Grenadines,NY.GDP.MKTP.KD.ZG,2023,5.32636472098717
VEN,"Venezuela, RB",NY.GDP.MKTP.KD.ZG,2020,-29.8245614035088
VEN,"Venezuela, RB",NY.GDP.MKTP.KD.ZG,2021,0.625000000000014
VEN,"Venezuela, RB",NY.GDP.MKTP.KD.ZG,2022,8.07453416149069
VEN,"Venezuela, RB",NY.GDP.MKTP.KD.ZG,2023,4.02298850574712
VIR,Virgin Islands (U.S.),NY.GDP.MKTP.KD.ZG,2020,-1.61493817814787
VIR,Virgin Islands (U.S.),NY.GDP.MKTP.KD.ZG,2021,3.66760707873814
VIR,Virgin Islands (U.S.),NY.GDP.MKTP.KD.ZG,2022,-1.31123206333498
VNM,Viet Nam,NY.GDP.MKTP.KD.ZG,2020,2.86541320912272
VNM,Viet Nam,NY.GDP.MKTP.KD.ZG,2021,2.55372852648131
VNM,Viet Nam,NY.GDP.MKTP.KD.ZG,2022,8.53750041218142
VNM,Viet Nam,NY.GDP.MKTP.KD.ZG,2023,4.97865959483225
VUT,Vanuatu,NY.GDP.MKTP.KD.ZG,2020,-5.72530282073851
VUT,Vanuatu,NY.GDP.MKTP.KD.ZG,2021,-1.16332488626091
VUT,Vanuatu,NY.GDP.MKTP.KD.ZG,2022,5.59195729750803
VUT,Vanuatu,NY.GDP.MKTP.KD.ZG,2023,5.82973013269719
WLD,World,NY.GDP.MKTP.KD.ZG,2020,-2.88621185457086
WLD,World,NY.GDP.MKTP.KD.ZG,2021,6.48508887596752
WLD,World,NY.GDP.MKTP.KD.ZG,2022,3.44001097265647
WLD,World,NY.GDP.MKTP.KD.ZG,2023,2.85938493335973
WSM,Samoa,NY.GDP.MKTP.KD.ZG,2020,-3.10864485863991
WSM,Samoa,NY.GDP.MKTP.KD.ZG,2021,-5.04350589708287
WSM,Samoa,NY.GDP.MKTP.KD.ZG,2022,2.26705310780669
WSM,Samoa,NY.GDP.MKTP.KD.ZG,2023,15.233606465518
XKX,Kosovo,NY.GDP.MKTP.KD.ZG,2020,-5.34027547826166
XKX,Kosovo,NY.GDP.MKTP.KD.ZG,2021,10.7456560819583
XKX,Kosovo,NY.GDP.MKTP.KD.ZG,2022,4.27849895827543
XKX,Kosovo,NY.GDP.MKTP.KD.ZG,2023,4.06762701436438
ZAF,South Africa,NY.GDP.MKTP.KD.ZG,2020,-6.1689177146757
ZAF,South Africa,NY.GDP.MKTP.KD.ZG,2021,4.85864865060148
ZAF,South Africa,NY.GDP.MKTP.KD.ZG,2022,2.05813661692193
ZAF,South Africa,NY.GDP.MKTP.KD.ZG,2023,0.80610455095804
ZMB,Zambia,NY.GDP.MKTP.KD.ZG,2020,-2.78505506545167
ZMB,Zambia,NY.GDP.MKTP.KD.ZG,2021,6.23492204726448
ZMB,Zambia,NY.GDP.MKTP.KD.ZG,2022,5.21122360356247
ZMB,Zambia,NY.GDP.MKTP.KD.ZG,2023,5.36794285493059
ZWE,Zimbabwe,NY.GDP.MKTP.KD.ZG,2020,-7.81695060188729
ZWE,Zimbabwe,NY.GDP.MKTP.KD.ZG,2021,8.46801676808001
ZWE,Zimbabwe,NY.GDP.MKTP.KD.ZG,2022,6.13926327570213
ZWE,Zimbabwe,NY.GDP.MKTP.KD.ZG,2023,5.3508687909833
ABW,Aruba,NY.GDP.PCAP.CD,2020,22664.3709949437
ABW,Aruba,NY.GDP.PCAP.CD,2021,26827.3447869986
ABW,Aruba,NY.GDP.PCAP.CD,2022,31000.5713798732
ABW,Aruba,NY.GDP.PCAP.CD,2023,34897.6183932009
AFE,Africa Eastern and Southern,NY.GDP.PCAP.CD,2020,1351.50316694933
AFE,Africa Eastern and Southern,NY.GDP.PCAP.CD,2021,1560.89462580275
AFE,Africa Eastern and Southern,NY.GDP.PCAP.CD,2022,1675.90252377611
AFE,Africa Eastern and Southern,NY.GDP.PCAP.CD,2023,1571.13270407815
AFG,Afghanistan,NY.GDP.PCAP.CD,2020,510.787063366811
AFG,Afghanistan,NY.GDP.PCAP.CD,2021,356.496214115892
AFG,Afghanistan,NY.GDP.PCAP.CD,2022,357.261152798144
AFG,Afghanistan,NY.GDP.PCAP.CD,2023,413.757894705303
AFW,Africa Western and Central,NY.GDP.PCAP.CD,2020,2034.43793971923
AFW,Africa Western and Central,NY.GDP.PCAP.CD,2021,2116.9382941844
AFW,Africa Western and Central,NY.GDP.PCAP.CD,2022,2143.07209365676
AFW,Africa Western and Central,NY.GDP.PCAP.CD,2023,1846.24681069313
AGO,Angola,NY.GDP.PCAP.CD,2020,1749.1794838482
AGO,Angola,NY.GDP.PCAP.CD,2021,2266.96834861584
AGO,Angola,NY.GDP.PCAP.CD,2022,3598.53669077341
AGO,Angola,NY.GDP.PCAP.CD,2023,2885.51349130806
ALB,Albania,NY.GDP.PCAP.CD,2020,6027.91350716348
ALB,Albania,NY.GDP.PCAP.CD,2021,7242.45513146613
ALB,Albania,NY.GDP.PCAP.CD,2022,7756.96188744253
ALB,Albania,NY.GDP.PCAP.CD,2023,9740.7023414631
AND,Andorra,NY.GDP.PCAP.CD,2020,37361.090067211
AND,Andorra,NY.GDP.PCAP.CD,2021,42425.6996761083
AND,Andorra,NY.GDP.PCAP.CD,2022,42414.0590111349
AND,Andorra,NY.GDP.PCAP.CD,2023,46812.448450114
ARB,Arab World,NY.GDP.PCAP.CD,2020,5749.75163256627
ARB,Arab World,NY.GDP.PCAP.CD,2021,6708.20761928893
ARB,Arab World,NY.GDP.PCAP.CD,2022,7960.81158770821
ARB,Arab World,NY.GDP.PCAP.CD,2023,7504.35637695627
ARE,United Arab Emirates,NY.GDP.PCAP.CD,2020,37991.738387966
ARE,United Arab Emirates,NY.GDP.PCAP.CD,2021,44118.4936214315
ARE,United Arab Emirates,NY.GDP.PCAP.CD,2022,50759.7590190204
ARE,United Arab Emirates,NY.GDP.PCAP.CD,2023,49850.6945082084
ARG,Argentina,NY.GDP.PCAP.CD,2020,8535.59938004389
ARG,Argentina,NY.GDP.PCAP.CD,2021,10738.0179223384
ARG,Argentina,NY.GDP.PCAP.CD,2022,13962.1894087223
ARG,Argentina,NY.GDP.PCAP.CD,2023,14261.8465667948
ARM,Armenia,NY.GDP.PCAP.CD,2020,4268.68093304583
ARM,Armenia,NY.GDP.PCAP.CD,2021,4685.17997128509
ARM,Armenia,NY.GDP.PCAP.CD,2022,6571.97445545099
ARM,Armenia,NY.GDP.PCAP.CD,2023,8159.08720967996
ASM,American Samoa,NY.GDP.PCAP.CD,2020,14489.2586563775
ASM,American Samoa,NY.GDP.PCAP.CD,2021,15236.1604875571
ASM,American Samoa,NY.GDP.PCAP.CD,2022,18017.4589383973
ATG,Antigua and Barbuda,NY.GDP.PCAP.CD,2020,15369.6082250401
ATG,Antigua and Barbuda,NY.GDP.PCAP.CD,2021,17348.6006987182
ATG,Antigua and Barbuda,NY.GDP.PCAP.CD,2022,20003.3909394099
ATG,Antigua and Barbuda,NY.GDP.PCAP.CD,2023,22012.2625947994
AUS,Australia,NY.GDP.PCAP.CD,2020,51983.4523666382
AUS,Australia,NY.GDP.PCAP.CD,2021,60758.9044397144
AUS,Australia,NY.GDP.PCAP.CD,2022,65169.5191118657
AUS,Australia,NY.GDP.PCAP.CD,2023,65058.3773146674
AUT,Austria,NY.GDP.PCAP.CD,2020,48716.4098900349
AUT,Austria,NY.GDP.PCAP.CD,2021,53648.6437976214
AUT,Austria,NY.GDP.PCAP.CD,2022,52336.7725223758
AUT,Austria,NY.GDP.PCAP.CD,2023,56579.504175468
AZE,Azerbaijan,NY.GDP.PCAP.CD,2020,4229.91064904503
AZE,Azerbaijan,NY.GDP.PCAP.CD,2021,5408.04535175023
AZE,Azerbaijan,NY.GDP.PCAP.CD,2022,7770.594223351
AZE,Azerbaijan,NY.GDP.PCAP.CD,2023,7133.02838048328
BDI,Burundi,NY.GDP.PCAP.CD,2020,252.702452750006
BDI,Burundi,NY.GDP.PCAP.CD,2021,264.172844085398
BDI,Burundi,NY.GDP.PCAP.CD,2022,301.832255755105
BDI,Burundi,NY.GDP.PCAP.CD,2023,249.795164039029
BEL,Belgium,NY.GDP.PCAP.CD,2020,45906.2875805246
BEL,Belgium,NY.GDP.PCAP.CD,2021,51658.238294958
BEL,Belgium,NY.GDP.PCAP.CD,2022,50639.0264882739
BEL,Belgium,NY.GDP.PCAP.CD,2023,55244.68145811
BEN,Benin,NY.GDP.PCAP.CD,2020,1200.19426557789
BEN,Benin,NY.GDP.PCAP.CD,2021,1318.65158075198
BEN,Benin,NY.GDP.PCAP.CD,2022,1266.42711031904
BEN,Benin,NY.GDP.PCAP.CD,2023,1394.17784721831
BFA,Burkina Faso,NY.GDP.PCAP.CD,2020,825.237038782475
BFA,Burkina Faso,NY.GDP.PCAP.CD,2021,895.535288442991
BFA,Burkina Faso,NY.GDP.PCAP.CD,2022,827.330843486661
BFA,Burkina Faso,NY.GDP.PCAP.CD,2023,873.198061670247
BGD,Bangladesh,NY.GDP.PCAP.CD,2020,2248.85078828233
BGD,Bangladesh,NY.GDP.PCAP.CD,2021,2482.84917843357
BGD,Bangladesh,NY.GDP.PCAP.CD,2022,2716.48592780431
BGD,Bangladesh,NY.GDP.PCAP.CD,2023,2551.01773827307
BGR,Bulgaria,NY.GDP.PCAP.CD,2020,10760.7616180234
BGR,Bulgaria,NY.GDP.PCAP.CD,2021,12966.8085197381
BGR,Bulgaria,NY.GDP.PCAP.CD,2022,13999.9113358453
BGR,Bulgaria,NY.GDP.PCAP.CD,2023,15854.0192893772
BHR,Bahrain,NY.GDP.PCAP.CD,2020,24342.8444554718
BHR,Bahrain,NY.GDP.PCAP.CD,2021,27147.8083882286
BHR,Bahrain,NY.GDP.PCAP.CD,2022,30470.5219276023
BHR,Bahrain,NY.GDP.PCAP.CD,2023,29290.1284215098
BHS,"Bahamas, The",NY.GDP.PCAP.CD,2020,26178.7537607708
BHS,"Bahamas, The",NY.GDP.PCAP.CD,2021,30367.8605757708
BHS,"Bahamas, The",NY.GDP.PCAP.CD,2022,34957.1613279737
BHS,"Bahamas, The",NY.GDP.PCAP.CD,2023,38231.774484278
BIH,Bosnia and Herzegovina,NY.GDP.PCAP.CD,2020,6130.31187968266
BIH,Bosnia and Herzegovina,NY.GDP.PCAP.CD,2021,7295.34378682258
BIH,Bosnia and Herzegovina,NY.GDP.PCAP.CD,2022,7655.59421024383
BIH,Bosnia and Herzegovina,NY.GDP.PCAP.CD,2023,8663.02326458629
BLR,Belarus,NY.GDP.PCAP.CD,2020,6542.85579976768
BLR,Belarus,NY.GDP.PCAP.CD,2021,7489.71894713888
BLR,Belarus,NY.GDP.PCAP.CD,2022,7994.64806074889
BLR,Belarus,NY.GDP.PCAP.CD,2023,7896.75388295584
BLZ,Belize,NY.GDP.PCAP.CD,2020,5238.54078175696
BLZ,Belize,NY.GDP.PCAP.CD,2021,6142.98930557031
BLZ,Belize,NY.GDP.PCAP.CD,2022,7068.21728043145
BLZ,Belize,NY.GDP.PCAP.CD,2023,7424.75821321022
BMU,Bermuda,NY.GDP.PCAP.CD,2020,106976.546239632
BMU,Bermuda,NY.GDP.PCAP.CD,2021,112765.08167306
BMU,Bermuda,NY.GDP.PCAP.CD,2022,119969.173269085
BMU,Bermuda,NY.GDP.PCAP.CD,2023,132961.760796315
BOL,Bolivia,NY.GDP.PCAP.CD,2020,3580.96761778303
BOL,Bolivia,NY.GDP.PCAP.CD,2021,4010.76053686204
BOL,Bolivia,NY.GDP.PCAP.CD,2022,4219.46113742445
BOL,Bolivia,NY.GDP.PCAP.CD,2023,4274.70820547613
BRA,Brazil,NY.GDP.PCAP.CD,2020,7074.19378337644
BRA,Brazil,NY.GDP.PCAP.CD,2021,7972.5366498646
BRA,Brazil,NY.GDP.PCAP.CD,2022,9281.33334441234
BRA,Brazil,NY.GDP.PCAP.CD,2023,10377.5892792557
BRB,Barbados,NY.GDP.PCAP.CD,2020,19180.9915228365
BRB,Barbados,NY.GDP.PCAP.CD,2021,21084.4013935998
BRB,Barbados,NY.GDP.PCAP.CD,2022,24393.2193483944
BRB,Barbados,NY.GDP.PCAP.CD,2023,25583.8722302505
BRN,Brunei Darussalam,NY.GDP.PCAP.CD,2020,26834.3592233943
BRN,Brunei Darussalam,NY.GDP.PCAP.CD,2021,31006.9636289785
BRN,Brunei Darussalam,NY.GDP.PCAP.CD,2022,36632.9280952155
BRN,Brunei Darussalam,NY.GDP.PCAP.CD,2023,32890.5491812019
BTN,Bhutan,NY.GDP.PCAP.CD,2020,3191.66906999331
BTN,Bhutan,NY.GDP.PCAP.CD,2021,3570.61257980872
BTN,Bhutan,NY.GDP.PCAP.CD,2022,3711.32767981591
BTN,Bhutan,NY.GDP.PCAP.CD,2023,3831.32535564326
BWA,Botswana,NY.GDP.PCAP.CD,2020,6323.2974967659
BWA,Botswana,NY.GDP.PCAP.CD,2021,7807.88794570471
BWA,Botswana,NY.GDP.PCAP.CD,2022,8328.7090572666
BWA,Botswana,NY.GDP.PCAP.CD,2023,7827.30027960734
CAF,Central African Republic,NY.GDP.PCAP.CD,2020,462.879071294011
CAF,Central African Republic,NY.GDP.PCAP.CD,2021,492.263142830507
CAF,Central African Republic,NY.GDP.PCAP.CD,2022,467.359825026238
CAF,Central African Republic,NY.GDP.PCAP.CD,2023,495.978897288721
CAN,Canada,NY.GDP.PCAP.CD,2020,43537.8981198851
CAN,Canada,NY.GDP.PCAP.CD,2021,52886.6407813788
CAN,Canada,NY.GDP.PCAP.CD,2022,56496.9275340663
CAN,Canada,NY.GDP.PCAP.CD,2023,54847.5370112652
CEB,Central Europe and the Baltics,NY.GDP.PCAP.CD,2020,16581.3833261524
CEB,Central Europe and the Baltics,NY.GDP.PCAP.CD,2021,19224.3287744219
CEB,Central Europe and the Baltics,NY.GDP.PCAP.CD,2022,19526.2463443821
CEB,Central Europe and the Baltics,NY.GDP.PCAP.CD,2023,22693.9504470566
CHE,Switzerland,NY.GDP.PCAP.CD,2020,87529.7016394892
CHE,Switzerland,NY.GDP.PCAP.CD,2021,96582.8687080693
CHE,Switzerland,NY.GDP.PCAP.CD,2022,97809.095567203
CHE,Switzerland,NY.GDP.PCAP.CD,2023,104449.75451772
CHI,Channel Islands,NY.GDP.PCAP.CD,2020,56785.9402005039
CHI,Channel Islands,NY.GDP.PCAP.CD,2021,66915.3963925722
CHI,Channel Islands,NY.GDP.PCAP.CD,2022,67627.1417347907
CHI,Channel Islands,NY.GDP.PCAP.CD,2023,74585.5224096294
CHL,Chile,NY.GDP.PCAP.CD,2020,13117.9930230086
CHL,Chile,NY.GDP.PCAP.CD,2021,16216.1840860289
CHL,Chile,NY.GDP.PCAP.CD,2022,15399.1044717559
CHL,Chile,NY.GDP.PCAP.CD,2023,17081.5180740049
CHN,China,NY.GDP.PCAP.CD,2020,10627.4637989619
CHN,China,NY.GDP.PCAP.CD,2021,12887.4357242941
CHN,China,NY.GDP.PCAP.CD,2022,12970.6056414327
CHN,China,NY.GDP.PCAP.CD,2023,12951.1782397043
CIV,Cote d'Ivoire,NY.GDP.PCAP.CD,2020,2179.72934832935
CIV,Cote d'Ivoire,NY.GDP.PCAP.CD,2021,2455.98127641148
CIV,Cote d'Ivoire,NY.GDP.PCAP.CD,2022,2333.37128301259
CIV,Cote d'Ivoire,NY.GDP.PCAP.CD,2023,2591.9659048119
CMR,Cameroon,NY.GDP.PCAP.CD,2020,1555.60370660749
CMR,Cameroon,NY.GDP.PCAP.CD,2021,1672.32657340872
CMR,Cameroon,NY.GDP.PCAP.CD,2022,1604.87726954895
CMR,Cameroon,NY.GDP.PCAP.CD,2023,1720.47510154506
COD,"Congo, Dem. Rep.",NY.GDP.PCAP.CD,2020,486.425572682256
COD,"Congo, Dem. Rep.",NY.GDP.PCAP.CD,2021,595.743074403567
COD,"Congo, Dem. Rep.",NY.GDP.PCAP.CD,2022,687.738587554685
COD,"Congo, Dem. Rep.",NY.GDP.PCAP.CD,2023,660.21205238997
COG,"Congo, Rep.",NY.GDP.PCAP.CD,2020,1993.586671931
COG,"Congo, Rep.",NY.GDP.PCAP.CD,2021,2516.16255145432
COG,"Congo, Rep.",NY.GDP.PCAP.CD,2022,2620.83804267402
COG,"Congo, Rep.",NY.GDP.PCAP.CD,2023,2477.97845544866
COL,Colombia,NY.GDP.PCAP.CD,2020,5339.68711357943
COL,Colombia,NY.GDP.PCAP.CD,2021,6222.62164397614
COL,Colombia,NY.GDP.PCAP.CD,2022,6680.44506854481
COL,Colombia,NY.GDP.PCAP.CD,2023,7012.49169137756
COM,Comoros,NY.GDP.PCAP.CD,2020,1527.16991011916
COM,Comoros,NY.GDP.PCAP.CD,2021,1587.72988658008
COM,Comoros,NY.GDP.PCAP.CD,2022,1533.87755393614
COM,Comoros,NY.GDP.PCAP.CD,2023,1723.89474946474
CPV,Cabo Verde,NY.GDP.PCAP.CD,2020,3539.22661248299
CPV,Cabo Verde,NY.GDP.PCAP.CD,2021,3971.44409203423
CPV,Cabo Verde,NY.GDP.PCAP.CD,2022,4323.31362032709
CPV,Cabo Verde,NY.GDP.PCAP.CD,2023,4794.90119772843
CRI,Costa Rica,NY.GDP.PCAP.CD,2020,12475.6852076814
CRI,Costa Rica,NY.GDP.PCAP.CD,2021,12962.2716075659
CRI,Costa Rica,NY.GDP.PCAP.CD,2022,13971.7649991294
CRI,Costa Rica,NY.GDP.PCAP.CD,2023,17140.771430122
CSS,Caribbean small states,NY.GDP.PCAP.CD,2020,11961.4085449634
CSS,Caribbean small states,NY.GDP.PCAP.CD,2021,13996.4475071755
CSS,Caribbean small states,NY.GDP.PCAP.CD,2022,17449.5193422186
CSS,Caribbean small states,NY.GDP.PCAP.CD,2023,17609.6827071212
CUB,Cuba,NY.GDP.PCAP.CD,2020,9605.27914559614
CUW,Curacao,NY.GDP.PCAP.CD,2020,16299.8134688605
CUW,Curacao,NY.GDP.PCAP.CD,2021,17795.5826483092
CUW,Curacao,NY.GDP.PCAP.CD,2022,20057.1404960105
CUW,Curacao,NY.GDP.PCAP.CD,2023,21217.8109173312
CYM,Cayman Islands,NY.GDP.PCAP.CD,2020,82338.7977439023
CYM,Cayman Islands,NY.GDP.PCAP.CD,2021,86449.6749037302
CYM,Cayman Islands,NY.GDP.PCAP.CD,2022,92937.8838323153
CYM,Cayman Islands,NY.GDP.PCAP.CD,2023,100065.233841107
CYP,Cyprus,NY.GDP.PCAP.CD,2020,28130.330078125
CYP,Cyprus,NY.GDP.PCAP.CD,2021,32937.8359375
CYP,Cyprus,NY.GDP.PCAP.CD,2022,33231.05078125
CYP,Cyprus,NY.GDP.PCAP.CD,2023,36623.70703125
CZE,Czechia,NY.GDP.PCAP.CD,2020,23472.8915454417
CZE,Czechia,NY.GDP.PCAP.CD,2021,27696.4619527544
CZE,Czechia,NY.GDP.PCAP.CD,2022,28282.2236715857
CZE,Czechia,NY.GDP.PCAP.CD,2023,31761.5944102491
DEU,Germany,NY.GDP.PCAP.CD,2020,47394.8734504469
DEU,Germany,NY.GDP.PCAP.CD,2021,52349.2459994422
DEU,Germany,NY.GDP.PCAP.CD,2022,50506.5179638543
DEU,Germany,NY.GDP.PCAP.CD,2023,54776.7668235491
DJI,Djibouti,NY.GDP.PCAP.CD,2020,2844.88810647853
DJI,Djibouti,NY.GDP.PCAP.CD,2021,3025.91126413549
DJI,Djibouti,NY.GDP.PCAP.CD,2022,3133.25779772463
DJI,Djibouti,NY.GDP.PCAP.CD,2023,3381.29779710722
DMA,Dominica,NY.GDP.PCAP.CD,2020,7827.74842680426
DMA,Dominica,NY.GDP.PCAP.CD,2021,8376.40414141113
DMA,Dominica,NY.GDP.PCAP.CD,2022,9323.66089490562
DMA,Dominica,NY.GDP.PCAP.CD,2023,9912.96212766668
DNK,Denmark,NY.GDP.PCAP.CD,2020,60985.4885601514
DNK,Denmark,NY.GDP.PCAP.CD,2021,69340.7334922138
DNK,Denmark,NY.GDP.PCAP.CD,2022,67781.0940939514
DNK,Denmark,NY.GDP.PCAP.CD,2023,68043.5466971243
DOM,Dominican Republic,NY.GDP.PCAP.CD,2020,7135.22273255899
DOM,Dominican Republic,NY.GDP.PCAP.CD,2021,8527.0754858205
DOM,Dominican Republic,NY.GDP.PCAP.CD,2022,10104.2464008585
DOM,Dominican Republic,NY.GDP.PCAP.CD,2023,10630.431743829
DZA,Algeria,NY.GDP.PCAP.CD,2020,3743.5419522929
DZA,Algeria,NY.GDP.PCAP.CD,2021,4160.55926736925
DZA,Algeria,NY.GDP.PCAP.CD,2022,4960.30334332888
DZA,Algeria,NY.GDP.PCAP.CD,2023,5370.477235078
EAP,East Asia & Pacific (excluding high income),NY.GDP.PCAP.CD,2020,8391.23898302179
EAP,East Asia & Pacific (excluding high income),NY.GDP.PCAP.CD,2021,9974.57917918464
EAP,East Asia & Pacific (excluding high income),NY.GDP.PCAP.CD,2022,10107.0569545516
EAP,East Asia & Pacific (excluding high income),NY.GDP.PCAP.CD,2023,10126.4304121407
EAR,Early-demographic dividend,NY.GDP.PCAP.CD,2020,3185.49787368673
EAR,Early-demographic dividend,NY.GDP.PCAP.CD,2021,3697.4103832017
EAR,Early-demographic dividend,NY.GDP.PCAP.CD,2022,4017.48956260692
EAR,Early-demographic dividend,NY.GDP.PCAP.CD,2023,4212.16924807645
EAS,East Asia & Pacific,NY.GDP.PCAP.CD,2020,11697.5156784805
EAS,East Asia & Pacific,NY.GDP.PCAP.CD,2021,13416.9773441612
EAS,East Asia & Pacific,NY.GDP.PCAP.CD,2022,13219.5863562213
EAS,East Asia & Pacific,NY.GDP.PCAP.CD,2023,13251.5119797804
ECA,Europe & Central Asia (excluding high income),NY.GDP.PCAP.CD,2020,5734.46191312695
ECA,Europe & Central Asia (excluding high income),NY.GDP.PCAP.CD,2021,6632.57221034255
ECA,Europe & Central Asia (excluding high income),NY.GDP.PCAP.CD,2022,7264.37321853889
ECA,Europe & Central Asia (excluding high income),NY.GDP.PCAP.CD,2023,8609.12296290637
ECS,Europe & Central Asia,NY.GDP.PCAP.CD,2020,24187.2451763556
ECS,Europe & Central Asia,NY.GDP.PCAP.CD,2021,27700.9996673888
ECS,Europe & Central Asia,NY.GDP.PCAP.CD,2022,27968.286148204
ECS,Europe & Central Asia,NY.GDP.PCAP.CD,2023,30015.7640895399
ECU,Ecuador,NY.GDP.PCAP.CD,2020,5463.64515348598
ECU,Ecuador,NY.GDP.PCAP.CD,2021,6061.32350181711
ECU,Ecuador,NY.GDP.PCAP.CD,2022,6515.58528418336
ECU,Ecuador,NY.GDP.PCAP.CD,2023,6718.1447938811
EGY,"Egypt, Arab Rep.",NY.GDP.PCAP.CD,2020,3511.11381026379
EGY,"Egypt, Arab Rep.",NY.GDP.PCAP.CD,2021,3827.35415374308
EGY,"Egypt, Arab Rep.",NY.GDP.PCAP.CD,2022,4233.30783744856
EGY,"Egypt, Arab Rep.",NY.GDP.PCAP.CD,2023,3456.78965212363
EMU,Euro area,NY.GDP.PCAP.CD,2020,37727.4543067337
EMU,Euro area,NY.GDP.PCAP.CD,2021,42432.2915720012
EMU,Euro area,NY.GDP.PCAP.CD,2022,41105.3462099324
EMU,Euro area,NY.GDP.PCAP.CD,2023,44797.6445281418
ESP,Spain,NY.GDP.PCAP.CD,2020,27233.9426461608
ESP,Spain,NY.GDP.PCAP.CD,2021,30799.4775937775
ESP,Spain,NY.GDP.PCAP.CD,2022,30319.4987196616
ESP,Spain,NY.GDP.PCAP.CD,2023,33493.2225409111
EST,Estonia,NY.GDP.PCAP.CD,2020,23933.9939421065
EST,Estonia,NY.GDP.PCAP.CD,2021,27951.1659277744
EST,Estonia,NY.GDP.PCAP.CD,2022,28340.3826549406
EST,Estonia,NY.GDP.PCAP.CD,2023,30264.0064885057
ETH,Ethiopia,NY.GDP.PCAP.CD,2020,829.790982552951
ETH,Ethiopia,NY.GDP.PCAP.CD,2021,893.009835441784
ETH,Ethiopia,NY.GDP.PCAP.CD,2022,982.103161502198
ETH,Ethiopia,NY.GDP.PCAP.CD,2023,1055.81091593061
EUU,European Union,NY.GDP.PCAP.CD,2020,34694.7105012203
EUU,European Union,NY.GDP.PCAP.CD,2021,39206.9663368683
EUU,European Union,NY.GDP.PCAP.CD,2022,38066.8240398192
EUU,European Union,NY.GDP.PCAP.CD,2023,41566.8992410802
FIN,Finland,NY.GDP.PCAP.CD,2020,48828.6846862799
FIN,Finland,NY.GDP.PCAP.CD,2021,53099.1351400148
FIN,Finland,NY.GDP.PCAP.CD,2022,50440.560224974
FIN,Finland,NY.GDP.PCAP.CD,2023,52864.6931581216
FJI,Fiji,NY.GDP.PCAP.CD,2020,4620.6457238014
FJI,Fiji,NY.GDP.PCAP.CD,2021,4536.73312110335
FJI,Fiji,NY.GDP.PCAP.CD,2022,5414.12092119088
FJI,Fiji,NY.GDP.PCAP.CD,2023,5926.20586394763
FRA,France,NY.GDP.PCAP.CD,2020,39169.8606000707
FRA,France,NY.GDP.PCAP.CD,2021,43725.0999521245
FRA,France,NY.GDP.PCAP.CD,2022,40988.6396406579
FRA,France,NY.GDP.PCAP.CD,2023,44700.1384177544
FRO,Faroe Islands,NY.GDP.PCAP.CD,2020,62247.9273907098
FRO,Faroe Islands,NY.GDP.PCAP.CD,2021,69421.6981686515
FRO,Faroe Islands,NY.GDP.PCAP.CD,2022,67069.3987440509
FRO,Faroe Islands,NY.GDP.PCAP.CD,2023,72486.6910957957
FSM,"Micronesia, Fed. Sts.",NY.GDP.PCAP.CD,2020,3362.02802120524
FSM,"Micronesia, Fed. Sts.",NY.GDP.PCAP.CD,2021,3508.22314197664
FSM,"Micronesia, Fed. Sts.",NY.GDP.PCAP.CD,2022,3703.66680343222
FSM,"Micronesia, Fed. Sts.",NY.GDP.PCAP.CD,2023,3933.01607031874
GAB,Gabon,NY.GDP.PCAP.CD,2020,6605.80346077904
GAB,Gabon,NY.GDP.PCAP.CD,2021,8181.40914134398
GAB,Gabon,NY.GDP.PCAP.CD,2022,8409.20741452279
GAB,Gabon,NY.GDP.PCAP.CD,2023,7802.82433276138
GBR,United Kingdom,NY.GDP.PCAP.CD,2020,40815.1255364787
GBR,United Kingdom,NY.GDP.PCAP.CD,2021,47695.6491523474
GBR,United Kingdom,NY.GDP.PCAP.CD,2022,47034.7795621476
GBR,United Kingdom,NY.GDP.PCAP.CD,2023,49919.6896621586
GEO,Georgia,NY.GDP.PCAP.CD,2020,4300.85701291207
GEO,Georgia,NY.GDP.PCAP.CD,2021,5083.60695484577
GEO,Georgia,NY.GDP.PCAP.CD,2022,6729.84659930283
GEO,Georgia,NY.GDP.PCAP.CD,2023,8283.66960652261
GHA,Ghana,NY.GDP.PCAP.CD,2020,2195.45481659987
GHA,Ghana,NY.GDP.PCAP.CD,2021,2445.18662529344
GHA,Ghana,NY.GDP.PCAP.CD,2022,2229.89122654479
GHA,Ghana,NY.GDP.PCAP.CD,2023,2383.90410476221
GIN,Guinea,NY.GDP.PCAP.CD,2020,1053.66097696415
GIN,Guinea,NY.GDP.PCAP.CD,2021,1244.96550477914
GIN,Guinea,NY.GDP.PCAP.CD,2022,1416.59612011764
GIN,Guinea,NY.GDP.PCAP.CD,2023,1555.49375806861
GMB,"Gambia, The",NY.GDP.PCAP.CD,2020,720.335143352133
GMB,"Gambia, The",NY.GDP.PCAP.CD,2021,781.890925169531
GMB,"Gambia, The",NY.GDP.PCAP.CD,2022,836.244875868476
GMB,"Gambia, The",NY.GDP.PCAP.CD,2023,883.024111978927
GNB,Guinea-Bissau,NY.GDP.PCAP.CD,2020,846.918134967613
GNB,Guinea-Bissau,NY.GDP.PCAP.CD,2021,926.54619187706
GNB,Guinea-Bissau,NY.GDP.PCAP.CD,2022,881.602654162231
GNB,Guinea-Bissau,NY.GDP.PCAP.CD,2023,964.431832665395
GNQ,Equatorial Guinea,NY.GDP.PCAP.CD,2020,5764.05502912947
GNQ,Equatorial Guinea,NY.GDP.PCAP.CD,2021,6945.63069794539
GNQ,Equatorial Guinea,NY.GDP.PCAP.CD,2022,7589.29964909381
GNQ,Equatorial Guinea,NY.GDP.PCAP.CD,2023,6788.35271638376
GRC,Greece,NY.GDP.PCAP.CD,2020,17886.733165236
GRC,Greece,NY.GDP.PCAP.CD,2021,20652.89659591
GRC,Greece,NY.GDP.PCAP.CD,2022,20884.6773436263
GRC,Greece,NY.GDP.PCAP.CD,2023,23343.7103964562
GRD,Grenada,NY.GDP.PCAP.CD,2020,8968.55890108484
GRD,Grenada,NY.GDP.PCAP.CD,2021,9617.28902905373
GRD,Grenada,NY.GDP.PCAP.CD,2022,10469.3867012856
GRD,Grenada,NY.GDP.PCAP.CD,2023,11414.4781691181
GRL,Greenland,NY.GDP.PCAP.CD,2020,54812.6661771023
GRL,Greenland,NY.GDP.PCAP.CD,2021,58135.9939910203
GRL,Greenland,NY.GDP.PCAP.CD,2022,55635.0006491223
GRL,Greenland,NY.GDP.PCAP.CD,2023,58498.9707973609
GTM,Guatemala,NY.GDP.PCAP.CD,2020,4477.61785000665
GTM,Guatemala,NY.GDP.PCAP.CD,2021,4912.62240414681
GTM,Guatemala,NY.GDP.PCAP.CD,2022,5356.92435887895
GTM,Guatemala,NY.GDP.PCAP.CD,2023,5754.42833909847
GUM,Guam,NY.GDP.PCAP.CD,2020,36482.9363953675
GUM,Guam,NY.GDP.PCAP.CD,2021,38074.8793745801
GUM,Guam,NY.GDP.PCAP.CD,2022,41833.1517132825
GUY,Guyana,NY.GDP.PCAP.CD,2020,6775.70939096303
GUY,Guyana,NY.GDP.PCAP.CD,2021,9860.87014834386
GUY,Guyana,NY.GDP.PCAP.CD,2022,17913.4928066879
GUY,Guyana,NY.GDP.PCAP.CD,2023,20473.7002190617
HKG,"Hong Kong SAR, China",NY.GDP.PCAP.CD,2020,46109.2299946609
HKG,"Hong Kong SAR, China",NY.GDP.PCAP.CD,2021,49770.5642374739
HKG,"Hong Kong SAR, China",NY.GDP.PCAP.CD,2022,48825.0272275805
HKG,"Hong Kong SAR, China",NY.GDP.PCAP.CD,2023,50525.1119312663
HND,Honduras,NY.GDP.PCAP.CD,2020,2307.61494319511
HND,Honduras,NY.GDP.PCAP.CD,2021,2735.14751503977
HND,Honduras,NY.GDP.PCAP.CD,2022,3003.28996826399
HND,Honduras,NY.GDP.PCAP.CD,2023,3227.45762509776
HPC,Heavily indebted poor countries (HIPC),NY.GDP.PCAP.CD,2020,963.808519118256
HPC,Heavily indebted poor countries (HIPC),NY.GDP.PCAP.CD,2021,1062.58689269634
HPC,Heavily indebted poor countries (HIPC),NY.GDP.PCAP.CD,2022,1123.26894975331
HPC,Heavily indebted poor countries (HIPC),NY.GDP.PCAP.CD,2023,1157.85200500349
HRV,Croatia,NY.GDP.PCAP.CD,2020,14807.5559227544
HRV,Croatia,NY.GDP.PCAP.CD,2021,17788.7601163765
HRV,Croatia,NY.GDP.PCAP.CD,2022,18465.531473659
HRV,Croatia,NY.GDP.PCAP.CD,2023,22183.4982258492
HTI,Haiti,NY.GDP.PCAP.CD,2020,1290.32538667383
HTI,Haiti,NY.GDP.PCAP.CD,2021,1824.6798742577
HTI,Haiti,NY.GDP.PCAP.CD,2022,1748.40890116803
HTI,Haiti,NY.GDP.PCAP.CD,2023,1681.84407667059
HUN,Hungary,NY.GDP.PCAP.CD,2020,16386.9308821258
HUN,Hungary,NY.GDP.PCAP.CD,2021,19030.628130329
HUN,Hungary,NY.GDP.PCAP.CD,2022,18428.028825614
HUN,Hungary,NY.GDP.PCAP.CD,2023,22208.6509820466
IBD,IBRD only,NY.GDP.PCAP.CD,2020,6189.46595997499
IBD,IBRD only,NY.GDP.PCAP.CD,2021,7312.40590533832
IBD,IBRD only,NY.GDP.PCAP.CD,2022,7679.78639337735
IBD,IBRD only,NY.GDP.PCAP.CD,2023,7892.13359236419
IBT,IDA & IBRD total,NY.GDP.PCAP.CD,2020,4923.39708871472
IBT,IDA & IBRD total,NY.GDP.PCAP.CD,2021,5754.17990139813
IBT,IDA & IBRD total,NY.GDP.PCAP.CD,2022,6024.32591287554
IBT,IDA & IBRD total,NY.GDP.PCAP.CD,2023,6126.38809068241
IDA,IDA total,NY.GDP.PCAP.CD,2020,1467.74475406134
IDA,IDA total,NY.GDP.PCAP.CD,2021,1569.43031809587
IDA,IDA total,NY.GDP.PCAP.CD,2022,1651.01916315494
IDA,IDA total,NY.GDP.PCAP.CD,2023,1536.73358897841
IDB,IDA blend,NY.GDP.PCAP.CD,2020,2014.81189013082
IDB,IDA blend,NY.GDP.PCAP.CD,2021,2148.31628647273
IDB,IDA blend,NY.GDP.PCAP.CD,2022,2241.22931753571
IDB,IDA blend,NY.GDP.PCAP.CD,2023,1922.68195677238
IDN,Indonesia,NY.GDP.PCAP.CD,2020,3853.70288774146
IDN,Indonesia,NY.GDP.PCAP.CD,2021,4287.17313995098
IDN,Indonesia,NY.GDP.PCAP.CD,2022,4730.83484836107
IDN,Indonesia,NY.GDP.PCAP.CD,2023,4876.2992959843
IDX,IDA only,NY.GDP.PCAP.CD,2020,1172.52623503626
IDX,IDA only,NY.GDP.PCAP.CD,2021,1257.78054041357
IDX,IDA only,NY.GDP.PCAP.CD,2022,1333.98547158611
IDX,IDA only,NY.GDP.PCAP.CD,2023,1330.08005697828
IMN,Isle of Man,NY.GDP.PCAP.CD,2020,79513.5330346598
IMN,Isle of Man,NY.GDP.PCAP.CD,2021,94299.969348965
IMN,Isle of Man,NY.GDP.PCAP.CD,2022,88328.548125887
IMN,Isle of Man,NY.GDP.PCAP.CD,2023,90015.2074234398
IND,India,NY.GDP.PCAP.CD,2020,1907.04251637669
IND,India,NY.GDP.PCAP.CD,2021,2239.61384367482
IND,India,NY.GDP.PCAP.CD,2022,2279.98145719369
IND,India,NY.GDP.PCAP.CD,2023,2434.44826340989
IRL,Ireland,NY.GDP.PCAP.CD,2020,86514.0706108754
IRL,Ireland,NY.GDP.PCAP.CD,2021,103783.446284479
IRL,Ireland,NY.GDP.PCAP.CD,2022,105190.685952731
IRL,Ireland,NY.GDP.PCAP.CD,2023,106818.917130804
IRN,"Iran, Islamic Rep.",NY.GDP.PCAP.CD,2020,3202.50003502169
IRN,"Iran, Islamic Rep.",NY.GDP.PCAP.CD,2021,4605.14881318992
IRN,"Iran, Islamic Rep.",NY.GDP.PCAP.CD,2022,4721.20437099984
IRN,"Iran, Islamic Rep.",NY.GDP.PCAP.CD,2023,5049.29931642754
IRQ,Iraq,NY.GDP.PCAP.CD,2020,4295.18945121228
IRQ,Iraq,NY.GDP.PCAP.CD,2021,4868.49431080783
IRQ,Iraq,NY.GDP.PCAP.CD,2022,6520.73154560584
IRQ,Iraq,NY.GDP.PCAP.CD,2023,5965.31835077761
ISL,Iceland,NY.GDP.PCAP.CD,2020,60127.9393575616
ISL,Iceland,NY.GDP.PCAP.CD,2021,70425.4064277273
ISL,Iceland,NY.GDP.PCAP.CD,2022,76376.9599334915
ISL,Iceland,NY.GDP.PCAP.CD,2023,82201.2908518078
ISR,Israel,NY.GDP.PCAP.CD,2020,44590.8237253282
ISR,Israel,NY.GDP.PCAP.CD,2021,52258.4693499398
ISR,Israel,NY.GDP.PCAP.CD,2022,54947.2091250715
ISR,Israel,NY.GDP.PCAP.CD,2023,52126.4489280033
ITA,Italy,NY.GDP.PCAP.CD,2020,32091.4866621366
ITA,Italy,NY.GDP.PCAP.CD,2021,36852.5425414951
ITA,Italy,NY.GDP.PCAP.CD,2022,35653.9042103495
ITA,Italy,NY.GDP.PCAP.CD,2023,39279.699782164
JAM,Jamaica,NY.GDP.PCAP.CD,2020,5299.04530804283
JAM,Jamaica,NY.GDP.PCAP.CD,2021,5625.67806271236
JAM,Jamaica,NY.GDP.PCAP.CD,2022,6626.47502388538
JAM,Jamaica,NY.GDP.PCAP.CD,2023,7542.39855849054
JOR,Jordan,NY.GDP.PCAP.CD,2020,4411.48321838396
JOR,Jordan,NY.GDP.PCAP.CD,2021,4581.71967230365
JOR,Jordan,NY.GDP.PCAP.CD,2022,4754.41362207378
JOR,Jordan,NY.GDP.PCAP.CD,2023,4906.23543006639
JPN,Japan,NY.GDP.PCAP.CD,2020,41098.9739004553
JPN,Japan,NY.GDP.PCAP.CD,2021,41580.739040705
JPN,Japan,NY.GDP.PCAP.CD,2022,35548.2645222433
JPN,Japan,NY.GDP.PCAP.CD,2023,35215.003535366
KAZ,Kazakhstan,NY.GDP.PCAP.CD,2020,8781.50797787648
KAZ,Kazakhstan,NY.GDP.PCAP.CD,2021,9983.60103576902
KAZ,Kazakhstan,NY.GDP.PCAP.CD,2022,11255.3396437881
KAZ,Kazakhstan,NY.GDP.PCAP.CD,2023,12879.4275257974
KEN,Kenya,NY.GDP.PCAP.CD,2020,1927.66459027849
KEN,Kenya,NY.GDP.PCAP.CD,2021,2061.35622089594
KEN,Kenya,NY.GDP.PCAP.CD,2022,2109.56288513137
KEN,Kenya,NY.GDP.PCAP.CD,2023,1942.58802756191
KGZ,Kyrgyz Republic,NY.GDP.PCAP.CD,2020,1229.51766602907
KGZ,Kyrgyz Republic,NY.GDP.PCAP.CD,2021,1349.99730650542
KGZ,Kyrgyz Republic,NY.GDP.PCAP.CD,2022,1739.72018344174
KGZ,Kyrgyz Republic,NY.GDP.PCAP.CD,2023,2138.22210211478
KHM,Cambodia,NY.GDP.PCAP.CD,2020,2081.73914242939
KHM,Cambodia,NY.GDP.PCAP.CD,2021,2167.40324198499
KHM,Cambodia,NY.GDP.PCAP.CD,2022,2325.03050040841
KHM,Cambodia,NY.GDP.PCAP.CD,2023,2429.74853452838
KIR,Kiribati,NY.GDP.PCAP.CD,2020,1751.87199542272
KIR,Kiribati,NY.GDP.PCAP.CD,2021,2223.54147866465
KIR,Kiribati,NY.GDP.PCAP.CD,2022,2078.7648751855
KIR,Kiribati,NY.GDP.PCAP.CD,2023,2200.68918614289
KNA,St. Kitts and Nevis,NY.GDP.PCAP.CD,2020,18859.0190361046
KNA,St. Kitts and Nevis,NY.GDP.PCAP.CD,2021,18361.1449697886
KNA,St. Kitts and Nevis,NY.GDP.PCAP.CD,2022,21011.5744209816
KNA,St. Kitts and Nevis,NY.GDP.PCAP.CD,2023,22576.9248439166
KOR,"Korea, Rep.",NY.GDP.PCAP.CD,2020,33645.7719545073
KOR,"Korea, Rep.",NY.GDP.PCAP.CD,2021,37518.4635305697
KOR,"Korea, Rep.",NY.GDP.PCAP.CD,2022,34822.4048404971
KOR,"Korea, Rep.",NY.GDP.PCAP.CD,2023,35674.095995632
KWT,Kuwait,NY.GDP.PCAP.CD,2020,25236.0755848941
KWT,Kuwait,NY.GDP.PCAP.CD,2021,34018.6342592913
KWT,Kuwait,NY.GDP.PCAP.CD,2022,39981.7691035833
KWT,Kuwait,NY.GDP.PCAP.CD,2023,34091.9714813002
LAC,Latin America & Caribbean (excluding high income),NY.GDP.PCAP.CD,2020,6651.15822114273
LAC,Latin America & Caribbean (excluding high income),NY.GDP.PCAP.CD,2021,7694.61136917625
LAC,Latin America & Caribbean (excluding high income),NY.GDP.PCAP.CD,2022,8838.67169511547
LAC,Latin America & Caribbean (excluding high income),NY.GDP.PCAP.CD,2023,9891.4632795533
LAO,Lao PDR,NY.GDP.PCAP.CD,2020,2583.77730696131
LAO,Lao PDR,NY.GDP.PCAP.CD,2021,2526.05105018529
LAO,Lao PDR,NY.GDP.PCAP.CD,2022,2046.40440255621
LAO,Lao PDR,NY.GDP.PCAP.CD,2023,2066.94979776957
LBN,Lebanon,NY.GDP.PCAP.CD,2020,5561.19166950397
LBN,Lebanon,NY.GDP.PCAP.CD,2021,4045.37391066234
LBN,Lebanon,NY.GDP.PCAP.CD,2022,3654.35845534878
LBN,Lebanon,NY.GDP.PCAP.CD,2023,3477.72489842684
LBR,Liberia,NY.GDP.PCAP.CD,2020,616.787867006715
LBR,Liberia,NY.GDP.PCAP.CD,2021,667.96610514319
LBR,Liberia,NY.GDP.PCAP.CD,2022,744.617175237387
LBR,Liberia,NY.GDP.PCAP.CD,2023,799.194470229642
LBY,Libya,NY.GDP.PCAP.CD,2020,6650.33810585348
LBY,Libya,NY.GDP.PCAP.CD,2021,4935.82787349801
LBY,Libya,NY.GDP.PCAP.CD,2022,5986.63694851258
LBY,Libya,NY.GDP.PCAP.CD,2023,6026.51518708812
LCA,St. Lucia,NY.GDP.PCAP.CD,2020,8537.11495506727
LCA,St. Lucia,NY.GDP.PCAP.CD,2021,10481.1233971786
LCA,St. Lucia,NY.GDP.PCAP.CD,2022,12976.1489693474
LCA,St. Lucia,NY.GDP.PCAP.CD,2023,13616.6397593734
LCN,Latin America & Caribbean,NY.GDP.PCAP.CD,2020,7169.39235876452
LCN,Latin America & Caribbean,NY.GDP.PCAP.CD,2021,8292.15210222359
LCN,Latin America & Caribbean,NY.GDP.PCAP.CD,2022,9412.05924553392
LCN,Latin America & Caribbean,NY.GDP.PCAP.CD,2023,10507.6138782353
LDC,Least developed countries: UN classification,NY.GDP.PCAP.CD,2020,1089.46260850363
LDC,Least developed countries: UN classification,NY.GDP.PCAP.CD,2021,1175.42321388464
LDC,Least developed countries: UN classification,NY.GDP.PCAP.CD,2022,1298.29338219278
LDC,Least developed countries: UN classification,NY.GDP.PCAP.CD,2023,1258.15690309732
LIE,Liechtenstein,NY.GDP.PCAP.CD,2020,164671.093553454
LIE,Liechtenstein,NY.GDP.PCAP.CD,2021,201944.830335076
LIE,Liechtenstein,NY.GDP.PCAP.CD,2022,188055.003235348
LIE,Liechtenstein,NY.GDP.PCAP.CD,2023,206780.590353385
LKA,Sri Lanka,NY.GDP.PCAP.CD,2020,3847.60136741182
LKA,Sri Lanka,NY.GDP.PCAP.CD,2021,3996.96240531688
LKA,Sri Lanka,NY.GDP.PCAP.CD,2022,3342.63650438046
LKA,Sri Lanka,NY.GDP.PCAP.CD,2023,3815.41531767474
LMY,Low & middle income,NY.GDP.PCAP.CD,2020,4646.47209072865
LMY,Low & middle income,NY.GDP.PCAP.CD,2021,5422.11312035073
LMY,Low & middle income,NY.GDP.PCAP.CD,2022,5626.6962378216
LMY,Low & middle income,NY.GDP.PCAP.CD,2023,5733.51584469729
LSO,Lesotho,NY.GDP.PCAP.CD,2020,918.582574704447
LSO,Lesotho,NY.GDP.PCAP.CD,2021,1066.58645143823
LSO,Lesotho,NY.GDP.PCAP.CD,2022,1030.12582947757
LSO,Lesotho,NY.GDP.PCAP.CD,2023,921.435141557056
LTE,Late-demographic dividend,NY.GDP.PCAP.CD,2020,9874.06805462328
LTE,Late-demographic dividend,NY.GDP.PCAP.CD,2021,11760.0897155889
LTE,Late-demographic dividend,NY.GDP.PCAP.CD,2022,12287.4566066286
LTE,Late-demographic dividend,NY.GDP.PCAP.CD,2023,12427.24971376
LTU,Lithuania,NY.GDP.PCAP.CD,2020,20428.6478157394
LTU,Lithuania,NY.GDP.PCAP.CD,2021,23882.8668916753
LTU,Lithuania,NY.GDP.PCAP.CD,2022,24946.5724005188
LTU,Lithuania,NY.GDP.PCAP.CD,2023,27983.3658256887
LUX,Luxembourg,NY.GDP.PCAP.CD,2020,116860.02817236
LUX,Luxembourg,NY.GDP.PCAP.CD,2021,134965.815442152
LUX,Luxembourg,NY.GDP.PCAP.CD,2022,123719.658915996
LUX,Luxembourg,NY.GDP.PCAP.CD,2023,133230.619178899
LVA,Latvia,NY.GDP.PCAP.CD,2020,17564.2321549354
LVA,Latvia,NY.GDP.PCAP.CD,2021,20261.8887788916
LVA,Latvia,NY.GDP.PCAP.CD,2022,20221.103686109
LVA,Latvia,NY.GDP.PCAP.CD,2023,22710.2637544197
MAC,"Macao SAR, China",NY.GDP.PCAP.CD,2020,36883.6652578543
MAC,"Macao SAR, China",NY.GDP.PCAP.CD,2021,44884.8961602393
MAC,"Macao SAR, China",NY.GDP.PCAP.CD,2022,36806.891255461
MAC,"Macao SAR, China",NY.GDP.PCAP.CD,2023,67216.3631112124
MAF,St. Martin (French part),NY.GDP.PCAP.CD,2021,21668.3776525323
MAR,Morocco,NY.GDP.PCAP.CD,2020,3268.0302734375
MAR,Morocco,NY.GDP.PCAP.CD,2021,3785.93627929688
MAR,Morocco,NY.GDP.PCAP.CD,2022,3463.1376953125
MAR,Morocco,NY.GDP.PCAP.CD,2023,3813.72607421875
MCO,Monaco,NY.GDP.PCAP.CD,2020,176891.806328966
MCO,Monaco,NY.GDP.PCAP.CD,2021,223823.327192464
MCO,Monaco,NY.GDP.PCAP.CD,2022,226052.060664649
MCO,Monaco,NY.GDP.PCAP.CD,2023,256799.911212051
MDA,Moldova,NY.GDP.PCAP.CD,2020,4375.7788930524
MDA,Moldova,NY.GDP.PCAP.CD,2021,5274.60582195352
MDA,Moldova,NY.GDP.PCAP.CD,2022,5744.29618434435
MDA,Moldova,NY.GDP.PCAP.CD,2023,6799.58594644576
MDG,Madagascar,NY.GDP.PCAP.CD,2020,450.771615205157
MDG,Madagascar,NY.GDP.PCAP.CD,2021,483.469463351195
MDG,Madagascar,NY.GDP.PCAP.CD,2022,504.059106969168
MDG,Madagascar,NY.GDP.PCAP.CD,2023,514.064076551927
MDV,Maldives,NY.GDP.PCAP.CD,2020,7393.8886543933
MDV,Maldives,NY.GDP.PCAP.CD,2021,10176.143882547
MDV,Maldives,NY.GDP.PCAP.CD,2022,11786.0191492983
MDV,Maldives,NY.GDP.PCAP.CD,2023,12587.6126038651
MEA,"Middle East, North Africa, Afghanistan & Pakistan",NY.GDP.PCAP.CD,2020,4749.14341262891
MEA,"Middle East, North Africa, Afghanistan & Pakistan",NY.GDP.PCAP.CD,2021,5622.19134191977
MEA,"Middle East, North Africa, Afghanistan & Pakistan",NY.GDP.PCAP.CD,2022,6436.74030312288
MEA,"Middle East, North Africa, Afghanistan & Pakistan",NY.GDP.PCAP.CD,2023,6144.70308054742
MEX,Mexico,NY.GDP.PCAP.CD,2020,8841.27074929751
MEX,Mexico,NY.GDP.PCAP.CD,2021,10314.0506733708
MEX,Mexico,NY.GDP.PCAP.CD,2022,11405.7940469896
MEX,Mexico,NY.GDP.PCAP.CD,2023,13830.843848864
MHL,Marshall Islands,NY.GDP.PCAP.CD,2020,5661.96787336674
MHL,Marshall Islands,NY.GDP.PCAP.CD,2021,6315.31172190393
MHL,Marshall Islands,NY.GDP.PCAP.CD,2022,6455.6603538189
MHL,Marshall Islands,NY.GDP.PCAP.CD,2023,6799.39217554794
MIC,Middle income,NY.GDP.PCAP.CD,2020,5110.03730012152
MIC,Middle income,NY.GDP.PCAP.CD,2021,5980.00050387597
MIC,Middle income,NY.GDP.PCAP.CD,2022,6209.92727259514
MIC,Middle income,NY.GDP.PCAP.CD,2023,6342.84660727863
MKD,North Macedonia,NY.GDP.PCAP.CD,2020,6659.59651070776
MKD,North Macedonia,NY.GDP.PCAP.CD,2021,7620.80296977508
MKD,North Macedonia,NY.GDP.PCAP.CD,2022,7606.2375253797
MKD,North Macedonia,NY.GDP.PCAP.CD,2023,8674.35846327485
MLI,Mali,NY.GDP.PCAP.CD,2020,953.242943290974
MLI,Mali,NY.GDP.PCAP.CD,2021,1027.27345365357
MLI,Mali,NY.GDP.PCAP.CD,2022,976.914116406452
MLI,Mali,NY.GDP.PCAP.CD,2023,1042.44223444837
MLT,Malta,NY.GDP.PCAP.CD,2020,31823.422001724
MLT,Malta,NY.GDP.PCAP.CD,2021,38078.0064279067
MLT,Malta,NY.GDP.PCAP.CD,2022,35658.8318250199
MLT,Malta,NY.GDP.PCAP.CD,2023,40932.5238774461
MMR,Myanmar,NY.GDP.PCAP.CD,2020,1490.21683548367
MMR,Myanmar,NY.GDP.PCAP.CD,2021,1242.72134419599
MMR,Myanmar,NY.GDP.PCAP.CD,2022,1158.05005034332
MMR,Myanmar,NY.GDP.PCAP.CD,2023,1233.19666209269
MNA,"Middle East, North Africa, Afghanistan & Pakistan (excluding high income)",NY.GDP.PCAP.CD,2020,2415.26254491139
MNA,"Middle East, North Africa, Afghanistan & Pakistan (excluding high income)",NY.GDP.PCAP.CD,2021,2760.50031198582
MNA,"Middle East, North Africa, Afghanistan & Pakistan (excluding high income)",NY.GDP.PCAP.CD,2022,3022.54814280134
MNA,"Middle East, North Africa, Afghanistan & Pakistan (excluding high income)",NY.GDP.PCAP.CD,2023,2872.39008505083
MNE,Montenegro,NY.GDP.PCAP.CD,2020,7555.48699036321
MNE,Montenegro,NY.GDP.PCAP.CD,2021,9315.86435643142
MNE,Montenegro,NY.GDP.PCAP.CD,2022,10038.1849482517
MNE,Montenegro,NY.GDP.PCAP.CD,2023,12258.1600477339
MNG,Mongolia,NY.GDP.PCAP.CD,2020,4001.25193077703
MNG,Mongolia,NY.GDP.PCAP.CD,2021,4517.61578018785
MNG,Mongolia,NY.GDP.PCAP.CD,2022,4993.51487463495
MNG,Mongolia,NY.GDP.PCAP.CD,2023,5838.63108083902
MNP,Northern Mariana Islands,NY.GDP.PCAP.CD,2020,18220.8382427201
MNP,Northern Mariana Islands,NY.GDP.PCAP.CD,2021,19455.50139424
MNP,Northern Mariana Islands,NY.GDP.PCAP.CD,2022,23785.754590043
MOZ,Mozambique,NY.GDP.PCAP.CD,2020,462.433876479921
MOZ,Mozambique,NY.GDP.PCAP.CD,2021,509.907829475551
MOZ,Mozambique,NY.GDP.PCAP.CD,2022,578.273222184503
MOZ,Mozambique,NY.GDP.PCAP.CD,2023,622.191133245967
MRT,Mauritania,NY.GDP.PCAP.CD,2020,1795.72437324423
MRT,Mauritania,NY.GDP.PCAP.CD,2021,1947.47413907209
MRT,Mauritania,NY.GDP.PCAP.CD,2022,1961.28166648869
MRT,Mauritania,NY.GDP.PCAP.CD,2023,2127.9576285973
MUS,Mauritius,NY.GDP.PCAP.CD,2020,9135.84773751062
MUS,Mauritius,NY.GDP.PCAP.CD,2021,9177.71195973013
MUS,Mauritius,NY.GDP.PCAP.CD,2022,10246.5017455553
MUS,Mauritius,NY.GDP.PCAP.CD,2023,11269.9684462139
MWI,Malawi,NY.GDP.PCAP.CD,2020,602.507478176106
MWI,Malawi,NY.GDP.PCAP.CD,2021,617.446994451007
MWI,Malawi,NY.GDP.PCAP.CD,2022,604.269740360317
MWI,Malawi,NY.GDP.PCAP.CD,2023,633.214767978695
MYS,Malaysia,NY.GDP.PCAP.CD,2020,9957.52626697613
MYS,Malaysia,NY.GDP.PCAP.CD,2021,10903.1037480772
MYS,Malaysia,NY.GDP.PCAP.CD,2022,11754.5678336248
MYS,Malaysia,NY.GDP.PCAP.CD,2023,11386.0395636528
NAC,North America,NY.GDP.PCAP.CD,2020,62319.8671337986
NAC,North America,NY.GDP.PCAP.CD,2021,69532.9041926862
NAC,North America,NY.GDP.PCAP.CD,2022,75769.6975468613
NAC,North America,NY.GDP.PCAP.CD,2023,79647.6390981082
NAM,Namibia,NY.GDP.PCAP.CD,2020,3878.58982993966
NAM,Namibia,NY.GDP.PCAP.CD,2021,4412.8355693052
NAM,Namibia,NY.GDP.PCAP.CD,2022,4349.79908493314
NAM,Namibia,NY.GDP.PCAP.CD,2023,4225.99102418102
NCL,New Caledonia,NY.GDP.PCAP.CD,2020,33270.330597637
NCL,New Caledonia,NY.GDP.PCAP.CD,2021,35311.5543551452
NCL,New Caledonia,NY.GDP.PCAP.CD,2022,33516.363085906
NCL,New Caledonia,NY.GDP.PCAP.CD,2023,33701.8923322781
NER,Niger,NY.GDP.PCAP.CD,2020,575.451340306915
NER,Niger,NY.GDP.PCAP.CD,2021,609.585703670137
NER,Niger,NY.GDP.PCAP.CD,2022,613.614736429298
NER,Niger,NY.GDP.PCAP.CD,2023,647.930108509567
NGA,Nigeria,NY.GDP.PCAP.CD,2020,2797.184580679
NGA,Nigeria,NY.GDP.PCAP.CD,2021,2787.48779220991
NGA,Nigeria,NY.GDP.PCAP.CD,2022,2899.16047469267
NGA,Nigeria,NY.GDP.PCAP.CD,2023,2138.76383718757
NIC,Nicaragua,NY.GDP.PCAP.CD,2020,1938.44704754382
NIC,Nicaragua,NY.GDP.PCAP.CD,2021,2138.38573878237
NIC,Nicaragua,NY.GDP.PCAP.CD,2022,2322.89069619459
NIC,Nicaragua,NY.GDP.PCAP.CD,2023,2609.44491147975
NLD,Netherlands,NY.GDP.PCAP.CD,2020,53467.9277413737
NLD,Netherlands,NY.GDP.PCAP.CD,2021,60141.9880911492
NLD,Netherlands,NY.GDP.PCAP.CD,2022,59123.318556487
NLD,Netherlands,NY.GDP.PCAP.CD,2023,63515.6030780019
NOR,Norway,NY.GDP.PCAP.CD,2020,71057.5879471399
NOR,Norway,NY.GDP.PCAP.CD,2021,96442.5552173002
NOR,Norway,NY.GDP.PCAP.CD,2022,113122.130765691
NOR,Norway,NY.GDP.PCAP.CD,2023,90984.4087141111
NPL,Nepal,NY.GDP.PCAP.CD,2020,1154.21517578318
NPL,Nepal,NY.GDP.PCAP.CD,2021,1252.75076731986
NPL,Nepal,NY.GDP.PCAP.CD,2022,1385.91066002922
NPL,Nepal,NY.GDP.PCAP.CD,2023,1382.38300895424
NRU,Naoero,NY.GDP.PCAP.CD,2020,10709.068810538
NRU,Naoero,NY.GDP.PCAP.CD,2021,12748.1701249353
NRU,Naoero,NY.GDP.PCAP.CD,2022,15309.8345351924
NRU,Naoero,NY.GDP.PCAP.CD,2023,13602.6372112893
NZL,New Zealand,NY.GDP.PCAP.CD,2020,42054.6743136586
NZL,New Zealand,NY.GDP.PCAP.CD,2021,49902.154346032
NZL,New Zealand,NY.GDP.PCAP.CD,2022,49141.6316294227
NZL,New Zealand,NY.GDP.PCAP.CD,2023,49302.341876493
OED,OECD members,NY.GDP.PCAP.CD,2020,38947.5669905773
OED,OECD members,NY.GDP.PCAP.CD,2021,43495.5049948213
OED,OECD members,NY.GDP.PCAP.CD,2022,44455.8357743973
OED,OECD members,NY.GDP.PCAP.CD,2023,47135.6137232065
OMN,Oman,NY.GDP.PCAP.CD,2020,16784.8630630058
OMN,Oman,NY.GDP.PCAP.CD,2021,19403.4600160211
OMN,Oman,NY.GDP.PCAP.CD,2022,23223.5829405935
OMN,Oman,NY.GDP.PCAP.CD,2023,21027.7384572657
OSS,Other small states,NY.GDP.PCAP.CD,2020,11772.0946960495
OSS,Other small states,NY.GDP.PCAP.CD,2021,13718.3632503913
OSS,Other small states,NY.GDP.PCAP.CD,2022,14326.3081658507
OSS,Other small states,NY.GDP.PCAP.CD,2023,15346.6488924949
PAK,Pakistan,NY.GDP.PCAP.CD,2020,1278.39735206896
PAK,Pakistan,NY.GDP.PCAP.CD,2021,1455.31922370186
PAK,Pakistan,NY.GDP.PCAP.CD,2022,1538.3228133171
PAK,Pakistan,NY.GDP.PCAP.CD,2023,1360.32417758419
PAN,Panama,NY.GDP.PCAP.CD,2020,13290.5608347594
PAN,Panama,NY.GDP.PCAP.CD,2021,15509.8069109784
PAN,Panama,NY.GDP.PCAP.CD,2022,17378.6070083597
PAN,Panama,NY.GDP.PCAP.CD,2023,18797.1933894611
PER,Peru,NY.GDP.PCAP.CD,2020,6133.32552410183
PER,Peru,NY.GDP.PCAP.CD,2021,6828.53422535638
PER,Peru,NY.GDP.PCAP.CD,2022,7353.74598721667
PER,Peru,NY.GDP.PCAP.CD,2023,7919.04634828547
PHL,Philippines,NY.GDP.PCAP.CD,2020,3227.57910235199
PHL,Philippines,NY.GDP.PCAP.CD,2021,3484.38593882819
PHL,Philippines,NY.GDP.PCAP.CD,2022,3548.06930572116
PHL,Philippines,NY.GDP.PCAP.CD,2023,3804.08274131718
PLW,Palau,NY.GDP.PCAP.CD,2020,14556.30954221
PLW,Palau,NY.GDP.PCAP.CD,2021,13267.4877340719
PLW,Palau,NY.GDP.PCAP.CD,2022,13934.951996171
PLW,Palau,NY.GDP.PCAP.CD,2023,15578.3497630733
PNG,Papua New Guinea,NY.GDP.PCAP.CD,2020,2429.61134585269
PNG,Papua New Guinea,NY.GDP.PCAP.CD,2021,2607.97769973161
PNG,Papua New Guinea,NY.GDP.PCAP.CD,2022,3102.29409730005
PNG,Papua New Guinea,NY.GDP.PCAP.CD,2023,2966.06455045333
POL,Poland,NY.GDP.PCAP.CD,2020,16150.9304813473
POL,Poland,NY.GDP.PCAP.CD,2021,18635.5104895754
POL,Poland,NY.GDP.PCAP.CD,2022,18891.2121169279
POL,Poland,NY.GDP.PCAP.CD,2023,22145.2660647429
PRE,Pre-demographic dividend,NY.GDP.PCAP.CD,2020,1497.18872625076
PRE,Pre-demographic dividend,NY.GDP.PCAP.CD,2021,1594.39804852433
PRE,Pre-demographic dividend,NY.GDP.PCAP.CD,2022,1769.1914721872
PRE,Pre-demographic dividend,NY.GDP.PCAP.CD,2023,1559.36615928619
PRI,Puerto Rico (US),NY.GDP.PCAP.CD,2020,31427.1034994916
PRI,Puerto Rico (US),NY.GDP.PCAP.CD,2021,32618.8705106244
PRI,Puerto Rico (US),NY.GDP.PCAP.CD,2022,35353.5613891039
PRI,Puerto Rico (US),NY.GDP.PCAP.CD,2023,36980.7653928068
PRT,Portugal,NY.GDP.PCAP.CD,2020,22299.4044062173
PRT,Portugal,NY.GDP.PCAP.CD,2021,24711.4510062111
PRT,Portugal,NY.GDP.PCAP.CD,2022,24620.5197587181
PRT,Portugal,NY.GDP.PCAP.CD,2023,27634.6183139773
PRY,Paraguay,NY.GDP.PCAP.CD,2020,5365.47220721191
PRY,Paraguay,NY.GDP.PCAP.CD,2021,5974.9057185863
PRY,Paraguay,NY.GDP.PCAP.CD,2022,6189.10205375331
PRY,Paraguay,NY.GDP.PCAP.CD,2023,6303.26495017292
PSE,West Bank and Gaza,NY.GDP.PCAP.CD,2020,3233.56863835858
PSE,West Bank and Gaza,NY.GDP.PCAP.CD,2021,3678.63565662194
PSE,West Bank and Gaza,NY.GDP.PCAP.CD,2022,3799.95527015163
PSE,West Bank and Gaza,NY.GDP.PCAP.CD,2023,3607.41611858821
PSS,Pacific island small states,NY.GDP.PCAP.CD,2020,3632.52907231285
PSS,Pacific island small states,NY.GDP.PCAP.CD,2021,3646.98862815783
PSS,Pacific island small states,NY.GDP.PCAP.CD,2022,3941.90128416234
PSS,Pacific island small states,NY.GDP.PCAP.CD,2023,4199.64948077192
PST,Post-demographic dividend,NY.GDP.PCAP.CD,2020,45174.5036479433
PST,Post-demographic dividend,NY.GDP.PCAP.CD,2021,50433.5519322417
PST,Post-demographic dividend,NY.GDP.PCAP.CD,2022,51597.0182783268
PST,Post-demographic dividend,NY.GDP.PCAP.CD,2023,54507.2154710128
PYF,French Polynesia,NY.GDP.PCAP.CD,2020,19966.4838503859
PYF,French Polynesia,NY.GDP.PCAP.CD,2021,21426.3854449835
PYF,French Polynesia,NY.GDP.PCAP.CD,2022,20053.9569369322
PYF,French Polynesia,NY.GDP.PCAP.CD,2023,21832.2831795569
QAT,Qatar,NY.GDP.PCAP.CD,2020,51683.5054376677
QAT,Qatar,NY.GDP.PCAP.CD,2021,71751.8831257169
QAT,Qatar,NY.GDP.PCAP.CD,2022,88701.463352273
QAT,Qatar,NY.GDP.PCAP.CD,2023,80195.8746508549
ROU,Romania,NY.GDP.PCAP.CD,2020,13009.1525348396
ROU,Romania,NY.GDP.PCAP.CD,2021,14908.0412813921
ROU,Romania,NY.GDP.PCAP.CD,2022,15503.4691366242
ROU,Romania,NY.GDP.PCAP.CD,2023,18244.4186876321
RUS,Russian Federation,NY.GDP.PCAP.CD,2020,10108.3271484375
RUS,Russian Federation,NY.GDP.PCAP.CD,2021,12425.029296875
RUS,Russian Federation,NY.GDP.PCAP.CD,2022,15625.6328125
RUS,Russian Federation,NY.GDP.PCAP.CD,2023,13986.9951171875
RWA,Rwanda,NY.GDP.PCAP.CD,2020,802.638686936204
RWA,Rwanda,NY.GDP.PCAP.CD,2021,842.581492947672
RWA,Rwanda,NY.GDP.PCAP.CD,2022,1007.05989322914
RWA,Rwanda,NY.GDP.PCAP.CD,2023,1061.05788154076
SAS,South Asia,NY.GDP.PCAP.CD,2020,1957.20343709781
SAS,South Asia,NY.GDP.PCAP.CD,2021,2273.72055805692
SAS,South Asia,NY.GDP.PCAP.CD,2022,2326.72890585805
SAS,South Asia,NY.GDP.PCAP.CD,2023,2449.857142451
SAU,Saudi Arabia,NY.GDP.PCAP.CD,2020,24338.8307301067
SAU,Saudi Arabia,NY.GDP.PCAP.CD,2021,31920.7653655643
SAU,Saudi Arabia,NY.GDP.PCAP.CD,2022,38510.2276211037
SAU,Saudi Arabia,NY.GDP.PCAP.CD,2023,36156.8562500172
SDN,Sudan,NY.GDP.PCAP.CD,2020,577.795227050781
SDN,Sudan,NY.GDP.PCAP.CD,2021,712.122009277344
SDN,Sudan,NY.GDP.PCAP.CD,2022,1046.24084472656
SDN,Sudan,NY.GDP.PCAP.CD,2023,797.283447265625
SEN,Senegal,NY.GDP.PCAP.CD,2020,1461.08720350553
SEN,Senegal,NY.GDP.PCAP.CD,2021,1598.10676952274
SEN,Senegal,NY.GDP.PCAP.CD,2022,1574.0281059306
SEN,Senegal,NY.GDP.PCAP.CD,2023,1698.03387300843
SGP,Singapore,NY.GDP.PCAP.CD,2020,61772.5036492256
SGP,Singapore,NY.GDP.PCAP.CD,2021,80884.8565369236
SGP,Singapore,NY.GDP.PCAP.CD,2022,91227.6970426492
SGP,Singapore,NY.GDP.PCAP.CD,2023,86382.5900499252
SLB,Solomon Islands,NY.GDP.PCAP.CD,2020,2063.32780991967
SLB,Solomon Islands,NY.GDP.PCAP.CD,2021,2043.44413170658
SLB,Solomon Islands,NY.GDP.PCAP.CD,2022,1877.78104490956
SLB,Solomon Islands,NY.GDP.PCAP.CD,2023,1882.64394148042
SLE,Sierra Leone,NY.GDP.PCAP.CD,2020,845.277558236182
SLE,Sierra Leone,NY.GDP.PCAP.CD,2021,885.396401613729
SLE,Sierra Leone,NY.GDP.PCAP.CD,2022,860.371067874555
SLE,Sierra Leone,NY.GDP.PCAP.CD,2023,758.329137301888
SLV,El Salvador,NY.GDP.PCAP.CD,2020,3997.19279583709
SLV,El Salvador,NY.GDP.PCAP.CD,2021,4642.60743101342
SLV,El Salvador,NY.GDP.PCAP.CD,2022,5074.60050994225
SLV,El Salvador,NY.GDP.PCAP.CD,2023,5319.7195268688
SMR,San Marino,NY.GDP.PCAP.CD,2020,44426.6259613672
SMR,San Marino,NY.GDP.PCAP.CD,2021,54168.9744311193
SMR,San Marino,NY.GDP.PCAP.CD,2022,54264.5837022908
SMR,San Marino,NY.GDP.PCAP.CD,2023,59871.3288101478
SOM,"Somalia, Fed. Rep.",NY.GDP.PCAP.CD,2020,518.16113333875
SOM,"Somalia, Fed. Rep.",NY.GDP.PCAP.CD,2021,549.056994756254
SOM,"Somalia, Fed. Rep.",NY.GDP.PCAP.CD,2022,573.141165798229
SOM,"Somalia, Fed. Rep.",NY.GDP.PCAP.CD,2023,596.885985135589
SRB,Serbia,NY.GDP.PCAP.CD,2020,8098.70955668849
SRB,Serbia,NY.GDP.PCAP.CD,2021,9680.52798074468
SRB,Serbia,NY.GDP.PCAP.CD,2022,10024.8191112596
SRB,Serbia,NY.GDP.PCAP.CD,2023,12281.707946167
SSA,Sub-Saharan Africa (excluding high income),NY.GDP.PCAP.CD,2020,1627.39235037313
SSA,Sub-Saharan Africa (excluding high income),NY.GDP.PCAP.CD,2021,1784.88774854725
SSA,Sub-Saharan Africa (excluding high income),NY.GDP.PCAP.CD,2022,1863.26040059117
SSA,Sub-Saharan Africa (excluding high income),NY.GDP.PCAP.CD,2023,1680.66097936273
SSF,Sub-Saharan Africa,NY.GDP.PCAP.CD,2020,1628.43873346869
SSF,Sub-Saharan Africa,NY.GDP.PCAP.CD,2021,1785.98118191144
SSF,Sub-Saharan Africa,NY.GDP.PCAP.CD,2022,1864.70686111925
SSF,Sub-Saharan Africa,NY.GDP.PCAP.CD,2023,1682.2261488119
SST,Small states,NY.GDP.PCAP.CD,2020,10730.4939107969
SST,Small states,NY.GDP.PCAP.CD,2021,12435.8612830054
SST,Small states,NY.GDP.PCAP.CD,2022,13644.5029834497
SST,Small states,NY.GDP.PCAP.CD,2023,14360.785757405
STP,Sao Tome and Principe,NY.GDP.PCAP.CD,2020,2167.22001796925
STP,Sao Tome and Principe,NY.GDP.PCAP.CD,2021,2362.58827248102
STP,Sao Tome and Principe,NY.GDP.PCAP.CD,2022,2389.73729784737
STP,Sao Tome and Principe,NY.GDP.PCAP.CD,2023,2990.6606143535
SUR,Suriname,NY.GDP.PCAP.CD,2020,4755.39221710693
SUR,Suriname,NY.GDP.PCAP.CD,2021,5029.84838543953
SUR,Suriname,NY.GDP.PCAP.CD,2022,6084.43876736445
SUR,Suriname,NY.GDP.PCAP.CD,2023,5521.97602122638
SVK,Slovak Republic,NY.GDP.PCAP.CD,2020,19735.4858280801
SVK,Slovak Republic,NY.GDP.PCAP.CD,2021,22123.3342114545
SVK,Slovak Republic,NY.GDP.PCAP.CD,2022,21317.7943982363
SVK,Slovak Republic,NY.GDP.PCAP.CD,2023,24614.8734642794
SVN,Slovenia,NY.GDP.PCAP.CD,2020,25392.0651093612
SVN,Slovenia,NY.GDP.PCAP.CD,2021,29192.8401933019
SVN,Slovenia,NY.GDP.PCAP.CD,2022,28360.3041467268
SVN,Slovenia,NY.GDP.PCAP.CD,2023,32660.4753581346
SWE,Sweden,NY.GDP.PCAP.CD,2020,52568.5726980146
SWE,Sweden,NY.GDP.PCAP.CD,2021,60647.5416365347
SWE,Sweden,NY.GDP.PCAP.CD,2022,54836.8907235124
SWE,Sweden,NY.GDP.PCAP.CD,2023,54950.2834725622
SWZ,Eswatini,NY.GDP.PCAP.CD,2020,3466.56936278145
SWZ,Eswatini,NY.GDP.PCAP.CD,2021,3984.00229174306
SWZ,Eswatini,NY.GDP.PCAP.CD,2022,3894.1620089869
SWZ,Eswatini,NY.GDP.PCAP.CD,2023,3755.52111232464
SXM,Sint Maarten (Dutch part),NY.GDP.PCAP.CD,2020,30150.8998380477
SXM,Sint Maarten (Dutch part),NY.GDP.PCAP.CD,2021,32548.4366854902
SXM,Sint Maarten (Dutch part),NY.GDP.PCAP.CD,2022,37793.1283815826
SXM,Sint Maarten (Dutch part),NY.GDP.PCAP.CD,2023,39451.822911732
SYC,Seychelles,NY.GDP.PCAP.CD,2020,14041.4754074575
SYC,Seychelles,NY.GDP.PCAP.CD,2021,14982.9111487767
SYC,Seychelles,NY.GDP.PCAP.CD,2022,16682.6990711785
SYC,Seychelles,NY.GDP.PCAP.CD,2023,18130.5297135548
SYR,Syrian Arab Republic,NY.GDP.PCAP.CD,2020,593.911771822527
SYR,Syrian Arab Republic,NY.GDP.PCAP.CD,2021,688.566109726934
SYR,Syrian Arab Republic,NY.GDP.PCAP.CD,2022,1056.78264718197
TCA,Turks and Caicos Islands,NY.GDP.PCAP.CD,2020,20690.9160546118
TCA,Turks and Caicos Islands,NY.GDP.PCAP.CD,2021,27329.2885087196
TCA,Turks and Caicos Islands,NY.GDP.PCAP.CD,2022,31280.5418020808
TCA,Turks and Caicos Islands,NY.GDP.PCAP.CD,2023,35470.2151608295
TCD,Chad,NY.GDP.PCAP.CD,2020,866.947814890409
TCD,Chad,NY.GDP.PCAP.CD,2021,946.358500208374
TCD,Chad,NY.GDP.PCAP.CD,2022,966.036468278568
TCD,Chad,NY.GDP.PCAP.CD,2023,949.991054236266
TEA,East Asia & Pacific (IDA & IBRD countries),NY.GDP.PCAP.CD,2020,8485.28948088661
TEA,East Asia & Pacific (IDA & IBRD countries),NY.GDP.PCAP.CD,2021,10086.4082581275
TEA,East Asia & Pacific (IDA & IBRD countries),NY.GDP.PCAP.CD,2022,10220.556668162
TEA,East Asia & Pacific (IDA & IBRD countries),NY.GDP.PCAP.CD,2023,10240.3474676862
TEC,Europe & Central Asia (IDA & IBRD countries),NY.GDP.PCAP.CD,2020,8455.78453528889
TEC,Europe & Central Asia (IDA & IBRD countries),NY.GDP.PCAP.CD,2021,9992.00521619821
TEC,Europe & Central Asia (IDA & IBRD countries),NY.GDP.PCAP.CD,2022,11422.1622613514
TEC,Europe & Central Asia (IDA & IBRD countries),NY.GDP.PCAP.CD,2023,12070.5942969794
TGO,Togo,NY.GDP.PCAP.CD,2020,961.219781201934
TGO,Togo,NY.GDP.PCAP.CD,2021,1076.29520076949
TGO,Togo,NY.GDP.PCAP.CD,2022,1071.61539220759
TGO,Togo,NY.GDP.PCAP.CD,2023,1182.32951436696
THA,Thailand,NY.GDP.PCAP.CD,2020,6983.03412836245
THA,Thailand,NY.GDP.PCAP.CD,2021,7055.18760721422
THA,Thailand,NY.GDP.PCAP.CD,2022,6910.00995211206
THA,Thailand,NY.GDP.PCAP.CD,2023,7210.54130832685
TJK,Tajikistan,NY.GDP.PCAP.CD,2020,834.311715460625
TJK,Tajikistan,NY.GDP.PCAP.CD,2021,896.748053372182
TJK,Tajikistan,NY.GDP.PCAP.CD,2022,1052.17949484894
TJK,Tajikistan,NY.GDP.PCAP.CD,2023,1178.47990060249
TKM,Turkmenistan,NY.GDP.PCAP.CD,2020,3935.37749365223
TKM,Turkmenistan,NY.GDP.PCAP.CD,2021,3713.20113171765
TKM,Turkmenistan,NY.GDP.PCAP.CD,2022,5198.18947409551
TKM,Turkmenistan,NY.GDP.PCAP.CD,2023,5298.46421949276
TLA,Latin America & the Caribbean (IDA & IBRD countries),NY.GDP.PCAP.CD,2020,6965.15053129735
TLA,Latin America & the Caribbean (IDA & IBRD countries),NY.GDP.PCAP.CD,2021,8076.87634033776
TLA,Latin America & the Caribbean (IDA & IBRD countries),NY.GDP.PCAP.CD,2022,9177.79711881332
TLA,Latin America & the Caribbean (IDA & IBRD countries),NY.GDP.PCAP.CD,2023,10259.5487208892
TLS,Timor-Leste,NY.GDP.PCAP.CD,2020,1630.86935439232
TLS,Timor-Leste,NY.GDP.PCAP.CD,2021,2684.92673717299
TLS,Timor-Leste,NY.GDP.PCAP.CD,2022,2343.24955542816
TLS,Timor-Leste,NY.GDP.PCAP.CD,2023,1502.4114958903
TMN,"Middle East, North Africa, Afghanistan & Pakistan (IDA & IBRD)",NY.GDP.PCAP.CD,2020,2409.54729126605
TMN,"Middle East, North Africa, Afghanistan & Pakistan (IDA & IBRD)",NY.GDP.PCAP.CD,2021,2754.03924421055
TMN,"Middle East, North Africa, Afghanistan & Pakistan (IDA & IBRD)",NY.GDP.PCAP.CD,2022,3017.03706401547
TMN,"Middle East, North Africa, Afghanistan & Pakistan (IDA & IBRD)",NY.GDP.PCAP.CD,2023,2867.14499885351
TON,Tonga,NY.GDP.PCAP.CD,2020,4792.35872413906
TON,Tonga,NY.GDP.PCAP.CD,2021,4922.8015864044
TON,Tonga,NY.GDP.PCAP.CD,2022,5298.01942454298
TON,Tonga,NY.GDP.PCAP.CD,2023,5651.59357939286
TSA,South Asia (IDA & IBRD),NY.GDP.PCAP.CD,2020,1957.20343709781
TSA,South Asia (IDA & IBRD),NY.GDP.PCAP.CD,2021,2273.72055805692
TSA,South Asia (IDA & IBRD),NY.GDP.PCAP.CD,2022,2326.72890585805
TSA,South Asia (IDA & IBRD),NY.GDP.PCAP.CD,2023,2449.857142451
TSS,Sub-Saharan Africa (IDA & IBRD countries),NY.GDP.PCAP.CD,2020,1628.43873346869
TSS,Sub-Saharan Africa (IDA & IBRD countries),NY.GDP.PCAP.CD,2021,1785.98118191144
TSS,Sub-Saharan Africa (IDA & IBRD countries),NY.GDP.PCAP.CD,2022,1864.70686111924
TSS,Sub-Saharan Africa (IDA & IBRD countries),NY.GDP.PCAP.CD,2023,1682.2261488119
TTO,Trinidad and Tobago,NY.GDP.PCAP.CD,2020,15283.6270531554
TTO,Trinidad and Tobago,NY.GDP.PCAP.CD,2021,17712.5674104655
TTO,Trinidad and Tobago,NY.GDP.PCAP.CD,2022,20750.5202434652
TTO,Trinidad and Tobago,NY.GDP.PCAP.CD,2023,18308.4536298575
TUN,Tunisia,NY.GDP.PCAP.CD,2020,3548.65363663803
TUN,Tunisia,NY.GDP.PCAP.CD,2021,3906.93926319391
TUN,Tunisia,NY.GDP.PCAP.CD,2022,3707.29283414381
TUN,Tunisia,NY.GDP.PCAP.CD,2023,3951.11683376921
TUR,Turkiye,NY.GDP.PCAP.CD,2020,8798.11791709313
TUR,Turkiye,NY.GDP.PCAP.CD,2021,9981.76398411336
TUR,Turkiye,NY.GDP.PCAP.CD,2022,10897.8397861365
TUR,Turkiye,NY.GDP.PCAP.CD,2023,13375.0947282864
TUV,Tuvalu,NY.GDP.PCAP.CD,2020,5029.57159284173
TUV,Tuvalu,NY.GDP.PCAP.CD,2021,6042.51983141155
TUV,Tuvalu,NY.GDP.PCAP.CD,2022,5414.74642912412
TUV,Tuvalu,NY.GDP.PCAP.CD,2023,5143.8397437226
TZA,Tanzania,NY.GDP.PCAP.CD,2020,1117.41528320313
TZA,Tanzania,NY.GDP.PCAP.CD,2021,1159.85656738281
TZA,Tanzania,NY.GDP.PCAP.CD,2022,1207.52062988281
TZA,Tanzania,NY.GDP.PCAP.CD,2023,1224.00219726563
UGA,Uganda,NY.GDP.PCAP.CD,2020,845.766463890124
UGA,Uganda,NY.GDP.PCAP.CD,2021,882.791717542504
UGA,Uganda,NY.GDP.PCAP.CD,2022,963.067314117178
UGA,Uganda,NY.GDP.PCAP.CD,2023,1002.30913917142
UKR,Ukraine,NY.GDP.PCAP.CD,2020,3709.76928710938
UKR,Ukraine,NY.GDP.PCAP.CD,2021,4775.94580078125
UKR,Ukraine,NY.GDP.PCAP.CD,2022,4199.6708984375
UKR,Ukraine,NY.GDP.PCAP.CD,2023,5139.59814453125
URY,Uruguay,NY.GDP.PCAP.CD,2020,15757.5341990356
URY,Uruguay,NY.GDP.PCAP.CD,2021,17881.8119616753
URY,Uruguay,NY.GDP.PCAP.CD,2022,21009.2883798725
URY,Uruguay,NY.GDP.PCAP.CD,2023,23378.6399733516
USA,United States,NY.GDP.PCAP.CD,2020,64465.2971415748
USA,United States,NY.GDP.PCAP.CD,2021,71441.2319805947
USA,United States,NY.GDP.PCAP.CD,2022,78008.6895811877
USA,United States,NY.GDP.PCAP.CD,2023,82586.7847707894
UZB,Uzbekistan,NY.GDP.PCAP.CD,2020,2087.96374711792
UZB,Uzbekistan,NY.GDP.PCAP.CD,2021,2370.36480555669
UZB,Uzbekistan,NY.GDP.PCAP.CD,2022,2698.60262953369
UZB,Uzbekistan,NY.GDP.PCAP.CD,2023,3015.97705069457
VCT,St. Vincent and the Grenadines,NY.GDP.PCAP.CD,2020,8351.20324040982
VCT,St. Vincent and the Grenadines,NY.GDP.PCAP.CD,2021,8641.27904024443
VCT,St. Vincent and the Grenadines,NY.GDP.PCAP.CD,2022,9693.55867833025
VCT,St. Vincent and the Grenadines,NY.GDP.PCAP.CD,2023,10582.3656725229
VEN,"Venezuela, RB",NY.GDP.PCAP.CD,2020,1506.04169391285
VEN,"Venezuela, RB",NY.GDP.PCAP.CD,2021,2004.93572921136
VEN,"Venezuela, RB",NY.GDP.PCAP.CD,2022,3155.04190923584
VEN,"Venezuela, RB",NY.GDP.PCAP.CD,2023,3617.47038396528
VIR,Virgin Islands (U.S.),NY.GDP.PCAP.CD,2020,39787.3741650202
VIR,Virgin Islands (U.S.),NY.GDP.PCAP.CD,2021,42571.0777368471
VIR,Virgin Islands (U.S.),NY.GDP.PCAP.CD,2022,44320.909185774
VNM,Viet Nam,NY.GDP.PCAP.CD,2020,3534.03953482647
VNM,Viet Nam,NY.GDP.PCAP.CD,2021,3704.1935590038
VNM,Viet Nam,NY.GDP.PCAP.CD,2022,4147.69777213621
VNM,Viet Nam,NY.GDP.PCAP.CD,2023,4322.82572261566
VUT,Vanuatu,NY.GDP.PCAP.CD,2020,3404.30359167624
VUT,Vanuatu,NY.GDP.PCAP.CD,2021,3576.13770954363
VUT,Vanuatu,NY.GDP.PCAP.CD,2022,3679.53524327491
VUT,Vanuatu,NY.GDP.PCAP.CD,2023,3708.18942411253
WLD,World,NY.GDP.PCAP.CD,2020,10999.4917581781
WLD,World,NY.GDP.PCAP.CD,2021,12472.9074157191
WLD,World,NY.GDP.PCAP.CD,2022,12876.2377124072
WLD,World,NY.GDP.PCAP.CD,2023,13313.8575826001
WSM,Samoa,NY.GDP.PCAP.CD,2020,4099.59660548583
WSM,Samoa,NY.GDP.PCAP.CD,2021,4021.55934894283
WSM,Samoa,NY.GDP.PCAP.CD,2022,4132.44717734444
WSM,Samoa,NY.GDP.PCAP.CD,2023,4822.74084650019
XKX,Kosovo,NY.GDP.PCAP.CD,2020,4320.58382547288
XKX,Kosovo,NY.GDP.PCAP.CD,2021,5269.69946181439
XKX,Kosovo,NY.GDP.PCAP.CD,2022,5298.1473871027
XKX,Kosovo,NY.GDP.PCAP.CD,2023,6220.33213919344
ZAF,South Africa,NY.GDP.PCAP.CD,2020,5580.60383075189
ZAF,South Africa,NY.GDP.PCAP.CD,2021,6828.75624590017
ZAF,South Africa,NY.GDP.PCAP.CD,2022,6534.24867783397
ZAF,South Africa,NY.GDP.PCAP.CD,2023,6034.27208964673
ZMB,Zambia,NY.GDP.PCAP.CD,2020,951.644316655957
ZMB,Zambia,NY.GDP.PCAP.CD,2021,1127.16077872857
ZMB,Zambia,NY.GDP.PCAP.CD,2022,1447.12310138035
ZMB,Zambia,NY.GDP.PCAP.CD,2023,1330.72780576709
ZWE,Zimbabwe,NY.GDP.PCAP.CD,2020,2059.63704025274
ZWE,Zimbabwe,NY.GDP.PCAP.CD,2021,2613.6167414057
ZWE,Zimbabwe,NY.GDP.PCAP.CD,2022,2536.40197087505
ZWE,Zimbabwe,NY.GDP.PCAP.CD,2023,2195.22502010174
