iso3,country,indicator,year,value
AFE,Africa Eastern and Southern,NY.GDP.PCAP.CD,2019,1508.0315245887
AFE,Africa Eastern and Southern,NY.GDP.PCAP.CD,2018,1553.61794421394
AFE,Africa Eastern and Southern,NY.GDP.PCAP.CD,2017,1529.92307995549
AFW,Africa Western and Central,NY.GDP.PCAP.CD,2019,2219.41255534667
AFW,Africa Western and Central,NY.GDP.PCAP.CD,2018,1723.11446346681
AFW,Africa Western and Central,NY.GDP.PCAP.CD,2017,1577.20349674013
ARB,Arab World,NY.GDP.PCAP.CD,2019,6683.67016877686
ARB,Arab World,NY.GDP.PCAP.CD,2018,6708.53121256784
ARB,Arab World,NY.GDP.PCAP.CD,2017,6105.92161804571
CSS,Caribbean small states,NY.GDP.PCAP.CD,2019,13995.7626558947
CSS,Caribbean small states,NY.GDP.PCAP.CD,2018,13896.5484095788
CSS,Caribbean small states,NY.GDP.PCAP.CD,2017,13708.7525902396
CEB,Central Europe and the Baltics,NY.GDP.PCAP.CD,2019,16534.9661895205
CEB,Central Europe and the Baltics,NY.GDP.PCAP.CD,2018,16227.2845341706
CEB,Central Europe and the Baltics,NY.GDP.PCAP.CD,2017,14339.8488594791
EAR,Early-demographic dividend,NY.GDP.PCAP.CD,2019,3481.75530893525
EAR,Early-demographic dividend,NY.GDP.PCAP.CD,2018,3460.86264008666
EAR,Early-demographic dividend,NY.GDP.PCAP.CD,2017,3457.91719451195
EAS,East Asia & Pacific,NY.GDP.PCAP.CD,2019,11677.4429355606
EAS,East Asia & Pacific,NY.GDP.PCAP.CD,2018,11487.5096772887
EAS,East Asia & Pacific,NY.GDP.PCAP.CD,2017,10612.7930790259
EAP,East Asia & Pacific (excluding high income),NY.GDP.PCAP.CD,2019,8286.45749748666
EAP,East Asia & Pacific (excluding high income),NY.GDP.PCAP.CD,2018,8046.00446277369
EAP,East Asia & Pacific (excluding high income),NY.GDP.PCAP.CD,2017,7241.98321346974
TEA,East Asia & Pacific (IDA & IBRD countries),NY.GDP.PCAP.CD,2019,8379.42503514668
TEA,East Asia & Pacific (IDA & IBRD countries),NY.GDP.PCAP.CD,2018,8136.42934013947
TEA,East Asia & Pacific (IDA & IBRD countries),NY.GDP.PCAP.CD,2017,7323.57112357326
EMU,Euro area,NY.GDP.PCAP.CD,2019,38679.6118917933
EMU,Euro area,NY.GDP.PCAP.CD,2018,39562.0814189751
EMU,Euro area,NY.GDP.PCAP.CD,2017,36691.2109171985
ECS,Europe & Central Asia,NY.GDP.PCAP.CD,2019,25045.1218961925
ECS,Europe & Central Asia,NY.GDP.PCAP.CD,2018,25435.6875035469
ECS,Europe & Central Asia,NY.GDP.PCAP.CD,2017,23839.7319723826
ECA,Europe & Central Asia (excluding high income),NY.GDP.PCAP.CD,2019,6036.15175345642
ECA,Europe & Central Asia (excluding high income),NY.GDP.PCAP.CD,2018,5947.15360517457
ECA,Europe & Central Asia (excluding high income),NY.GDP.PCAP.CD,2017,6129.93083517607
TEC,Europe & Central Asia (IDA & IBRD countries),NY.GDP.PCAP.CD,2019,9040.92665915657
TEC,Europe & Central Asia (IDA & IBRD countries),NY.GDP.PCAP.CD,2018,8885.56352555245
TEC,Europe & Central Asia (IDA & IBRD countries),NY.GDP.PCAP.CD,2017,8571.09823045668
EUU,European Union,NY.GDP.PCAP.CD,2019,35374.1493923083
EUU,European Union,NY.GDP.PCAP.CD,2018,36076.9018014875
EUU,European Union,NY.GDP.PCAP.CD,2017,33394.5944932308
HPC,Heavily indebted poor countries (HIPC),NY.GDP.PCAP.CD,2019,984.553372875279
HPC,Heavily indebted poor countries (HIPC),NY.GDP.PCAP.CD,2018,986.447970381036
HPC,Heavily indebted poor countries (HIPC),NY.GDP.PCAP.CD,2017,944.105800649501
IBD,IBRD only,NY.GDP.PCAP.CD,2019,6474.8042775296
IBD,IBRD only,NY.GDP.PCAP.CD,2018,6392.20731313147
IBD,IBRD only,NY.GDP.PCAP.CD,2017,6053.47287028012
IBT,IDA & IBRD total,NY.GDP.PCAP.CD,2019,5168.03480575859
IBT,IDA & IBRD total,NY.GDP.PCAP.CD,2018,5085.0801851085
IBT,IDA & IBRD total,NY.GDP.PCAP.CD,2017,4833.02970118676
IDB,IDA blend,NY.GDP.PCAP.CD,2019,2210.55539131628
IDB,IDA blend,NY.GDP.PCAP.CD,2018,1873.7385939606
IDB,IDA blend,NY.GDP.PCAP.CD,2017,1808.86674135882
IDX,IDA only,NY.GDP.PCAP.CD,2019,1187.14057928369
IDX,IDA only,NY.GDP.PCAP.CD,2018,1159.99786764696
IDX,IDA only,NY.GDP.PCAP.CD,2017,1111.6681922431
IDA,IDA total,NY.GDP.PCAP.CD,2019,1546.57261928545
IDA,IDA total,NY.GDP.PCAP.CD,2018,1411.20738303305
IDA,IDA total,NY.GDP.PCAP.CD,2017,1357.47789528252
LTE,Late-demographic dividend,NY.GDP.PCAP.CD,2019,10120.4663725773
LTE,Late-demographic dividend,NY.GDP.PCAP.CD,2018,9966.8758096194
LTE,Late-demographic dividend,NY.GDP.PCAP.CD,2017,9138.44151395876
LCN,Latin America & Caribbean,NY.GDP.PCAP.CD,2019,8539.95940708219
LCN,Latin America & Caribbean,NY.GDP.PCAP.CD,2018,8778.55673829884
LCN,Latin America & Caribbean,NY.GDP.PCAP.CD,2017,9065.82390216762
LAC,Latin America & Caribbean (excluding high income),NY.GDP.PCAP.CD,2019,8006.02224102566
LAC,Latin America & Caribbean (excluding high income),NY.GDP.PCAP.CD,2018,8231.91428708974
LAC,Latin America & Caribbean (excluding high income),NY.GDP.PCAP.CD,2017,8568.05689042807
TLA,Latin America & the Caribbean (IDA & IBRD countries),NY.GDP.PCAP.CD,2019,8363.2081656376
TLA,Latin America & the Caribbean (IDA & IBRD countries),NY.GDP.PCAP.CD,2018,8620.65095771156
TLA,Latin America & the Caribbean (IDA & IBRD countries),NY.GDP.PCAP.CD,2017,8918.58515585187
LDC,Least developed countries: UN classification,NY.GDP.PCAP.CD,2019,1106.28664072321
LDC,Least developed countries: UN classification,NY.GDP.PCAP.CD,2018,1082.35070462921
LDC,Least developed countries: UN classification,NY.GDP.PCAP.CD,2017,1037.25514816682
LMY,Low & middle income,NY.GDP.PCAP.CD,2019,4857.12471542798
LMY,Low & middle income,NY.GDP.PCAP.CD,2018,4773.03574184686
LMY,Low & middle income,NY.GDP.PCAP.CD,2017,4543.08689291431
MEA,"Middle East, North Africa, Afghanistan & Pakistan",NY.GDP.PCAP.CD,2019,5416.06362418233
MEA,"Middle East, North Africa, Afghanistan & Pakistan",NY.GDP.PCAP.CD,2018,5550.31969384997
MEA,"Middle East, North Africa, Afghanistan & Pakistan",NY.GDP.PCAP.CD,2017,5283.42471158364
MNA,"Middle East, North Africa, Afghanistan & Pakistan (excluding high income)",NY.GDP.PCAP.CD,2019,2701.71325265282
MNA,"Middle East, North Africa, Afghanistan & Pakistan (excluding high income)",NY.GDP.PCAP.CD,2018,2815.3901774218
MNA,"Middle East, North Africa, Afghanistan & Pakistan (excluding high income)",NY.GDP.PCAP.CD,2017,2865.83515636992
TMN,"Middle East, North Africa, Afghanistan & Pakistan (IDA & IBRD)",NY.GDP.PCAP.CD,2019,2695.09130976796
TMN,"Middle East, North Africa, Afghanistan & Pakistan (IDA & IBRD)",NY.GDP.PCAP.CD,2018,2810.24942028442
TMN,"Middle East, North Africa, Afghanistan & Pakistan (IDA & IBRD)",NY.GDP.PCAP.CD,2017,2860.68231685818
MIC,Middle income,NY.GDP.PCAP.CD,2019,5333.00944959533
MIC,Middle income,NY.GDP.PCAP.CD,2018,5231.9314869653
MIC,Middle income,NY.GDP.PCAP.CD,2017,4970.75305971396
NAC,North America,NY.GDP.PCAP.CD,2019,63306.810223782
NAC,North America,NY.GDP.PCAP.CD,2018,61228.2000482629
NAC,North America,NY.GDP.PCAP.CD,2017,58555.9003870103
OED,OECD members,NY.GDP.PCAP.CD,2019,39940.835037623
OED,OECD members,NY.GDP.PCAP.CD,2018,39756.7556647363
OED,OECD members,NY.GDP.PCAP.CD,2017,37802.8422452392
OSS,Other small states,NY.GDP.PCAP.CD,2019,12908.1967698249
OSS,Other small states,NY.GDP.PCAP.CD,2018,13026.838449762
OSS,Other small states,NY.GDP.PCAP.CD,2017,11950.9760651787
PSS,Pacific island small states,NY.GDP.PCAP.CD,2019,4185.0758997627
PSS,Pacific island small states,NY.GDP.PCAP.CD,2018,4295.18182253285
PSS,Pacific island small states,NY.GDP.PCAP.CD,2017,4147.00368611764
PST,Post-demographic dividend,NY.GDP.PCAP.CD,2019,46125.7453007656
PST,Post-demographic dividend,NY.GDP.PCAP.CD,2018,45787.7299792029
PST,Post-demographic dividend,NY.GDP.PCAP.CD,2017,43356.99969696
PRE,Pre-demographic dividend,NY.GDP.PCAP.CD,2019,1682.64777483043
PRE,Pre-demographic dividend,NY.GDP.PCAP.CD,2018,1452.10811367974
PRE,Pre-demographic dividend,NY.GDP.PCAP.CD,2017,1341.55710823713
SST,Small states,NY.GDP.PCAP.CD,2019,11997.3036529705
SST,Small states,NY.GDP.PCAP.CD,2018,12064.6886372837
SST,Small states,NY.GDP.PCAP.CD,2017,11319.4921033734
SAS,South Asia,NY.GDP.PCAP.CD,2019,2067.05975680251
SAS,South Asia,NY.GDP.PCAP.CD,2018,1988.36633317988
SAS,South Asia,NY.GDP.PCAP.CD,2017,1956.06707563972
TSA,South Asia (IDA & IBRD),NY.GDP.PCAP.CD,2019,2067.05975680251
TSA,South Asia (IDA & IBRD),NY.GDP.PCAP.CD,2018,1988.36633317988
TSA,South Asia (IDA & IBRD),NY.GDP.PCAP.CD,2017,1956.06707563972
SSF,Sub-Saharan Africa,NY.GDP.PCAP.CD,2019,1797.04121765415
SSF,Sub-Saharan Africa,NY.GDP.PCAP.CD,2018,1622.59575329634
SSF,Sub-Saharan Africa,NY.GDP.PCAP.CD,2017,1549.18831908585
SSA,Sub-Saharan Africa (excluding high income),NY.GDP.PCAP.CD,2019,1795.55378673641
SSA,Sub-Saharan Africa (excluding high income),NY.GDP.PCAP.CD,2018,1621.1285196776
SSA,Sub-Saharan Africa (excluding high income),NY.GDP.PCAP.CD,2017,1547.77467837023
TSS,Sub-Saharan Africa (IDA & IBRD countries),NY.GDP.PCAP.CD,2019,1797.04121765415
TSS,Sub-Saharan Africa (IDA & IBRD countries),NY.GDP.PCAP.CD,2018,1622.59575329634
TSS,Sub-Saharan Africa (IDA & IBRD countries),NY.GDP.PCAP.CD,2017,1549.18831908585
WLD,World,NY.GDP.PCAP.CD,2019,11417.5958587724
WLD,World,NY.GDP.PCAP.CD,2018,11344.728168656
WLD,World,NY.GDP.PCAP.CD,2017,10784.3950896297
AFG,Afghanistan,NY.GDP.PCAP.CD,2019,496.6025042585
AFG,Afghanistan,NY.GDP.PCAP.CD,2018,491.337221382603
AFG,Afghanistan,NY.GDP.PCAP.CD,2017,525.469770891619
ALB,Albania,NY.GDP.PCAP.CD,2019,6069.43903131027
ALB,Albania,NY.GDP.PCAP.CD,2018,5897.65452588774
ALB,Albania,NY.GDP.PCAP.CD,2017,5006.36012951959
DZA,Algeria,NY.GDP.PCAP.CD,2019,4468.45341883656
DZA,Algeria,NY.GDP.PCAP.CD,2018,4577.21029180491
DZA,Algeria,NY.GDP.PCAP.CD,2017,4554.66753957828
ASM,American Samoa,NY.GDP.PCAP.CD,2019,12886.1359517218
ASM,American Samoa,NY.GDP.PCAP.CD,2018,12552.0546868861
ASM,American Samoa,NY.GDP.PCAP.CD,2017,11863.6839452565
AND,Andorra,NY.GDP.PCAP.CD,2019,41257.8045861543
AND,Andorra,NY.GDP.PCAP.CD,2018,42819.774579353
AND,Andorra,NY.GDP.PCAP.CD,2017,40672.9943362327
AGO,Angola,NY.GDP.PCAP.CD,2019,2507.86807213642
AGO,Angola,NY.GDP.PCAP.CD,2018,2891.83032378747
AGO,Angola,NY.GDP.PCAP.CD,2017,2832.14997950512
ATG,Antigua and Barbuda,NY.GDP.PCAP.CD,2019,18896.3721832248
ATG,Antigua and Barbuda,NY.GDP.PCAP.CD,2018,18273.4270684912
ATG,Antigua and Barbuda,NY.GDP.PCAP.CD,2017,16965.7288273816
ARG,Argentina,NY.GDP.PCAP.CD,2019,9955.97478680428
ARG,Argentina,NY.GDP.PCAP.CD,2018,11752.7998922979
ARG,Argentina,NY.GDP.PCAP.CD,2017,14532.5009308511
ARM,Armenia,NY.GDP.PCAP.CD,2019,4597.22887399548
ARM,Armenia,NY.GDP.PCAP.CD,2018,4196.00562301769
ARM,Armenia,NY.GDP.PCAP.CD,2017,3869.05373867752
ABW,Aruba,NY.GDP.PCAP.CD,2019,30654.4851235397
ABW,Aruba,NY.GDP.PCAP.CD,2018,30082.1584226798
ABW,Aruba,NY.GDP.PCAP.CD,2017,28440.0416881491
AUS,Australia,NY.GDP.PCAP.CD,2019,55194.7585097428
AUS,Australia,NY.GDP.PCAP.CD,2018,57410.1737346009
AUS,Australia,NY.GDP.PCAP.CD,2017,54117.547718609
AUT,Austria,NY.GDP.PCAP.CD,2019,49885.9947355204
AUT,Austria,NY.GDP.PCAP.CD,2018,51194.0749841299
AUT,Austria,NY.GDP.PCAP.CD,2017,47163.7425775142
AZE,Azerbaijan,NY.GDP.PCAP.CD,2019,4805.75371765917
AZE,Azerbaijan,NY.GDP.PCAP.CD,2018,4739.7943123408
AZE,Azerbaijan,NY.GDP.PCAP.CD,2017,4147.1981423222
BHS,"Bahamas, The",NY.GDP.PCAP.CD,2019,33640.3369861278
BHS,"Bahamas, The",NY.GDP.PCAP.CD,2018,32642.3353203452
BHS,"Bahamas, The",NY.GDP.PCAP.CD,2017,31875.4881749619
BHR,Bahrain,NY.GDP.PCAP.CD,2019,27259.7438599327
BHR,Bahrain,NY.GDP.PCAP.CD,2018,26324.4066549559
BHR,Bahrain,NY.GDP.PCAP.CD,2017,24784.7693514607
BGD,Bangladesh,NY.GDP.PCAP.CD,2019,2129.79896954606
BGD,Bangladesh,NY.GDP.PCAP.CD,2018,1965.24372731467
BGD,Bangladesh,NY.GDP.PCAP.CD,2017,1811.08221668646
BRB,Barbados,NY.GDP.PCAP.CD,2019,21929.435611489
BRB,Barbados,NY.GDP.PCAP.CD,2018,21378.2201267496
BRB,Barbados,NY.GDP.PCAP.CD,2017,20870.7596432179
BLR,Belarus,NY.GDP.PCAP.CD,2019,6837.77339645635
BLR,Belarus,NY.GDP.PCAP.CD,2018,6360.037502312
BLR,Belarus,NY.GDP.PCAP.CD,2017,5785.54491935194
BEL,Belgium,NY.GDP.PCAP.CD,2019,46716.6227467964
BEL,Belgium,NY.GDP.PCAP.CD,2018,47487.2100392561
BEL,Belgium,NY.GDP.PCAP.CD,2017,44035.3239358548
BLZ,Belize,NY.GDP.PCAP.CD,2019,6171.61449761423
BLZ,Belize,NY.GDP.PCAP.CD,2018,6011.99036888587
BLZ,Belize,NY.GDP.PCAP.CD,2017,6071.85451846453
BEN,Benin,NY.GDP.PCAP.CD,2019,1130.82135339795
BEN,Benin,NY.GDP.PCAP.CD,2018,1151.7409703472
BEN,Benin,NY.GDP.PCAP.CD,2017,1054.97408066814
BMU,Bermuda,NY.GDP.PCAP.CD,2019,115798.040775578
BMU,Bermuda,NY.GDP.PCAP.CD,2018,113204.82210838
BMU,Bermuda,NY.GDP.PCAP.CD,2017,112339.425587467
BTN,Bhutan,NY.GDP.PCAP.CD,2019,3576.87987100503
BTN,Bhutan,NY.GDP.PCAP.CD,2018,3400.20417245342
BTN,Bhutan,NY.GDP.PCAP.CD,2017,3435.28804735662
BOL,Bolivia,NY.GDP.PCAP.CD,2019,4203.15492855788
BOL,Bolivia,NY.GDP.PCAP.CD,2018,4206.8552936661
BOL,Bolivia,NY.GDP.PCAP.CD,2017,4048.40119739839
BIH,Bosnia and Herzegovina,NY.GDP.PCAP.CD,2019,6122.37541352353
BIH,Bosnia and Herzegovina,NY.GDP.PCAP.CD,2018,6047.84707207392
BIH,Bosnia and Herzegovina,NY.GDP.PCAP.CD,2017,5345.01978766473
BWA,Botswana,NY.GDP.PCAP.CD,2019,7172.08956480028
BWA,Botswana,NY.GDP.PCAP.CD,2018,7407.95940141786
BWA,Botswana,NY.GDP.PCAP.CD,2017,7104.96401088027
BRA,Brazil,NY.GDP.PCAP.CD,2019,9029.83326681073
BRA,Brazil,NY.GDP.PCAP.CD,2018,9300.66164923219
BRA,Brazil,NY.GDP.PCAP.CD,2017,10080.5092819305
BRN,Brunei Darussalam,NY.GDP.PCAP.CD,2019,30426.5730656528
BRN,Brunei Darussalam,NY.GDP.PCAP.CD,2018,30988.1190267227
BRN,Brunei Darussalam,NY.GDP.PCAP.CD,2017,28024.3824580252
BGR,Bulgaria,NY.GDP.PCAP.CD,2019,10354.2500414088
BGR,Bulgaria,NY.GDP.PCAP.CD,2018,9849.88769989118
BGR,Bulgaria,NY.GDP.PCAP.CD,2017,8697.13373333715
BFA,Burkina Faso,NY.GDP.PCAP.CD,2019,764.853077774946
BFA,Burkina Faso,NY.GDP.PCAP.CD,2018,777.465618514048
BFA,Burkina Faso,NY.GDP.PCAP.CD,2017,709.091535894695
BDI,Burundi,NY.GDP.PCAP.CD,2019,234.31061590725
BDI,Burundi,NY.GDP.PCAP.CD,2018,245.661678332009
BDI,Burundi,NY.GDP.PCAP.CD,2017,246.060725714184
CPV,Cabo Verde,NY.GDP.PCAP.CD,2019,4380.78117331128
CPV,Cabo Verde,NY.GDP.PCAP.CD,2018,4294.96510035729
CPV,Cabo Verde,NY.GDP.PCAP.CD,2017,3893.09571382506
KHM,Cambodia,NY.GDP.PCAP.CD,2019,2225.87705485686
KHM,Cambodia,NY.GDP.PCAP.CD,2018,2036.67377566578
KHM,Cambodia,NY.GDP.PCAP.CD,2017,1826.35391688754
CMR,Cameroon,NY.GDP.PCAP.CD,2019,1555.22660476477
CMR,Cameroon,NY.GDP.PCAP.CD,2018,1610.69641591017
CMR,Cameroon,NY.GDP.PCAP.CD,2017,1496.08951771242
CAN,Canada,NY.GDP.PCAP.CD,2019,46352.9695208927
CAN,Canada,NY.GDP.PCAP.CD,2018,46539.2177903178
CAN,Canada,NY.GDP.PCAP.CD,2017,45129.7335281051
CYM,Cayman Islands,NY.GDP.PCAP.CD,2019,88254.2903677044
CYM,Cayman Islands,NY.GDP.PCAP.CD,2018,83865.5531568184
CYM,Cayman Islands,NY.GDP.PCAP.CD,2017,80053.9444506891
CAF,Central African Republic,NY.GDP.PCAP.CD,2019,449.228467602439
CAF,Central African Republic,NY.GDP.PCAP.CD,2018,455.243962859534
CAF,Central African Republic,NY.GDP.PCAP.CD,2017,432.324025684263
TCD,Chad,NY.GDP.PCAP.CD,2019,893.336441643325
TCD,Chad,NY.GDP.PCAP.CD,2018,948.656629871231
TCD,Chad,NY.GDP.PCAP.CD,2017,854.46120040098
CHI,Channel Islands,NY.GDP.PCAP.CD,2019,60564.6293993681
CHI,Channel Islands,NY.GDP.PCAP.CD,2018,60784.8125397162
CHI,Channel Islands,NY.GDP.PCAP.CD,2017,55806.3554257428
CHL,Chile,NY.GDP.PCAP.CD,2019,14496.9345640362
CHL,Chile,NY.GDP.PCAP.CD,2018,15659.4808675628
CHL,Chile,NY.GDP.PCAP.CD,2017,14879.9086227187
CHN,China,NY.GDP.PCAP.CD,2019,10342.9009524335
CHN,China,NY.GDP.PCAP.CD,2018,10085.6638148819
CHN,China,NY.GDP.PCAP.CD,2017,8979.67652709856
COL,Colombia,NY.GDP.PCAP.CD,2019,6472.54544924705
COL,Colombia,NY.GDP.PCAP.CD,2018,6816.96818309544
COL,Colombia,NY.GDP.PCAP.CD,2017,6479.53231292429
COM,Comoros,NY.GDP.PCAP.CD,2019,1519.26386436068
COM,Comoros,NY.GDP.PCAP.CD,2018,1540.71132257526
COM,Comoros,NY.GDP.PCAP.CD,2017,1423.9248027797
COD,"Congo, Dem. Rep.",NY.GDP.PCAP.CD,2019,504.00419142286
COD,"Congo, Dem. Rep.",NY.GDP.PCAP.CD,2018,518.169626875371
COD,"Congo, Dem. Rep.",NY.GDP.PCAP.CD,2017,431.052559128788
COG,"Congo, Rep.",NY.GDP.PCAP.CD,2019,2488.42466724916
COG,"Congo, Rep.",NY.GDP.PCAP.CD,2018,2694.43413191427
COG,"Congo, Rep.",NY.GDP.PCAP.CD,2017,2211.63309874797
CRI,Costa Rica,NY.GDP.PCAP.CD,2019,12951.8588421841
CRI,Costa Rica,NY.GDP.PCAP.CD,2018,12620.0207321581
CRI,Costa Rica,NY.GDP.PCAP.CD,2017,12317.0902779911
CIV,Cote d'Ivoire,NY.GDP.PCAP.CD,2019,2141.76836170115
CIV,Cote d'Ivoire,NY.GDP.PCAP.CD,2018,2130.86619381144
CIV,Cote d'Ivoire,NY.GDP.PCAP.CD,2017,1964.29930338343
HRV,Croatia,NY.GDP.PCAP.CD,2019,15563.7354996625
HRV,Croatia,NY.GDP.PCAP.CD,2018,15460.4560798984
HRV,Croatia,NY.GDP.PCAP.CD,2017,13901.6498657787
CUB,Cuba,NY.GDP.PCAP.CD,2019,9232.26115935183
CUB,Cuba,NY.GDP.PCAP.CD,2018,8911.46205998726
CUB,Cuba,NY.GDP.PCAP.CD,2017,8610.60829605429
CUW,Curacao,NY.GDP.PCAP.CD,2019,19220.6866958303
CUW,Curacao,NY.GDP.PCAP.CD,2018,19119.1243941688
CUW,Curacao,NY.GDP.PCAP.CD,2017,18938.2440469703
CYP,Cyprus,NY.GDP.PCAP.CD,2019,29227.16796875
CYP,Cyprus,NY.GDP.PCAP.CD,2018,29120.38671875
CYP,Cyprus,NY.GDP.PCAP.CD,2017,26247.46484375
CZE,Czechia,NY.GDP.PCAP.CD,2019,24062.7190013343
CZE,Czechia,NY.GDP.PCAP.CD,2018,23705.9329811299
CZE,Czechia,NY.GDP.PCAP.CD,2017,20913.197632212
DNK,Denmark,NY.GDP.PCAP.CD,2019,59404.2663247723
DNK,Denmark,NY.GDP.PCAP.CD,2018,61324.7665045565
DNK,Denmark,NY.GDP.PCAP.CD,2017,57521.5514992225
DJI,Djibouti,NY.GDP.PCAP.CD,2019,2837.16902340932
DJI,Djibouti,NY.GDP.PCAP.CD,2018,2718.08338799203
DJI,Djibouti,NY.GDP.PCAP.CD,2017,2618.95521147369
DMA,Dominica,NY.GDP.PCAP.CD,2019,9491.14995962374
DMA,Dominica,NY.GDP.PCAP.CD,2018,9215.3085405645
DMA,Dominica,NY.GDP.PCAP.CD,2017,8224.64896571414
DOM,Dominican Republic,NY.GDP.PCAP.CD,2019,8183.01623600375
DOM,Dominican Republic,NY.GDP.PCAP.CD,2018,7882.98221584944
DOM,Dominican Republic,NY.GDP.PCAP.CD,2017,7412.71571571512
ECU,Ecuador,NY.GDP.PCAP.CD,2019,6205.05765246766
ECU,Ecuador,NY.GDP.PCAP.CD,2018,6303.91886658338
ECU,Ecuador,NY.GDP.PCAP.CD,2017,6233.32244797718
EGY,"Egypt, Arab Rep.",NY.GDP.PCAP.CD,2019,2962.98892023003
EGY,"Egypt, Arab Rep.",NY.GDP.PCAP.CD,2018,2484.70315630508
EGY,"Egypt, Arab Rep.",NY.GDP.PCAP.CD,2017,2395.10333299491
SLV,El Salvador,NY.GDP.PCAP.CD,2019,4320.11671534627
SLV,El Salvador,NY.GDP.PCAP.CD,2018,4183.54620971358
SLV,El Salvador,NY.GDP.PCAP.CD,2017,4020.12671373919
GNQ,Equatorial Guinea,NY.GDP.PCAP.CD,2019,6804.14923073888
GNQ,Equatorial Guinea,NY.GDP.PCAP.CD,2018,8102.47084834031
GNQ,Equatorial Guinea,NY.GDP.PCAP.CD,2017,7809.10465655488
EST,Estonia,NY.GDP.PCAP.CD,2019,24021.2501413306
EST,Estonia,NY.GDP.PCAP.CD,2018,23618.1361254581
EST,Estonia,NY.GDP.PCAP.CD,2017,20851.5223496861
SWZ,Eswatini,NY.GDP.PCAP.CD,2019,3913.14577547336
SWZ,Eswatini,NY.GDP.PCAP.CD,2018,3972.65450620357
SWZ,Eswatini,NY.GDP.PCAP.CD,2017,3853.09956569679
ETH,Ethiopia,NY.GDP.PCAP.CD,2019,793.473247218996
ETH,Ethiopia,NY.GDP.PCAP.CD,2018,739.702022272086
ETH,Ethiopia,NY.GDP.PCAP.CD,2017,696.348429076216
FRO,Faroe Islands,NY.GDP.PCAP.CD,2019,63070.7228080361
FRO,Faroe Islands,NY.GDP.PCAP.CD,2018,62525.2647698273
FRO,Faroe Islands,NY.GDP.PCAP.CD,2017,59388.5365965776
FJI,Fiji,NY.GDP.PCAP.CD,2019,5842.07344577597
FJI,Fiji,NY.GDP.PCAP.CD,2018,6085.41979485376
FJI,Fiji,NY.GDP.PCAP.CD,2017,5826.84814459328
FIN,Finland,NY.GDP.PCAP.CD,2019,48358.1807773701
FIN,Finland,NY.GDP.PCAP.CD,2018,49654.2497035329
FIN,Finland,NY.GDP.PCAP.CD,2017,46085.0174739036
FRA,France,NY.GDP.PCAP.CD,2019,40408.2848574751
FRA,France,NY.GDP.PCAP.CD,2018,41418.1766484844
FRA,France,NY.GDP.PCAP.CD,2017,38687.1626407164
PYF,French Polynesia,NY.GDP.PCAP.CD,2019,21582.5892046801
PYF,French Polynesia,NY.GDP.PCAP.CD,2018,21925.616043938
PYF,French Polynesia,NY.GDP.PCAP.CD,2017,20826.9312492172
GAB,Gabon,NY.GDP.PCAP.CD,2019,7441.1786472281
GAB,Gabon,NY.GDP.PCAP.CD,2018,7624.2775233771
GAB,Gabon,NY.GDP.PCAP.CD,2017,6921.73373135624
GMB,"Gambia, The",NY.GDP.PCAP.CD,2019,738.186751987483
GMB,"Gambia, The",NY.GDP.PCAP.CD,2018,696.219806960615
GMB,"Gambia, The",NY.GDP.PCAP.CD,2017,642.522641296331
GEO,Georgia,NY.GDP.PCAP.CD,2019,4741.2832715876
GEO,Georgia,NY.GDP.PCAP.CD,2018,4804.0546040444
GEO,Georgia,NY.GDP.PCAP.CD,2017,4418.75206546679
DEU,Germany,NY.GDP.PCAP.CD,2019,47656.199739747
DEU,Germany,NY.GDP.PCAP.CD,2018,48916.1686612154
DEU,Germany,NY.GDP.PCAP.CD,2017,45553.9341495339
GHA,Ghana,NY.GDP.PCAP.CD,2019,2186.65822682613
GHA,Ghana,NY.GDP.PCAP.CD,2018,2195.32166016377
GHA,Ghana,NY.GDP.PCAP.CD,2017,2012.28662641265
GRC,Greece,NY.GDP.PCAP.CD,2019,19335.3602002969
GRC,Greece,NY.GDP.PCAP.CD,2018,19873.4015238771
GRC,Greece,NY.GDP.PCAP.CD,2017,18631.9930129293
GRL,Greenland,NY.GDP.PCAP.CD,2019,53309.2035905065
GRL,Greenland,NY.GDP.PCAP.CD,2018,54545.135857765
GRL,Greenland,NY.GDP.PCAP.CD,2017,50765.7494665372
GRD,Grenada,NY.GDP.PCAP.CD,2019,10462.7929159533
GRD,Grenada,NY.GDP.PCAP.CD,2018,10083.021279225
GRD,Grenada,NY.GDP.PCAP.CD,2017,9751.42661155932
GUM,Guam,NY.GDP.PCAP.CD,2019,39274.9431424899
GUM,Guam,NY.GDP.PCAP.CD,2018,37195.9503070464
GUM,Guam,NY.GDP.PCAP.CD,2017,36779.0078903909
GTM,Guatemala,NY.GDP.PCAP.CD,2019,4511.99839552697
GTM,Guatemala,NY.GDP.PCAP.CD,2018,4352.94593289707
GTM,Guatemala,NY.GDP.PCAP.CD,2017,4324.99768915601
GIN,Guinea,NY.GDP.PCAP.CD,2019,1031.34146480732
GIN,Guinea,NY.GDP.PCAP.CD,2018,933.273615633705
GIN,Guinea,NY.GDP.PCAP.CD,2017,833.598621691121
GNB,Guinea-Bissau,NY.GDP.PCAP.CD,2019,811.210004050041
GNB,Guinea-Bissau,NY.GDP.PCAP.CD,2018,808.531613218504
GNB,Guinea-Bissau,NY.GDP.PCAP.CD,2017,783.123186602022
GUY,Guyana,NY.GDP.PCAP.CD,2019,6405.82443444562
GUY,Guyana,NY.GDP.PCAP.CD,2018,6048.38697180418
GUY,Guyana,NY.GDP.PCAP.CD,2017,6178.6650437298
HTI,Haiti,NY.GDP.PCAP.CD,2019,1352.17204191532
HTI,Haiti,NY.GDP.PCAP.CD,2018,1496.38048970156
HTI,Haiti,NY.GDP.PCAP.CD,2017,1395.23945184461
HND,Honduras,NY.GDP.PCAP.CD,2019,2502.32744328073
HND,Honduras,NY.GDP.PCAP.CD,2018,2464.64241531918
HND,Honduras,NY.GDP.PCAP.CD,2017,2413.0076562942
HKG,"Hong Kong SAR, China",NY.GDP.PCAP.CD,2019,48359.0011950597
HKG,"Hong Kong SAR, China",NY.GDP.PCAP.CD,2018,48537.5668888343
HKG,"Hong Kong SAR, China",NY.GDP.PCAP.CD,2017,46160.429791493
HUN,Hungary,NY.GDP.PCAP.CD,2019,17012.8598553199
HUN,Hungary,NY.GDP.PCAP.CD,2018,16605.0570511887
HUN,Hungary,NY.GDP.PCAP.CD,2017,14736.1668157258
ISL,Iceland,NY.GDP.PCAP.CD,2019,69296.3144361601
ISL,Iceland,NY.GDP.PCAP.CD,2018,75633.8651351915
ISL,Iceland,NY.GDP.PCAP.CD,2017,72976.3729990975
IND,India,NY.GDP.PCAP.CD,2019,2041.42863698585
IND,India,NY.GDP.PCAP.CD,2018,1966.25455171679
IND,India,NY.GDP.PCAP.CD,2017,1950.10468280866
IDN,Indonesia,NY.GDP.PCAP.CD,2019,4106.94856160358
IDN,Indonesia,NY.GDP.PCAP.CD,2018,3860.95353090726
IDN,Indonesia,NY.GDP.PCAP.CD,2017,3798.88326174526
IRN,"Iran, Islamic Rep.",NY.GDP.PCAP.CD,2019,3997.4935449585
IRN,"Iran, Islamic Rep.",NY.GDP.PCAP.CD,2018,4783.01067340237
IRN,"Iran, Islamic Rep.",NY.GDP.PCAP.CD,2017,6000.93346404409
IRQ,Iraq,NY.GDP.PCAP.CD,2019,5671.8568632942
IRQ,Iraq,NY.GDP.PCAP.CD,2018,5646.68932074742
IRQ,Iraq,NY.GDP.PCAP.CD,2017,4759.2846435467
IRL,Ireland,NY.GDP.PCAP.CD,2019,81827.6688873996
IRL,Ireland,NY.GDP.PCAP.CD,2018,80804.1123164826
IRL,Ireland,NY.GDP.PCAP.CD,2017,72161.4047531385
IMN,Isle of Man,NY.GDP.PCAP.CD,2019,87127.5517977404
IMN,Isle of Man,NY.GDP.PCAP.CD,2018,89393.8244248812
IMN,Isle of Man,NY.GDP.PCAP.CD,2017,83481.3038489014
ISR,Israel,NY.GDP.PCAP.CD,2019,44091.8678022544
ISR,Israel,NY.GDP.PCAP.CD,2018,42269.3770257585
ISR,Israel,NY.GDP.PCAP.CD,2017,41013.2575323519
ITA,Italy,NY.GDP.PCAP.CD,2019,33812.788724868
ITA,Italy,NY.GDP.PCAP.CD,2018,35062.3364176949
ITA,Italy,NY.GDP.PCAP.CD,2017,32844.115660604
JAM,Jamaica,NY.GDP.PCAP.CD,2019,6030.68896415921
JAM,Jamaica,NY.GDP.PCAP.CD,2018,5976.90362644337
JAM,Jamaica,NY.GDP.PCAP.CD,2017,5605.43541173019
JPN,Japan,NY.GDP.PCAP.CD,2019,41424.8655601543
JPN,Japan,NY.GDP.PCAP.CD,2018,40645.478086519
JPN,Japan,NY.GDP.PCAP.CD,2017,39679.8635262948
JOR,Jordan,NY.GDP.PCAP.CD,2019,4557.79334729121
JOR,Jordan,NY.GDP.PCAP.CD,2018,4533.97658437205
JOR,Jordan,NY.GDP.PCAP.CD,2017,4449.34618076611
KAZ,Kazakhstan,NY.GDP.PCAP.CD,2019,9457.12614657136
KAZ,Kazakhstan,NY.GDP.PCAP.CD,2018,9472.48527327758
KAZ,Kazakhstan,NY.GDP.PCAP.CD,2017,8943.08416791984
KEN,Kenya,NY.GDP.PCAP.CD,2019,1960.40808854893
KEN,Kenya,NY.GDP.PCAP.CD,2018,1836.45275528993
KEN,Kenya,NY.GDP.PCAP.CD,2017,1667.48447230835
KIR,Kiribati,NY.GDP.PCAP.CD,2019,1750.24040333237
KIR,Kiribati,NY.GDP.PCAP.CD,2018,1915.56002581991
KIR,Kiribati,NY.GDP.PCAP.CD,2017,1854.3326920967
KOR,"Korea, Rep.",NY.GDP.PCAP.CD,2019,33826.9443301597
KOR,"Korea, Rep.",NY.GDP.PCAP.CD,2018,35363.9508228687
KOR,"Korea, Rep.",NY.GDP.PCAP.CD,2017,33296.9845439195
XKX,Kosovo,NY.GDP.PCAP.CD,2019,4415.6992744623
XKX,Kosovo,NY.GDP.PCAP.CD,2018,4384.18796440547
XKX,Kosovo,NY.GDP.PCAP.CD,2017,4009.32022064732
KWT,Kuwait,NY.GDP.PCAP.CD,2019,31707.8737443551
KWT,Kuwait,NY.GDP.PCAP.CD,2018,32067.9623756889
KWT,Kuwait,NY.GDP.PCAP.CD,2017,29047.6536135703
KGZ,Kyrgyz Republic,NY.GDP.PCAP.CD,2019,1421.99927504102
KGZ,Kyrgyz Republic,NY.GDP.PCAP.CD,2018,1283.5203037417
KGZ,Kyrgyz Republic,NY.GDP.PCAP.CD,2017,1221.39046807082
LAO,Lao PDR,NY.GDP.PCAP.CD,2019,2589.32081035237
LAO,Lao PDR,NY.GDP.PCAP.CD,2018,2545.1075420815
LAO,Lao PDR,NY.GDP.PCAP.CD,2017,2432.43059478511
LVA,Latvia,NY.GDP.PCAP.CD,2019,17294.9751600969
LVA,Latvia,NY.GDP.PCAP.CD,2018,17252.1710428626
LVA,Latvia,NY.GDP.PCAP.CD,2017,15132.4958333982
LBN,Lebanon,NY.GDP.PCAP.CD,2019,8905.88005497437
LBN,Lebanon,NY.GDP.PCAP.CD,2018,9174.53666204759
LBN,Lebanon,NY.GDP.PCAP.CD,2017,8608.21084982387
LSO,Lesotho,NY.GDP.PCAP.CD,2019,1082.05706777516
LSO,Lesotho,NY.GDP.PCAP.CD,2018,1170.65569702819
LSO,Lesotho,NY.GDP.PCAP.CD,2017,1069.36673247542
LBR,Liberia,NY.GDP.PCAP.CD,2019,658.164180770507
LBR,Liberia,NY.GDP.PCAP.CD,2018,692.203127129794
LBR,Liberia,NY.GDP.PCAP.CD,2017,699.269095727404
LBY,Libya,NY.GDP.PCAP.CD,2019,9963.19489084483
LBY,Libya,NY.GDP.PCAP.CD,2018,11196.5854810844
LBY,Libya,NY.GDP.PCAP.CD,2017,9965.83236729757
LIE,Liechtenstein,NY.GDP.PCAP.CD,2019,166907.839305016
LIE,Liechtenstein,NY.GDP.PCAP.CD,2018,174988.775083446
LIE,Liechtenstein,NY.GDP.PCAP.CD,2017,170547.092298954
LTU,Lithuania,NY.GDP.PCAP.CD,2019,19608.7943945553
LTU,Lithuania,NY.GDP.PCAP.CD,2018,19247.2315367967
LTU,Lithuania,NY.GDP.PCAP.CD,2017,16800.1510246099
LUX,Luxembourg,NY.GDP.PCAP.CD,2019,112696.649059674
LUX,Luxembourg,NY.GDP.PCAP.CD,2018,116926.759593905
LUX,Luxembourg,NY.GDP.PCAP.CD,2017,110193.213797228
MAC,"Macao SAR, China",NY.GDP.PCAP.CD,2019,81882.6964523869
MAC,"Macao SAR, China",NY.GDP.PCAP.CD,2018,83588.2875009014
MAC,"Macao SAR, China",NY.GDP.PCAP.CD,2017,77570.9876166977
MDG,Madagascar,NY.GDP.PCAP.CD,2019,499.818837622534
MDG,Madagascar,NY.GDP.PCAP.CD,2018,500.45718552916
MDG,Madagascar,NY.GDP.PCAP.CD,2017,491.866848718929
MWI,Malawi,NY.GDP.PCAP.CD,2019,580.889139762475
MWI,Malawi,NY.GDP.PCAP.CD,2018,533.202567189331
MWI,Malawi,NY.GDP.PCAP.CD,2017,495.769683367165
MYS,Malaysia,NY.GDP.PCAP.CD,2019,10920.191763972
MYS,Malaysia,NY.GDP.PCAP.CD,2018,10901.8019954421
MYS,Malaysia,NY.GDP.PCAP.CD,2017,9862.54806612235
MDV,Maldives,NY.GDP.PCAP.CD,2019,11740.2724029785
MDV,Maldives,NY.GDP.PCAP.CD,2018,11423.2838427029
MDV,Maldives,NY.GDP.PCAP.CD,2017,10509.628805812
MLI,Mali,NY.GDP.PCAP.CD,2019,971.949318638092
MLI,Mali,NY.GDP.PCAP.CD,2018,996.379292136901
MLI,Mali,NY.GDP.PCAP.CD,2017,924.057531692284
MLT,Malta,NY.GDP.PCAP.CD,2019,32421.9087471186
MLT,Malta,NY.GDP.PCAP.CD,2018,33382.280781103
MLT,Malta,NY.GDP.PCAP.CD,2017,30317.2611769875
MHL,Marshall Islands,NY.GDP.PCAP.CD,2019,5292.33985502306
MHL,Marshall Islands,NY.GDP.PCAP.CD,2018,4858.12079054875
MHL,Marshall Islands,NY.GDP.PCAP.CD,2017,4592.83457628576
MRT,Mauritania,NY.GDP.PCAP.CD,2019,1767.072710621
MRT,Mauritania,NY.GDP.PCAP.CD,2018,1723.37809442655
MRT,Mauritania,NY.GDP.PCAP.CD,2017,1617.93401542267
MUS,Mauritius,NY.GDP.PCAP.CD,2019,11568.2533399824
MUS,Mauritius,NY.GDP.PCAP.CD,2018,11818.7480619272
MUS,Mauritius,NY.GDP.PCAP.CD,2017,10986.7034093005
MEX,Mexico,NY.GDP.PCAP.CD,2019,10369.5553593527
MEX,Mexico,NY.GDP.PCAP.CD,2018,10084.7937570364
MEX,Mexico,NY.GDP.PCAP.CD,2017,9649.27816729586
FSM,"Micronesia, Fed. Sts.",NY.GDP.PCAP.CD,2019,3581.72684572278
FSM,"Micronesia, Fed. Sts.",NY.GDP.PCAP.CD,2018,3584.78377566896
FSM,"Micronesia, Fed. Sts.",NY.GDP.PCAP.CD,2017,3297.37580036719
MDA,Moldova,NY.GDP.PCAP.CD,2019,4405.33418162155
MDA,Moldova,NY.GDP.PCAP.CD,2018,4156.44981956646
MDA,Moldova,NY.GDP.PCAP.CD,2017,3453.26727720294
MCO,Monaco,NY.GDP.PCAP.CD,2019,193746.729890885
MCO,Monaco,NY.GDP.PCAP.CD,2018,188298.389694191
MCO,Monaco,NY.GDP.PCAP.CD,2017,170663.470051177
MNG,Mongolia,NY.GDP.PCAP.CD,2019,4347.54610314873
MNG,Mongolia,NY.GDP.PCAP.CD,2018,4107.64288528468
MNG,Mongolia,NY.GDP.PCAP.CD,2017,3645.96708669551
MNE,Montenegro,NY.GDP.PCAP.CD,2019,8749.25629734676
MNE,Montenegro,NY.GDP.PCAP.CD,2018,8673.59469069858
MNE,Montenegro,NY.GDP.PCAP.CD,2017,7674.2856571219
MAR,Morocco,NY.GDP.PCAP.CD,2019,3508.09765625
MAR,Morocco,NY.GDP.PCAP.CD,2018,3501.69799804688
MAR,Morocco,NY.GDP.PCAP.CD,2017,3296.52661132813
MOZ,Mozambique,NY.GDP.PCAP.CD,2019,519.09255091362
MOZ,Mozambique,NY.GDP.PCAP.CD,2018,517.507260258101
MOZ,Mozambique,NY.GDP.PCAP.CD,2017,470.93856305196
MMR,Myanmar,NY.GDP.PCAP.CD,2019,1425.98954211903
MMR,Myanmar,NY.GDP.PCAP.CD,2018,1298.21310320785
MMR,Myanmar,NY.GDP.PCAP.CD,2017,1272.82241830603
NAM,Namibia,NY.GDP.PCAP.CD,2019,4731.9210318831
NAM,Namibia,NY.GDP.PCAP.CD,2018,5308.60813408705
NAM,Namibia,NY.GDP.PCAP.CD,2017,5143.96072323076
NRU,Naoero,NY.GDP.PCAP.CD,2019,10801.7705659635
NRU,Naoero,NY.GDP.PCAP.CD,2018,11413.7463016389
NRU,Naoero,NY.GDP.PCAP.CD,2017,9656.97976571484
NPL,Nepal,NY.GDP.PCAP.CD,2019,1203.14294706401
NPL,Nepal,NY.GDP.PCAP.CD,2018,1179.19843190389
NPL,Nepal,NY.GDP.PCAP.CD,2017,1034.28374906846
NLD,Netherlands,NY.GDP.PCAP.CD,2019,53554.9007491475
NLD,Netherlands,NY.GDP.PCAP.CD,2018,53955.0770024266
NLD,Netherlands,NY.GDP.PCAP.CD,2017,49513.6817346384
NCL,New Caledonia,NY.GDP.PCAP.CD,2019,33411.3358835672
NCL,New Caledonia,NY.GDP.PCAP.CD,2018,34902.8968780031
NCL,New Caledonia,NY.GDP.PCAP.CD,2017,32354.7102832901
NZL,New Zealand,NY.GDP.PCAP.CD,2019,42872.2681243427
NZL,New Zealand,NY.GDP.PCAP.CD,2018,43204.1305124872
NZL,New Zealand,NY.GDP.PCAP.CD,2017,42912.1537002148
NIC,Nicaragua,NY.GDP.PCAP.CD,2019,1958.62051528095
NIC,Nicaragua,NY.GDP.PCAP.CD,2018,2035.16549390507
NIC,Nicaragua,NY.GDP.PCAP.CD,2017,2182.61380995674
NER,Niger,NY.GDP.PCAP.CD,2019,541.265819870273
NER,Niger,NY.GDP.PCAP.CD,2018,576.927536415462
NER,Niger,NY.GDP.PCAP.CD,2017,529.929418934868
NGA,Nigeria,NY.GDP.PCAP.CD,2019,3189.81286496183
NGA,Nigeria,NY.GDP.PCAP.CD,2018,2057.87944554011
NGA,Nigeria,NY.GDP.PCAP.CD,2017,1876.34027111773
MKD,North Macedonia,NY.GDP.PCAP.CD,2019,6718.85826635458
MKD,North Macedonia,NY.GDP.PCAP.CD,2018,6713.98925398989
MKD,North Macedonia,NY.GDP.PCAP.CD,2017,5955.2973863451
MNP,Northern Mariana Islands,NY.GDP.PCAP.CD,2019,24496.6652122421
MNP,Northern Mariana Islands,NY.GDP.PCAP.CD,2018,26509.3628379893
MNP,Northern Mariana Islands,NY.GDP.PCAP.CD,2017,31225.6049960968
NOR,Norway,NY.GDP.PCAP.CD,2019,79329.3075190012
NOR,Norway,NY.GDP.PCAP.CD,2018,85579.0776455494
NOR,Norway,NY.GDP.PCAP.CD,2017,78771.2151264554
OMN,Oman,NY.GDP.PCAP.CD,2019,19180.1864152801
OMN,Oman,NY.GDP.PCAP.CD,2018,19901.7615642016
OMN,Oman,NY.GDP.PCAP.CD,2017,17820.0661809335
PAK,Pakistan,NY.GDP.PCAP.CD,2019,1390.41690981745
PAK,Pakistan,NY.GDP.PCAP.CD,2018,1569.33814626355
PAK,Pakistan,NY.GDP.PCAP.CD,2017,1519.23459514248
PLW,Palau,NY.GDP.PCAP.CD,2019,15841.8923474548
PLW,Palau,NY.GDP.PCAP.CD,2018,16179.877834849
PLW,Palau,NY.GDP.PCAP.CD,2017,16280.241199753
PAN,Panama,NY.GDP.PCAP.CD,2019,16477.9066285687
PAN,Panama,NY.GDP.PCAP.CD,2018,16151.3273478476
PAN,Panama,NY.GDP.PCAP.CD,2017,15694.6297454295
PNG,Papua New Guinea,NY.GDP.PCAP.CD,2019,2575.77274140393
PNG,Papua New Guinea,NY.GDP.PCAP.CD,2018,2566.36833735041
PNG,Papua New Guinea,NY.GDP.PCAP.CD,2017,2477.76530986323
PRY,Paraguay,NY.GDP.PCAP.CD,2019,5821.18199548637
PRY,Paraguay,NY.GDP.PCAP.CD,2018,6258.44991640954
PRY,Paraguay,NY.GDP.PCAP.CD,2017,6152.26711537703
PER,Peru,NY.GDP.PCAP.CD,2019,7037.00803692604
PER,Peru,NY.GDP.PCAP.CD,2018,6978.49121548627
PER,Peru,NY.GDP.PCAP.CD,2017,6736.16693725487
PHL,Philippines,NY.GDP.PCAP.CD,2019,3400.78949767074
PHL,Philippines,NY.GDP.PCAP.CD,2018,3168.51036609727
PHL,Philippines,NY.GDP.PCAP.CD,2017,3038.12124959289
POL,Poland,NY.GDP.PCAP.CD,2019,15874.5220531254
POL,Poland,NY.GDP.PCAP.CD,2018,15658.210586693
POL,Poland,NY.GDP.PCAP.CD,2017,13913.3415190124
PRT,Portugal,NY.GDP.PCAP.CD,2019,23343.3628970034
PRT,Portugal,NY.GDP.PCAP.CD,2018,23541.1401075289
PRT,Portugal,NY.GDP.PCAP.CD,2017,21442.3842768879
PRI,Puerto Rico (US),NY.GDP.PCAP.CD,2019,31830.5284993358
PRI,Puerto Rico (US),NY.GDP.PCAP.CD,2018,30679.9181934488
PRI,Puerto Rico (US),NY.GDP.PCAP.CD,2017,30328.479490518
QAT,Qatar,NY.GDP.PCAP.CD,2019,66841.3013484919
QAT,Qatar,NY.GDP.PCAP.CD,2018,71039.8490579352
QAT,Qatar,NY.GDP.PCAP.CD,2017,63279.8556949332
ROU,Romania,NY.GDP.PCAP.CD,2019,12909.6104013244
ROU,Romania,NY.GDP.PCAP.CD,2018,12416.134317959
ROU,Romania,NY.GDP.PCAP.CD,2017,10727.9822007426
RUS,Russian Federation,NY.GDP.PCAP.CD,2019,11447.701171875
RUS,Russian Federation,NY.GDP.PCAP.CD,2018,11211.8876953125
RUS,Russian Federation,NY.GDP.PCAP.CD,2017,10658.9130859375
RWA,Rwanda,NY.GDP.PCAP.CD,2019,823.355304065304
RWA,Rwanda,NY.GDP.PCAP.CD,2018,772.754982959354
RWA,Rwanda,NY.GDP.PCAP.CD,2017,751.049039527547
WSM,Samoa,NY.GDP.PCAP.CD,2019,4351.94234943706
WSM,Samoa,NY.GDP.PCAP.CD,2018,4231.81409469194
WSM,Samoa,NY.GDP.PCAP.CD,2017,4307.59381964907
SMR,San Marino,NY.GDP.PCAP.CD,2019,46626.9998571568
SMR,San Marino,NY.GDP.PCAP.CD,2018,47950.7076296808
SMR,San Marino,NY.GDP.PCAP.CD,2017,45192.0530047599
STP,Sao Tome and Principe,NY.GDP.PCAP.CD,2019,1935.2931816596
STP,Sao Tome and Principe,NY.GDP.PCAP.CD,2018,1825.59971753966
STP,Sao Tome and Principe,NY.GDP.PCAP.CD,2017,1555.79477812888
SAU,Saudi Arabia,NY.GDP.PCAP.CD,2019,29566.7933827436
SAU,Saudi Arabia,NY.GDP.PCAP.CD,2018,29360.0658968566
SAU,Saudi Arabia,NY.GDP.PCAP.CD,2017,23929.2907135982
SEN,Senegal,NY.GDP.PCAP.CD,2019,1431.18128932159
SEN,Senegal,NY.GDP.PCAP.CD,2018,1452.55612562445
SEN,Senegal,NY.GDP.PCAP.CD,2017,1354.77007193387
SRB,Serbia,NY.GDP.PCAP.CD,2019,7755.632986437
SRB,Serbia,NY.GDP.PCAP.CD,2018,7559.86165747394
SRB,Serbia,NY.GDP.PCAP.CD,2017,6548.03653824187
SYC,Seychelles,NY.GDP.PCAP.CD,2019,19141.5118743615
SYC,Seychelles,NY.GDP.PCAP.CD,2018,18440.2340460932
SYC,Seychelles,NY.GDP.PCAP.CD,2017,17480.3651911372
SLE,Sierra Leone,NY.GDP.PCAP.CD,2019,843.71251730417
SLE,Sierra Leone,NY.GDP.PCAP.CD,2018,845.914540460932
SLE,Sierra Leone,NY.GDP.PCAP.CD,2017,779.186007841728
SGP,Singapore,NY.GDP.PCAP.CD,2019,66068.7003106378
SGP,Singapore,NY.GDP.PCAP.CD,2018,67032.8225769734
SGP,Singapore,NY.GDP.PCAP.CD,2017,61436.1325502558
SXM,Sint Maarten (Dutch part),NY.GDP.PCAP.CD,2019,34861.469528968
SXM,Sint Maarten (Dutch part),NY.GDP.PCAP.CD,2018,31708.3110124742
SXM,Sint Maarten (Dutch part),NY.GDP.PCAP.CD,2017,34701.3058494468
SVK,Slovak Republic,NY.GDP.PCAP.CD,2019,19406.0589683582
SVK,Slovak Republic,NY.GDP.PCAP.CD,2018,19573.3717031314
SVK,Slovak Republic,NY.GDP.PCAP.CD,2017,17645.5298716761
SVN,Slovenia,NY.GDP.PCAP.CD,2019,25814.1687167572
SVN,Slovenia,NY.GDP.PCAP.CD,2018,25888.0481065655
SVN,Slovenia,NY.GDP.PCAP.CD,2017,23303.077705959
SLB,Solomon Islands,NY.GDP.PCAP.CD,2019,2223.65890942466
SLB,Solomon Islands,NY.GDP.PCAP.CD,2018,2278.19908624102
SLB,Solomon Islands,NY.GDP.PCAP.CD,2017,2143.57670489272
SOM,"Somalia, Fed. Rep.",NY.GDP.PCAP.CD,2019,539.954816211694
SOM,"Somalia, Fed. Rep.",NY.GDP.PCAP.CD,2018,509.497273804534
SOM,"Somalia, Fed. Rep.",NY.GDP.PCAP.CD,2017,510.939952317726
ZAF,South Africa,NY.GDP.PCAP.CD,2019,6533.71121032856
ZAF,South Africa,NY.GDP.PCAP.CD,2018,6914.1780318076
ZAF,South Africa,NY.GDP.PCAP.CD,2017,6618.33508255701
ESP,Spain,NY.GDP.PCAP.CD,2019,29786.5245689007
ESP,Spain,NY.GDP.PCAP.CD,2018,30602.4212881113
ESP,Spain,NY.GDP.PCAP.CD,2017,28381.3425596906
LKA,Sri Lanka,NY.GDP.PCAP.CD,2019,4081.94772178134
LKA,Sri Lanka,NY.GDP.PCAP.CD,2018,4358.56095905888
LKA,Sri Lanka,NY.GDP.PCAP.CD,2017,4398.88828786059
KNA,St. Kitts and Nevis,NY.GDP.PCAP.CD,2019,23595.4923231291
KNA,St. Kitts and Nevis,NY.GDP.PCAP.CD,2018,22901.3816403197
KNA,St. Kitts and Nevis,NY.GDP.PCAP.CD,2017,22464.9899633959
LCA,St. Lucia,NY.GDP.PCAP.CD,2019,11764.3944032403
LCA,St. Lucia,NY.GDP.PCAP.CD,2018,11642.6984727769
LCA,St. Lucia,NY.GDP.PCAP.CD,2017,11333.1123822102
MAF,St. Martin (French part),NY.GDP.PCAP.CD,2019,19033.0649634889
VCT,St. Vincent and the Grenadines,NY.GDP.PCAP.CD,2019,8740.59425232061
VCT,St. Vincent and the Grenadines,NY.GDP.PCAP.CD,2018,8428.12677153069
VCT,St. Vincent and the Grenadines,NY.GDP.PCAP.CD,2017,7988.04445019298
SDN,Sudan,NY.GDP.PCAP.CD,2019,709.975280761719
SDN,Sudan,NY.GDP.PCAP.CD,2018,731.027465820313
SDN,Sudan,NY.GDP.PCAP.CD,2017,966.505676269531
SUR,Suriname,NY.GDP.PCAP.CD,2019,6629.66775248603
SUR,Suriname,NY.GDP.PCAP.CD,2018,6665.74180472239
SUR,Suriname,NY.GDP.PCAP.CD,2017,6049.52128553675
SWE,Sweden,NY.GDP.PCAP.CD,2019,51648.9892820514
SWE,Sweden,NY.GDP.PCAP.CD,2018,54018.4554391861
SWE,Sweden,NY.GDP.PCAP.CD,2017,53210.2233318965
CHE,Switzerland,NY.GDP.PCAP.CD,2019,85872.9702303454
CHE,Switzerland,NY.GDP.PCAP.CD,2018,87002.3382293532
CHE,Switzerland,NY.GDP.PCAP.CD,2017,83610.248611484
SYR,Syrian Arab Republic,NY.GDP.PCAP.CD,2019,1109.53933821464
SYR,Syrian Arab Republic,NY.GDP.PCAP.CD,2018,1098.06667935023
SYR,Syrian Arab Republic,NY.GDP.PCAP.CD,2017,851.501972646386
TJK,Tajikistan,NY.GDP.PCAP.CD,2019,871.022372934846
TJK,Tajikistan,NY.GDP.PCAP.CD,2018,834.288404578801
TJK,Tajikistan,NY.GDP.PCAP.CD,2017,829.45714764957
TZA,Tanzania,NY.GDP.PCAP.CD,2019,1063.32250976563
TZA,Tanzania,NY.GDP.PCAP.CD,2018,1023.10626220703
TZA,Tanzania,NY.GDP.PCAP.CD,2017,986.674011230469
THA,Thailand,NY.GDP.PCAP.CD,2019,7605.69657797759
THA,Thailand,NY.GDP.PCAP.CD,2018,7099.77650081458
THA,Thailand,NY.GDP.PCAP.CD,2017,6413.09182530343
TLS,Timor-Leste,NY.GDP.PCAP.CD,2019,1562.36458881813
TLS,Timor-Leste,NY.GDP.PCAP.CD,2018,1219.46598597604
TLS,Timor-Leste,NY.GDP.PCAP.CD,2017,1266.17767952941
TGO,Togo,NY.GDP.PCAP.CD,2019,917.718016777619
TGO,Togo,NY.GDP.PCAP.CD,2018,942.480774393154
TGO,Togo,NY.GDP.PCAP.CD,2017,872.076408845752
TON,Tonga,NY.GDP.PCAP.CD,2019,4788.83350468584
TON,Tonga,NY.GDP.PCAP.CD,2018,4675.04776047973
TON,Tonga,NY.GDP.PCAP.CD,2017,4365.92929788648
TTO,Trinidad and Tobago,NY.GDP.PCAP.CD,2019,17212.6128892163
TTO,Trinidad and Tobago,NY.GDP.PCAP.CD,2018,17571.498737278
TTO,Trinidad and Tobago,NY.GDP.PCAP.CD,2017,17566.0999700656
TUN,Tunisia,NY.GDP.PCAP.CD,2019,3528.87213306798
TUN,Tunisia,NY.GDP.PCAP.CD,2018,3628.10366464236
TUN,Tunisia,NY.GDP.PCAP.CD,2017,3619.03247319953
TUR,Turkiye,NY.GDP.PCAP.CD,2019,9395.23378001368
TUR,Turkiye,NY.GDP.PCAP.CD,2018,9684.11819884721
TUR,Turkiye,NY.GDP.PCAP.CD,2017,10756.3877677883
TKM,Turkmenistan,NY.GDP.PCAP.CD,2019,4365.1152919542
TKM,Turkmenistan,NY.GDP.PCAP.CD,2018,3911.98557297865
TKM,Turkmenistan,NY.GDP.PCAP.CD,2017,5125.54920055808
TCA,Turks and Caicos Islands,NY.GDP.PCAP.CD,2019,31780.5217068989
TCA,Turks and Caicos Islands,NY.GDP.PCAP.CD,2018,31625.616593277
TCA,Turks and Caicos Islands,NY.GDP.PCAP.CD,2017,30014.2309523213
TUV,Tuvalu,NY.GDP.PCAP.CD,2019,5058.85266607659
TUV,Tuvalu,NY.GDP.PCAP.CD,2018,4467.21144027065
TUV,Tuvalu,NY.GDP.PCAP.CD,2017,4166.79162422818
UGA,Uganda,NY.GDP.PCAP.CD,2019,822.171150036357
UGA,Uganda,NY.GDP.PCAP.CD,2018,792.16570022814
UGA,Uganda,NY.GDP.PCAP.CD,2017,765.218332297361
UKR,Ukraine,NY.GDP.PCAP.CD,2019,3619.86157226563
UKR,Ukraine,NY.GDP.PCAP.CD,2018,3059.0517578125
UKR,Ukraine,NY.GDP.PCAP.CD,2017,2604.28759765625
ARE,United Arab Emirates,NY.GDP.PCAP.CD,2019,45938.6084572227
ARE,United Arab Emirates,NY.GDP.PCAP.CD,2018,47135.3478795605
ARE,United Arab Emirates,NY.GDP.PCAP.CD,2017,43733.6242018215
GBR,United Kingdom,NY.GDP.PCAP.CD,2019,43160.6843971799
GBR,United Kingdom,NY.GDP.PCAP.CD,2018,43704.3162296687
GBR,United Kingdom,NY.GDP.PCAP.CD,2017,40918.0520870944
USA,United States,NY.GDP.PCAP.CD,2019,65227.9565911038
USA,United States,NY.GDP.PCAP.CD,2018,62875.6661382728
USA,United States,NY.GDP.PCAP.CD,2017,60047.7190728307
URY,Uruguay,NY.GDP.PCAP.CD,2019,18315.7350377437
URY,Uruguay,NY.GDP.PCAP.CD,2018,19249.9404677501
URY,Uruguay,NY.GDP.PCAP.CD,2017,19184.6626114272
UZB,Uzbekistan,NY.GDP.PCAP.CD,2019,2128.66067138334
UZB,Uzbekistan,NY.GDP.PCAP.CD,2018,1894.09088741408
UZB,Uzbekistan,NY.GDP.PCAP.CD,2017,2271.4730109511
VUT,Vanuatu,NY.GDP.PCAP.CD,2019,3635.62344878185
VUT,Vanuatu,NY.GDP.PCAP.CD,2018,3626.18862522473
VUT,Vanuatu,NY.GDP.PCAP.CD,2017,3585.31798081216
VEN,"Venezuela, RB",NY.GDP.PCAP.CD,2019,2523.11527549578
VEN,"Venezuela, RB",NY.GDP.PCAP.CD,2018,3421.51341607593
VEN,"Venezuela, RB",NY.GDP.PCAP.CD,2017,3791.63262049576
VNM,Viet Nam,NY.GDP.PCAP.CD,2019,3440.90025375434
VNM,Viet Nam,NY.GDP.PCAP.CD,2018,3222.31003125366
VNM,Viet Nam,NY.GDP.PCAP.CD,2017,2956.10992127753
VIR,Virgin Islands (U.S.),NY.GDP.PCAP.CD,2019,38633.5298915336
VIR,Virgin Islands (U.S.),NY.GDP.PCAP.CD,2018,36663.2087550584
VIR,Virgin Islands (U.S.),NY.GDP.PCAP.CD,2017,35365.0693039774
PSE,West Bank and Gaza,NY.GDP.PCAP.CD,2019,3656.85827137011
PSE,West Bank and Gaza,NY.GDP.PCAP.CD,2018,3562.33094270256
PSE,West Bank and Gaza,NY.GDP.PCAP.CD,2017,3620.36048715937
YEM,"Yemen, Rep.",NY.GDP.PCAP.CD,2018,633.887202451545
YEM,"Yemen, Rep.",NY.GDP.PCAP.CD,2017,811.165970405745
ZMB,Zambia,NY.GDP.PCAP.CD,2019,1258.98619844462
ZMB,Zambia,NY.GDP.PCAP.CD,2018,1463.89997855593
ZMB,Zambia,NY.GDP.PCAP.CD,2017,1483.46577328065
ZWE,Zimbabwe,NY.GDP.PCAP.CD,2019,2184.52155388801
ZWE,Zimbabwe,NY.GDP.PCAP.CD,2018,2270.89531874302
ZWE,Zimbabwe,NY.GDP.PCAP.CD,2017,3445.44941020134
AFE,Africa Eastern and Southern,NY.GDP.PCAP.PP.CD,2019,3804.53383380234
AFE,Africa Eastern and Southern,NY.GDP.PCAP.PP.CD,2018,3727.71078455171
AFE,Africa Eastern and Southern,NY.GDP.PCAP.PP.CD,2017,3843.02837944545
AFW,Africa Western and Central,NY.GDP.PCAP.PP.CD,2019,5491.68793497457
AFW,Africa Western and Central,NY.GDP.PCAP.PP.CD,2018,5188.36799985052
AFW,Africa Western and Central,NY.GDP.PCAP.PP.CD,2017,5035.76239103569
ARB,Arab World,NY.GDP.PCAP.PP.CD,2019,15767.3970459926
ARB,Arab World,NY.GDP.PCAP.PP.CD,2018,15578.8139057756
ARB,Arab World,NY.GDP.PCAP.PP.CD,2017,14494.5144598753
CSS,Caribbean small states,NY.GDP.PCAP.PP.CD,2019,22156.1172344598
CSS,Caribbean small states,NY.GDP.PCAP.PP.CD,2018,21259.1014637807
CSS,Caribbean small states,NY.GDP.PCAP.PP.CD,2017,20796.7249890991
CEB,Central Europe and the Baltics,NY.GDP.PCAP.PP.CD,2019,35861.647806839
CEB,Central Europe and the Baltics,NY.GDP.PCAP.PP.CD,2018,32302.4166123144
CEB,Central Europe and the Baltics,NY.GDP.PCAP.PP.CD,2017,29977.3227104648
EAR,Early-demographic dividend,NY.GDP.PCAP.PP.CD,2019,9858.57637742462
EAR,Early-demographic dividend,NY.GDP.PCAP.PP.CD,2018,9528.54183592407
EAR,Early-demographic dividend,NY.GDP.PCAP.PP.CD,2017,9044.20137999894
EAS,East Asia & Pacific,NY.GDP.PCAP.PP.CD,2019,19109.0873516499
EAS,East Asia & Pacific,NY.GDP.PCAP.PP.CD,2018,18016.3685078978
EAS,East Asia & Pacific,NY.GDP.PCAP.PP.CD,2017,16890.8665756057
EAP,East Asia & Pacific (excluding high income),NY.GDP.PCAP.PP.CD,2019,15683.1259243092
EAP,East Asia & Pacific (excluding high income),NY.GDP.PCAP.PP.CD,2018,14588.5359546838
EAP,East Asia & Pacific (excluding high income),NY.GDP.PCAP.PP.CD,2017,13488.4527615171
TEA,East Asia & Pacific (IDA & IBRD countries),NY.GDP.PCAP.PP.CD,2019,15858.9260387373
TEA,East Asia & Pacific (IDA & IBRD countries),NY.GDP.PCAP.PP.CD,2018,14752.3323183285
TEA,East Asia & Pacific (IDA & IBRD countries),NY.GDP.PCAP.PP.CD,2017,13640.2597987988
EMU,Euro area,NY.GDP.PCAP.PP.CD,2019,50791.823466043
EMU,Euro area,NY.GDP.PCAP.PP.CD,2018,47318.5743379282
EMU,Euro area,NY.GDP.PCAP.PP.CD,2017,45355.7249821481
ECS,Europe & Central Asia,NY.GDP.PCAP.PP.CD,2019,38621.8354876282
ECS,Europe & Central Asia,NY.GDP.PCAP.PP.CD,2018,36005.7438495717
ECS,Europe & Central Asia,NY.GDP.PCAP.PP.CD,2017,34259.0681434047
ECA,Europe & Central Asia (excluding high income),NY.GDP.PCAP.PP.CD,2019,19511.551470697
ECA,Europe & Central Asia (excluding high income),NY.GDP.PCAP.PP.CD,2018,18367.137563627
ECA,Europe & Central Asia (excluding high income),NY.GDP.PCAP.PP.CD,2017,17699.3753418621
TEC,Europe & Central Asia (IDA & IBRD countries),NY.GDP.PCAP.PP.CD,2019,25430.3956536262
TEC,Europe & Central Asia (IDA & IBRD countries),NY.GDP.PCAP.PP.CD,2018,23563.3304708478
TEC,Europe & Central Asia (IDA & IBRD countries),NY.GDP.PCAP.PP.CD,2017,21984.7587570527
EUU,European Union,NY.GDP.PCAP.PP.CD,2019,48588.1245287343
EUU,European Union,NY.GDP.PCAP.PP.CD,2018,45055.2034320701
EUU,European Union,NY.GDP.PCAP.PP.CD,2017,43031.1203352541
HPC,Heavily indebted poor countries (HIPC),NY.GDP.PCAP.PP.CD,2019,2821.57243709207
HPC,Heavily indebted poor countries (HIPC),NY.GDP.PCAP.PP.CD,2018,2696.73763647632
HPC,Heavily indebted poor countries (HIPC),NY.GDP.PCAP.PP.CD,2017,2592.16399013282
IBD,IBRD only,NY.GDP.PCAP.PP.CD,2019,14477.6913232968
IBD,IBRD only,NY.GDP.PCAP.PP.CD,2018,13663.8085391697
IBD,IBRD only,NY.GDP.PCAP.PP.CD,2017,12768.4504770933
IBT,IDA & IBRD total,NY.GDP.PCAP.PP.CD,2019,11821.5980307367
IBT,IDA & IBRD total,NY.GDP.PCAP.PP.CD,2018,11193.8922004109
IBT,IDA & IBRD total,NY.GDP.PCAP.PP.CD,2017,10517.9115303629
IDB,IDA blend,NY.GDP.PCAP.PP.CD,2019,6080.97764858023
IDB,IDA blend,NY.GDP.PCAP.PP.CD,2018,5828.40490784309
IDB,IDA blend,NY.GDP.PCAP.PP.CD,2017,5809.93468689794
IDX,IDA only,NY.GDP.PCAP.PP.CD,2019,3606.52665630147
IDX,IDA only,NY.GDP.PCAP.PP.CD,2018,3416.83013920597
IDX,IDA only,NY.GDP.PCAP.PP.CD,2017,3200.53150907702
IDA,IDA total,NY.GDP.PCAP.PP.CD,2019,4471.40790689188
IDA,IDA total,NY.GDP.PCAP.PP.CD,2018,4262.01562307117
IDA,IDA total,NY.GDP.PCAP.PP.CD,2017,4118.62497080602
LTE,Late-demographic dividend,NY.GDP.PCAP.PP.CD,2019,19218.2518104829
LTE,Late-demographic dividend,NY.GDP.PCAP.PP.CD,2018,17905.342700049
LTE,Late-demographic dividend,NY.GDP.PCAP.PP.CD,2017,16562.7921410844
LCN,Latin America & Caribbean,NY.GDP.PCAP.PP.CD,2019,17324.1729899166
LCN,Latin America & Caribbean,NY.GDP.PCAP.PP.CD,2018,16898.8640028537
LCN,Latin America & Caribbean,NY.GDP.PCAP.PP.CD,2017,16199.364491975
LAC,Latin America & Caribbean (excluding high income),NY.GDP.PCAP.PP.CD,2019,16684.388146346
LAC,Latin America & Caribbean (excluding high income),NY.GDP.PCAP.PP.CD,2018,16293.062992205
LAC,Latin America & Caribbean (excluding high income),NY.GDP.PCAP.PP.CD,2017,15597.769702594
TLA,Latin America & the Caribbean (IDA & IBRD countries),NY.GDP.PCAP.PP.CD,2019,17246.6439522841
TLA,Latin America & the Caribbean (IDA & IBRD countries),NY.GDP.PCAP.PP.CD,2018,16835.0994009151
TLA,Latin America & the Caribbean (IDA & IBRD countries),NY.GDP.PCAP.PP.CD,2017,16139.0519900545
LDC,Least developed countries: UN classification,NY.GDP.PCAP.PP.CD,2019,3443.68736951097
LDC,Least developed countries: UN classification,NY.GDP.PCAP.PP.CD,2018,3246.95099345522
LDC,Least developed countries: UN classification,NY.GDP.PCAP.PP.CD,2017,3024.93057589483
LMY,Low & middle income,NY.GDP.PCAP.PP.CD,2019,11029.3134153796
LMY,Low & middle income,NY.GDP.PCAP.PP.CD,2018,10467.1783406202
LMY,Low & middle income,NY.GDP.PCAP.PP.CD,2017,9853.32966712243
MEA,"Middle East, North Africa, Afghanistan & Pakistan",NY.GDP.PCAP.PP.CD,2019,12993.5487745863
MEA,"Middle East, North Africa, Afghanistan & Pakistan",NY.GDP.PCAP.PP.CD,2018,12979.5651648011
MEA,"Middle East, North Africa, Afghanistan & Pakistan",NY.GDP.PCAP.PP.CD,2017,12291.2967053183
MNA,"Middle East, North Africa, Afghanistan & Pakistan (excluding high income)",NY.GDP.PCAP.PP.CD,2019,8778.03575397246
MNA,"Middle East, North Africa, Afghanistan & Pakistan (excluding high income)",NY.GDP.PCAP.PP.CD,2018,8758.88619048046
MNA,"Middle East, North Africa, Afghanistan & Pakistan (excluding high income)",NY.GDP.PCAP.PP.CD,2017,8422.84811875949
TMN,"Middle East, North Africa, Afghanistan & Pakistan (IDA & IBRD)",NY.GDP.PCAP.PP.CD,2019,8794.54554024921
TMN,"Middle East, North Africa, Afghanistan & Pakistan (IDA & IBRD)",NY.GDP.PCAP.PP.CD,2018,8777.18379304779
TMN,"Middle East, North Africa, Afghanistan & Pakistan (IDA & IBRD)",NY.GDP.PCAP.PP.CD,2017,8439.42507416986
MIC,Middle income,NY.GDP.PCAP.PP.CD,2019,12055.2305751237
MIC,Middle income,NY.GDP.PCAP.PP.CD,2018,11419.0517766851
MIC,Middle income,NY.GDP.PCAP.PP.CD,2017,10729.0911624779
NAC,North America,NY.GDP.PCAP.PP.CD,2019,63726.4244981566
NAC,North America,NY.GDP.PCAP.PP.CD,2018,61572.5551251195
NAC,North America,NY.GDP.PCAP.PP.CD,2017,58871.9709502921
OED,OECD members,NY.GDP.PCAP.PP.CD,2019,47570.5817937553
OED,OECD members,NY.GDP.PCAP.PP.CD,2018,45552.1691703746
OED,OECD members,NY.GDP.PCAP.PP.CD,2017,43837.9941397017
OSS,Other small states,NY.GDP.PCAP.PP.CD,2019,22412.7863144945
OSS,Other small states,NY.GDP.PCAP.PP.CD,2018,20741.7433269318
OSS,Other small states,NY.GDP.PCAP.PP.CD,2017,19691.3798753284
PSS,Pacific island small states,NY.GDP.PCAP.PP.CD,2019,7165.90094273522
PSS,Pacific island small states,NY.GDP.PCAP.PP.CD,2018,7139.03071502657
PSS,Pacific island small states,NY.GDP.PCAP.PP.CD,2017,7000.92315451758
PST,Post-demographic dividend,NY.GDP.PCAP.PP.CD,2019,52370.2542762053
PST,Post-demographic dividend,NY.GDP.PCAP.PP.CD,2018,49962.2979159075
PST,Post-demographic dividend,NY.GDP.PCAP.PP.CD,2017,47917.2002572694
PRE,Pre-demographic dividend,NY.GDP.PCAP.PP.CD,2019,4352.82966303927
PRE,Pre-demographic dividend,NY.GDP.PCAP.PP.CD,2018,4176.86774565947
PRE,Pre-demographic dividend,NY.GDP.PCAP.PP.CD,2017,3989.14375352913
SST,Small states,NY.GDP.PCAP.PP.CD,2019,20323.7922400186
SST,Small states,NY.GDP.PCAP.PP.CD,2018,19049.4199396395
SST,Small states,NY.GDP.PCAP.PP.CD,2017,18258.768305634
SAS,South Asia,NY.GDP.PCAP.PP.CD,2019,6910.69627919166
SAS,South Asia,NY.GDP.PCAP.PP.CD,2018,6482.04601810231
SAS,South Asia,NY.GDP.PCAP.PP.CD,2017,5925.07961165666
TSA,South Asia (IDA & IBRD),NY.GDP.PCAP.PP.CD,2019,6910.69627919166
TSA,South Asia (IDA & IBRD),NY.GDP.PCAP.PP.CD,2018,6482.04601810231
TSA,South Asia (IDA & IBRD),NY.GDP.PCAP.PP.CD,2017,5925.07961165666
SSF,Sub-Saharan Africa,NY.GDP.PCAP.PP.CD,2019,4490.30405465511
SSF,Sub-Saharan Africa,NY.GDP.PCAP.PP.CD,2018,4322.1640935143
SSF,Sub-Saharan Africa,NY.GDP.PCAP.PP.CD,2017,4328.54321994519
SSA,Sub-Saharan Africa (excluding high income),NY.GDP.PCAP.PP.CD,2019,4487.75384887465
SSA,Sub-Saharan Africa (excluding high income),NY.GDP.PCAP.PP.CD,2018,4319.74082132637
SSA,Sub-Saharan Africa (excluding high income),NY.GDP.PCAP.PP.CD,2017,4326.20517226218
TSS,Sub-Saharan Africa (IDA & IBRD countries),NY.GDP.PCAP.PP.CD,2019,4490.30405465511
TSS,Sub-Saharan Africa (IDA & IBRD countries),NY.GDP.PCAP.PP.CD,2018,4322.1640935143
TSS,Sub-Saharan Africa (IDA & IBRD countries),NY.GDP.PCAP.PP.CD,2017,4328.54321994519
WLD,World,NY.GDP.PCAP.PP.CD,2019,18132.2535880815
WLD,World,NY.GDP.PCAP.PP.CD,2018,17293.9495577393
WLD,World,NY.GDP.PCAP.PP.CD,2017,16429.0103801342
AFG,Afghanistan,NY.GDP.PCAP.PP.CD,2019,2583.48533239877
AFG,Afghanistan,NY.GDP.PCAP.PP.CD,2018,2432.27670083336
AFG,Afghanistan,NY.GDP.PCAP.PP.CD,2017,2335.79586234454
ALB,Albania,NY.GDP.PCAP.PP.CD,2019,16442.0254754945
ALB,Albania,NY.GDP.PCAP.PP.CD,2018,15055.3473824585
ALB,Albania,NY.GDP.PCAP.PP.CD,2017,14110.6720568255
DZA,Algeria,NY.GDP.PCAP.PP.CD,2019,13892.5333446205
DZA,Algeria,NY.GDP.PCAP.PP.CD,2018,13727.1266357859
DZA,Algeria,NY.GDP.PCAP.PP.CD,2017,13493.560749484
AND,Andorra,NY.GDP.PCAP.PP.CD,2019,57475.0692842215
AND,Andorra,NY.GDP.PCAP.PP.CD,2018,55244.6554088177
AND,Andorra,NY.GDP.PCAP.PP.CD,2017,53084.8639640903
AGO,Angola,NY.GDP.PCAP.PP.CD,2019,8621.65930812477
AGO,Angola,NY.GDP.PCAP.PP.CD,2018,8370.22875787099
AGO,Angola,NY.GDP.PCAP.PP.CD,2017,8125.70639391928
ATG,Antigua and Barbuda,NY.GDP.PCAP.PP.CD,2019,26550.589844733
ATG,Antigua and Barbuda,NY.GDP.PCAP.PP.CD,2018,24524.2137953887
ATG,Antigua and Barbuda,NY.GDP.PCAP.PP.CD,2017,21422.0021576627
ARG,Argentina,NY.GDP.PCAP.PP.CD,2019,23516.8261980886
ARG,Argentina,NY.GDP.PCAP.PP.CD,2018,24410.3919063335
ARG,Argentina,NY.GDP.PCAP.PP.CD,2017,23385.0740904917
ARM,Armenia,NY.GDP.PCAP.PP.CD,2019,14975.7539538157
ARM,Armenia,NY.GDP.PCAP.PP.CD,2018,12877.4937543553
ARM,Armenia,NY.GDP.PCAP.PP.CD,2017,12066.0043093819
ABW,Aruba,NY.GDP.PCAP.PP.CD,2019,38554.7167828184
ABW,Aruba,NY.GDP.PCAP.PP.CD,2018,39287.0597126122
ABW,Aruba,NY.GDP.PCAP.PP.CD,2017,37524.9149203557
AUS,Australia,NY.GDP.PCAP.PP.CD,2019,52885.8313816377
AUS,Australia,NY.GDP.PCAP.PP.CD,2018,50371.233830782
AUS,Australia,NY.GDP.PCAP.PP.CD,2017,48564.8286592372
AUT,Austria,NY.GDP.PCAP.PP.CD,2019,60354.9279422121
AUT,Austria,NY.GDP.PCAP.PP.CD,2018,56636.4953030542
AUT,Austria,NY.GDP.PCAP.PP.CD,2017,53869.8321183556
AZE,Azerbaijan,NY.GDP.PCAP.PP.CD,2019,16675.3179361558
AZE,Azerbaijan,NY.GDP.PCAP.PP.CD,2018,15282.9995232298
AZE,Azerbaijan,NY.GDP.PCAP.PP.CD,2017,14315.9296431061
BHS,"Bahamas, The",NY.GDP.PCAP.PP.CD,2019,36116.0002025353
BHS,"Bahamas, The",NY.GDP.PCAP.PP.CD,2018,35227.7619063243
BHS,"Bahamas, The",NY.GDP.PCAP.PP.CD,2017,34282.1710357791
BHR,Bahrain,NY.GDP.PCAP.PP.CD,2019,56599.5214364411
BHR,Bahrain,NY.GDP.PCAP.PP.CD,2018,51993.1307818652
BHR,Bahrain,NY.GDP.PCAP.PP.CD,2017,50184.5005767301
BGD,Bangladesh,NY.GDP.PCAP.PP.CD,2019,6047.12401504125
BGD,Bangladesh,NY.GDP.PCAP.PP.CD,2018,5490.15881865179
BGD,Bangladesh,NY.GDP.PCAP.PP.CD,2017,4882.60692615639
BRB,Barbados,NY.GDP.PCAP.PP.CD,2019,19986.8728665755
BRB,Barbados,NY.GDP.PCAP.PP.CD,2018,19774.263591082
BRB,Barbados,NY.GDP.PCAP.PP.CD,2017,18969.5916506588
BLR,Belarus,NY.GDP.PCAP.PP.CD,2019,22301.5932411839
BLR,Belarus,NY.GDP.PCAP.PP.CD,2018,20025.9815543598
BLR,Belarus,NY.GDP.PCAP.PP.CD,2017,18413.747563367
BEL,Belgium,NY.GDP.PCAP.PP.CD,2019,56712.469571978
BEL,Belgium,NY.GDP.PCAP.PP.CD,2018,52466.7330784599
BEL,Belgium,NY.GDP.PCAP.PP.CD,2017,50256.0631772784
BLZ,Belize,NY.GDP.PCAP.PP.CD,2019,10499.962073199
BLZ,Belize,NY.GDP.PCAP.PP.CD,2018,9497.23480443418
BLZ,Belize,NY.GDP.PCAP.PP.CD,2017,9120.65338346029
BEN,Benin,NY.GDP.PCAP.PP.CD,2019,3148.97969597838
BEN,Benin,NY.GDP.PCAP.PP.CD,2018,2965.30628143664
BEN,Benin,NY.GDP.PCAP.PP.CD,2017,2885.89383987721
BMU,Bermuda,NY.GDP.PCAP.PP.CD,2019,90984.4576708318
BMU,Bermuda,NY.GDP.PCAP.PP.CD,2018,85978.2177227009
BMU,Bermuda,NY.GDP.PCAP.PP.CD,2017,85680.9701917217
BTN,Bhutan,NY.GDP.PCAP.PP.CD,2019,12909.1009840399
BTN,Bhutan,NY.GDP.PCAP.PP.CD,2018,11969.5615003305
BTN,Bhutan,NY.GDP.PCAP.PP.CD,2017,11677.4142659974
BOL,Bolivia,NY.GDP.PCAP.PP.CD,2019,11005.3541169156
BOL,Bolivia,NY.GDP.PCAP.PP.CD,2018,10758.4075594003
BOL,Bolivia,NY.GDP.PCAP.PP.CD,2017,10420.3923250933
BIH,Bosnia and Herzegovina,NY.GDP.PCAP.PP.CD,2019,16428.7132755213
BIH,Bosnia and Herzegovina,NY.GDP.PCAP.PP.CD,2018,14858.6247595644
BIH,Bosnia and Herzegovina,NY.GDP.PCAP.PP.CD,2017,13627.0836811249
BWA,Botswana,NY.GDP.PCAP.PP.CD,2019,15960.0156143903
BWA,Botswana,NY.GDP.PCAP.PP.CD,2018,15785.819633781
BWA,Botswana,NY.GDP.PCAP.PP.CD,2017,15700.6650479641
BRA,Brazil,NY.GDP.PCAP.PP.CD,2019,16069.8380152627
BRA,Brazil,NY.GDP.PCAP.PP.CD,2018,15463.7426393889
BRA,Brazil,NY.GDP.PCAP.PP.CD,2017,14559.0488897004
BRN,Brunei Darussalam,NY.GDP.PCAP.PP.CD,2019,69353.6799514849
BRN,Brunei Darussalam,NY.GDP.PCAP.PP.CD,2018,65148.8264035521
BRN,Brunei Darussalam,NY.GDP.PCAP.PP.CD,2017,61657.6802725444
BGR,Bulgaria,NY.GDP.PCAP.PP.CD,2019,26765.556194772
BGR,Bulgaria,NY.GDP.PCAP.PP.CD,2018,23997.7941525242
BGR,Bulgaria,NY.GDP.PCAP.PP.CD,2017,22317.2366242463
BFA,Burkina Faso,NY.GDP.PCAP.PP.CD,2019,2232.16282016585
BFA,Burkina Faso,NY.GDP.PCAP.PP.CD,2018,2073.3235382155
BFA,Burkina Faso,NY.GDP.PCAP.PP.CD,2017,2042.40295259917
BDI,Burundi,NY.GDP.PCAP.PP.CD,2019,868.423731660834
BDI,Burundi,NY.GDP.PCAP.PP.CD,2018,823.013102241659
BDI,Burundi,NY.GDP.PCAP.PP.CD,2017,791.393494929898
CPV,Cabo Verde,NY.GDP.PCAP.PP.CD,2019,8645.75646859343
CPV,Cabo Verde,NY.GDP.PCAP.PP.CD,2018,7916.42115326174
CPV,Cabo Verde,NY.GDP.PCAP.PP.CD,2017,7935.76176281072
KHM,Cambodia,NY.GDP.PCAP.PP.CD,2019,6153.99439528427
KHM,Cambodia,NY.GDP.PCAP.PP.CD,2018,5616.98087023303
KHM,Cambodia,NY.GDP.PCAP.PP.CD,2017,5050.06356615113
CMR,Cameroon,NY.GDP.PCAP.PP.CD,2019,4241.11174920592
CMR,Cameroon,NY.GDP.PCAP.PP.CD,2018,4010.76360069526
CMR,Cameroon,NY.GDP.PCAP.PP.CD,2017,3767.43072883824
CAN,Canada,NY.GDP.PCAP.PP.CD,2019,50499.0822425462
CAN,Canada,NY.GDP.PCAP.PP.CD,2018,49982.6446255492
CAN,Canada,NY.GDP.PCAP.PP.CD,2017,48317.500303004
CYM,Cayman Islands,NY.GDP.PCAP.PP.CD,2019,72697.3672861884
CYM,Cayman Islands,NY.GDP.PCAP.PP.CD,2018,71811.8917405219
CYM,Cayman Islands,NY.GDP.PCAP.PP.CD,2017,68017.6758327335
CAF,Central African Republic,NY.GDP.PCAP.PP.CD,2019,984.843183678857
CAF,Central African Republic,NY.GDP.PCAP.PP.CD,2018,905.817788941094
CAF,Central African Republic,NY.GDP.PCAP.PP.CD,2017,883.810734876066
TCD,Chad,NY.GDP.PCAP.PP.CD,2019,2351.65339767739
TCD,Chad,NY.GDP.PCAP.PP.CD,2018,2227.81335372611
TCD,Chad,NY.GDP.PCAP.PP.CD,2017,2097.14425483604
CHL,Chile,NY.GDP.PCAP.PP.CD,2019,25613.9095717623
CHL,Chile,NY.GDP.PCAP.PP.CD,2018,25305.0903462611
CHL,Chile,NY.GDP.PCAP.PP.CD,2017,24295.223766602
CHN,China,NY.GDP.PCAP.PP.CD,2019,17600.8907568493
CHN,China,NY.GDP.PCAP.PP.CD,2018,16298.2050619109
CHN,China,NY.GDP.PCAP.PP.CD,2017,15022.4371883124
COL,Colombia,NY.GDP.PCAP.PP.CD,2019,16181.5908990662
COL,Colombia,NY.GDP.PCAP.PP.CD,2018,15239.4049488277
COL,Colombia,NY.GDP.PCAP.PP.CD,2017,14400.6139849314
COM,Comoros,NY.GDP.PCAP.PP.CD,2019,3312.74957050545
COM,Comoros,NY.GDP.PCAP.PP.CD,2018,3304.54845189026
COM,Comoros,NY.GDP.PCAP.PP.CD,2017,3347.45652997484
COD,"Congo, Dem. Rep.",NY.GDP.PCAP.PP.CD,2019,1056.17206659241
COD,"Congo, Dem. Rep.",NY.GDP.PCAP.PP.CD,2018,1048.86502855672
COD,"Congo, Dem. Rep.",NY.GDP.PCAP.PP.CD,2017,990.545051394781
COG,"Congo, Rep.",NY.GDP.PCAP.PP.CD,2019,5719.59977338291
COG,"Congo, Rep.",NY.GDP.PCAP.PP.CD,2018,5593.19370578686
COG,"Congo, Rep.",NY.GDP.PCAP.PP.CD,2017,4444.63900215824
CRI,Costa Rica,NY.GDP.PCAP.PP.CD,2019,23461.2875330597
CRI,Costa Rica,NY.GDP.PCAP.PP.CD,2018,21548.8700973441
CRI,Costa Rica,NY.GDP.PCAP.PP.CD,2017,20499.3442145104
CIV,Cote d'Ivoire,NY.GDP.PCAP.PP.CD,2019,5516.39055126829
CIV,Cote d'Ivoire,NY.GDP.PCAP.PP.CD,2018,4945.62520575915
CIV,Cote d'Ivoire,NY.GDP.PCAP.PP.CD,2017,4690.17801861096
HRV,Croatia,NY.GDP.PCAP.PP.CD,2019,33063.9987060793
HRV,Croatia,NY.GDP.PCAP.PP.CD,2018,29789.4340021154
HRV,Croatia,NY.GDP.PCAP.PP.CD,2017,27887.4600052514
CUW,Curacao,NY.GDP.PCAP.PP.CD,2019,25396.9967729561
CUW,Curacao,NY.GDP.PCAP.PP.CD,2018,24623.0413085512
CUW,Curacao,NY.GDP.PCAP.PP.CD,2017,24321.7467432044
CYP,Cyprus,NY.GDP.PCAP.PP.CD,2019,44393.72265625
CYP,Cyprus,NY.GDP.PCAP.PP.CD,2018,40262.48828125
CYP,Cyprus,NY.GDP.PCAP.PP.CD,2017,37768.08984375
CZE,Czechia,NY.GDP.PCAP.PP.CD,2019,45614.0171132532
CZE,Czechia,NY.GDP.PCAP.PP.CD,2018,41638.1831076596
CZE,Czechia,NY.GDP.PCAP.PP.CD,2017,39346.030564257
DNK,Denmark,NY.GDP.PCAP.PP.CD,2019,60594.966400191
DNK,Denmark,NY.GDP.PCAP.PP.CD,2018,57233.6231685618
DNK,Denmark,NY.GDP.PCAP.PP.CD,2017,55271.5976002659
DJI,Djibouti,NY.GDP.PCAP.PP.CD,2019,5398.00036773984
DJI,Djibouti,NY.GDP.PCAP.PP.CD,2018,5083.11077030183
DJI,Djibouti,NY.GDP.PCAP.PP.CD,2017,4676.71336058903
DMA,Dominica,NY.GDP.PCAP.PP.CD,2019,16020.5944720217
DMA,Dominica,NY.GDP.PCAP.PP.CD,2018,15069.8972415303
DMA,Dominica,NY.GDP.PCAP.PP.CD,2017,12696.1956612622
DOM,Dominican Republic,NY.GDP.PCAP.PP.CD,2019,19766.7628586981
DOM,Dominican Republic,NY.GDP.PCAP.PP.CD,2018,17994.8382742736
DOM,Dominican Republic,NY.GDP.PCAP.PP.CD,2017,16846.2072320323
ECU,Ecuador,NY.GDP.PCAP.PP.CD,2019,12543.0148243925
ECU,Ecuador,NY.GDP.PCAP.PP.CD,2018,12186.8846084388
ECU,Ecuador,NY.GDP.PCAP.PP.CD,2017,11793.4797426944
EGY,"Egypt, Arab Rep.",NY.GDP.PCAP.PP.CD,2019,13363.732696323
EGY,"Egypt, Arab Rep.",NY.GDP.PCAP.PP.CD,2018,12329.2446781436
EGY,"Egypt, Arab Rep.",NY.GDP.PCAP.PP.CD,2017,11124.7351098149
SLV,El Salvador,NY.GDP.PCAP.PP.CD,2019,9756.7521864595
SLV,El Salvador,NY.GDP.PCAP.PP.CD,2018,9203.76216310773
SLV,El Salvador,NY.GDP.PCAP.PP.CD,2017,8965.2189086345
GNQ,Equatorial Guinea,NY.GDP.PCAP.PP.CD,2019,16451.3641478324
GNQ,Equatorial Guinea,NY.GDP.PCAP.PP.CD,2018,18413.1294204577
GNQ,Equatorial Guinea,NY.GDP.PCAP.PP.CD,2017,18434.7708571004
EST,Estonia,NY.GDP.PCAP.PP.CD,2019,40586.3784378888
EST,Estonia,NY.GDP.PCAP.PP.CD,2018,37120.9879761677
EST,Estonia,NY.GDP.PCAP.PP.CD,2017,34506.6486942506
SWZ,Eswatini,NY.GDP.PCAP.PP.CD,2019,9248.32206714455
SWZ,Eswatini,NY.GDP.PCAP.PP.CD,2018,8535.25593160454
SWZ,Eswatini,NY.GDP.PCAP.PP.CD,2017,8584.31100767837
ETH,Ethiopia,NY.GDP.PCAP.PP.CD,2019,2242.44488312932
ETH,Ethiopia,NY.GDP.PCAP.PP.CD,2018,2095.3175782979
ETH,Ethiopia,NY.GDP.PCAP.PP.CD,2017,2004.74755633129
FRO,Faroe Islands,NY.GDP.PCAP.PP.CD,2019,62225.8459648561
FRO,Faroe Islands,NY.GDP.PCAP.PP.CD,2018,58931.9758558052
FRO,Faroe Islands,NY.GDP.PCAP.PP.CD,2017,56417.3562497037
FJI,Fiji,NY.GDP.PCAP.PP.CD,2019,12978.0990352704
FJI,Fiji,NY.GDP.PCAP.PP.CD,2018,12984.2072545454
FJI,Fiji,NY.GDP.PCAP.PP.CD,2017,12585.2777064526
FIN,Finland,NY.GDP.PCAP.PP.CD,2019,52276.1115723992
FIN,Finland,NY.GDP.PCAP.PP.CD,2018,49248.6775395866
FIN,Finland,NY.GDP.PCAP.PP.CD,2017,47234.8528600939
FRA,France,NY.GDP.PCAP.PP.CD,2019,51130.4723140578
FRA,France,NY.GDP.PCAP.PP.CD,2018,46381.0590629457
FRA,France,NY.GDP.PCAP.PP.CD,2017,44469.1458856805
GAB,Gabon,NY.GDP.PCAP.PP.CD,2019,15949.6373739622
GAB,Gabon,NY.GDP.PCAP.PP.CD,2018,15432.0430535353
GAB,Gabon,NY.GDP.PCAP.PP.CD,2017,14796.6286374171
GMB,"Gambia, The",NY.GDP.PCAP.PP.CD,2019,2421.72318070615
GMB,"Gambia, The",NY.GDP.PCAP.PP.CD,2018,2277.44236224191
GMB,"Gambia, The",NY.GDP.PCAP.PP.CD,2017,2038.95429850128
GEO,Georgia,NY.GDP.PCAP.PP.CD,2019,16770.1333771469
GEO,Georgia,NY.GDP.PCAP.PP.CD,2018,15021.9057577433
GEO,Georgia,NY.GDP.PCAP.PP.CD,2017,13718.9378669764
DEU,Germany,NY.GDP.PCAP.PP.CD,2019,59310.9693966204
DEU,Germany,NY.GDP.PCAP.PP.CD,2018,56320.6026829454
DEU,Germany,NY.GDP.PCAP.PP.CD,2017,54142.7414864571
GHA,Ghana,NY.GDP.PCAP.PP.CD,2019,6002.55044678386
GHA,Ghana,NY.GDP.PCAP.PP.CD,2018,5536.49795400218
GHA,Ghana,NY.GDP.PCAP.PP.CD,2017,5170.96094857439
GRC,Greece,NY.GDP.PCAP.PP.CD,2019,31927.3792151369
GRC,Greece,NY.GDP.PCAP.PP.CD,2018,29792.0592519585
GRC,Greece,NY.GDP.PCAP.PP.CD,2017,28681.6815585005
GRL,Greenland,NY.GDP.PCAP.PP.CD,2019,64264.0564607393
GRL,Greenland,NY.GDP.PCAP.PP.CD,2018,61806.8271308174
GRL,Greenland,NY.GDP.PCAP.PP.CD,2017,60010.0982907298
GRD,Grenada,NY.GDP.PCAP.PP.CD,2019,16446.1138871871
GRD,Grenada,NY.GDP.PCAP.PP.CD,2018,15974.8591933124
GRD,Grenada,NY.GDP.PCAP.PP.CD,2017,15041.4525712067
GTM,Guatemala,NY.GDP.PCAP.PP.CD,2019,10755.8801029589
GTM,Guatemala,NY.GDP.PCAP.PP.CD,2018,9946.80252245268
GTM,Guatemala,NY.GDP.PCAP.PP.CD,2017,9560.1778346272
GIN,Guinea,NY.GDP.PCAP.PP.CD,2019,3105.82789015443
GIN,Guinea,NY.GDP.PCAP.PP.CD,2018,2844.46427670549
GIN,Guinea,NY.GDP.PCAP.PP.CD,2017,2687.09504827171
GNB,Guinea-Bissau,NY.GDP.PCAP.PP.CD,2019,2247.29524698075
GNB,Guinea-Bissau,NY.GDP.PCAP.PP.CD,2018,2057.96969129146
GNB,Guinea-Bissau,NY.GDP.PCAP.PP.CD,2017,2081.81287227685
GUY,Guyana,NY.GDP.PCAP.PP.CD,2019,13240.9713761155
GUY,Guyana,NY.GDP.PCAP.PP.CD,2018,12442.5087185876
GUY,Guyana,NY.GDP.PCAP.PP.CD,2017,12243.2225968541
HTI,Haiti,NY.GDP.PCAP.PP.CD,2019,3236.97492504607
HTI,Haiti,NY.GDP.PCAP.PP.CD,2018,3196.97386370614
HTI,Haiti,NY.GDP.PCAP.PP.CD,2017,3339.38884653446
HND,Honduras,NY.GDP.PCAP.PP.CD,2019,5784.93081057111
HND,Honduras,NY.GDP.PCAP.PP.CD,2018,5633.3832384519
HND,Honduras,NY.GDP.PCAP.PP.CD,2017,5620.65455247733
HKG,"Hong Kong SAR, China",NY.GDP.PCAP.PP.CD,2019,61221.4195400701
HKG,"Hong Kong SAR, China",NY.GDP.PCAP.PP.CD,2018,60900.2752924537
HKG,"Hong Kong SAR, China",NY.GDP.PCAP.PP.CD,2017,59260.9131761938
HUN,Hungary,NY.GDP.PCAP.PP.CD,2019,35627.2315520858
HUN,Hungary,NY.GDP.PCAP.PP.CD,2018,32258.2577892511
HUN,Hungary,NY.GDP.PCAP.PP.CD,2017,29728.0121568801
ISL,Iceland,NY.GDP.PCAP.PP.CD,2019,61270.1315624391
ISL,Iceland,NY.GDP.PCAP.PP.CD,2018,58105.5882495515
ISL,Iceland,NY.GDP.PCAP.PP.CD,2017,56385.0430004634
IND,India,NY.GDP.PCAP.PP.CD,2019,6945.40309824538
IND,India,NY.GDP.PCAP.PP.CD,2018,6521.97490856972
IND,India,NY.GDP.PCAP.PP.CD,2017,5968.11490280172
IDN,Indonesia,NY.GDP.PCAP.PP.CD,2019,11986.4701508376
IDN,Indonesia,NY.GDP.PCAP.PP.CD,2018,11372.0971987612
IDN,Indonesia,NY.GDP.PCAP.PP.CD,2017,10687.6409218443
IRN,"Iran, Islamic Rep.",NY.GDP.PCAP.PP.CD,2019,13927.5128074328
IRN,"Iran, Islamic Rep.",NY.GDP.PCAP.PP.CD,2018,15324.0674634637
IRN,"Iran, Islamic Rep.",NY.GDP.PCAP.PP.CD,2017,15719.416701551
IRQ,Iraq,NY.GDP.PCAP.PP.CD,2019,12248.5917385963
IRQ,Iraq,NY.GDP.PCAP.PP.CD,2018,12034.4011214944
IRQ,Iraq,NY.GDP.PCAP.PP.CD,2017,10191.6616988639
IRL,Ireland,NY.GDP.PCAP.PP.CD,2019,92042.2566065385
IRL,Ireland,NY.GDP.PCAP.PP.CD,2018,86368.9782047908
IRL,Ireland,NY.GDP.PCAP.PP.CD,2017,80409.4548397032
ISR,Israel,NY.GDP.PCAP.PP.CD,2019,41176.910821106
ISR,Israel,NY.GDP.PCAP.PP.CD,2018,40101.487265134
ISR,Israel,NY.GDP.PCAP.PP.CD,2017,39350.730387912
ITA,Italy,NY.GDP.PCAP.PP.CD,2019,46661.9105159611
ITA,Italy,NY.GDP.PCAP.PP.CD,2018,43583.3823241172
ITA,Italy,NY.GDP.PCAP.PP.CD,2017,42142.3435406885
JAM,Jamaica,NY.GDP.PCAP.PP.CD,2019,10845.0113635875
JAM,Jamaica,NY.GDP.PCAP.PP.CD,2018,10752.7406650924
JAM,Jamaica,NY.GDP.PCAP.PP.CD,2017,10466.4876782146
JPN,Japan,NY.GDP.PCAP.PP.CD,2019,43743.5313931194
JPN,Japan,NY.GDP.PCAP.PP.CD,2018,43090.0699981402
JPN,Japan,NY.GDP.PCAP.PP.CD,2017,42346.876013211
JOR,Jordan,NY.GDP.PCAP.PP.CD,2019,10305.6561841508
JOR,Jordan,NY.GDP.PCAP.PP.CD,2018,9889.90818777299
JOR,Jordan,NY.GDP.PCAP.PP.CD,2017,10140.0335144087
KAZ,Kazakhstan,NY.GDP.PCAP.PP.CD,2019,28689.2710838374
KAZ,Kazakhstan,NY.GDP.PCAP.PP.CD,2018,25096.1285862615
KAZ,Kazakhstan,NY.GDP.PCAP.PP.CD,2017,23973.0602295651
KEN,Kenya,NY.GDP.PCAP.PP.CD,2019,4687.37782325306
KEN,Kenya,NY.GDP.PCAP.PP.CD,2018,4411.56104120886
KEN,Kenya,NY.GDP.PCAP.PP.CD,2017,4177.24993580267
KIR,Kiribati,NY.GDP.PCAP.PP.CD,2019,2761.74331450078
KIR,Kiribati,NY.GDP.PCAP.PP.CD,2018,2669.39256773617
KIR,Kiribati,NY.GDP.PCAP.PP.CD,2017,2561.14862522379
KOR,"Korea, Rep.",NY.GDP.PCAP.PP.CD,2019,46511.2196957018
KOR,"Korea, Rep.",NY.GDP.PCAP.PP.CD,2018,45511.0803506331
KOR,"Korea, Rep.",NY.GDP.PCAP.PP.CD,2017,43155.9100867658
XKX,Kosovo,NY.GDP.PCAP.PP.CD,2019,10861.0531745974
XKX,Kosovo,NY.GDP.PCAP.PP.CD,2018,10018.7387080811
XKX,Kosovo,NY.GDP.PCAP.PP.CD,2017,9380.94007290057
KWT,Kuwait,NY.GDP.PCAP.PP.CD,2019,50703.0001343301
KWT,Kuwait,NY.GDP.PCAP.PP.CD,2018,51370.7320595252
KWT,Kuwait,NY.GDP.PCAP.PP.CD,2017,46565.5499504554
KGZ,Kyrgyz Republic,NY.GDP.PCAP.PP.CD,2019,5304.22758314405
KGZ,Kyrgyz Republic,NY.GDP.PCAP.PP.CD,2018,4777.94175395575
KGZ,Kyrgyz Republic,NY.GDP.PCAP.PP.CD,2017,4953.71755085199
LAO,Lao PDR,NY.GDP.PCAP.PP.CD,2019,7743.21906534261
LAO,Lao PDR,NY.GDP.PCAP.PP.CD,2018,7486.86452700433
LAO,Lao PDR,NY.GDP.PCAP.PP.CD,2017,7141.90652701767
LVA,Latvia,NY.GDP.PCAP.PP.CD,2019,32199.0960377091
LVA,Latvia,NY.GDP.PCAP.PP.CD,2018,29817.8047263182
LVA,Latvia,NY.GDP.PCAP.PP.CD,2017,25763.9907709703
LBN,Lebanon,NY.GDP.PCAP.PP.CD,2019,21710.4648750807
LBN,Lebanon,NY.GDP.PCAP.PP.CD,2018,21985.4884702241
LBN,Lebanon,NY.GDP.PCAP.PP.CD,2017,20963.8249472533
LSO,Lesotho,NY.GDP.PCAP.PP.CD,2019,2568.34114362719
LSO,Lesotho,NY.GDP.PCAP.PP.CD,2018,2632.28775223004
LSO,Lesotho,NY.GDP.PCAP.PP.CD,2017,2618.81820770145
LBR,Liberia,NY.GDP.PCAP.PP.CD,2019,1899.52200972855
LBR,Liberia,NY.GDP.PCAP.PP.CD,2018,1799.72751397748
LBR,Liberia,NY.GDP.PCAP.PP.CD,2017,1664.94481323565
LBY,Libya,NY.GDP.PCAP.PP.CD,2019,16194.1082061146
LBY,Libya,NY.GDP.PCAP.PP.CD,2018,18879.3151301984
LBY,Libya,NY.GDP.PCAP.PP.CD,2017,18026.0187834008
LTU,Lithuania,NY.GDP.PCAP.PP.CD,2019,40563.8304884555
LTU,Lithuania,NY.GDP.PCAP.PP.CD,2018,36491.9385223689
LTU,Lithuania,NY.GDP.PCAP.PP.CD,2017,31305.0436934372
LUX,Luxembourg,NY.GDP.PCAP.PP.CD,2019,121371.73990307
LUX,Luxembourg,NY.GDP.PCAP.PP.CD,2018,116638.414163882
LUX,Luxembourg,NY.GDP.PCAP.PP.CD,2017,114985.842235989
MAC,"Macao SAR, China",NY.GDP.PCAP.PP.CD,2019,126029.622371097
MAC,"Macao SAR, China",NY.GDP.PCAP.PP.CD,2018,129457.998600118
MAC,"Macao SAR, China",NY.GDP.PCAP.PP.CD,2017,120774.963080752
MDG,Madagascar,NY.GDP.PCAP.PP.CD,2019,1612.29772715626
MDG,Madagascar,NY.GDP.PCAP.PP.CD,2018,1546.59563549795
MDG,Madagascar,NY.GDP.PCAP.PP.CD,2017,1546.88001890817
MWI,Malawi,NY.GDP.PCAP.PP.CD,2019,1450.01008064784
MWI,Malawi,NY.GDP.PCAP.PP.CD,2018,1363.79445595088
MWI,Malawi,NY.GDP.PCAP.PP.CD,2017,1380.23263621737
MYS,Malaysia,NY.GDP.PCAP.PP.CD,2019,28933.928297233
MYS,Malaysia,NY.GDP.PCAP.PP.CD,2018,27793.5674222948
MYS,Malaysia,NY.GDP.PCAP.PP.CD,2017,26415.5960203287
MDV,Maldives,NY.GDP.PCAP.PP.CD,2019,23077.2112236652
MDV,Maldives,NY.GDP.PCAP.PP.CD,2018,21899.4292993843
MDV,Maldives,NY.GDP.PCAP.PP.CD,2017,19767.8893613468
MLI,Mali,NY.GDP.PCAP.PP.CD,2019,2819.86582297259
MLI,Mali,NY.GDP.PCAP.PP.CD,2018,2684.41122026577
MLI,Mali,NY.GDP.PCAP.PP.CD,2017,2606.69607954141
MLT,Malta,NY.GDP.PCAP.PP.CD,2019,51392.5014263659
MLT,Malta,NY.GDP.PCAP.PP.CD,2018,48178.5049931669
MLT,Malta,NY.GDP.PCAP.PP.CD,2017,45763.6968096243
MHL,Marshall Islands,NY.GDP.PCAP.PP.CD,2019,6045.06240783364
MHL,Marshall Islands,NY.GDP.PCAP.PP.CD,2018,5232.20524867928
MHL,Marshall Islands,NY.GDP.PCAP.PP.CD,2017,4719.31304912625
MRT,Mauritania,NY.GDP.PCAP.PP.CD,2019,5610.13236713892
MRT,Mauritania,NY.GDP.PCAP.PP.CD,2018,5429.23223059784
MRT,Mauritania,NY.GDP.PCAP.PP.CD,2017,5353.06608810409
MUS,Mauritius,NY.GDP.PCAP.PP.CD,2019,24374.7818286567
MUS,Mauritius,NY.GDP.PCAP.PP.CD,2018,23415.5237589118
MUS,Mauritius,NY.GDP.PCAP.PP.CD,2017,22897.9700922103
MEX,Mexico,NY.GDP.PCAP.PP.CD,2019,20964.2774863762
MEX,Mexico,NY.GDP.PCAP.PP.CD,2018,20921.4775294879
MEX,Mexico,NY.GDP.PCAP.PP.CD,2017,20488.715079135
FSM,"Micronesia, Fed. Sts.",NY.GDP.PCAP.PP.CD,2019,3741.7086219508
FSM,"Micronesia, Fed. Sts.",NY.GDP.PCAP.PP.CD,2018,3563.60005687114
FSM,"Micronesia, Fed. Sts.",NY.GDP.PCAP.PP.CD,2017,3483.25006151113
MDA,Moldova,NY.GDP.PCAP.PP.CD,2019,13413.2232935126
MDA,Moldova,NY.GDP.PCAP.PP.CD,2018,11868.1955463223
MDA,Moldova,NY.GDP.PCAP.PP.CD,2017,11252.1135465283
MNG,Mongolia,NY.GDP.PCAP.PP.CD,2019,13604.978943194
MNG,Mongolia,NY.GDP.PCAP.PP.CD,2018,12317.4824277695
MNG,Mongolia,NY.GDP.PCAP.PP.CD,2017,11096.0375604239
MNE,Montenegro,NY.GDP.PCAP.PP.CD,2019,23705.3800229705
MNE,Montenegro,NY.GDP.PCAP.PP.CD,2018,21083.6815338423
MNE,Montenegro,NY.GDP.PCAP.PP.CD,2017,19356.6672508566
MAR,Morocco,NY.GDP.PCAP.PP.CD,2019,8046.22900390625
MAR,Morocco,NY.GDP.PCAP.PP.CD,2018,7801.0986328125
MAR,Morocco,NY.GDP.PCAP.PP.CD,2017,8115.12060546875
MOZ,Mozambique,NY.GDP.PCAP.PP.CD,2019,1388.79707034446
MOZ,Mozambique,NY.GDP.PCAP.PP.CD,2018,1325.58695568953
MOZ,Mozambique,NY.GDP.PCAP.PP.CD,2017,1282.74965991801
MMR,Myanmar,NY.GDP.PCAP.PP.CD,2019,6101.37245765709
MMR,Myanmar,NY.GDP.PCAP.PP.CD,2018,5581.2769545815
MMR,Myanmar,NY.GDP.PCAP.PP.CD,2017,4706.43248949598
NAM,Namibia,NY.GDP.PCAP.PP.CD,2019,9609.48555672874
NAM,Namibia,NY.GDP.PCAP.PP.CD,2018,9853.73533646074
NAM,Namibia,NY.GDP.PCAP.PP.CD,2017,9887.9393548255
NRU,Naoero,NY.GDP.PCAP.PP.CD,2019,10554.5218533653
NRU,Naoero,NY.GDP.PCAP.PP.CD,2018,9657.26073559414
NRU,Naoero,NY.GDP.PCAP.PP.CD,2017,9650.31890022601
NPL,Nepal,NY.GDP.PCAP.PP.CD,2019,4260.67373190851
NPL,Nepal,NY.GDP.PCAP.PP.CD,2018,3956.12461094443
NPL,Nepal,NY.GDP.PCAP.PP.CD,2017,3604.70825949747
NLD,Netherlands,NY.GDP.PCAP.PP.CD,2019,62345.2538465433
NLD,Netherlands,NY.GDP.PCAP.PP.CD,2018,58819.2609142584
NLD,Netherlands,NY.GDP.PCAP.PP.CD,2017,56037.567993606
NZL,New Zealand,NY.GDP.PCAP.PP.CD,2019,45295.8241222088
NZL,New Zealand,NY.GDP.PCAP.PP.CD,2018,42475.2252680795
NZL,New Zealand,NY.GDP.PCAP.PP.CD,2017,42205.9071706198
NIC,Nicaragua,NY.GDP.PCAP.PP.CD,2019,5981.10876431466
NIC,Nicaragua,NY.GDP.PCAP.PP.CD,2018,5935.16693631386
NIC,Nicaragua,NY.GDP.PCAP.PP.CD,2017,6225.34702574846
NER,Niger,NY.GDP.PCAP.PP.CD,2019,1367.56106521216
NER,Niger,NY.GDP.PCAP.PP.CD,2018,1272.37841849427
NER,Niger,NY.GDP.PCAP.PP.CD,2017,1226.9587833573
NGA,Nigeria,NY.GDP.PCAP.PP.CD,2019,7551.39380361669
NGA,Nigeria,NY.GDP.PCAP.PP.CD,2018,7158.17107558117
NGA,Nigeria,NY.GDP.PCAP.PP.CD,2017,7036.67414358958
MKD,North Macedonia,NY.GDP.PCAP.PP.CD,2019,20222.4719203634
MKD,North Macedonia,NY.GDP.PCAP.PP.CD,2018,18460.5440872584
MKD,North Macedonia,NY.GDP.PCAP.PP.CD,2017,17161.0354680695
NOR,Norway,NY.GDP.PCAP.PP.CD,2019,73630.0721860814
NOR,Norway,NY.GDP.PCAP.PP.CD,2018,72618.1053391628
NOR,Norway,NY.GDP.PCAP.PP.CD,2017,66828.7790099243
OMN,Oman,NY.GDP.PCAP.PP.CD,2019,37250.6110788359
OMN,Oman,NY.GDP.PCAP.PP.CD,2018,37780.3308327271
OMN,Oman,NY.GDP.PCAP.PP.CD,2017,33619.4988982607
PAK,Pakistan,NY.GDP.PCAP.PP.CD,2019,5037.53401559745
PAK,Pakistan,NY.GDP.PCAP.PP.CD,2018,4979.3734961655
PAK,Pakistan,NY.GDP.PCAP.PP.CD,2017,4789.53646557553
PLW,Palau,NY.GDP.PCAP.PP.CD,2019,18576.7451553901
PLW,Palau,NY.GDP.PCAP.PP.CD,2018,18203.969912435
PLW,Palau,NY.GDP.PCAP.PP.CD,2017,17872.9168958861
PAN,Panama,NY.GDP.PCAP.PP.CD,2019,33239.7332311641
PAN,Panama,NY.GDP.PCAP.PP.CD,2018,32463.540359127
PAN,Panama,NY.GDP.PCAP.PP.CD,2017,33533.3260079329
PNG,Papua New Guinea,NY.GDP.PCAP.PP.CD,2019,4059.82860203125
PNG,Papua New Guinea,NY.GDP.PCAP.PP.CD,2018,3909.91572972608
PNG,Papua New Guinea,NY.GDP.PCAP.PP.CD,2017,3923.17197669347
PRY,Paraguay,NY.GDP.PCAP.PP.CD,2019,14149.5985227505
PRY,Paraguay,NY.GDP.PCAP.PP.CD,2018,14139.0931267561
PRY,Paraguay,NY.GDP.PCAP.PP.CD,2017,13977.3427788651
PER,Peru,NY.GDP.PCAP.PP.CD,2019,13563.5372933551
PER,Peru,NY.GDP.PCAP.PP.CD,2018,13078.2323503405
PER,Peru,NY.GDP.PCAP.PP.CD,2017,12591.8562879234
PHL,Philippines,NY.GDP.PCAP.PP.CD,2019,8924.10116402887
PHL,Philippines,NY.GDP.PCAP.PP.CD,2018,8357.74357934219
PHL,Philippines,NY.GDP.PCAP.PP.CD,2017,7773.79853599024
POL,Poland,NY.GDP.PCAP.PP.CD,2019,35882.3655065553
POL,Poland,NY.GDP.PCAP.PP.CD,2018,32345.1066076225
POL,Poland,NY.GDP.PCAP.PP.CD,2017,30170.2818974087
PRT,Portugal,NY.GDP.PCAP.PP.CD,2019,37865.5603564295
PRT,Portugal,NY.GDP.PCAP.PP.CD,2018,34896.7993382974
PRT,Portugal,NY.GDP.PCAP.PP.CD,2017,32970.8395386562
PRI,Puerto Rico (US),NY.GDP.PCAP.PP.CD,2019,36217.7204390287
PRI,Puerto Rico (US),NY.GDP.PCAP.PP.CD,2018,33706.5915157959
PRI,Puerto Rico (US),NY.GDP.PCAP.PP.CD,2017,31866.6160571769
QAT,Qatar,NY.GDP.PCAP.PP.CD,2019,107502.469793988
QAT,Qatar,NY.GDP.PCAP.PP.CD,2018,110032.713236323
QAT,Qatar,NY.GDP.PCAP.PP.CD,2017,99358.3403307696
ROU,Romania,NY.GDP.PCAP.PP.CD,2019,33425.1219389628
ROU,Romania,NY.GDP.PCAP.PP.CD,2018,29382.8866943611
ROU,Romania,NY.GDP.PCAP.PP.CD,2017,26943.28718432
RUS,Russian Federation,NY.GDP.PCAP.PP.CD,2019,30963.853515625
RUS,Russian Federation,NY.GDP.PCAP.PP.CD,2018,28628.5625
RUS,Russian Federation,NY.GDP.PCAP.PP.CD,2017,25777.904296875
RWA,Rwanda,NY.GDP.PCAP.PP.CD,2019,2374.40565682007
RWA,Rwanda,NY.GDP.PCAP.PP.CD,2018,2128.1982397276
RWA,Rwanda,NY.GDP.PCAP.PP.CD,2017,1949.12266322999
WSM,Samoa,NY.GDP.PCAP.PP.CD,2019,6638.1845475197
WSM,Samoa,NY.GDP.PCAP.PP.CD,2018,6318.2697728872
WSM,Samoa,NY.GDP.PCAP.PP.CD,2017,6280.2150045934
SMR,San Marino,NY.GDP.PCAP.PP.CD,2019,57444.1206392397
SMR,San Marino,NY.GDP.PCAP.PP.CD,2018,54460.9066545652
SMR,San Marino,NY.GDP.PCAP.PP.CD,2017,52463.4195514851
STP,Sao Tome and Principe,NY.GDP.PCAP.PP.CD,2019,4655.48496449805
STP,Sao Tome and Principe,NY.GDP.PCAP.PP.CD,2018,3941.03280858409
STP,Sao Tome and Principe,NY.GDP.PCAP.PP.CD,2017,3436.31010124694
SAU,Saudi Arabia,NY.GDP.PCAP.PP.CD,2019,59560.2537904546
SAU,Saudi Arabia,NY.GDP.PCAP.PP.CD,2018,59377.8025368768
SAU,Saudi Arabia,NY.GDP.PCAP.PP.CD,2017,53120.4572456269
SEN,Senegal,NY.GDP.PCAP.PP.CD,2019,3647.95137357242
SEN,Senegal,NY.GDP.PCAP.PP.CD,2018,3380.21596529445
SEN,Senegal,NY.GDP.PCAP.PP.CD,2017,3229.51026655477
SRB,Serbia,NY.GDP.PCAP.PP.CD,2019,20587.2567440786
SRB,Serbia,NY.GDP.PCAP.PP.CD,2018,18469.1042989985
SRB,Serbia,NY.GDP.PCAP.PP.CD,2017,17285.4135238265
SYC,Seychelles,NY.GDP.PCAP.PP.CD,2019,34219.061370118
SYC,Seychelles,NY.GDP.PCAP.PP.CD,2018,32091.2988657346
SYC,Seychelles,NY.GDP.PCAP.PP.CD,2017,30674.6487335442
SLE,Sierra Leone,NY.GDP.PCAP.PP.CD,2019,2704.05835704649
SLE,Sierra Leone,NY.GDP.PCAP.PP.CD,2018,2640.47566787646
SLE,Sierra Leone,NY.GDP.PCAP.PP.CD,2017,2501.4531554482
SGP,Singapore,NY.GDP.PCAP.PP.CD,2019,105521.619340296
SGP,Singapore,NY.GDP.PCAP.PP.CD,2018,104198.419110899
SGP,Singapore,NY.GDP.PCAP.PP.CD,2017,96056.7007948924
SXM,Sint Maarten (Dutch part),NY.GDP.PCAP.PP.CD,2019,45715.6970519376
SXM,Sint Maarten (Dutch part),NY.GDP.PCAP.PP.CD,2018,41653.2008964784
SXM,Sint Maarten (Dutch part),NY.GDP.PCAP.PP.CD,2017,44479.2967076826
SVK,Slovak Republic,NY.GDP.PCAP.PP.CD,2019,33985.6758419661
SVK,Slovak Republic,NY.GDP.PCAP.PP.CD,2018,31509.8187291635
SVK,Slovak Republic,NY.GDP.PCAP.PP.CD,2017,30245.7825869756
SVN,Slovenia,NY.GDP.PCAP.PP.CD,2019,42373.2506369279
SVN,Slovenia,NY.GDP.PCAP.PP.CD,2018,38620.2045436305
SVN,Slovenia,NY.GDP.PCAP.PP.CD,2017,36180.0384547624
SLB,Solomon Islands,NY.GDP.PCAP.PP.CD,2019,2512.01387970749
SLB,Solomon Islands,NY.GDP.PCAP.PP.CD,2018,2493.97675735682
SLB,Solomon Islands,NY.GDP.PCAP.PP.CD,2017,2454.04671907288
SOM,"Somalia, Fed. Rep.",NY.GDP.PCAP.PP.CD,2019,1548.27250940098
SOM,"Somalia, Fed. Rep.",NY.GDP.PCAP.PP.CD,2018,1551.52773977473
SOM,"Somalia, Fed. Rep.",NY.GDP.PCAP.PP.CD,2017,1596.81409178022
ZAF,South Africa,NY.GDP.PCAP.PP.CD,2019,13361.4851289112
ZAF,South Africa,NY.GDP.PCAP.PP.CD,2018,13347.3634826038
ZAF,South Africa,NY.GDP.PCAP.PP.CD,2017,13738.4385854596
ESP,Spain,NY.GDP.PCAP.PP.CD,2019,44042.757577336
ESP,Spain,NY.GDP.PCAP.PP.CD,2018,41015.1565755187
ESP,Spain,NY.GDP.PCAP.PP.CD,2017,39825.2498116292
LKA,Sri Lanka,NY.GDP.PCAP.PP.CD,2019,14112.9525042604
LKA,Sri Lanka,NY.GDP.PCAP.PP.CD,2018,14178.0225361835
LKA,Sri Lanka,NY.GDP.PCAP.PP.CD,2017,13610.4723136277
KNA,St. Kitts and Nevis,NY.GDP.PCAP.PP.CD,2019,32482.094417215
KNA,St. Kitts and Nevis,NY.GDP.PCAP.PP.CD,2018,30794.8986482634
KNA,St. Kitts and Nevis,NY.GDP.PCAP.PP.CD,2017,29578.6311625727
LCA,St. Lucia,NY.GDP.PCAP.PP.CD,2019,18662.8504698815
LCA,St. Lucia,NY.GDP.PCAP.PP.CD,2018,17433.3010328737
LCA,St. Lucia,NY.GDP.PCAP.PP.CD,2017,16130.9721097011
VCT,St. Vincent and the Grenadines,NY.GDP.PCAP.PP.CD,2019,15339.5560281064
VCT,St. Vincent and the Grenadines,NY.GDP.PCAP.PP.CD,2018,14689.8500710886
VCT,St. Vincent and the Grenadines,NY.GDP.PCAP.PP.CD,2017,13575.4319769513
SDN,Sudan,NY.GDP.PCAP.PP.CD,2019,3914.2255859375
SDN,Sudan,NY.GDP.PCAP.PP.CD,2018,4199.25048828125
SDN,Sudan,NY.GDP.PCAP.PP.CD,2017,4252.42138671875
SUR,Suriname,NY.GDP.PCAP.PP.CD,2019,19771.5473885151
SUR,Suriname,NY.GDP.PCAP.PP.CD,2018,17855.4787141437
SUR,Suriname,NY.GDP.PCAP.PP.CD,2017,17567.6802396432
SWE,Sweden,NY.GDP.PCAP.PP.CD,2019,56909.753155728
SWE,Sweden,NY.GDP.PCAP.PP.CD,2018,52962.1832555021
SWE,Sweden,NY.GDP.PCAP.PP.CD,2017,51386.5907915775
CHE,Switzerland,NY.GDP.PCAP.PP.CD,2019,75267.0079269626
CHE,Switzerland,NY.GDP.PCAP.PP.CD,2018,72169.4717767024
CHE,Switzerland,NY.GDP.PCAP.PP.CD,2017,69317.5993921633
SYR,Syrian Arab Republic,NY.GDP.PCAP.PP.CD,2019,3502.17536117799
SYR,Syrian Arab Republic,NY.GDP.PCAP.PP.CD,2018,3455.89168825346
SYR,Syrian Arab Republic,NY.GDP.PCAP.PP.CD,2017,3265.07016871603
TJK,Tajikistan,NY.GDP.PCAP.PP.CD,2019,3459.97365083434
TJK,Tajikistan,NY.GDP.PCAP.PP.CD,2018,3069.10385079592
TJK,Tajikistan,NY.GDP.PCAP.PP.CD,2017,3017.00314887354
TZA,Tanzania,NY.GDP.PCAP.PP.CD,2019,2981.87451171875
TZA,Tanzania,NY.GDP.PCAP.PP.CD,2018,2727.88012695313
TZA,Tanzania,NY.GDP.PCAP.PP.CD,2017,2472.4931640625
THA,Thailand,NY.GDP.PCAP.PP.CD,2019,19963.3918407099
THA,Thailand,NY.GDP.PCAP.PP.CD,2018,18876.2208766741
THA,Thailand,NY.GDP.PCAP.PP.CD,2017,17573.339815536
TLS,Timor-Leste,NY.GDP.PCAP.PP.CD,2019,4556.61428089164
TLS,Timor-Leste,NY.GDP.PCAP.PP.CD,2018,3561.28770455766
TLS,Timor-Leste,NY.GDP.PCAP.PP.CD,2017,3463.11730297031
TGO,Togo,NY.GDP.PCAP.PP.CD,2019,2459.85658494292
TGO,Togo,NY.GDP.PCAP.PP.CD,2018,2288.9476039266
TGO,Togo,NY.GDP.PCAP.PP.CD,2017,2184.16434341899
TON,Tonga,NY.GDP.PCAP.PP.CD,2019,6473.32046564939
TON,Tonga,NY.GDP.PCAP.PP.CD,2018,6392.60068547144
TON,Tonga,NY.GDP.PCAP.PP.CD,2017,6229.07019926381
TTO,Trinidad and Tobago,NY.GDP.PCAP.PP.CD,2019,29315.8054064667
TTO,Trinidad and Tobago,NY.GDP.PCAP.PP.CD,2018,28673.2413951653
TTO,Trinidad and Tobago,NY.GDP.PCAP.PP.CD,2017,28484.2557157494
TUN,Tunisia,NY.GDP.PCAP.PP.CD,2019,12494.7905733455
TUN,Tunisia,NY.GDP.PCAP.PP.CD,2018,11841.4061980603
TUN,Tunisia,NY.GDP.PCAP.PP.CD,2017,11288.7800135085
TUR,Turkiye,NY.GDP.PCAP.PP.CD,2019,29016.4555653445
TUR,Turkiye,NY.GDP.PCAP.PP.CD,2018,28640.3401839802
TUR,Turkiye,NY.GDP.PCAP.PP.CD,2017,28353.5406410966
TKM,Turkmenistan,NY.GDP.PCAP.PP.CD,2019,15389.2461090476
TKM,Turkmenistan,NY.GDP.PCAP.PP.CD,2018,14368.4621432532
TKM,Turkmenistan,NY.GDP.PCAP.PP.CD,2017,13278.4030353381
TCA,Turks and Caicos Islands,NY.GDP.PCAP.PP.CD,2019,31173.3797811743
TCA,Turks and Caicos Islands,NY.GDP.PCAP.PP.CD,2018,31151.4748574464
TCA,Turks and Caicos Islands,NY.GDP.PCAP.PP.CD,2017,30097.3550560987
TUV,Tuvalu,NY.GDP.PCAP.PP.CD,2019,5205.1977197179
TUV,Tuvalu,NY.GDP.PCAP.PP.CD,2018,4442.36859909198
TUV,Tuvalu,NY.GDP.PCAP.PP.CD,2017,4236.97583280304
UGA,Uganda,NY.GDP.PCAP.PP.CD,2019,2441.37445233821
UGA,Uganda,NY.GDP.PCAP.PP.CD,2018,2312.05752813495
UGA,Uganda,NY.GDP.PCAP.PP.CD,2017,2157.95747503369
UKR,Ukraine,NY.GDP.PCAP.PP.CD,2019,14217.486328125
UKR,Ukraine,NY.GDP.PCAP.PP.CD,2018,12554.8486328125
UKR,Ukraine,NY.GDP.PCAP.PP.CD,2017,11536.0810546875
ARE,United Arab Emirates,NY.GDP.PCAP.PP.CD,2019,79816.3029999451
ARE,United Arab Emirates,NY.GDP.PCAP.PP.CD,2018,77446.2084020359
ARE,United Arab Emirates,NY.GDP.PCAP.PP.CD,2017,70281.8969423807
GBR,United Kingdom,NY.GDP.PCAP.PP.CD,2019,50493.9441896153
GBR,United Kingdom,NY.GDP.PCAP.PP.CD,2018,47636.0128366551
GBR,United Kingdom,NY.GDP.PCAP.PP.CD,2017,46440.8214149807
USA,United States,NY.GDP.PCAP.PP.CD,2019,65227.9565911038
USA,United States,NY.GDP.PCAP.PP.CD,2018,62875.6661382728
USA,United States,NY.GDP.PCAP.PP.CD,2017,60047.7190728307
URY,Uruguay,NY.GDP.PCAP.PP.CD,2019,25782.6937211734
URY,Uruguay,NY.GDP.PCAP.PP.CD,2018,24386.4948473952
URY,Uruguay,NY.GDP.PCAP.PP.CD,2017,23606.6429970705
UZB,Uzbekistan,NY.GDP.PCAP.PP.CD,2019,8909.36758868309
UZB,Uzbekistan,NY.GDP.PCAP.PP.CD,2018,8491.93421125471
UZB,Uzbekistan,NY.GDP.PCAP.PP.CD,2017,8106.62280505191
VUT,Vanuatu,NY.GDP.PCAP.PP.CD,2019,3762.09421920705
VUT,Vanuatu,NY.GDP.PCAP.PP.CD,2018,3668.080208179
VUT,Vanuatu,NY.GDP.PCAP.PP.CD,2017,3582.74831340905
VNM,Viet Nam,NY.GDP.PCAP.PP.CD,2019,11029.2732083963
VNM,Viet Nam,NY.GDP.PCAP.PP.CD,2018,10009.9714756006
VNM,Viet Nam,NY.GDP.PCAP.PP.CD,2017,9169.73192052855
VIR,Virgin Islands (U.S.),NY.GDP.PCAP.PP.CD,2019,40021.7775798024
VIR,Virgin Islands (U.S.),NY.GDP.PCAP.PP.CD,2018,36746.4868901838
VIR,Virgin Islands (U.S.),NY.GDP.PCAP.PP.CD,2017,33893.5501815475
PSE,West Bank and Gaza,NY.GDP.PCAP.PP.CD,2019,6508.44835080318
PSE,West Bank and Gaza,NY.GDP.PCAP.PP.CD,2018,6215.81647317396
PSE,West Bank and Gaza,NY.GDP.PCAP.PP.CD,2017,6106.64574037122
ZMB,Zambia,NY.GDP.PCAP.PP.CD,2019,3361.39750299612
ZMB,Zambia,NY.GDP.PCAP.PP.CD,2018,3442.27307196302
ZMB,Zambia,NY.GDP.PCAP.PP.CD,2017,3391.62768492775
ZWE,Zimbabwe,NY.GDP.PCAP.PP.CD,2019,4165.92242720214
ZWE,Zimbabwe,NY.GDP.PCAP.PP.CD,2018,3992.890718675
ZWE,Zimbabwe,NY.GDP.PCAP.PP.CD,2017,10756.4454416985
AFE,Africa Eastern and Southern,NY.GDP.PCAP.PP.KD,2019,4200.53104400094
AFE,Africa Eastern and Southern,NY.GDP.PCAP.PP.KD,2018,4229.83963374442
AFE,Africa Eastern and Southern,NY.GDP.PCAP.PP.KD,2017,4223.1880503424
AFW,Africa Western and Central,NY.GDP.PCAP.PP.KD,2019,6070.28476944465
AFW,Africa Western and Central,NY.GDP.PCAP.PP.KD,2018,6026.52757172836
AFW,Africa Western and Central,NY.GDP.PCAP.PP.KD,2017,6009.51611369801
ARB,Arab World,NY.GDP.PCAP.PP.KD,2019,16808.651930358
ARB,Arab World,NY.GDP.PCAP.PP.KD,2018,16749.8977688889
ARB,Arab World,NY.GDP.PCAP.PP.KD,2017,16568.8021684707
CSS,Caribbean small states,NY.GDP.PCAP.PP.KD,2019,24095.6268884397
CSS,Caribbean small states,NY.GDP.PCAP.PP.KD,2018,24024.8178299696
CSS,Caribbean small states,NY.GDP.PCAP.PP.KD,2017,23920.5893237126
CEB,Central Europe and the Baltics,NY.GDP.PCAP.PP.KD,2019,38302.005751171
CEB,Central Europe and the Baltics,NY.GDP.PCAP.PP.KD,2018,36731.0962344349
CEB,Central Europe and the Baltics,NY.GDP.PCAP.PP.KD,2017,34898.5993254329
EAR,Early-demographic dividend,NY.GDP.PCAP.PP.KD,2019,10646.4619363587
EAR,Early-demographic dividend,NY.GDP.PCAP.PP.KD,2018,10473.9534525465
EAR,Early-demographic dividend,NY.GDP.PCAP.PP.KD,2017,10168.9948852815
EAS,East Asia & Pacific,NY.GDP.PCAP.PP.KD,2019,20432.9804270249
EAS,East Asia & Pacific,NY.GDP.PCAP.PP.KD,2018,19664.4172118015
EAS,East Asia & Pacific,NY.GDP.PCAP.PP.KD,2017,18809.5074896107
EAP,East Asia & Pacific (excluding high income),NY.GDP.PCAP.PP.KD,2019,16754.1433686202
EAP,East Asia & Pacific (excluding high income),NY.GDP.PCAP.PP.KD,2018,15925.0623768718
EAP,East Asia & Pacific (excluding high income),NY.GDP.PCAP.PP.KD,2017,15060.2232906328
TEA,East Asia & Pacific (IDA & IBRD countries),NY.GDP.PCAP.PP.KD,2019,16941.9471937892
TEA,East Asia & Pacific (IDA & IBRD countries),NY.GDP.PCAP.PP.KD,2018,16103.8618914204
TEA,East Asia & Pacific (IDA & IBRD countries),NY.GDP.PCAP.PP.KD,2017,15229.7169213936
EMU,Euro area,NY.GDP.PCAP.PP.KD,2019,53928.4684797856
EMU,Euro area,NY.GDP.PCAP.PP.KD,2018,53176.6368877298
EMU,Euro area,NY.GDP.PCAP.PP.KD,2017,52337.9135018369
ECS,Europe & Central Asia,NY.GDP.PCAP.PP.KD,2019,41861.0781841263
ECS,Europe & Central Asia,NY.GDP.PCAP.PP.KD,2018,41177.7339574417
ECS,Europe & Central Asia,NY.GDP.PCAP.PP.KD,2017,40335.4288573608
ECA,Europe & Central Asia (excluding high income),NY.GDP.PCAP.PP.KD,2019,20830.979013781
ECA,Europe & Central Asia (excluding high income),NY.GDP.PCAP.PP.KD,2018,20447.4402502475
ECA,Europe & Central Asia (excluding high income),NY.GDP.PCAP.PP.KD,2017,19877.8402506784
TEC,Europe & Central Asia (IDA & IBRD countries),NY.GDP.PCAP.PP.KD,2019,28540.7387047996
TEC,Europe & Central Asia (IDA & IBRD countries),NY.GDP.PCAP.PP.KD,2018,27881.0262510333
TEC,Europe & Central Asia (IDA & IBRD countries),NY.GDP.PCAP.PP.KD,2017,27008.5506544179
EUU,European Union,NY.GDP.PCAP.PP.KD,2019,51662.076917369
EUU,European Union,NY.GDP.PCAP.PP.KD,2018,50737.2331625802
EUU,European Union,NY.GDP.PCAP.PP.KD,2017,49704.2541206968
HPC,Heavily indebted poor countries (HIPC),NY.GDP.PCAP.PP.KD,2019,3094.41035211512
HPC,Heavily indebted poor countries (HIPC),NY.GDP.PCAP.PP.KD,2018,3053.40944915716
HPC,Heavily indebted poor countries (HIPC),NY.GDP.PCAP.PP.KD,2017,3016.38373115986
IBD,IBRD only,NY.GDP.PCAP.PP.KD,2019,15754.9861909747
IBD,IBRD only,NY.GDP.PCAP.PP.KD,2018,15291.0398093318
IBD,IBRD only,NY.GDP.PCAP.PP.KD,2017,14720.5064051308
IBT,IDA & IBRD total,NY.GDP.PCAP.PP.KD,2019,12882.9121398515
IBT,IDA & IBRD total,NY.GDP.PCAP.PP.KD,2018,12547.6065169327
IBT,IDA & IBRD total,NY.GDP.PCAP.PP.KD,2017,12123.4403274652
IDB,IDA blend,NY.GDP.PCAP.PP.KD,2019,6597.29007423325
IDB,IDA blend,NY.GDP.PCAP.PP.KD,2018,6540.02977425504
IDB,IDA blend,NY.GDP.PCAP.PP.KD,2017,6424.09547786649
IDX,IDA only,NY.GDP.PCAP.PP.KD,2019,4056.85050579817
IDX,IDA only,NY.GDP.PCAP.PP.KD,2018,3948.52787213757
IDX,IDA only,NY.GDP.PCAP.PP.KD,2017,3838.75766461121
IDA,IDA total,NY.GDP.PCAP.PP.KD,2019,4940.15164754183
IDA,IDA total,NY.GDP.PCAP.PP.KD,2018,4853.06226610071
IDA,IDA total,NY.GDP.PCAP.PP.KD,2017,4743.55675240066
LTE,Late-demographic dividend,NY.GDP.PCAP.PP.KD,2019,20852.8824490568
LTE,Late-demographic dividend,NY.GDP.PCAP.PP.KD,2018,20046.5223675086
LTE,Late-demographic dividend,NY.GDP.PCAP.PP.KD,2017,19161.6836683691
LCN,Latin America & Caribbean,NY.GDP.PCAP.PP.KD,2019,18883.1868618303
LCN,Latin America & Caribbean,NY.GDP.PCAP.PP.KD,2018,18893.7989523752
LCN,Latin America & Caribbean,NY.GDP.PCAP.PP.KD,2017,18744.6242855123
LAC,Latin America & Caribbean (excluding high income),NY.GDP.PCAP.PP.KD,2019,18195.6679220187
LAC,Latin America & Caribbean (excluding high income),NY.GDP.PCAP.PP.KD,2018,18213.6232664927
LAC,Latin America & Caribbean (excluding high income),NY.GDP.PCAP.PP.KD,2017,18078.2959124229
TLA,Latin America & the Caribbean (IDA & IBRD countries),NY.GDP.PCAP.PP.KD,2019,18791.1714822657
TLA,Latin America & the Caribbean (IDA & IBRD countries),NY.GDP.PCAP.PP.KD,2018,18808.0604001973
TLA,Latin America & the Caribbean (IDA & IBRD countries),NY.GDP.PCAP.PP.KD,2017,18653.3433106036
LDC,Least developed countries: UN classification,NY.GDP.PCAP.PP.KD,2019,3830.88853350413
LDC,Least developed countries: UN classification,NY.GDP.PCAP.PP.KD,2018,3726.77808267188
LDC,Least developed countries: UN classification,NY.GDP.PCAP.PP.KD,2017,3628.8467447362
LMY,Low & middle income,NY.GDP.PCAP.PP.KD,2019,11942.5710199999
LMY,Low & middle income,NY.GDP.PCAP.PP.KD,2018,11619.79598111
LMY,Low & middle income,NY.GDP.PCAP.PP.KD,2017,11215.7885981508
MEA,"Middle East, North Africa, Afghanistan & Pakistan",NY.GDP.PCAP.PP.KD,2019,13875.4354818805
MEA,"Middle East, North Africa, Afghanistan & Pakistan",NY.GDP.PCAP.PP.KD,2018,13857.6977166328
MEA,"Middle East, North Africa, Afghanistan & Pakistan",NY.GDP.PCAP.PP.KD,2017,13738.7112789254
MNA,"Middle East, North Africa, Afghanistan & Pakistan (excluding high income)",NY.GDP.PCAP.PP.KD,2019,9622.70742842857
MNA,"Middle East, North Africa, Afghanistan & Pakistan (excluding high income)",NY.GDP.PCAP.PP.KD,2018,9610.53590554892
MNA,"Middle East, North Africa, Afghanistan & Pakistan (excluding high income)",NY.GDP.PCAP.PP.KD,2017,9558.34316749669
TMN,"Middle East, North Africa, Afghanistan & Pakistan (IDA & IBRD)",NY.GDP.PCAP.PP.KD,2019,9646.79140996012
TMN,"Middle East, North Africa, Afghanistan & Pakistan (IDA & IBRD)",NY.GDP.PCAP.PP.KD,2018,9633.85835874122
TMN,"Middle East, North Africa, Afghanistan & Pakistan (IDA & IBRD)",NY.GDP.PCAP.PP.KD,2017,9580.54922221665
MIC,Middle income,NY.GDP.PCAP.PP.KD,2019,13034.1513333008
MIC,Middle income,NY.GDP.PCAP.PP.KD,2018,12658.3244996246
MIC,Middle income,NY.GDP.PCAP.PP.KD,2017,12195.0632181132
NAC,North America,NY.GDP.PCAP.PP.KD,2019,67946.3411183071
NAC,North America,NY.GDP.PCAP.PP.KD,2018,66679.8386372116
NAC,North America,NY.GDP.PCAP.PP.KD,2017,65208.2856615564
OED,OECD members,NY.GDP.PCAP.PP.KD,2019,50499.1828634038
OED,OECD members,NY.GDP.PCAP.PP.KD,2018,49885.2296815603
OED,OECD members,NY.GDP.PCAP.PP.KD,2017,49000.2450341257
OSS,Other small states,NY.GDP.PCAP.PP.KD,2019,23776.9773929696
OSS,Other small states,NY.GDP.PCAP.PP.KD,2018,23016.1225593731
OSS,Other small states,NY.GDP.PCAP.PP.KD,2017,22394.7899889508
PSS,Pacific island small states,NY.GDP.PCAP.PP.KD,2019,7345.58196205993
PSS,Pacific island small states,NY.GDP.PCAP.PP.KD,2018,7370.26163890891
PSS,Pacific island small states,NY.GDP.PCAP.PP.KD,2017,7249.20252559116
PST,Post-demographic dividend,NY.GDP.PCAP.PP.KD,2019,55954.6056964726
PST,Post-demographic dividend,NY.GDP.PCAP.PP.KD,2018,55143.3332401636
PST,Post-demographic dividend,NY.GDP.PCAP.PP.KD,2017,54108.2407867178
PRE,Pre-demographic dividend,NY.GDP.PCAP.PP.KD,2019,4894.86910665179
PRE,Pre-demographic dividend,NY.GDP.PCAP.PP.KD,2018,4877.52526198822
PRE,Pre-demographic dividend,NY.GDP.PCAP.PP.KD,2017,4883.51888202169
SST,Small states,NY.GDP.PCAP.PP.KD,2019,21662.7739795661
SST,Small states,NY.GDP.PCAP.PP.KD,2018,21165.1370912777
SST,Small states,NY.GDP.PCAP.PP.KD,2017,20732.8384950461
SAS,South Asia,NY.GDP.PCAP.PP.KD,2019,7660.41899011306
SAS,South Asia,NY.GDP.PCAP.PP.KD,2018,7430.46384287571
SAS,South Asia,NY.GDP.PCAP.PP.KD,2017,7055.83469512198
TSA,South Asia (IDA & IBRD),NY.GDP.PCAP.PP.KD,2019,7660.41899011306
TSA,South Asia (IDA & IBRD),NY.GDP.PCAP.PP.KD,2018,7430.46384287571
TSA,South Asia (IDA & IBRD),NY.GDP.PCAP.PP.KD,2017,7055.83469512198
SSF,Sub-Saharan Africa,NY.GDP.PCAP.PP.KD,2019,4962.55290682237
SSF,Sub-Saharan Africa,NY.GDP.PCAP.PP.KD,2018,4963.20882492551
SSF,Sub-Saharan Africa,NY.GDP.PCAP.PP.KD,2017,4953.2648572016
SSA,Sub-Saharan Africa (excluding high income),NY.GDP.PCAP.PP.KD,2019,4960.03991221743
SSA,Sub-Saharan Africa (excluding high income),NY.GDP.PCAP.PP.KD,2018,4960.78415927401
SSA,Sub-Saharan Africa (excluding high income),NY.GDP.PCAP.PP.KD,2017,4950.9087329327
TSS,Sub-Saharan Africa (IDA & IBRD countries),NY.GDP.PCAP.PP.KD,2019,4962.55290682237
TSS,Sub-Saharan Africa (IDA & IBRD countries),NY.GDP.PCAP.PP.KD,2018,4963.20882492551
TSS,Sub-Saharan Africa (IDA & IBRD countries),NY.GDP.PCAP.PP.KD,2017,4953.2648572016
WLD,World,NY.GDP.PCAP.PP.KD,2019,19551.0853720052
WLD,World,NY.GDP.PCAP.PP.KD,2018,19189.4922263446
WLD,World,NY.GDP.PCAP.PP.KD,2017,18714.5736777743
AFG,Afghanistan,NY.GDP.PCAP.PP.KD,2019,2927.2451435353
AFG,Afghanistan,NY.GDP.PCAP.PP.KD,2018,2902.39211285546
AFG,Afghanistan,NY.GDP.PCAP.PP.KD,2017,2952.99891598909
ALB,Albania,NY.GDP.PCAP.PP.KD,2019,16761.1230178682
ALB,Albania,NY.GDP.PCAP.PP.KD,2018,16170.9234325287
ALB,Albania,NY.GDP.PCAP.PP.KD,2017,15359.3974577025
DZA,Algeria,NY.GDP.PCAP.PP.KD,2019,15199.1989965639
DZA,Algeria,NY.GDP.PCAP.PP.KD,2018,15343.4261222434
DZA,Algeria,NY.GDP.PCAP.PP.KD,2017,15427.6641894713
AND,Andorra,NY.GDP.PCAP.PP.KD,2019,63215.899791913
AND,Andorra,NY.GDP.PCAP.PP.KD,2018,63048.5985572834
AND,Andorra,NY.GDP.PCAP.PP.KD,2017,63239.6577711911
AGO,Angola,NY.GDP.PCAP.PP.KD,2019,9712.97944927269
AGO,Angola,NY.GDP.PCAP.PP.KD,2018,10154.8389228005
AGO,Angola,NY.GDP.PCAP.PP.KD,2017,10565.1676483607
ATG,Antigua and Barbuda,NY.GDP.PCAP.PP.KD,2019,29651.8641526705
ATG,Antigua and Barbuda,NY.GDP.PCAP.PP.KD,2018,28878.6067675471
ATG,Antigua and Barbuda,NY.GDP.PCAP.PP.KD,2017,27199.1952402262
ARG,Argentina,NY.GDP.PCAP.PP.KD,2019,26629.5529419501
ARG,Argentina,NY.GDP.PCAP.PP.KD,2018,27367.115094108
ARG,Argentina,NY.GDP.PCAP.PP.KD,2017,28334.904184742
ARM,Armenia,NY.GDP.PCAP.PP.KD,2019,16215.3607965094
ARM,Armenia,NY.GDP.PCAP.PP.KD,2018,15037.0452420712
ARM,Armenia,NY.GDP.PCAP.PP.KD,2017,14243.8749003795
ABW,Aruba,NY.GDP.PCAP.PP.KD,2019,39754.5600722149
ABW,Aruba,NY.GDP.PCAP.PP.KD,2018,39378.2284109047
ABW,Aruba,NY.GDP.PCAP.PP.KD,2017,38213.2892388309
AUS,Australia,NY.GDP.PCAP.PP.KD,2019,58048.6188420831
AUS,Australia,NY.GDP.PCAP.PP.KD,2018,57647.8455068105
AUS,Australia,NY.GDP.PCAP.PP.KD,2017,56881.8569859104
AUT,Austria,NY.GDP.PCAP.PP.KD,2019,64609.2836396895
AUT,Austria,NY.GDP.PCAP.PP.KD,2018,63777.9362157476
AUT,Austria,NY.GDP.PCAP.PP.KD,2017,62535.8105711345
AZE,Azerbaijan,NY.GDP.PCAP.PP.KD,2019,20101.491875147
AZE,Azerbaijan,NY.GDP.PCAP.PP.KD,2018,19781.8509058437
AZE,Azerbaijan,NY.GDP.PCAP.PP.KD,2017,19659.0048562768
BHS,"Bahamas, The",NY.GDP.PCAP.PP.KD,2019,33202.4902105068
BHS,"Bahamas, The",NY.GDP.PCAP.PP.KD,2018,33650.2164350935
BHS,"Bahamas, The",NY.GDP.PCAP.PP.KD,2017,33050.0350128611
BHR,Bahrain,NY.GDP.PCAP.PP.KD,2019,56749.9628370612
BHR,Bahrain,NY.GDP.PCAP.PP.KD,2018,54893.0724411368
BHR,Bahrain,NY.GDP.PCAP.PP.KD,2017,53859.7749589601
BGD,Bangladesh,NY.GDP.PCAP.PP.KD,2019,6838.32611608243
BGD,Bangladesh,NY.GDP.PCAP.PP.KD,2018,6392.59334024091
BGD,Bangladesh,NY.GDP.PCAP.PP.KD,2017,6005.70718781048
BRB,Barbados,NY.GDP.PCAP.PP.KD,2019,19890.455714094
BRB,Barbados,NY.GDP.PCAP.PP.KD,2018,19877.6759569235
BRB,Barbados,NY.GDP.PCAP.PP.KD,2017,19966.3202405154
BLR,Belarus,NY.GDP.PCAP.PP.KD,2019,26798.8206398076
BLR,Belarus,NY.GDP.PCAP.PP.KD,2018,26363.4629778536
BLR,Belarus,NY.GDP.PCAP.PP.KD,2017,25503.9809845207
BEL,Belgium,NY.GDP.PCAP.PP.KD,2019,60479.9769955469
BEL,Belgium,NY.GDP.PCAP.PP.KD,2018,59357.6896884396
BEL,Belgium,NY.GDP.PCAP.PP.KD,2017,58529.3302957537
BLZ,Belize,NY.GDP.PCAP.PP.KD,2019,11765.9748661176
BLZ,Belize,NY.GDP.PCAP.PP.KD,2018,11451.8979413877
BLZ,Belize,NY.GDP.PCAP.PP.KD,2017,11572.3007931461
BEN,Benin,NY.GDP.PCAP.PP.KD,2019,3281.10470051465
BEN,Benin,NY.GDP.PCAP.PP.KD,2018,3155.4510650627
BEN,Benin,NY.GDP.PCAP.PP.KD,2017,3041.77929984989
BMU,Bermuda,NY.GDP.PCAP.PP.KD,2019,95523.9623126026
BMU,Bermuda,NY.GDP.PCAP.PP.KD,2018,95643.2734055543
BMU,Bermuda,NY.GDP.PCAP.PP.KD,2017,96441.2718767256
BTN,Bhutan,NY.GDP.PCAP.PP.KD,2019,14555.1884045845
BTN,Bhutan,NY.GDP.PCAP.PP.KD,2018,13854.8543977158
BTN,Bhutan,NY.GDP.PCAP.PP.KD,2017,13482.3425280358
BOL,Bolivia,NY.GDP.PCAP.PP.KD,2019,11930.9159145918
BOL,Bolivia,NY.GDP.PCAP.PP.KD,2018,11920.3135079645
BOL,Bolivia,NY.GDP.PCAP.PP.KD,2017,11755.2556195885
BIH,Bosnia and Herzegovina,NY.GDP.PCAP.PP.KD,2019,17029.2971980343
BIH,Bosnia and Herzegovina,NY.GDP.PCAP.PP.KD,2018,16348.9997145353
BIH,Bosnia and Herzegovina,NY.GDP.PCAP.PP.KD,2017,15554.6587430766
BWA,Botswana,NY.GDP.PCAP.PP.KD,2019,18106.0105471124
BWA,Botswana,NY.GDP.PCAP.PP.KD,2018,17825.018569213
BWA,Botswana,NY.GDP.PCAP.PP.KD,2017,17352.8958451454
BRA,Brazil,NY.GDP.PCAP.PP.KD,2019,18018.6209151518
BRA,Brazil,NY.GDP.PCAP.PP.KD,2018,17917.7492123359
BRA,Brazil,NY.GDP.PCAP.PP.KD,2017,17724.4799577784
BRN,Brunei Darussalam,NY.GDP.PCAP.PP.KD,2019,80228.1598170527
BRN,Brunei Darussalam,NY.GDP.PCAP.PP.KD,2018,78099.0507802561
BRN,Brunei Darussalam,NY.GDP.PCAP.PP.KD,2017,78966.8643142346
BGR,Bulgaria,NY.GDP.PCAP.PP.KD,2019,29149.921509976
BGR,Bulgaria,NY.GDP.PCAP.PP.KD,2018,27690.893655005
BGR,Bulgaria,NY.GDP.PCAP.PP.KD,2017,26691.758001902
BFA,Burkina Faso,NY.GDP.PCAP.PP.KD,2019,2391.53626844484
BFA,Burkina Faso,NY.GDP.PCAP.PP.KD,2018,2316.39432079045
BFA,Burkina Faso,NY.GDP.PCAP.PP.KD,2017,2232.28781490944
BDI,Burundi,NY.GDP.PCAP.PP.KD,2019,1054.72592734898
BDI,Burundi,NY.GDP.PCAP.PP.KD,2018,1043.40558434036
BDI,Burundi,NY.GDP.PCAP.PP.KD,2017,1020.8498275719
CPV,Cabo Verde,NY.GDP.PCAP.PP.KD,2019,9111.62993173269
CPV,Cabo Verde,NY.GDP.PCAP.PP.KD,2018,8531.12961646549
CPV,Cabo Verde,NY.GDP.PCAP.PP.KD,2017,8234.56000312459
KHM,Cambodia,NY.GDP.PCAP.PP.KD,2019,6448.88455952805
KHM,Cambodia,NY.GDP.PCAP.PP.KD,2018,6050.59088262205
KHM,Cambodia,NY.GDP.PCAP.PP.KD,2017,5632.03125629342
CMR,Cameroon,NY.GDP.PCAP.PP.KD,2019,4882.35560028896
CMR,Cameroon,NY.GDP.PCAP.PP.KD,2018,4851.48003949961
CMR,Cameroon,NY.GDP.PCAP.PP.KD,2017,4797.97544185544
CAN,Canada,NY.GDP.PCAP.PP.KD,2019,57583.8230739204
CAN,Canada,NY.GDP.PCAP.PP.KD,2018,57337.4682870033
CAN,Canada,NY.GDP.PCAP.PP.KD,2017,56612.3062191777
CYM,Cayman Islands,NY.GDP.PCAP.PP.KD,2019,77476.8409913609
CYM,Cayman Islands,NY.GDP.PCAP.PP.KD,2018,76124.5505976249
CYM,Cayman Islands,NY.GDP.PCAP.PP.KD,2017,74599.6799559357
CAF,Central African Republic,NY.GDP.PCAP.PP.KD,2019,1145.09563657752
CAF,Central African Republic,NY.GDP.PCAP.PP.KD,2018,1125.70091748228
CAF,Central African Republic,NY.GDP.PCAP.PP.KD,2017,1103.86609318724
TCD,Chad,NY.GDP.PCAP.PP.KD,2019,2604.53153661789
TCD,Chad,NY.GDP.PCAP.PP.KD,2018,2552.37036387707
TCD,Chad,NY.GDP.PCAP.PP.KD,2017,2496.26213643158
CHL,Chile,NY.GDP.PCAP.PP.KD,2019,28227.9790507594
CHL,Chile,NY.GDP.PCAP.PP.KD,2018,28499.4064000406
CHL,Chile,NY.GDP.PCAP.PP.KD,2017,27899.5979777012
CHN,China,NY.GDP.PCAP.PP.KD,2019,18820.5871645645
CHN,China,NY.GDP.PCAP.PP.KD,2018,17807.0490552244
CHN,China,NY.GDP.PCAP.PP.KD,2017,16758.0463976858
COL,Colombia,NY.GDP.PCAP.PP.KD,2019,17336.7716030551
COL,Colombia,NY.GDP.PCAP.PP.KD,2018,17104.1313545678
COL,Colombia,NY.GDP.PCAP.PP.KD,2017,16986.0334182842
COM,Comoros,NY.GDP.PCAP.PP.KD,2019,3522.66866952646
COM,Comoros,NY.GDP.PCAP.PP.KD,2018,3528.95868167877
COM,Comoros,NY.GDP.PCAP.PP.KD,2017,3472.07858942366
COD,"Congo, Dem. Rep.",NY.GDP.PCAP.PP.KD,2019,1394.76461472893
COD,"Congo, Dem. Rep.",NY.GDP.PCAP.PP.KD,2018,1431.7285269693
COD,"Congo, Dem. Rep.",NY.GDP.PCAP.PP.KD,2017,1395.71961761712
COG,"Congo, Rep.",NY.GDP.PCAP.PP.KD,2019,6939.36913397466
COG,"Congo, Rep.",NY.GDP.PCAP.PP.KD,2018,7029.33651566257
COG,"Congo, Rep.",NY.GDP.PCAP.PP.KD,2017,7372.77046737599
CRI,Costa Rica,NY.GDP.PCAP.PP.KD,2019,23496.8294622995
CRI,Costa Rica,NY.GDP.PCAP.PP.KD,2018,23069.8622241266
CRI,Costa Rica,NY.GDP.PCAP.PP.KD,2017,22633.7648663302
CIV,Cote d'Ivoire,NY.GDP.PCAP.PP.KD,2019,5894.92235259103
CIV,Cote d'Ivoire,NY.GDP.PCAP.PP.KD,2018,5670.24199741353
CIV,Cote d'Ivoire,NY.GDP.PCAP.PP.KD,2017,5556.1547631509
HRV,Croatia,NY.GDP.PCAP.PP.KD,2019,35122.7966231008
HRV,Croatia,NY.GDP.PCAP.PP.KD,2018,33729.5455811943
HRV,Croatia,NY.GDP.PCAP.PP.KD,2017,32348.5888556174
CUW,Curacao,NY.GDP.PCAP.PP.KD,2019,28659.6559014065
CUW,Curacao,NY.GDP.PCAP.PP.KD,2018,29256.8157865286
CUW,Curacao,NY.GDP.PCAP.PP.KD,2017,29729.1013639498
CYP,Cyprus,NY.GDP.PCAP.PP.KD,2019,45454.17578125
CYP,Cyprus,NY.GDP.PCAP.PP.KD,2018,43510.03125
CYP,Cyprus,NY.GDP.PCAP.PP.KD,2017,41417.98828125
CZE,Czechia,NY.GDP.PCAP.PP.KD,2019,47763.6165520254
CZE,Czechia,NY.GDP.PCAP.PP.KD,2018,46301.082036029
CZE,Czechia,NY.GDP.PCAP.PP.KD,2017,45177.5226053634
DNK,Denmark,NY.GDP.PCAP.PP.KD,2019,66758.6323346131
DNK,Denmark,NY.GDP.PCAP.PP.KD,2018,65870.8302554341
DNK,Denmark,NY.GDP.PCAP.PP.KD,2017,64989.4459872347
DJI,Djibouti,NY.GDP.PCAP.PP.KD,2019,5809.30455041341
DJI,Djibouti,NY.GDP.PCAP.PP.KD,2018,5590.50426604853
DJI,Djibouti,NY.GDP.PCAP.PP.KD,2017,5421.95649149613
DMA,Dominica,NY.GDP.PCAP.PP.KD,2019,17619.4335416769
DMA,Dominica,NY.GDP.PCAP.PP.KD,2018,16877.1244880642
DMA,Dominica,NY.GDP.PCAP.PP.KD,2017,16314.2295558891
DOM,Dominican Republic,NY.GDP.PCAP.PP.KD,2019,21451.286441995
DOM,Dominican Republic,NY.GDP.PCAP.PP.KD,2018,20662.848586153
DOM,Dominican Republic,NY.GDP.PCAP.PP.KD,2017,19501.8743054078
ECU,Ecuador,NY.GDP.PCAP.PP.KD,2019,13870.4895118068
ECU,Ecuador,NY.GDP.PCAP.PP.KD,2018,14083.5069982304
ECU,Ecuador,NY.GDP.PCAP.PP.KD,2017,14179.1537503305
EGY,"Egypt, Arab Rep.",NY.GDP.PCAP.PP.KD,2019,15026.568243683
EGY,"Egypt, Arab Rep.",NY.GDP.PCAP.PP.KD,2018,14488.2094340261
EGY,"Egypt, Arab Rep.",NY.GDP.PCAP.PP.KD,2017,14018.3605934411
SLV,El Salvador,NY.GDP.PCAP.PP.KD,2019,10543.9383291317
SLV,El Salvador,NY.GDP.PCAP.PP.KD,2018,10297.203612692
SLV,El Salvador,NY.GDP.PCAP.PP.KD,2017,10064.7934942601
GNQ,Equatorial Guinea,NY.GDP.PCAP.PP.KD,2019,18446.5916579681
GNQ,Equatorial Guinea,NY.GDP.PCAP.PP.KD,2018,20165.4795550607
GNQ,Equatorial Guinea,NY.GDP.PCAP.PP.KD,2017,22250.4389230263
EST,Estonia,NY.GDP.PCAP.PP.KD,2019,42215.0343835811
EST,Estonia,NY.GDP.PCAP.PP.KD,2018,40849.8473475564
EST,Estonia,NY.GDP.PCAP.PP.KD,2017,39529.785973279
SWZ,Eswatini,NY.GDP.PCAP.PP.KD,2019,10099.5863118406
SWZ,Eswatini,NY.GDP.PCAP.PP.KD,2018,9578.10061089805
SWZ,Eswatini,NY.GDP.PCAP.PP.KD,2017,9660.55161538086
ETH,Ethiopia,NY.GDP.PCAP.PP.KD,2019,2437.97046047967
ETH,Ethiopia,NY.GDP.PCAP.PP.KD,2018,2311.16511656359
ETH,Ethiopia,NY.GDP.PCAP.PP.KD,2017,2222.82824478259
FRO,Faroe Islands,NY.GDP.PCAP.PP.KD,2019,68136.6617957112
FRO,Faroe Islands,NY.GDP.PCAP.PP.KD,2018,66192.0494379671
FRO,Faroe Islands,NY.GDP.PCAP.PP.KD,2017,65461.9113301074
FJI,Fiji,NY.GDP.PCAP.PP.KD,2019,13056.3310937089
FJI,Fiji,NY.GDP.PCAP.PP.KD,2018,13100.095939444
FJI,Fiji,NY.GDP.PCAP.PP.KD,2017,12597.327485488
FIN,Finland,NY.GDP.PCAP.PP.KD,2019,56922.4873163103
FIN,Finland,NY.GDP.PCAP.PP.KD,2018,56226.337241343
FIN,Finland,NY.GDP.PCAP.PP.KD,2017,55637.2262781223
FRA,France,NY.GDP.PCAP.PP.KD,2019,53448.5548849943
FRA,France,NY.GDP.PCAP.PP.KD,2018,52560.9536243841
FRA,France,NY.GDP.PCAP.PP.KD,2017,51895.5662985838
GAB,Gabon,NY.GDP.PCAP.PP.KD,2019,19491.4067631396
GAB,Gabon,NY.GDP.PCAP.PP.KD,2018,19225.5982574678
GAB,Gabon,NY.GDP.PCAP.PP.KD,2017,19555.707882916
GMB,"Gambia, The",NY.GDP.PCAP.PP.KD,2019,2750.82132179634
GMB,"Gambia, The",NY.GDP.PCAP.PP.KD,2018,2651.43281455826
GMB,"Gambia, The",NY.GDP.PCAP.PP.KD,2017,2533.18683710276
GEO,Georgia,NY.GDP.PCAP.PP.KD,2019,18186.8816465807
GEO,Georgia,NY.GDP.PCAP.PP.KD,2018,17228.6790847503
GEO,Georgia,NY.GDP.PCAP.PP.KD,2017,16237.6242230275
DEU,Germany,NY.GDP.PCAP.PP.KD,2019,62949.8932511855
DEU,Germany,NY.GDP.PCAP.PP.KD,2018,62481.1183971045
DEU,Germany,NY.GDP.PCAP.PP.KD,2017,61965.4342904965
GHA,Ghana,NY.GDP.PCAP.PP.KD,2019,6508.24652305901
GHA,Ghana,NY.GDP.PCAP.PP.KD,2018,6234.51208201488
GHA,Ghana,NY.GDP.PCAP.PP.KD,2017,5993.63085211077
GRC,Greece,NY.GDP.PCAP.PP.KD,2019,33502.7506488997
GRC,Greece,NY.GDP.PCAP.PP.KD,2018,32722.3310444029
GRC,Greece,NY.GDP.PCAP.PP.KD,2017,31995.4108838386
GRL,Greenland,NY.GDP.PCAP.PP.KD,2019,68534.9419039133
GRL,Greenland,NY.GDP.PCAP.PP.KD,2018,66887.6779268926
GRL,Greenland,NY.GDP.PCAP.PP.KD,2017,66297.1790691281
GRD,Grenada,NY.GDP.PCAP.PP.KD,2019,17036.9151689715
GRD,Grenada,NY.GDP.PCAP.PP.KD,2018,16964.852001696
GRD,Grenada,NY.GDP.PCAP.PP.KD,2017,16291.4894625979
GTM,Guatemala,NY.GDP.PCAP.PP.KD,2019,11466.3764932197
GTM,Guatemala,NY.GDP.PCAP.PP.KD,2018,11192.3719192725
GTM,Guatemala,NY.GDP.PCAP.PP.KD,2017,11005.4592851719
GIN,Guinea,NY.GDP.PCAP.PP.KD,2019,3557.46233883145
GIN,Guinea,NY.GDP.PCAP.PP.KD,2018,3455.64512638662
GIN,Guinea,NY.GDP.PCAP.PP.KD,2017,3332.76576150531
GNB,Guinea-Bissau,NY.GDP.PCAP.PP.KD,2019,2442.25868377476
GNB,Guinea-Bissau,NY.GDP.PCAP.PP.KD,2018,2373.64935653455
GNB,Guinea-Bissau,NY.GDP.PCAP.PP.KD,2017,2342.56110535416
GUY,Guyana,NY.GDP.PCAP.PP.KD,2019,13402.4219472757
GUY,Guyana,NY.GDP.PCAP.PP.KD,2018,12980.3576003177
GUY,Guyana,NY.GDP.PCAP.PP.KD,2017,12801.6408529346
HTI,Haiti,NY.GDP.PCAP.PP.KD,2019,3361.75328894114
HTI,Haiti,NY.GDP.PCAP.PP.KD,2018,3465.25480573601
HTI,Haiti,NY.GDP.PCAP.PP.KD,2017,3453.97142164659
HND,Honduras,NY.GDP.PCAP.PP.KD,2019,6264.01884276715
HND,Honduras,NY.GDP.PCAP.PP.KD,2018,6219.27973775059
HND,Honduras,NY.GDP.PCAP.PP.KD,2017,6099.60734919414
HKG,"Hong Kong SAR, China",NY.GDP.PCAP.PP.KD,2019,65388.3366418212
HKG,"Hong Kong SAR, China",NY.GDP.PCAP.PP.KD,2018,66993.9592604441
HKG,"Hong Kong SAR, China",NY.GDP.PCAP.PP.KD,2017,65662.8543379575
HUN,Hungary,NY.GDP.PCAP.PP.KD,2019,37662.67681014
HUN,Hungary,NY.GDP.PCAP.PP.KD,2018,35798.0412754022
HUN,Hungary,NY.GDP.PCAP.PP.KD,2017,33828.714942571
ISL,Iceland,NY.GDP.PCAP.PP.KD,2019,65994.9860038103
ISL,Iceland,NY.GDP.PCAP.PP.KD,2018,66703.0219398003
ISL,Iceland,NY.GDP.PCAP.PP.KD,2017,65462.5033306299
IND,India,NY.GDP.PCAP.PP.KD,2019,7702.17634811957
IND,India,NY.GDP.PCAP.PP.KD,2018,7492.62576755145
IND,India,NY.GDP.PCAP.PP.KD,2017,7116.03659185396
IDN,Indonesia,NY.GDP.PCAP.PP.KD,2019,12757.7850854842
IDN,Indonesia,NY.GDP.PCAP.PP.KD,2018,12262.2310300771
IDN,Indonesia,NY.GDP.PCAP.PP.KD,2017,11772.5743296107
IRN,"Iran, Islamic Rep.",NY.GDP.PCAP.PP.KD,2019,14841.0751514998
IRN,"Iran, Islamic Rep.",NY.GDP.PCAP.PP.KD,2018,15364.8049052614
IRN,"Iran, Islamic Rep.",NY.GDP.PCAP.PP.KD,2017,16167.9677224227
IRQ,Iraq,NY.GDP.PCAP.PP.KD,2019,14910.225032382
IRQ,Iraq,NY.GDP.PCAP.PP.KD,2018,14456.2357053191
IRQ,Iraq,NY.GDP.PCAP.PP.KD,2017,14417.6306896454
IRL,Ireland,NY.GDP.PCAP.PP.KD,2019,96205.7961557005
IRL,Ireland,NY.GDP.PCAP.PP.KD,2018,93115.8393498329
IRL,Ireland,NY.GDP.PCAP.PP.KD,2017,87731.7897045734
ISR,Israel,NY.GDP.PCAP.PP.KD,2019,44492.1226967084
ISR,Israel,NY.GDP.PCAP.PP.KD,2018,43782.6526491689
ISR,Israel,NY.GDP.PCAP.PP.KD,2017,42895.585129847
ITA,Italy,NY.GDP.PCAP.PP.KD,2019,49690.6298505274
ITA,Italy,NY.GDP.PCAP.PP.KD,2018,49355.8751913504
ITA,Italy,NY.GDP.PCAP.PP.KD,2017,48849.2183534756
JAM,Jamaica,NY.GDP.PCAP.PP.KD,2019,10816.3720391154
JAM,Jamaica,NY.GDP.PCAP.PP.KD,2018,10636.0929784551
JAM,Jamaica,NY.GDP.PCAP.PP.KD,2017,10391.0378224678
JPN,Japan,NY.GDP.PCAP.PP.KD,2019,46055.3498672487
JPN,Japan,NY.GDP.PCAP.PP.KD,2018,46133.0225978718
JPN,Japan,NY.GDP.PCAP.PP.KD,2017,45693.3776080987
JOR,Jordan,NY.GDP.PCAP.PP.KD,2019,10168.3588523537
JOR,Jordan,NY.GDP.PCAP.PP.KD,2018,10183.0248366235
JOR,Jordan,NY.GDP.PCAP.PP.KD,2017,10220.492781193
KAZ,Kazakhstan,NY.GDP.PCAP.PP.KD,2019,33298.2123695035
KAZ,Kazakhstan,NY.GDP.PCAP.PP.KD,2018,32330.2274546567
KAZ,Kazakhstan,NY.GDP.PCAP.PP.KD,2017,31524.4416339794
KEN,Kenya,NY.GDP.PCAP.PP.KD,2019,5171.71264279257
KEN,Kenya,NY.GDP.PCAP.PP.KD,2018,5017.66784674664
KEN,Kenya,NY.GDP.PCAP.PP.KD,2017,4846.86210851932
KIR,Kiribati,NY.GDP.PCAP.PP.KD,2019,2926.59366475855
KIR,Kiribati,NY.GDP.PCAP.PP.KD,2018,2875.41766341166
KIR,Kiribati,NY.GDP.PCAP.PP.KD,2017,2822.02092296284
KOR,"Korea, Rep.",NY.GDP.PCAP.PP.KD,2019,49790.8679884821
KOR,"Korea, Rep.",NY.GDP.PCAP.PP.KD,2018,48834.4471157733
KOR,"Korea, Rep.",NY.GDP.PCAP.PP.KD,2017,47536.7898568851
XKX,Kosovo,NY.GDP.PCAP.PP.KD,2019,11774.1178510908
XKX,Kosovo,NY.GDP.PCAP.PP.KD,2018,11188.2244627966
XKX,Kosovo,NY.GDP.PCAP.PP.KD,2017,10856.2902074239
KWT,Kuwait,NY.GDP.PCAP.PP.KD,2019,51380.6455354631
KWT,Kuwait,NY.GDP.PCAP.PP.KD,2018,51623.8078622052
KWT,Kuwait,NY.GDP.PCAP.PP.KD,2017,52285.5871175696
KGZ,Kyrgyz Republic,NY.GDP.PCAP.PP.KD,2019,6087.60193826927
KGZ,Kyrgyz Republic,NY.GDP.PCAP.PP.KD,2018,5951.82876758606
KGZ,Kyrgyz Republic,NY.GDP.PCAP.PP.KD,2017,5861.22200040503
LAO,Lao PDR,NY.GDP.PCAP.PP.KD,2019,8075.27502377003
LAO,Lao PDR,NY.GDP.PCAP.PP.KD,2018,7775.08574451883
LAO,Lao PDR,NY.GDP.PCAP.PP.KD,2017,7432.4596330485
LVA,Latvia,NY.GDP.PCAP.PP.KD,2019,35208.1934590859
LVA,Latvia,NY.GDP.PCAP.PP.KD,2018,34729.7062763057
LVA,Latvia,NY.GDP.PCAP.PP.KD,2017,33036.3915943437
LBN,Lebanon,NY.GDP.PCAP.PP.KD,2019,15659.5661040012
LBN,Lebanon,NY.GDP.PCAP.PP.KD,2018,16290.0516478592
LBN,Lebanon,NY.GDP.PCAP.PP.KD,2017,16128.5838196051
LSO,Lesotho,NY.GDP.PCAP.PP.KD,2019,2773.28639887236
LSO,Lesotho,NY.GDP.PCAP.PP.KD,2018,2846.41828124649
LSO,Lesotho,NY.GDP.PCAP.PP.KD,2017,2924.68096193272
LBR,Liberia,NY.GDP.PCAP.PP.KD,2019,1575.76665001238
LBR,Liberia,NY.GDP.PCAP.PP.KD,2018,1647.97443793846
LBR,Liberia,NY.GDP.PCAP.PP.KD,2017,1661.30290782171
LBY,Libya,NY.GDP.PCAP.PP.KD,2019,14337.1962987582
LBY,Libya,NY.GDP.PCAP.PP.KD,2018,16385.164476127
LBY,Libya,NY.GDP.PCAP.PP.KD,2017,15428.1164411854
LTU,Lithuania,NY.GDP.PCAP.PP.KD,2019,43078.7118585461
LTU,Lithuania,NY.GDP.PCAP.PP.KD,2018,41035.4018152732
LTU,Lithuania,NY.GDP.PCAP.PP.KD,2017,38789.2463179035
LUX,Luxembourg,NY.GDP.PCAP.PP.KD,2019,132724.754668303
LUX,Luxembourg,NY.GDP.PCAP.PP.KD,2018,131733.884471489
LUX,Luxembourg,NY.GDP.PCAP.PP.KD,2017,132169.829576174
MAC,"Macao SAR, China",NY.GDP.PCAP.PP.KD,2019,133453.896026037
MAC,"Macao SAR, China",NY.GDP.PCAP.PP.KD,2018,139541.157248769
MAC,"Macao SAR, China",NY.GDP.PCAP.PP.KD,2017,133322.632677744
MDG,Madagascar,NY.GDP.PCAP.PP.KD,2019,1707.83153830039
MDG,Madagascar,NY.GDP.PCAP.PP.KD,2018,1678.78623269491
MDG,Madagascar,NY.GDP.PCAP.PP.KD,2017,1669.72764267278
MWI,Malawi,NY.GDP.PCAP.PP.KD,2019,1687.28944917892
MWI,Malawi,NY.GDP.PCAP.PP.KD,2018,1638.91665761076
MWI,Malawi,NY.GDP.PCAP.PP.KD,2017,1613.0593571462
MYS,Malaysia,NY.GDP.PCAP.PP.KD,2019,31300.5086554849
MYS,Malaysia,NY.GDP.PCAP.PP.KD,2018,30459.9655338061
MYS,Malaysia,NY.GDP.PCAP.PP.KD,2017,29551.5457597197
MDV,Maldives,NY.GDP.PCAP.PP.KD,2019,21855.501224579
MDV,Maldives,NY.GDP.PCAP.PP.KD,2018,21072.5805249694
MDV,Maldives,NY.GDP.PCAP.PP.KD,2017,20036.7165354949
MLI,Mali,NY.GDP.PCAP.PP.KD,2019,2916.17167791084
MLI,Mali,NY.GDP.PCAP.PP.KD,2018,2862.40728987476
MLI,Mali,NY.GDP.PCAP.PP.KD,2017,2816.19423901587
MLT,Malta,NY.GDP.PCAP.PP.KD,2019,53393.4231642463
MLT,Malta,NY.GDP.PCAP.PP.KD,2018,53419.0022708322
MLT,Malta,NY.GDP.PCAP.PP.KD,2017,51628.2677400365
MHL,Marshall Islands,NY.GDP.PCAP.PP.KD,2019,6405.89632387105
MHL,Marshall Islands,NY.GDP.PCAP.PP.KD,2018,5636.02954937672
MHL,Marshall Islands,NY.GDP.PCAP.PP.KD,2017,5200.01066532485
MRT,Mauritania,NY.GDP.PCAP.PP.KD,2019,6162.21044455969
MRT,Mauritania,NY.GDP.PCAP.PP.KD,2018,6153.63790241704
MRT,Mauritania,NY.GDP.PCAP.PP.KD,2017,6050.62180325299
MUS,Mauritius,NY.GDP.PCAP.PP.KD,2019,25958.4900281465
MUS,Mauritius,NY.GDP.PCAP.PP.KD,2018,25243.886462031
MUS,Mauritius,NY.GDP.PCAP.PP.KD,2017,24258.988821567
MEX,Mexico,NY.GDP.PCAP.PP.KD,2019,21704.185952748
MEX,Mexico,NY.GDP.PCAP.PP.KD,2018,21997.7730219494
MEX,Mexico,NY.GDP.PCAP.PP.KD,2017,21777.5225127275
FSM,"Micronesia, Fed. Sts.",NY.GDP.PCAP.PP.KD,2019,3965.05377269396
FSM,"Micronesia, Fed. Sts.",NY.GDP.PCAP.PP.KD,2018,3838.64054793262
FSM,"Micronesia, Fed. Sts.",NY.GDP.PCAP.PP.KD,2017,3838.04534289261
MDA,Moldova,NY.GDP.PCAP.PP.KD,2019,14621.2401362286
MDA,Moldova,NY.GDP.PCAP.PP.KD,2018,13895.5043655692
MDA,Moldova,NY.GDP.PCAP.PP.KD,2017,13118.8219369605
MNG,Mongolia,NY.GDP.PCAP.PP.KD,2019,15790.6961126441
MNG,Mongolia,NY.GDP.PCAP.PP.KD,2018,15230.2408828847
MNG,Mongolia,NY.GDP.PCAP.PP.KD,2017,14401.5375067562
MNE,Montenegro,NY.GDP.PCAP.PP.KD,2019,24585.1159529158
MNE,Montenegro,NY.GDP.PCAP.PP.KD,2018,23562.1762558957
MNE,Montenegro,NY.GDP.PCAP.PP.KD,2017,22513.7807637171
MAR,Morocco,NY.GDP.PCAP.PP.KD,2019,8768.17578125
MAR,Morocco,NY.GDP.PCAP.PP.KD,2018,8611.75
MAR,Morocco,NY.GDP.PCAP.PP.KD,2017,8450.0087890625
MOZ,Mozambique,NY.GDP.PCAP.PP.KD,2019,1528.88988354373
MOZ,Mozambique,NY.GDP.PCAP.PP.KD,2018,1538.83512127022
MOZ,Mozambique,NY.GDP.PCAP.PP.KD,2017,1532.0073576114
MMR,Myanmar,NY.GDP.PCAP.PP.KD,2019,6562.98898478625
MMR,Myanmar,NY.GDP.PCAP.PP.KD,2018,6201.26341429803
MMR,Myanmar,NY.GDP.PCAP.PP.KD,2017,5877.87465558175
NAM,Namibia,NY.GDP.PCAP.PP.KD,2019,10813.3044681944
NAM,Namibia,NY.GDP.PCAP.PP.KD,2018,11214.38604306
NAM,Namibia,NY.GDP.PCAP.PP.KD,2017,11408.7253099967
NRU,Naoero,NY.GDP.PCAP.PP.KD,2019,11184.5284927206
NRU,Naoero,NY.GDP.PCAP.PP.KD,2018,10402.6131019197
NRU,Naoero,NY.GDP.PCAP.PP.KD,2017,10633.2766406018
NPL,Nepal,NY.GDP.PCAP.PP.KD,2019,4607.52454717112
NPL,Nepal,NY.GDP.PCAP.PP.KD,2018,4371.38571771897
NPL,Nepal,NY.GDP.PCAP.PP.KD,2017,4071.70431755798
NLD,Netherlands,NY.GDP.PCAP.PP.KD,2019,67847.8818461095
NLD,Netherlands,NY.GDP.PCAP.PP.KD,2018,66758.2454283317
NLD,Netherlands,NY.GDP.PCAP.PP.KD,2017,65665.9910229578
NZL,New Zealand,NY.GDP.PCAP.PP.KD,2019,47392.1933135172
NZL,New Zealand,NY.GDP.PCAP.PP.KD,2018,46974.6818400482
NZL,New Zealand,NY.GDP.PCAP.PP.KD,2017,46285.9810980642
NIC,Nicaragua,NY.GDP.PCAP.PP.KD,2019,6756.59334024487
NIC,Nicaragua,NY.GDP.PCAP.PP.KD,2018,7049.02709828403
NIC,Nicaragua,NY.GDP.PCAP.PP.KD,2017,7391.19638215265
NER,Niger,NY.GDP.PCAP.PP.KD,2019,1605.19476569029
NER,Niger,NY.GDP.PCAP.PP.KD,2018,1565.01970005142
NER,Niger,NY.GDP.PCAP.PP.KD,2017,1515.48307317618
NGA,Nigeria,NY.GDP.PCAP.PP.KD,2019,8361.78664836
NGA,Nigeria,NY.GDP.PCAP.PP.KD,2018,8362.62330860296
NGA,Nigeria,NY.GDP.PCAP.PP.KD,2017,8396.78452243227
MKD,North Macedonia,NY.GDP.PCAP.PP.KD,2019,21766.8842062487
MKD,North Macedonia,NY.GDP.PCAP.PP.KD,2018,20805.9221192555
MKD,North Macedonia,NY.GDP.PCAP.PP.KD,2017,20121.0510180726
NOR,Norway,NY.GDP.PCAP.PP.KD,2019,90772.9017041865
NOR,Norway,NY.GDP.PCAP.PP.KD,2018,90064.0687974358
NOR,Norway,NY.GDP.PCAP.PP.KD,2017,89664.9086415829
OMN,Oman,NY.GDP.PCAP.PP.KD,2019,38292.3859682752
OMN,Oman,NY.GDP.PCAP.PP.KD,2018,38673.6045360857
OMN,Oman,NY.GDP.PCAP.PP.KD,2017,38691.1077105097
PAK,Pakistan,NY.GDP.PCAP.PP.KD,2019,5295.95295138203
PAK,Pakistan,NY.GDP.PCAP.PP.KD,2018,5255.06350681272
PAK,Pakistan,NY.GDP.PCAP.PP.KD,2017,5031.56060738433
PLW,Palau,NY.GDP.PCAP.PP.KD,2019,19685.6037989273
PLW,Palau,NY.GDP.PCAP.PP.KD,2018,19608.9617027822
PLW,Palau,NY.GDP.PCAP.PP.KD,2017,19693.4082379382
PAN,Panama,NY.GDP.PCAP.PP.KD,2019,33163.7172814857
PAN,Panama,NY.GDP.PCAP.PP.KD,2018,32681.4729886331
PAN,Panama,NY.GDP.PCAP.PP.KD,2017,31979.8246437748
PNG,Papua New Guinea,NY.GDP.PCAP.PP.KD,2019,4302.16255230002
PNG,Papua New Guinea,NY.GDP.PCAP.PP.KD,2018,4211.68504310327
PNG,Papua New Guinea,NY.GDP.PCAP.PP.KD,2017,4322.77662200998
PRY,Paraguay,NY.GDP.PCAP.PP.KD,2019,15319.3889991221
PRY,Paraguay,NY.GDP.PCAP.PP.KD,2018,15591.0142663085
PRY,Paraguay,NY.GDP.PCAP.PP.KD,2017,15318.4012187276
PER,Peru,NY.GDP.PCAP.PP.KD,2019,15461.4572585466
PER,Peru,NY.GDP.PCAP.PP.KD,2018,15384.1846082423
PER,Peru,NY.GDP.PCAP.PP.KD,2017,15067.489279382
PHL,Philippines,NY.GDP.PCAP.PP.KD,2019,9452.2939715981
PHL,Philippines,NY.GDP.PCAP.PP.KD,2018,9016.28659637608
PHL,Philippines,NY.GDP.PCAP.PP.KD,2017,8584.13622709699
POL,Poland,NY.GDP.PCAP.PP.KD,2019,38181.6230334689
POL,Poland,NY.GDP.PCAP.PP.KD,2018,36500.4114282584
POL,Poland,NY.GDP.PCAP.PP.KD,2017,34354.5987616319
PRT,Portugal,NY.GDP.PCAP.PP.KD,2019,40188.2868799223
PRT,Portugal,NY.GDP.PCAP.PP.KD,2018,39123.6151282575
PRT,Portugal,NY.GDP.PCAP.PP.KD,2017,37943.1150505677
PRI,Puerto Rico (US),NY.GDP.PCAP.PP.KD,2019,41656.3291581369
PRI,Puerto Rico (US),NY.GDP.PCAP.PP.KD,2018,41119.3088051648
PRI,Puerto Rico (US),NY.GDP.PCAP.PP.KD,2017,41479.9977732034
QAT,Qatar,NY.GDP.PCAP.PP.KD,2019,113160.973779334
QAT,Qatar,NY.GDP.PCAP.PP.KD,2018,114909.945485127
QAT,Qatar,NY.GDP.PCAP.PP.KD,2017,115064.943662853
ROU,Romania,NY.GDP.PCAP.PP.KD,2019,36399.4746080793
ROU,Romania,NY.GDP.PCAP.PP.KD,2018,34828.8958637884
ROU,Romania,NY.GDP.PCAP.PP.KD,2017,32852.6355672255
RUS,Russian Federation,NY.GDP.PCAP.PP.KD,2019,37319.3203125
RUS,Russian Federation,NY.GDP.PCAP.PP.KD,2018,36536.6953125
RUS,Russian Federation,NY.GDP.PCAP.PP.KD,2017,35570.703125
RWA,Rwanda,NY.GDP.PCAP.PP.KD,2019,2753.53959810856
RWA,Rwanda,NY.GDP.PCAP.PP.KD,2018,2577.69730366075
RWA,Rwanda,NY.GDP.PCAP.PP.KD,2017,2441.08540816509
WSM,Samoa,NY.GDP.PCAP.PP.KD,2019,7034.42233036815
WSM,Samoa,NY.GDP.PCAP.PP.KD,2018,6805.91709392797
WSM,Samoa,NY.GDP.PCAP.PP.KD,2017,6919.90225366914
SMR,San Marino,NY.GDP.PCAP.PP.KD,2019,60171.0506033928
SMR,San Marino,NY.GDP.PCAP.PP.KD,2018,59194.04440794
SMR,San Marino,NY.GDP.PCAP.PP.KD,2017,59524.5606827202
STP,Sao Tome and Principe,NY.GDP.PCAP.PP.KD,2019,5702.08347071236
STP,Sao Tome and Principe,NY.GDP.PCAP.PP.KD,2018,5674.72379094011
STP,Sao Tome and Principe,NY.GDP.PCAP.PP.KD,2017,5521.20249597413
SAU,Saudi Arabia,NY.GDP.PCAP.PP.KD,2019,62647.7299487842
SAU,Saudi Arabia,NY.GDP.PCAP.PP.KD,2018,61359.4653740388
SAU,Saudi Arabia,NY.GDP.PCAP.PP.KD,2017,57942.5484983044
SEN,Senegal,NY.GDP.PCAP.PP.KD,2019,4070.6122705955
SEN,Senegal,NY.GDP.PCAP.PP.KD,2018,3998.28635303867
SEN,Senegal,NY.GDP.PCAP.PP.KD,2017,3871.45146786374
SRB,Serbia,NY.GDP.PCAP.PP.KD,2019,21541.1264037184
SRB,Serbia,NY.GDP.PCAP.PP.KD,2018,20454.225884367
SRB,Serbia,NY.GDP.PCAP.PP.KD,2017,19438.9917129776
SYC,Seychelles,NY.GDP.PCAP.PP.KD,2019,34346.0708923483
SYC,Seychelles,NY.GDP.PCAP.PP.KD,2018,32841.4242467381
SYC,Seychelles,NY.GDP.PCAP.PP.KD,2017,31595.6680570505
SLE,Sierra Leone,NY.GDP.PCAP.PP.KD,2019,2852.66269829967
SLE,Sierra Leone,NY.GDP.PCAP.PP.KD,2018,2767.38003296688
SLE,Sierra Leone,NY.GDP.PCAP.PP.KD,2017,2753.42719762222
SGP,Singapore,NY.GDP.PCAP.PP.KD,2019,120678.341978557
SGP,Singapore,NY.GDP.PCAP.PP.KD,2018,120668.888726158
SGP,Singapore,NY.GDP.PCAP.PP.KD,2017,117492.967994526
SXM,Sint Maarten (Dutch part),NY.GDP.PCAP.PP.KD,2019,45996.7912346922
SXM,Sint Maarten (Dutch part),NY.GDP.PCAP.PP.KD,2018,42154.1020267504
SXM,Sint Maarten (Dutch part),NY.GDP.PCAP.PP.KD,2017,46088.3583839152
SVK,Slovak Republic,NY.GDP.PCAP.PP.KD,2019,37194.2104548698
SVK,Slovak Republic,NY.GDP.PCAP.PP.KD,2018,36415.7920529507
SVK,Slovak Republic,NY.GDP.PCAP.PP.KD,2017,35042.7858925618
SVN,Slovenia,NY.GDP.PCAP.PP.KD,2019,44577.9418583069
SVN,Slovenia,NY.GDP.PCAP.PP.KD,2018,43369.221946981
SVN,Slovenia,NY.GDP.PCAP.PP.KD,2017,41700.651085028
SLB,Solomon Islands,NY.GDP.PCAP.PP.KD,2019,2661.95770893588
SLB,Solomon Islands,NY.GDP.PCAP.PP.KD,2018,2686.46317027984
SLB,Solomon Islands,NY.GDP.PCAP.PP.KD,2017,2704.00988015555
SOM,"Somalia, Fed. Rep.",NY.GDP.PCAP.PP.KD,2019,1491.29493918405
SOM,"Somalia, Fed. Rep.",NY.GDP.PCAP.PP.KD,2018,1504.97908203481
SOM,"Somalia, Fed. Rep.",NY.GDP.PCAP.PP.KD,2017,1527.66029071648
ZAF,South Africa,NY.GDP.PCAP.PP.KD,2019,14352.6698709871
ZAF,South Africa,NY.GDP.PCAP.PP.KD,2018,14553.5615668957
ZAF,South Africa,NY.GDP.PCAP.PP.KD,2017,14573.5980840004
ESP,Spain,NY.GDP.PCAP.PP.KD,2019,46896.4171141424
ESP,Spain,NY.GDP.PCAP.PP.KD,2018,46325.2099441141
ESP,Spain,NY.GDP.PCAP.PP.KD,2017,45446.2508575695
LKA,Sri Lanka,NY.GDP.PCAP.PP.KD,2019,14637.4442912676
LKA,Sri Lanka,NY.GDP.PCAP.PP.KD,2018,14759.8248945226
LKA,Sri Lanka,NY.GDP.PCAP.PP.KD,2017,14572.4858214616
KNA,St. Kitts and Nevis,NY.GDP.PCAP.PP.KD,2019,31512.1943105684
KNA,St. Kitts and Nevis,NY.GDP.PCAP.PP.KD,2018,30576.2486749244
KNA,St. Kitts and Nevis,NY.GDP.PCAP.PP.KD,2017,29948.9200065682
LCA,St. Lucia,NY.GDP.PCAP.PP.KD,2019,22445.2080507874
LCA,St. Lucia,NY.GDP.PCAP.PP.KD,2018,22761.1613461447
LCA,St. Lucia,NY.GDP.PCAP.PP.KD,2017,22207.2131041263
VCT,St. Vincent and the Grenadines,NY.GDP.PCAP.PP.KD,2019,16365.3255785124
VCT,St. Vincent and the Grenadines,NY.GDP.PCAP.PP.KD,2018,16139.0661084965
VCT,St. Vincent and the Grenadines,NY.GDP.PCAP.PP.KD,2017,15533.2212821544
SDN,Sudan,NY.GDP.PCAP.PP.KD,2019,3625.52319335938
SDN,Sudan,NY.GDP.PCAP.PP.KD,2018,3816.65991210938
SDN,Sudan,NY.GDP.PCAP.PP.KD,2017,4061.01831054688
SUR,Suriname,NY.GDP.PCAP.PP.KD,2019,22966.7405999124
SUR,Suriname,NY.GDP.PCAP.PP.KD,2018,22938.5353715545
SUR,Suriname,NY.GDP.PCAP.PP.KD,2017,22070.5137570835
SWE,Sweden,NY.GDP.PCAP.PP.KD,2019,61070.5243445838
SWE,Sweden,NY.GDP.PCAP.PP.KD,2018,60124.5711994179
SWE,Sweden,NY.GDP.PCAP.PP.KD,2017,59769.0136237
CHE,Switzerland,NY.GDP.PCAP.PP.KD,2019,81694.630652314
CHE,Switzerland,NY.GDP.PCAP.PP.KD,2018,81371.8944120855
CHE,Switzerland,NY.GDP.PCAP.PP.KD,2017,79333.7437810881
SYR,Syrian Arab Republic,NY.GDP.PCAP.PP.KD,2019,4928.02885412028
SYR,Syrian Arab Republic,NY.GDP.PCAP.PP.KD,2018,5061.49399424562
SYR,Syrian Arab Republic,NY.GDP.PCAP.PP.KD,2017,5083.65173888422
TJK,Tajikistan,NY.GDP.PCAP.PP.KD,2019,3649.88375518646
TJK,Tajikistan,NY.GDP.PCAP.PP.KD,2018,3479.69235966041
TJK,Tajikistan,NY.GDP.PCAP.PP.KD,2017,3312.71202243506
TZA,Tanzania,NY.GDP.PCAP.PP.KD,2019,3484.63256835938
TZA,Tanzania,NY.GDP.PCAP.PP.KD,2018,3392.68872070313
TZA,Tanzania,NY.GDP.PCAP.PP.KD,2017,3318.28833007813
THA,Thailand,NY.GDP.PCAP.PP.KD,2019,21280.1504518601
THA,Thailand,NY.GDP.PCAP.PP.KD,2018,20882.1707419576
THA,Thailand,NY.GDP.PCAP.PP.KD,2017,20096.8605455164
TLS,Timor-Leste,NY.GDP.PCAP.PP.KD,2019,5103.14964292207
TLS,Timor-Leste,NY.GDP.PCAP.PP.KD,2018,4188.84099191337
TLS,Timor-Leste,NY.GDP.PCAP.PP.KD,2017,4290.02709296562
TGO,Togo,NY.GDP.PCAP.PP.KD,2019,2862.62661160331
TGO,Togo,NY.GDP.PCAP.PP.KD,2018,2787.56398409759
TGO,Togo,NY.GDP.PCAP.PP.KD,2017,2708.61122396846
TON,Tonga,NY.GDP.PCAP.PP.KD,2019,6859.71739851786
TON,Tonga,NY.GDP.PCAP.PP.KD,2018,6885.98490469718
TON,Tonga,NY.GDP.PCAP.PP.KD,2017,6863.54796430087
TTO,Trinidad and Tobago,NY.GDP.PCAP.PP.KD,2019,33748.7060849924
TTO,Trinidad and Tobago,NY.GDP.PCAP.PP.KD,2018,33710.0178540008
TTO,Trinidad and Tobago,NY.GDP.PCAP.PP.KD,2017,34095.9899256152
TUN,Tunisia,NY.GDP.PCAP.PP.KD,2019,13243.9024233246
TUN,Tunisia,NY.GDP.PCAP.PP.KD,2018,13163.1952230357
TUN,Tunisia,NY.GDP.PCAP.PP.KD,2017,12955.4014814241
TUR,Turkiye,NY.GDP.PCAP.PP.KD,2019,28741.0535082701
TUR,Turkiye,NY.GDP.PCAP.PP.KD,2018,28780.3036458151
TUR,Turkiye,NY.GDP.PCAP.PP.KD,2017,28194.688309381
TKM,Turkmenistan,NY.GDP.PCAP.PP.KD,2019,15080.9034007693
TKM,Turkmenistan,NY.GDP.PCAP.PP.KD,2018,14499.1684377606
TKM,Turkmenistan,NY.GDP.PCAP.PP.KD,2017,13963.4045877295
TCA,Turks and Caicos Islands,NY.GDP.PCAP.PP.KD,2019,30611.2130237381
TCA,Turks and Caicos Islands,NY.GDP.PCAP.PP.KD,2018,30286.1196112151
TCA,Turks and Caicos Islands,NY.GDP.PCAP.PP.KD,2017,29540.3537473151
TUV,Tuvalu,NY.GDP.PCAP.PP.KD,2019,5515.89953720794
TUV,Tuvalu,NY.GDP.PCAP.PP.KD,2018,4785.23289965077
TUV,Tuvalu,NY.GDP.PCAP.PP.KD,2017,4668.54376684727
UGA,Uganda,NY.GDP.PCAP.PP.KD,2019,2689.41009144919
UGA,Uganda,NY.GDP.PCAP.PP.KD,2018,2613.87976413963
UGA,Uganda,NY.GDP.PCAP.PP.KD,2017,2543.84754394956
UKR,Ukraine,NY.GDP.PCAP.PP.KD,2019,17636.5546875
UKR,Ukraine,NY.GDP.PCAP.PP.KD,2018,16978.984375
UKR,Ukraine,NY.GDP.PCAP.PP.KD,2017,16310.3603515625
ARE,United Arab Emirates,NY.GDP.PCAP.PP.KD,2019,72822.9466438922
ARE,United Arab Emirates,NY.GDP.PCAP.PP.KD,2018,72671.0787288764
ARE,United Arab Emirates,NY.GDP.PCAP.PP.KD,2017,72529.0423512365
GBR,United Kingdom,NY.GDP.PCAP.PP.KD,2019,53374.0927628482
GBR,United Kingdom,NY.GDP.PCAP.PP.KD,2018,52983.039541197
GBR,United Kingdom,NY.GDP.PCAP.PP.KD,2017,52429.1275538988
USA,United States,NY.GDP.PCAP.PP.KD,2019,69121.4580016741
USA,United States,NY.GDP.PCAP.PP.KD,2018,67728.4424921024
USA,United States,NY.GDP.PCAP.PP.KD,2017,66164.0320014289
URY,Uruguay,NY.GDP.PCAP.PP.KD,2019,30010.5628834294
URY,Uruguay,NY.GDP.PCAP.PP.KD,2018,29757.9276055415
URY,Uruguay,NY.GDP.PCAP.PP.KD,2017,29762.4220666605
UZB,Uzbekistan,NY.GDP.PCAP.PP.KD,2019,9169.01147508351
UZB,Uzbekistan,NY.GDP.PCAP.PP.KD,2018,8742.5491991216
UZB,Uzbekistan,NY.GDP.PCAP.PP.KD,2017,8413.29975299494
VUT,Vanuatu,NY.GDP.PCAP.PP.KD,2019,3986.65620021472
VUT,Vanuatu,NY.GDP.PCAP.PP.KD,2018,3951.18453122592
VUT,Vanuatu,NY.GDP.PCAP.PP.KD,2017,3947.67824193203
VNM,Viet Nam,NY.GDP.PCAP.PP.KD,2019,11628.6139147451
VNM,Viet Nam,NY.GDP.PCAP.PP.KD,2018,10936.8937859558
VNM,Viet Nam,NY.GDP.PCAP.PP.KD,2017,10290.5487142244
VIR,Virgin Islands (U.S.),NY.GDP.PCAP.PP.KD,2019,45632.6364715693
VIR,Virgin Islands (U.S.),NY.GDP.PCAP.PP.KD,2018,44205.4071324394
VIR,Virgin Islands (U.S.),NY.GDP.PCAP.PP.KD,2017,43277.1546523522
PSE,West Bank and Gaza,NY.GDP.PCAP.PP.KD,2019,6269.89134527985
PSE,West Bank and Gaza,NY.GDP.PCAP.PP.KD,2018,6342.9374800852
PSE,West Bank and Gaza,NY.GDP.PCAP.PP.KD,2017,6426.79521615335
ZMB,Zambia,NY.GDP.PCAP.PP.KD,2019,3591.56418883108
ZMB,Zambia,NY.GDP.PCAP.PP.KD,2018,3646.95966481655
ZMB,Zambia,NY.GDP.PCAP.PP.KD,2017,3612.50597664593
ZWE,Zimbabwe,NY.GDP.PCAP.PP.KD,2019,4993.86546928208
ZWE,Zimbabwe,NY.GDP.PCAP.PP.KD,2018,5415.49322028193
ZWE,Zimbabwe,NY.GDP.PCAP.PP.KD,2017,5234.4065377844
