iso3,country,indicator,year,value
AFE,Africa Eastern and Southern,NY.GDP.PCAP.CD,2019,1508.0315245887
AFE,Africa Eastern and Southern,NY.GDP.PCAP.CD,2018,1553.61794421394
AFE,Africa Eastern and Southern,NY.GDP.PCAP.CD,2017,1529.92307995549
AFE,Africa Eastern and Southern,NY.GDP.PCAP.CD,2016,1335.7431649955
AFE,Africa Eastern and Southern,NY.GDP.PCAP.CD,2015,1498.71597073834
AFE,Africa Eastern and Southern,NY.GDP.PCAP.CD,2014,1689.98238051624
AFE,Africa Eastern and Southern,NY.GDP.PCAP.CD,2013,1705.83900348854
AFE,Africa Eastern and Southern,NY.GDP.PCAP.CD,2012,1731.86909640114
AFE,Africa Eastern and Southern,NY.GDP.PCAP.CD,2011,1761.83829586572
AFE,Africa Eastern and Southern,NY.GDP.PCAP.CD,2010,1628.76857300184
AFW,Africa Western and Central,NY.GDP.PCAP.CD,2019,2219.41255534667
AFW,Africa Western and Central,NY.GDP.PCAP.CD,2018,1723.11446346681
AFW,Africa Western and Central,NY.GDP.PCAP.CD,2017,1577.20349674013
AFW,Africa Western and Central,NY.GDP.PCAP.CD,2016,1632.42497788744
AFW,Africa Western and Central,NY.GDP.PCAP.CD,2015,1863.40151301991
AFW,Africa Western and Central,NY.GDP.PCAP.CD,2014,2224.32958643376
AFW,Africa Western and Central,NY.GDP.PCAP.CD,2013,2134.24752369303
AFW,Africa Western and Central,NY.GDP.PCAP.CD,2012,1943.37255535786
AFW,Africa Western and Central,NY.GDP.PCAP.CD,2011,1846.10292552744
AFW,Africa Western and Central,NY.GDP.PCAP.CD,2010,1664.49204549878
ARB,Arab World,NY.GDP.PCAP.CD,2019,6683.67016877686
ARB,Arab World,NY.GDP.PCAP.CD,2018,6708.53121256784
ARB,Arab World,NY.GDP.PCAP.CD,2017,6105.92161804571
ARB,Arab World,NY.GDP.PCAP.CD,2016,6051.26103619544
ARB,Arab World,NY.GDP.PCAP.CD,2015,6299.87807685552
ARB,Arab World,NY.GDP.PCAP.CD,2014,7347.6211570264
ARB,Arab World,NY.GDP.PCAP.CD,2013,7384.79221541888
ARB,Arab World,NY.GDP.PCAP.CD,2012,7392.55638357541
ARB,Arab World,NY.GDP.PCAP.CD,2011,6924.20289420703
ARB,Arab World,NY.GDP.PCAP.CD,2010,5957.50539498481
CSS,Caribbean small states,NY.GDP.PCAP.CD,2019,13995.7626558947
CSS,Caribbean small states,NY.GDP.PCAP.CD,2018,13896.5484095788
CSS,Caribbean small states,NY.GDP.PCAP.CD,2017,13708.7525902396
CSS,Caribbean small states,NY.GDP.PCAP.CD,2016,13377.8260731233
CSS,Caribbean small states,NY.GDP.PCAP.CD,2015,14497.8798625347
CSS,Caribbean small states,NY.GDP.PCAP.CD,2014,14962.943351851
CSS,Caribbean small states,NY.GDP.PCAP.CD,2013,14575.4918879542
CSS,Caribbean small states,NY.GDP.PCAP.CD,2012,14225.6111466707
CSS,Caribbean small states,NY.GDP.PCAP.CD,2011,13503.1582761636
CSS,Caribbean small states,NY.GDP.PCAP.CD,2010,12652.5691256578
CEB,Central Europe and the Baltics,NY.GDP.PCAP.CD,2019,16534.9661895205
CEB,Central Europe and the Baltics,NY.GDP.PCAP.CD,2018,16227.2845341706
CEB,Central Europe and the Baltics,NY.GDP.PCAP.CD,2017,14339.8488594791
CEB,Central Europe and the Baltics,NY.GDP.PCAP.CD,2016,12874.7280619541
CEB,Central Europe and the Baltics,NY.GDP.PCAP.CD,2015,12596.9151136003
CEB,Central Europe and the Baltics,NY.GDP.PCAP.CD,2014,14208.4390487349
CEB,Central Europe and the Baltics,NY.GDP.PCAP.CD,2013,13712.7077940364
CEB,Central Europe and the Baltics,NY.GDP.PCAP.CD,2012,13104.0873095326
CEB,Central Europe and the Baltics,NY.GDP.PCAP.CD,2011,13997.3297794653
CEB,Central Europe and the Baltics,NY.GDP.PCAP.CD,2010,12635.7782121319
EAR,Early-demographic dividend,NY.GDP.PCAP.CD,2019,3481.75530893525
EAR,Early-demographic dividend,NY.GDP.PCAP.CD,2018,3460.86264008666
EAR,Early-demographic dividend,NY.GDP.PCAP.CD,2017,3457.91719451195
EAR,Early-demographic dividend,NY.GDP.PCAP.CD,2016,3227.64814256759
EAR,Early-demographic dividend,NY.GDP.PCAP.CD,2015,3178.86716124226
EAR,Early-demographic dividend,NY.GDP.PCAP.CD,2014,3351.66429566368
EAR,Early-demographic dividend,NY.GDP.PCAP.CD,2013,3332.30407501939
EAR,Early-demographic dividend,NY.GDP.PCAP.CD,2012,3362.32207931577
EAR,Early-demographic dividend,NY.GDP.PCAP.CD,2011,3266.19695006658
EAR,Early-demographic dividend,NY.GDP.PCAP.CD,2010,2941.65330428569
EAS,East Asia & Pacific,NY.GDP.PCAP.CD,2019,11677.4429355606
EAS,East Asia & Pacific,NY.GDP.PCAP.CD,2018,11487.5096772887
EAS,East Asia & Pacific,NY.GDP.PCAP.CD,2017,10612.7930790259
EAS,East Asia & Pacific,NY.GDP.PCAP.CD,2016,10011.552668647
EAS,East Asia & Pacific,NY.GDP.PCAP.CD,2015,9730.64405529046
EAS,East Asia & Pacific,NY.GDP.PCAP.CD,2014,9832.43196516945
EAS,East Asia & Pacific,NY.GDP.PCAP.CD,2013,9580.35094813005
EAS,East Asia & Pacific,NY.GDP.PCAP.CD,2012,9534.44491469921
EAS,East Asia & Pacific,NY.GDP.PCAP.CD,2011,8976.49484706491
EAS,East Asia & Pacific,NY.GDP.PCAP.CD,2010,7808.0701040139
EAP,East Asia & Pacific (excluding high income),NY.GDP.PCAP.CD,2019,8286.45749748666
EAP,East Asia & Pacific (excluding high income),NY.GDP.PCAP.CD,2018,8046.00446277369
EAP,East Asia & Pacific (excluding high income),NY.GDP.PCAP.CD,2017,7241.98321346974
EAP,East Asia & Pacific (excluding high income),NY.GDP.PCAP.CD,2016,6683.23529656879
EAP,East Asia & Pacific (excluding high income),NY.GDP.PCAP.CD,2015,6589.81824245918
EAP,East Asia & Pacific (excluding high income),NY.GDP.PCAP.CD,2014,6373.70120967496
EAP,East Asia & Pacific (excluding high income),NY.GDP.PCAP.CD,2013,5952.82148677207
EAP,East Asia & Pacific (excluding high income),NY.GDP.PCAP.CD,2012,5434.82585097081
EAP,East Asia & Pacific (excluding high income),NY.GDP.PCAP.CD,2011,4913.89455378862
EAP,East Asia & Pacific (excluding high income),NY.GDP.PCAP.CD,2010,4057.8659052455
TEA,East Asia & Pacific (IDA & IBRD countries),NY.GDP.PCAP.CD,2019,8379.42503514668
TEA,East Asia & Pacific (IDA & IBRD countries),NY.GDP.PCAP.CD,2018,8136.42934013947
TEA,East Asia & Pacific (IDA & IBRD countries),NY.GDP.PCAP.CD,2017,7323.57112357326
TEA,East Asia & Pacific (IDA & IBRD countries),NY.GDP.PCAP.CD,2016,6758.79473763568
TEA,East Asia & Pacific (IDA & IBRD countries),NY.GDP.PCAP.CD,2015,6664.53447337008
TEA,East Asia & Pacific (IDA & IBRD countries),NY.GDP.PCAP.CD,2014,6446.18938511466
TEA,East Asia & Pacific (IDA & IBRD countries),NY.GDP.PCAP.CD,2013,6020.77821511419
TEA,East Asia & Pacific (IDA & IBRD countries),NY.GDP.PCAP.CD,2012,5497.15541159145
TEA,East Asia & Pacific (IDA & IBRD countries),NY.GDP.PCAP.CD,2011,4970.50414407986
TEA,East Asia & Pacific (IDA & IBRD countries),NY.GDP.PCAP.CD,2010,4104.80139766727
EMU,Euro area,NY.GDP.PCAP.CD,2019,38679.6118917933
EMU,Euro area,NY.GDP.PCAP.CD,2018,39562.0814189751
EMU,Euro area,NY.GDP.PCAP.CD,2017,36691.2109171985
EMU,Euro area,NY.GDP.PCAP.CD,2016,34690.2425639991
EMU,Euro area,NY.GDP.PCAP.CD,2015,33928.614137702
EMU,Euro area,NY.GDP.PCAP.CD,2014,39333.1197168101
EMU,Euro area,NY.GDP.PCAP.CD,2013,38455.0565897822
EMU,Euro area,NY.GDP.PCAP.CD,2012,36851.3355744745
EMU,Euro area,NY.GDP.PCAP.CD,2011,39878.1184039802
EMU,Euro area,NY.GDP.PCAP.CD,2010,36841.2601014872
ECS,Europe & Central Asia,NY.GDP.PCAP.CD,2019,25045.1218961925
ECS,Europe & Central Asia,NY.GDP.PCAP.CD,2018,25435.6875035469
ECS,Europe & Central Asia,NY.GDP.PCAP.CD,2017,23839.7319723826
ECS,Europe & Central Asia,NY.GDP.PCAP.CD,2016,22554.6821198127
ECS,Europe & Central Asia,NY.GDP.PCAP.CD,2015,22742.4739859372
ECS,Europe & Central Asia,NY.GDP.PCAP.CD,2014,26517.017870416
ECS,Europe & Central Asia,NY.GDP.PCAP.CD,2013,26236.2854279738
ECS,Europe & Central Asia,NY.GDP.PCAP.CD,2012,25199.9785660563
ECS,Europe & Central Asia,NY.GDP.PCAP.CD,2011,26273.0443343471
ECS,Europe & Central Asia,NY.GDP.PCAP.CD,2010,23731.6668640025
ECA,Europe & Central Asia (excluding high income),NY.GDP.PCAP.CD,2019,6036.15175345642
ECA,Europe & Central Asia (excluding high income),NY.GDP.PCAP.CD,2018,5947.15360517457
ECA,Europe & Central Asia (excluding high income),NY.GDP.PCAP.CD,2017,6129.93083517607
ECA,Europe & Central Asia (excluding high income),NY.GDP.PCAP.CD,2016,6023.54753164072
ECA,Europe & Central Asia (excluding high income),NY.GDP.PCAP.CD,2015,6338.80741019255
ECA,Europe & Central Asia (excluding high income),NY.GDP.PCAP.CD,2014,7334.84338588205
ECA,Europe & Central Asia (excluding high income),NY.GDP.PCAP.CD,2013,7707.27955254226
ECA,Europe & Central Asia (excluding high income),NY.GDP.PCAP.CD,2012,7126.81359535263
ECA,Europe & Central Asia (excluding high income),NY.GDP.PCAP.CD,2011,6817.02366099691
ECA,Europe & Central Asia (excluding high income),NY.GDP.PCAP.CD,2010,6044.40742137607
TEC,Europe & Central Asia (IDA & IBRD countries),NY.GDP.PCAP.CD,2019,9040.92665915657
TEC,Europe & Central Asia (IDA & IBRD countries),NY.GDP.PCAP.CD,2018,8885.56352555245
TEC,Europe & Central Asia (IDA & IBRD countries),NY.GDP.PCAP.CD,2017,8571.09823045668
TEC,Europe & Central Asia (IDA & IBRD countries),NY.GDP.PCAP.CD,2016,7679.02768410566
TEC,Europe & Central Asia (IDA & IBRD countries),NY.GDP.PCAP.CD,2015,8034.6842596255
TEC,Europe & Central Asia (IDA & IBRD countries),NY.GDP.PCAP.CD,2014,10330.3982164695
TEC,Europe & Central Asia (IDA & IBRD countries),NY.GDP.PCAP.CD,2013,10986.3954318467
TEC,Europe & Central Asia (IDA & IBRD countries),NY.GDP.PCAP.CD,2012,10435.8086234655
TEC,Europe & Central Asia (IDA & IBRD countries),NY.GDP.PCAP.CD,2011,10044.9046719064
TEC,Europe & Central Asia (IDA & IBRD countries),NY.GDP.PCAP.CD,2010,8293.77511577841
EUU,European Union,NY.GDP.PCAP.CD,2019,35374.1493923083
EUU,European Union,NY.GDP.PCAP.CD,2018,36076.9018014875
EUU,European Union,NY.GDP.PCAP.CD,2017,33394.5944932308
EUU,European Union,NY.GDP.PCAP.CD,2016,31456.903580129
EUU,European Union,NY.GDP.PCAP.CD,2015,30771.6635221374
EUU,European Union,NY.GDP.PCAP.CD,2014,35590.1074295737
EUU,European Union,NY.GDP.PCAP.CD,2013,34804.7359239781
EUU,European Union,NY.GDP.PCAP.CD,2012,33324.7758491129
EUU,European Union,NY.GDP.PCAP.CD,2011,35963.3218067157
EUU,European Union,NY.GDP.PCAP.CD,2010,33119.5730126034
HPC,Heavily indebted poor countries (HIPC),NY.GDP.PCAP.CD,2019,984.553372875279
HPC,Heavily indebted poor countries (HIPC),NY.GDP.PCAP.CD,2018,986.447970381036
HPC,Heavily indebted poor countries (HIPC),NY.GDP.PCAP.CD,2017,944.105800649501
HPC,Heavily indebted poor countries (HIPC),NY.GDP.PCAP.CD,2016,895.291971418288
HPC,Heavily indebted poor countries (HIPC),NY.GDP.PCAP.CD,2015,917.924140878178
HPC,Heavily indebted poor countries (HIPC),NY.GDP.PCAP.CD,2014,987.602359884364
HPC,Heavily indebted poor countries (HIPC),NY.GDP.PCAP.CD,2013,961.217621514844
HPC,Heavily indebted poor countries (HIPC),NY.GDP.PCAP.CD,2012,881.63617561985
HPC,Heavily indebted poor countries (HIPC),NY.GDP.PCAP.CD,2011,873.650099679893
HPC,Heavily indebted poor countries (HIPC),NY.GDP.PCAP.CD,2010,812.484497775064
IBD,IBRD only,NY.GDP.PCAP.CD,2019,6474.8042775296
IBD,IBRD only,NY.GDP.PCAP.CD,2018,6392.20731313147
IBD,IBRD only,NY.GDP.PCAP.CD,2017,6053.47287028012
IBD,IBRD only,NY.GDP.PCAP.CD,2016,5535.21577803788
IBD,IBRD only,NY.GDP.PCAP.CD,2015,5546.81934137697
IBD,IBRD only,NY.GDP.PCAP.CD,2014,5950.16216217417
IBD,IBRD only,NY.GDP.PCAP.CD,2013,5846.25966334365
IBD,IBRD only,NY.GDP.PCAP.CD,2012,5618.13811823482
IBD,IBRD only,NY.GDP.PCAP.CD,2011,5343.53397444837
IBD,IBRD only,NY.GDP.PCAP.CD,2010,4561.8882339923
IBT,IDA & IBRD total,NY.GDP.PCAP.CD,2019,5168.03480575859
IBT,IDA & IBRD total,NY.GDP.PCAP.CD,2018,5085.0801851085
IBT,IDA & IBRD total,NY.GDP.PCAP.CD,2017,4833.02970118676
IBT,IDA & IBRD total,NY.GDP.PCAP.CD,2016,4450.00988856601
IBT,IDA & IBRD total,NY.GDP.PCAP.CD,2015,4477.24409653758
IBT,IDA & IBRD total,NY.GDP.PCAP.CD,2014,4804.51316862211
IBT,IDA & IBRD total,NY.GDP.PCAP.CD,2013,4717.03916410479
IBT,IDA & IBRD total,NY.GDP.PCAP.CD,2012,4533.14634719975
IBT,IDA & IBRD total,NY.GDP.PCAP.CD,2011,4326.07595088347
IBT,IDA & IBRD total,NY.GDP.PCAP.CD,2010,3717.27572230721
IDB,IDA blend,NY.GDP.PCAP.CD,2019,2210.55539131628
IDB,IDA blend,NY.GDP.PCAP.CD,2018,1873.7385939606
IDB,IDA blend,NY.GDP.PCAP.CD,2017,1808.86674135882
IDB,IDA blend,NY.GDP.PCAP.CD,2016,1810.82104602308
IDB,IDA blend,NY.GDP.PCAP.CD,2015,1967.8941145813
IDB,IDA blend,NY.GDP.PCAP.CD,2014,2113.88702279641
IDB,IDA blend,NY.GDP.PCAP.CD,2013,1985.51999918718
IDB,IDA blend,NY.GDP.PCAP.CD,2012,1858.79619423645
IDB,IDA blend,NY.GDP.PCAP.CD,2011,1719.51377446132
IDB,IDA blend,NY.GDP.PCAP.CD,2010,1546.66486887393
IDX,IDA only,NY.GDP.PCAP.CD,2019,1187.14057928369
IDX,IDA only,NY.GDP.PCAP.CD,2018,1159.99786764696
IDX,IDA only,NY.GDP.PCAP.CD,2017,1111.6681922431
IDX,IDA only,NY.GDP.PCAP.CD,2016,1054.71572764683
IDX,IDA only,NY.GDP.PCAP.CD,2015,1024.03892548547
IDX,IDA only,NY.GDP.PCAP.CD,2014,1049.90073249233
IDX,IDA only,NY.GDP.PCAP.CD,2013,1006.28967463937
IDX,IDA only,NY.GDP.PCAP.CD,2012,945.920267718204
IDX,IDA only,NY.GDP.PCAP.CD,2011,961.703390548921
IDX,IDA only,NY.GDP.PCAP.CD,2010,877.931098861538
IDA,IDA total,NY.GDP.PCAP.CD,2019,1546.57261928545
IDA,IDA total,NY.GDP.PCAP.CD,2018,1411.20738303305
IDA,IDA total,NY.GDP.PCAP.CD,2017,1357.47789528252
IDA,IDA total,NY.GDP.PCAP.CD,2016,1321.74768141485
IDA,IDA total,NY.GDP.PCAP.CD,2015,1357.9051932623
IDA,IDA total,NY.GDP.PCAP.CD,2014,1426.50032692763
IDA,IDA total,NY.GDP.PCAP.CD,2013,1352.92860920219
IDA,IDA total,NY.GDP.PCAP.CD,2012,1268.90303240531
IDA,IDA total,NY.GDP.PCAP.CD,2011,1229.70549062646
IDA,IDA total,NY.GDP.PCAP.CD,2010,1114.11982511932
LTE,Late-demographic dividend,NY.GDP.PCAP.CD,2019,10120.4663725773
LTE,Late-demographic dividend,NY.GDP.PCAP.CD,2018,9966.8758096194
LTE,Late-demographic dividend,NY.GDP.PCAP.CD,2017,9138.44151395876
LTE,Late-demographic dividend,NY.GDP.PCAP.CD,2016,8297.33628667142
LTE,Late-demographic dividend,NY.GDP.PCAP.CD,2015,8331.63288950883
LTE,Late-demographic dividend,NY.GDP.PCAP.CD,2014,8923.25719295961
LTE,Late-demographic dividend,NY.GDP.PCAP.CD,2013,8644.25759929064
LTE,Late-demographic dividend,NY.GDP.PCAP.CD,2012,8073.2092545931
LTE,Late-demographic dividend,NY.GDP.PCAP.CD,2011,7598.75700554996
LTE,Late-demographic dividend,NY.GDP.PCAP.CD,2010,6277.14833950582
LCN,Latin America & Caribbean,NY.GDP.PCAP.CD,2019,8539.95940708219
LCN,Latin America & Caribbean,NY.GDP.PCAP.CD,2018,8778.55673829884
LCN,Latin America & Caribbean,NY.GDP.PCAP.CD,2017,9065.82390216762
LCN,Latin America & Caribbean,NY.GDP.PCAP.CD,2016,8241.51169070648
LCN,Latin America & Caribbean,NY.GDP.PCAP.CD,2015,8546.9179023802
LCN,Latin America & Caribbean,NY.GDP.PCAP.CD,2014,10146.146495038
LCN,Latin America & Caribbean,NY.GDP.PCAP.CD,2013,10305.4184021496
LCN,Latin America & Caribbean,NY.GDP.PCAP.CD,2012,10328.6495660788
LCN,Latin America & Caribbean,NY.GDP.PCAP.CD,2011,10334.0365238871
LCN,Latin America & Caribbean,NY.GDP.PCAP.CD,2010,9183.55248272126
LAC,Latin America & Caribbean (excluding high income),NY.GDP.PCAP.CD,2019,8006.02224102566
LAC,Latin America & Caribbean (excluding high income),NY.GDP.PCAP.CD,2018,8231.91428708974
LAC,Latin America & Caribbean (excluding high income),NY.GDP.PCAP.CD,2017,8568.05689042807
LAC,Latin America & Caribbean (excluding high income),NY.GDP.PCAP.CD,2016,7751.59336930245
LAC,Latin America & Caribbean (excluding high income),NY.GDP.PCAP.CD,2015,8087.33242325425
LAC,Latin America & Caribbean (excluding high income),NY.GDP.PCAP.CD,2014,9758.39172353217
LAC,Latin America & Caribbean (excluding high income),NY.GDP.PCAP.CD,2013,9901.44144000481
LAC,Latin America & Caribbean (excluding high income),NY.GDP.PCAP.CD,2012,9967.79376326951
LAC,Latin America & Caribbean (excluding high income),NY.GDP.PCAP.CD,2011,10025.1749134261
LAC,Latin America & Caribbean (excluding high income),NY.GDP.PCAP.CD,2010,8899.0906686542
TLA,Latin America & the Caribbean (IDA & IBRD countries),NY.GDP.PCAP.CD,2019,8363.2081656376
TLA,Latin America & the Caribbean (IDA & IBRD countries),NY.GDP.PCAP.CD,2018,8620.65095771156
TLA,Latin America & the Caribbean (IDA & IBRD countries),NY.GDP.PCAP.CD,2017,8918.58515585187
TLA,Latin America & the Caribbean (IDA & IBRD countries),NY.GDP.PCAP.CD,2016,8082.0851229591
TLA,Latin America & the Caribbean (IDA & IBRD countries),NY.GDP.PCAP.CD,2015,8404.04978849744
TLA,Latin America & the Caribbean (IDA & IBRD countries),NY.GDP.PCAP.CD,2014,10059.0239257076
TLA,Latin America & the Caribbean (IDA & IBRD countries),NY.GDP.PCAP.CD,2013,10230.3626492605
TLA,Latin America & the Caribbean (IDA & IBRD countries),NY.GDP.PCAP.CD,2012,10261.7354879621
TLA,Latin America & the Caribbean (IDA & IBRD countries),NY.GDP.PCAP.CD,2011,10277.434412177
TLA,Latin America & the Caribbean (IDA & IBRD countries),NY.GDP.PCAP.CD,2010,9115.37372505227
LDC,Least developed countries: UN classification,NY.GDP.PCAP.CD,2019,1106.28664072321
LDC,Least developed countries: UN classification,NY.GDP.PCAP.CD,2018,1082.35070462921
LDC,Least developed countries: UN classification,NY.GDP.PCAP.CD,2017,1037.25514816682
LDC,Least developed countries: UN classification,NY.GDP.PCAP.CD,2016,968.123330592586
LDC,Least developed countries: UN classification,NY.GDP.PCAP.CD,2015,983.414934367096
LDC,Least developed countries: UN classification,NY.GDP.PCAP.CD,2014,1056.97673052647
LDC,Least developed countries: UN classification,NY.GDP.PCAP.CD,2013,1007.4142967268
LDC,Least developed countries: UN classification,NY.GDP.PCAP.CD,2012,947.852167260893
LDC,Least developed countries: UN classification,NY.GDP.PCAP.CD,2011,925.476117160599
LDC,Least developed countries: UN classification,NY.GDP.PCAP.CD,2010,831.843840698341
LMY,Low & middle income,NY.GDP.PCAP.CD,2019,4857.12471542798
LMY,Low & middle income,NY.GDP.PCAP.CD,2018,4773.03574184686
LMY,Low & middle income,NY.GDP.PCAP.CD,2017,4543.08689291431
LMY,Low & middle income,NY.GDP.PCAP.CD,2016,4211.54702250163
LMY,Low & middle income,NY.GDP.PCAP.CD,2015,4223.77742891002
LMY,Low & middle income,NY.GDP.PCAP.CD,2014,4422.77737437186
LMY,Low & middle income,NY.GDP.PCAP.CD,2013,4290.6132325261
LMY,Low & middle income,NY.GDP.PCAP.CD,2012,4118.30612372108
LMY,Low & middle income,NY.GDP.PCAP.CD,2011,3921.45366982115
LMY,Low & middle income,NY.GDP.PCAP.CD,2010,3399.2509126603
MEA,"Middle East, North Africa, Afghanistan & Pakistan",NY.GDP.PCAP.CD,2019,5416.06362418233
MEA,"Middle East, North Africa, Afghanistan & Pakistan",NY.GDP.PCAP.CD,2018,5550.31969384997
MEA,"Middle East, North Africa, Afghanistan & Pakistan",NY.GDP.PCAP.CD,2017,5283.42471158364
MEA,"Middle East, North Africa, Afghanistan & Pakistan",NY.GDP.PCAP.CD,2016,5130.21030038801
MEA,"Middle East, North Africa, Afghanistan & Pakistan",NY.GDP.PCAP.CD,2015,5130.25978607342
MEA,"Middle East, North Africa, Afghanistan & Pakistan",NY.GDP.PCAP.CD,2014,5814.71484290247
MEA,"Middle East, North Africa, Afghanistan & Pakistan",NY.GDP.PCAP.CD,2013,5871.07008125381
MEA,"Middle East, North Africa, Afghanistan & Pakistan",NY.GDP.PCAP.CD,2012,6052.38238208124
MEA,"Middle East, North Africa, Afghanistan & Pakistan",NY.GDP.PCAP.CD,2011,5735.78283895152
MEA,"Middle East, North Africa, Afghanistan & Pakistan",NY.GDP.PCAP.CD,2010,4874.74374602995
MNA,"Middle East, North Africa, Afghanistan & Pakistan (excluding high income)",NY.GDP.PCAP.CD,2019,2701.71325265282
MNA,"Middle East, North Africa, Afghanistan & Pakistan (excluding high income)",NY.GDP.PCAP.CD,2018,2815.3901774218
MNA,"Middle East, North Africa, Afghanistan & Pakistan (excluding high income)",NY.GDP.PCAP.CD,2017,2865.83515636992
MNA,"Middle East, North Africa, Afghanistan & Pakistan (excluding high income)",NY.GDP.PCAP.CD,2016,2869.01813118566
MNA,"Middle East, North Africa, Afghanistan & Pakistan (excluding high income)",NY.GDP.PCAP.CD,2015,2808.6233441937
MNA,"Middle East, North Africa, Afghanistan & Pakistan (excluding high income)",NY.GDP.PCAP.CD,2014,3079.70398875281
MNA,"Middle East, North Africa, Afghanistan & Pakistan (excluding high income)",NY.GDP.PCAP.CD,2013,3153.94010992027
MNA,"Middle East, North Africa, Afghanistan & Pakistan (excluding high income)",NY.GDP.PCAP.CD,2012,3417.92480806409
MNA,"Middle East, North Africa, Afghanistan & Pakistan (excluding high income)",NY.GDP.PCAP.CD,2011,3237.8356313737
MNA,"Middle East, North Africa, Afghanistan & Pakistan (excluding high income)",NY.GDP.PCAP.CD,2010,2821.50866622906
TMN,"Middle East, North Africa, Afghanistan & Pakistan (IDA & IBRD)",NY.GDP.PCAP.CD,2019,2695.09130976796
TMN,"Middle East, North Africa, Afghanistan & Pakistan (IDA & IBRD)",NY.GDP.PCAP.CD,2018,2810.24942028442
TMN,"Middle East, North Africa, Afghanistan & Pakistan (IDA & IBRD)",NY.GDP.PCAP.CD,2017,2860.68231685818
TMN,"Middle East, North Africa, Afghanistan & Pakistan (IDA & IBRD)",NY.GDP.PCAP.CD,2016,2864.53445831005
TMN,"Middle East, North Africa, Afghanistan & Pakistan (IDA & IBRD)",NY.GDP.PCAP.CD,2015,2805.48695611112
TMN,"Middle East, North Africa, Afghanistan & Pakistan (IDA & IBRD)",NY.GDP.PCAP.CD,2014,3077.87148288398
TMN,"Middle East, North Africa, Afghanistan & Pakistan (IDA & IBRD)",NY.GDP.PCAP.CD,2013,3152.86009912184
TMN,"Middle East, North Africa, Afghanistan & Pakistan (IDA & IBRD)",NY.GDP.PCAP.CD,2012,3420.25908562298
TMN,"Middle East, North Africa, Afghanistan & Pakistan (IDA & IBRD)",NY.GDP.PCAP.CD,2011,3240.2024082126
TMN,"Middle East, North Africa, Afghanistan & Pakistan (IDA & IBRD)",NY.GDP.PCAP.CD,2010,2823.25407911922
MIC,Middle income,NY.GDP.PCAP.CD,2019,5333.00944959533
MIC,Middle income,NY.GDP.PCAP.CD,2018,5231.9314869653
MIC,Middle income,NY.GDP.PCAP.CD,2017,4970.75305971396
MIC,Middle income,NY.GDP.PCAP.CD,2016,4598.01556540424
MIC,Middle income,NY.GDP.PCAP.CD,2015,4597.60474958281
MIC,Middle income,NY.GDP.PCAP.CD,2014,4808.99653991663
MIC,Middle income,NY.GDP.PCAP.CD,2013,4661.49740787105
MIC,Middle income,NY.GDP.PCAP.CD,2012,4467.32549649132
MIC,Middle income,NY.GDP.PCAP.CD,2011,4240.03549037097
MIC,Middle income,NY.GDP.PCAP.CD,2010,3664.92162337478
NAC,North America,NY.GDP.PCAP.CD,2019,63306.810223782
NAC,North America,NY.GDP.PCAP.CD,2018,61228.2000482629
NAC,North America,NY.GDP.PCAP.CD,2017,58555.9003870103
NAC,North America,NY.GDP.PCAP.CD,2016,56416.7892083026
NAC,North America,NY.GDP.PCAP.CD,2015,55534.4614029189
NAC,North America,NY.GDP.PCAP.CD,2014,54742.8371458308
NAC,North America,NY.GDP.PCAP.CD,2013,53240.3655883832
NAC,North America,NY.GDP.PCAP.CD,2012,51812.8656700661
NAC,North America,NY.GDP.PCAP.CD,2011,50252.0190049531
NAC,North America,NY.GDP.PCAP.CD,2010,48545.8113186856
OED,OECD members,NY.GDP.PCAP.CD,2019,39940.835037623
OED,OECD members,NY.GDP.PCAP.CD,2018,39756.7556647363
OED,OECD members,NY.GDP.PCAP.CD,2017,37802.8422452392
OED,OECD members,NY.GDP.PCAP.CD,2016,36407.3771727139
OED,OECD members,NY.GDP.PCAP.CD,2015,35931.9232791311
OED,OECD members,NY.GDP.PCAP.CD,2014,38322.7280627757
OED,OECD members,NY.GDP.PCAP.CD,2013,37734.7608375528
OED,OECD members,NY.GDP.PCAP.CD,2012,37418.2889334065
OED,OECD members,NY.GDP.PCAP.CD,2011,37684.316544302
OED,OECD members,NY.GDP.PCAP.CD,2010,35218.2377011995
OSS,Other small states,NY.GDP.PCAP.CD,2019,12908.1967698249
OSS,Other small states,NY.GDP.PCAP.CD,2018,13026.838449762
OSS,Other small states,NY.GDP.PCAP.CD,2017,11950.9760651787
OSS,Other small states,NY.GDP.PCAP.CD,2016,10813.3811118925
OSS,Other small states,NY.GDP.PCAP.CD,2015,10359.1167773921
OSS,Other small states,NY.GDP.PCAP.CD,2014,11682.6156441392
OSS,Other small states,NY.GDP.PCAP.CD,2013,11421.7952581155
OSS,Other small states,NY.GDP.PCAP.CD,2012,11084.4148894956
OSS,Other small states,NY.GDP.PCAP.CD,2011,11469.9525501466
OSS,Other small states,NY.GDP.PCAP.CD,2010,10149.5633726375
PSS,Pacific island small states,NY.GDP.PCAP.CD,2019,4185.0758997627
PSS,Pacific island small states,NY.GDP.PCAP.CD,2018,4295.18182253285
PSS,Pacific island small states,NY.GDP.PCAP.CD,2017,4147.00368611764
PSS,Pacific island small states,NY.GDP.PCAP.CD,2016,3898.87961923979
PSS,Pacific island small states,NY.GDP.PCAP.CD,2015,3761.06673610832
PSS,Pacific island small states,NY.GDP.PCAP.CD,2014,3891.36256203141
PSS,Pacific island small states,NY.GDP.PCAP.CD,2013,3630.10394299084
PSS,Pacific island small states,NY.GDP.PCAP.CD,2012,3493.28831201062
PSS,Pacific island small states,NY.GDP.PCAP.CD,2011,3338.30793678792
PSS,Pacific island small states,NY.GDP.PCAP.CD,2010,2899.88573139903
PST,Post-demographic dividend,NY.GDP.PCAP.CD,2019,46125.7453007656
PST,Post-demographic dividend,NY.GDP.PCAP.CD,2018,45787.7299792029
PST,Post-demographic dividend,NY.GDP.PCAP.CD,2017,43356.99969696
PST,Post-demographic dividend,NY.GDP.PCAP.CD,2016,41720.329677393
PST,Post-demographic dividend,NY.GDP.PCAP.CD,2015,40960.9089975197
PST,Post-demographic dividend,NY.GDP.PCAP.CD,2014,43482.2905959942
PST,Post-demographic dividend,NY.GDP.PCAP.CD,2013,42757.0705462921
PST,Post-demographic dividend,NY.GDP.PCAP.CD,2012,42453.1056245877
PST,Post-demographic dividend,NY.GDP.PCAP.CD,2011,42699.7581912628
PST,Post-demographic dividend,NY.GDP.PCAP.CD,2010,39869.2354180288
PRE,Pre-demographic dividend,NY.GDP.PCAP.CD,2019,1682.64777483043
PRE,Pre-demographic dividend,NY.GDP.PCAP.CD,2018,1452.10811367974
PRE,Pre-demographic dividend,NY.GDP.PCAP.CD,2017,1341.55710823713
PRE,Pre-demographic dividend,NY.GDP.PCAP.CD,2016,1318.65578321566
PRE,Pre-demographic dividend,NY.GDP.PCAP.CD,2015,1526.04099231967
PRE,Pre-demographic dividend,NY.GDP.PCAP.CD,2014,1849.26650645876
PRE,Pre-demographic dividend,NY.GDP.PCAP.CD,2013,1797.07620788678
PRE,Pre-demographic dividend,NY.GDP.PCAP.CD,2012,1687.90559427919
PRE,Pre-demographic dividend,NY.GDP.PCAP.CD,2011,1597.7670422466
PRE,Pre-demographic dividend,NY.GDP.PCAP.CD,2010,1422.25838961236
SST,Small states,NY.GDP.PCAP.CD,2019,11997.3036529705
SST,Small states,NY.GDP.PCAP.CD,2018,12064.6886372837
SST,Small states,NY.GDP.PCAP.CD,2017,11319.4921033734
SST,Small states,NY.GDP.PCAP.CD,2016,10492.0492970632
SST,Small states,NY.GDP.PCAP.CD,2015,10451.9964952878
SST,Small states,NY.GDP.PCAP.CD,2014,11422.9709382889
SST,Small states,NY.GDP.PCAP.CD,2013,11137.9509953235
SST,Small states,NY.GDP.PCAP.CD,2012,10829.4075164827
SST,Small states,NY.GDP.PCAP.CD,2011,10887.8653862795
SST,Small states,NY.GDP.PCAP.CD,2010,9799.55180930436
SAS,South Asia,NY.GDP.PCAP.CD,2019,2067.05975680251
SAS,South Asia,NY.GDP.PCAP.CD,2018,1988.36633317988
SAS,South Asia,NY.GDP.PCAP.CD,2017,1956.06707563972
SAS,South Asia,NY.GDP.PCAP.CD,2016,1722.90703396273
SAS,South Asia,NY.GDP.PCAP.CD,2015,1570.54142452744
SAS,South Asia,NY.GDP.PCAP.CD,2014,1528.4920875126
SAS,South Asia,NY.GDP.PCAP.CD,2013,1405.84072374278
SAS,South Asia,NY.GDP.PCAP.CD,2012,1387.18205938261
SAS,South Asia,NY.GDP.PCAP.CD,2011,1397.0068255002
SAS,South Asia,NY.GDP.PCAP.CD,2010,1294.02734415145
TSA,South Asia (IDA & IBRD),NY.GDP.PCAP.CD,2019,2067.05975680251
TSA,South Asia (IDA & IBRD),NY.GDP.PCAP.CD,2018,1988.36633317988
TSA,South Asia (IDA & IBRD),NY.GDP.PCAP.CD,2017,1956.06707563972
TSA,South Asia (IDA & IBRD),NY.GDP.PCAP.CD,2016,1722.90703396273
TSA,South Asia (IDA & IBRD),NY.GDP.PCAP.CD,2015,1570.54142452744
TSA,South Asia (IDA & IBRD),NY.GDP.PCAP.CD,2014,1528.4920875126
TSA,South Asia (IDA & IBRD),NY.GDP.PCAP.CD,2013,1405.84072374278
TSA,South Asia (IDA & IBRD),NY.GDP.PCAP.CD,2012,1387.18205938261
TSA,South Asia (IDA & IBRD),NY.GDP.PCAP.CD,2011,1397.0068255002
TSA,South Asia (IDA & IBRD),NY.GDP.PCAP.CD,2010,1294.02734415145
SSF,Sub-Saharan Africa,NY.GDP.PCAP.CD,2019,1797.04121765415
SSF,Sub-Saharan Africa,NY.GDP.PCAP.CD,2018,1622.59575329634
SSF,Sub-Saharan Africa,NY.GDP.PCAP.CD,2017,1549.18831908585
SSF,Sub-Saharan Africa,NY.GDP.PCAP.CD,2016,1456.65211115929
SSF,Sub-Saharan Africa,NY.GDP.PCAP.CD,2015,1647.32085826836
SSF,Sub-Saharan Africa,NY.GDP.PCAP.CD,2014,1907.73210907064
SSF,Sub-Saharan Africa,NY.GDP.PCAP.CD,2013,1880.39980462364
SSF,Sub-Saharan Africa,NY.GDP.PCAP.CD,2012,1818.06125449252
SSF,Sub-Saharan Africa,NY.GDP.PCAP.CD,2011,1796.16109829226
SSF,Sub-Saharan Africa,NY.GDP.PCAP.CD,2010,1643.30753523371
SSA,Sub-Saharan Africa (excluding high income),NY.GDP.PCAP.CD,2019,1795.55378673641
SSA,Sub-Saharan Africa (excluding high income),NY.GDP.PCAP.CD,2018,1621.1285196776
SSA,Sub-Saharan Africa (excluding high income),NY.GDP.PCAP.CD,2017,1547.77467837023
SSA,Sub-Saharan Africa (excluding high income),NY.GDP.PCAP.CD,2016,1455.29231657117
SSA,Sub-Saharan Africa (excluding high income),NY.GDP.PCAP.CD,2015,1646.07300085129
SSA,Sub-Saharan Africa (excluding high income),NY.GDP.PCAP.CD,2014,1906.51557748593
SSA,Sub-Saharan Africa (excluding high income),NY.GDP.PCAP.CD,2013,1879.20059513022
SSA,Sub-Saharan Africa (excluding high income),NY.GDP.PCAP.CD,2012,1817.07773780046
SSA,Sub-Saharan Africa (excluding high income),NY.GDP.PCAP.CD,2011,1795.17977483773
SSA,Sub-Saharan Africa (excluding high income),NY.GDP.PCAP.CD,2010,1642.37471849237
TSS,Sub-Saharan Africa (IDA & IBRD countries),NY.GDP.PCAP.CD,2019,1797.04121765415
TSS,Sub-Saharan Africa (IDA & IBRD countries),NY.GDP.PCAP.CD,2018,1622.59575329634
TSS,Sub-Saharan Africa (IDA & IBRD countries),NY.GDP.PCAP.CD,2017,1549.18831908585
TSS,Sub-Saharan Africa (IDA & IBRD countries),NY.GDP.PCAP.CD,2016,1456.65211115929
TSS,Sub-Saharan Africa (IDA & IBRD countries),NY.GDP.PCAP.CD,2015,1647.32085826836
TSS,Sub-Saharan Africa (IDA & IBRD countries),NY.GDP.PCAP.CD,2014,1907.73210907064
TSS,Sub-Saharan Africa (IDA & IBRD countries),NY.GDP.PCAP.CD,2013,1880.39980462364
TSS,Sub-Saharan Africa (IDA & IBRD countries),NY.GDP.PCAP.CD,2012,1818.06125449252
TSS,Sub-Saharan Africa (IDA & IBRD countries),NY.GDP.PCAP.CD,2011,1796.16109829226
TSS,Sub-Saharan Africa (IDA & IBRD countries),NY.GDP.PCAP.CD,2010,1643.30753523371
WLD,World,NY.GDP.PCAP.CD,2019,11417.5958587724
WLD,World,NY.GDP.PCAP.CD,2018,11344.728168656
WLD,World,NY.GDP.PCAP.CD,2017,10784.3950896297
WLD,World,NY.GDP.PCAP.CD,2016,10239.4656645738
WLD,World,NY.GDP.PCAP.CD,2015,10191.9752512662
WLD,World,NY.GDP.PCAP.CD,2014,10912.2447775638
WLD,World,NY.GDP.PCAP.CD,2013,10759.3457336689
WLD,World,NY.GDP.PCAP.CD,2012,10597.8460782595
WLD,World,NY.GDP.PCAP.CD,2011,10496.9310026996
WLD,World,NY.GDP.PCAP.CD,2010,9555.06543969498
AFG,Afghanistan,NY.GDP.PCAP.CD,2019,496.6025042585
AFG,Afghanistan,NY.GDP.PCAP.CD,2018,491.337221382603
AFG,Afghanistan,NY.GDP.PCAP.CD,2017,525.469770891619
AFG,Afghanistan,NY.GDP.PCAP.CD,2016,522.082215583898
AFG,Afghanistan,NY.GDP.PCAP.CD,2015,565.569730408751
AFG,Afghanistan,NY.GDP.PCAP.CD,2014,625.054941813938
AFG,Afghanistan,NY.GDP.PCAP.CD,2013,637.087099117099
AFG,Afghanistan,NY.GDP.PCAP.CD,2012,651.417134470046
AFG,Afghanistan,NY.GDP.PCAP.CD,2011,606.694676337726
AFG,Afghanistan,NY.GDP.PCAP.CD,2010,560.621505463146
ALB,Albania,NY.GDP.PCAP.CD,2019,6069.43903131027
ALB,Albania,NY.GDP.PCAP.CD,2018,5897.65452588774
ALB,Albania,NY.GDP.PCAP.CD,2017,5006.36012951959
ALB,Albania,NY.GDP.PCAP.CD,2016,4457.63412207495
ALB,Albania,NY.GDP.PCAP.CD,2015,4199.53912925398
ALB,Albania,NY.GDP.PCAP.CD,2014,4793.59751131525
ALB,Albania,NY.GDP.PCAP.CD,2013,4542.92903556739
ALB,Albania,NY.GDP.PCAP.CD,2012,4280.93316338873
ALB,Albania,NY.GDP.PCAP.CD,2011,4465.70914328865
ALB,Albania,NY.GDP.PCAP.CD,2010,4149.14469936847
DZA,Algeria,NY.GDP.PCAP.CD,2019,4468.45341883656
DZA,Algeria,NY.GDP.PCAP.CD,2018,4577.21029180491
DZA,Algeria,NY.GDP.PCAP.CD,2017,4554.66753957828
DZA,Algeria,NY.GDP.PCAP.CD,2016,4424.98529027556
DZA,Algeria,NY.GDP.PCAP.CD,2015,4685.05902729002
DZA,Algeria,NY.GDP.PCAP.CD,2014,6094.69392314956
DZA,Algeria,NY.GDP.PCAP.CD,2013,5979.60138960585
DZA,Algeria,NY.GDP.PCAP.CD,2012,6033.64884689543
DZA,Algeria,NY.GDP.PCAP.CD,2011,5916.31364364343
DZA,Algeria,NY.GDP.PCAP.CD,2010,4912.78585503672
ASM,American Samoa,NY.GDP.PCAP.CD,2019,12886.1359517218
ASM,American Samoa,NY.GDP.PCAP.CD,2018,12552.0546868861
ASM,American Samoa,NY.GDP.PCAP.CD,2017,11863.6839452565
ASM,American Samoa,NY.GDP.PCAP.CD,2016,12843.3342903627
ASM,American Samoa,NY.GDP.PCAP.CD,2015,12727.4102651386
ASM,American Samoa,NY.GDP.PCAP.CD,2014,12026.3344929488
ASM,American Samoa,NY.GDP.PCAP.CD,2013,11813.5022034589
ASM,American Samoa,NY.GDP.PCAP.CD,2012,11745.4899153958
ASM,American Samoa,NY.GDP.PCAP.CD,2011,10383.459331451
ASM,American Samoa,NY.GDP.PCAP.CD,2010,10375.1720141957
AND,Andorra,NY.GDP.PCAP.CD,2019,41257.8045861543
AND,Andorra,NY.GDP.PCAP.CD,2018,42819.774579353
AND,Andorra,NY.GDP.PCAP.CD,2017,40672.9943362327
AND,Andorra,NY.GDP.PCAP.CD,2016,40129.8192026671
AND,Andorra,NY.GDP.PCAP.CD,2015,38654.9347217207
AND,Andorra,NY.GDP.PCAP.CD,2014,44369.6596894579
AND,Andorra,NY.GDP.PCAP.CD,2013,42470.3161158563
AND,Andorra,NY.GDP.PCAP.CD,2012,41500.5435782722
AND,Andorra,NY.GDP.PCAP.CD,2011,46657.1561204071
AND,Andorra,NY.GDP.PCAP.CD,2010,42746.830952263
AGO,Angola,NY.GDP.PCAP.CD,2019,2507.86807213642
AGO,Angola,NY.GDP.PCAP.CD,2018,2891.83032378747
AGO,Angola,NY.GDP.PCAP.CD,2017,2832.14997950512
AGO,Angola,NY.GDP.PCAP.CD,2016,2082.37343594705
AGO,Angola,NY.GDP.PCAP.CD,2015,3641.72893920253
AGO,Angola,NY.GDP.PCAP.CD,2014,5649.68762467535
AGO,Angola,NY.GDP.PCAP.CD,2013,5688.57916213471
AGO,Angola,NY.GDP.PCAP.CD,2012,5702.45306277434
AGO,Angola,NY.GDP.PCAP.CD,2011,5184.15269151846
AGO,Angola,NY.GDP.PCAP.CD,2010,4101.63715564669
ATG,Antigua and Barbuda,NY.GDP.PCAP.CD,2019,18896.3721832248
ATG,Antigua and Barbuda,NY.GDP.PCAP.CD,2018,18273.4270684912
ATG,Antigua and Barbuda,NY.GDP.PCAP.CD,2017,16965.7288273816
ATG,Antigua and Barbuda,NY.GDP.PCAP.CD,2016,16556.8551801588
ATG,Antigua and Barbuda,NY.GDP.PCAP.CD,2015,16077.6340769406
ATG,Antigua and Barbuda,NY.GDP.PCAP.CD,2014,15532.1062063584
ATG,Antigua and Barbuda,NY.GDP.PCAP.CD,2013,15051.5113587425
ATG,Antigua and Barbuda,NY.GDP.PCAP.CD,2012,15639.8078114787
ATG,Antigua and Barbuda,NY.GDP.PCAP.CD,2011,14911.7275084471
ATG,Antigua and Barbuda,NY.GDP.PCAP.CD,2010,15217.3950790922
ARG,Argentina,NY.GDP.PCAP.CD,2019,9955.97478680428
ARG,Argentina,NY.GDP.PCAP.CD,2018,11752.7998922979
ARG,Argentina,NY.GDP.PCAP.CD,2017,14532.5009308511
ARG,Argentina,NY.GDP.PCAP.CD,2016,12699.9623137756
ARG,Argentina,NY.GDP.PCAP.CD,2015,13679.6264980954
ARG,Argentina,NY.GDP.PCAP.CD,2014,12233.1444119186
ARG,Argentina,NY.GDP.PCAP.CD,2013,12963.675773326
ARG,Argentina,NY.GDP.PCAP.CD,2012,12949.717486654
ARG,Argentina,NY.GDP.PCAP.CD,2011,12704.2831819684
ARG,Argentina,NY.GDP.PCAP.CD,2010,10260.1313108254
ARM,Armenia,NY.GDP.PCAP.CD,2019,4597.22887399548
ARM,Armenia,NY.GDP.PCAP.CD,2018,4196.00562301769
ARM,Armenia,NY.GDP.PCAP.CD,2017,3869.05373867752
ARM,Armenia,NY.GDP.PCAP.CD,2016,3524.42476874707
ARM,Armenia,NY.GDP.PCAP.CD,2015,3512.39350276709
ARM,Armenia,NY.GDP.PCAP.CD,2014,3852.11800610384
ARM,Armenia,NY.GDP.PCAP.CD,2013,3680.16692158886
ARM,Armenia,NY.GDP.PCAP.CD,2012,3511.56399687426
ARM,Armenia,NY.GDP.PCAP.CD,2011,3349.55309771906
ARM,Armenia,NY.GDP.PCAP.CD,2010,3041.34450723339
ABW,Aruba,NY.GDP.PCAP.CD,2019,30654.4851235397
ABW,Aruba,NY.GDP.PCAP.CD,2018,30082.1584226798
ABW,Aruba,NY.GDP.PCAP.CD,2017,28440.0416881491
ABW,Aruba,NY.GDP.PCAP.CD,2016,27441.5502144601
ABW,Aruba,NY.GDP.PCAP.CD,2015,27458.2201537506
ABW,Aruba,NY.GDP.PCAP.CD,2014,26129.8390617693
ABW,Aruba,NY.GDP.PCAP.CD,2013,25813.5714408438
ABW,Aruba,NY.GDP.PCAP.CD,2012,25119.6655449838
ABW,Aruba,NY.GDP.PCAP.CD,2011,25712.3843015186
ABW,Aruba,NY.GDP.PCAP.CD,2010,24093.1401510626
AUS,Australia,NY.GDP.PCAP.CD,2019,55194.7585097428
AUS,Australia,NY.GDP.PCAP.CD,2018,57410.1737346009
AUS,Australia,NY.GDP.PCAP.CD,2017,54117.547718609
AUS,Australia,NY.GDP.PCAP.CD,2016,50084.4440606385
AUS,Australia,NY.GDP.PCAP.CD,2015,56970.3613028094
AUS,Australia,NY.GDP.PCAP.CD,2014,62817.2061751737
AUS,Australia,NY.GDP.PCAP.CD,2013,68476.6788496118
AUS,Australia,NY.GDP.PCAP.CD,2012,68301.4402512587
AUS,Australia,NY.GDP.PCAP.CD,2011,62799.3895017032
AUS,Australia,NY.GDP.PCAP.CD,2010,52313.8939041213
AUT,Austria,NY.GDP.PCAP.CD,2019,49885.9947355204
AUT,Austria,NY.GDP.PCAP.CD,2018,51194.0749841299
AUT,Austria,NY.GDP.PCAP.CD,2017,47163.7425775142
AUT,Austria,NY.GDP.PCAP.CD,2016,45061.4993920192
AUT,Austria,NY.GDP.PCAP.CD,2015,43915.228020857
AUT,Austria,NY.GDP.PCAP.CD,2014,51314.9722616322
AUT,Austria,NY.GDP.PCAP.CD,2013,50305.3545774973
AUT,Austria,NY.GDP.PCAP.CD,2012,48250.4059142637
AUT,Austria,NY.GDP.PCAP.CD,2011,51116.8953522042
AUT,Austria,NY.GDP.PCAP.CD,2010,46611.1393420232
AZE,Azerbaijan,NY.GDP.PCAP.CD,2019,4805.75371765917
AZE,Azerbaijan,NY.GDP.PCAP.CD,2018,4739.7943123408
AZE,Azerbaijan,NY.GDP.PCAP.CD,2017,4147.1981423222
AZE,Azerbaijan,NY.GDP.PCAP.CD,2016,3880.6852276838
AZE,Azerbaijan,NY.GDP.PCAP.CD,2015,5500.50364628486
AZE,Azerbaijan,NY.GDP.PCAP.CD,2014,7890.84028062087
AZE,Azerbaijan,NY.GDP.PCAP.CD,2013,7875.34536661549
AZE,Azerbaijan,NY.GDP.PCAP.CD,2012,7495.86527658099
AZE,Azerbaijan,NY.GDP.PCAP.CD,2011,7189.81869211976
AZE,Azerbaijan,NY.GDP.PCAP.CD,2010,5843.5337683582
BHS,"Bahamas, The",NY.GDP.PCAP.CD,2019,33640.3369861278
BHS,"Bahamas, The",NY.GDP.PCAP.CD,2018,32642.3353203452
BHS,"Bahamas, The",NY.GDP.PCAP.CD,2017,31875.4881749619
BHS,"Bahamas, The",NY.GDP.PCAP.CD,2016,30616.5363157284
BHS,"Bahamas, The",NY.GDP.PCAP.CD,2015,30719.405417469
BHS,"Bahamas, The",NY.GDP.PCAP.CD,2014,29137.2175632622
BHS,"Bahamas, The",NY.GDP.PCAP.CD,2013,27642.7419759179
BHS,"Bahamas, The",NY.GDP.PCAP.CD,2012,28552.0242683151
BHS,"Bahamas, The",NY.GDP.PCAP.CD,2011,27090.8376801379
BHS,"Bahamas, The",NY.GDP.PCAP.CD,2010,27473.100430502
BHR,Bahrain,NY.GDP.PCAP.CD,2019,27259.7438599327
BHR,Bahrain,NY.GDP.PCAP.CD,2018,26324.4066549559
BHR,Bahrain,NY.GDP.PCAP.CD,2017,24784.7693514607
BHR,Bahrain,NY.GDP.PCAP.CD,2016,23800.001440631
BHR,Bahrain,NY.GDP.PCAP.CD,2015,23734.0551143019
BHR,Bahrain,NY.GDP.PCAP.CD,2014,26451.7965647453
BHR,Bahrain,NY.GDP.PCAP.CD,2013,26989.7601148469
BHR,Bahrain,NY.GDP.PCAP.CD,2012,26438.6733230428
BHR,Bahrain,NY.GDP.PCAP.CD,2011,25032.7867743333
BHR,Bahrain,NY.GDP.PCAP.CD,2010,21819.3291098099
BGD,Bangladesh,NY.GDP.PCAP.CD,2019,2129.79896954606
BGD,Bangladesh,NY.GDP.PCAP.CD,2018,1965.24372731467
BGD,Bangladesh,NY.GDP.PCAP.CD,2017,1811.08221668646
BGD,Bangladesh,NY.GDP.PCAP.CD,2016,1649.28380858601
BGD,Bangladesh,NY.GDP.PCAP.CD,2015,1224.38647668165
BGD,Bangladesh,NY.GDP.PCAP.CD,2014,1094.46199702838
BGD,Bangladesh,NY.GDP.PCAP.CD,2013,958.262989798283
BGD,Bangladesh,NY.GDP.PCAP.CD,2012,859.680536375497
BGD,Bangladesh,NY.GDP.PCAP.CD,2011,837.336944695647
BGD,Bangladesh,NY.GDP.PCAP.CD,2010,757.385280361508
BRB,Barbados,NY.GDP.PCAP.CD,2019,21929.435611489
BRB,Barbados,NY.GDP.PCAP.CD,2018,21378.2201267496
BRB,Barbados,NY.GDP.PCAP.CD,2017,20870.7596432179
BRB,Barbados,NY.GDP.PCAP.CD,2016,20311.4094163764
BRB,Barbados,NY.GDP.PCAP.CD,2015,20429.4747123553
BRB,Barbados,NY.GDP.PCAP.CD,2014,20423.7177921163
BRB,Barbados,NY.GDP.PCAP.CD,2013,20384.4910233555
BRB,Barbados,NY.GDP.PCAP.CD,2012,19811.2953079751
BRB,Barbados,NY.GDP.PCAP.CD,2011,20146.2381264508
BRB,Barbados,NY.GDP.PCAP.CD,2010,19723.2381931602
BLR,Belarus,NY.GDP.PCAP.CD,2019,6837.77339645635
BLR,Belarus,NY.GDP.PCAP.CD,2018,6360.037502312
BLR,Belarus,NY.GDP.PCAP.CD,2017,5785.54491935194
BLR,Belarus,NY.GDP.PCAP.CD,2016,5039.77560949445
BLR,Belarus,NY.GDP.PCAP.CD,2015,5967.05595058777
BLR,Belarus,NY.GDP.PCAP.CD,2014,8341.31809294883
BLR,Belarus,NY.GDP.PCAP.CD,2013,7998.0802045456
BLR,Belarus,NY.GDP.PCAP.CD,2012,6953.21591683101
BLR,Belarus,NY.GDP.PCAP.CD,2011,6527.6593428786
BLR,Belarus,NY.GDP.PCAP.CD,2010,6034.67885177216
BEL,Belgium,NY.GDP.PCAP.CD,2019,46716.6227467964
BEL,Belgium,NY.GDP.PCAP.CD,2018,47487.2100392561
BEL,Belgium,NY.GDP.PCAP.CD,2017,44035.3239358548
BEL,Belgium,NY.GDP.PCAP.CD,2016,41854.5498296444
BEL,Belgium,NY.GDP.PCAP.CD,2015,40893.804537772
BEL,Belgium,NY.GDP.PCAP.CD,2014,47995.7786961339
BEL,Belgium,NY.GDP.PCAP.CD,2013,46964.5946777056
BEL,Belgium,NY.GDP.PCAP.CD,2012,44874.1709182123
BEL,Belgium,NY.GDP.PCAP.CD,2011,47760.8298776546
BEL,Belgium,NY.GDP.PCAP.CD,2010,44197.393671162
BLZ,Belize,NY.GDP.PCAP.CD,2019,6171.61449761423
BLZ,Belize,NY.GDP.PCAP.CD,2018,6011.99036888587
BLZ,Belize,NY.GDP.PCAP.CD,2017,6071.85451846453
BLZ,Belize,NY.GDP.PCAP.CD,2016,6140.86713919469
BLZ,Belize,NY.GDP.PCAP.CD,2015,6154.62264230369
BLZ,Belize,NY.GDP.PCAP.CD,2014,6128.12053089077
BLZ,Belize,NY.GDP.PCAP.CD,2013,5957.34953619006
BLZ,Belize,NY.GDP.PCAP.CD,2012,5732.66519942347
BLZ,Belize,NY.GDP.PCAP.CD,2011,5596.05222152289
BLZ,Belize,NY.GDP.PCAP.CD,2010,5461.40735999001
BEN,Benin,NY.GDP.PCAP.CD,2019,1130.82135339795
BEN,Benin,NY.GDP.PCAP.CD,2018,1151.7409703472
BEN,Benin,NY.GDP.PCAP.CD,2017,1054.97408066814
BEN,Benin,NY.GDP.PCAP.CD,2016,1010.5338961993
BEN,Benin,NY.GDP.PCAP.CD,2015,1002.41886879614
BEN,Benin,NY.GDP.PCAP.CD,2014,1204.39918670094
BEN,Benin,NY.GDP.PCAP.CD,2013,1168.92699279226
BEN,Benin,NY.GDP.PCAP.CD,2012,1071.5258366283
BEN,Benin,NY.GDP.PCAP.CD,2011,1059.41358852588
BEN,Benin,NY.GDP.PCAP.CD,2010,973.244254931526
BMU,Bermuda,NY.GDP.PCAP.CD,2019,115798.040775578
BMU,Bermuda,NY.GDP.PCAP.CD,2018,113204.82210838
BMU,Bermuda,NY.GDP.PCAP.CD,2017,112339.425587467
BMU,Bermuda,NY.GDP.PCAP.CD,2016,108747.356144305
BMU,Bermuda,NY.GDP.PCAP.CD,2015,104855.366822135
BMU,Bermuda,NY.GDP.PCAP.CD,2014,100961.576602811
BMU,Bermuda,NY.GDP.PCAP.CD,2013,101704.40746217
BMU,Bermuda,NY.GDP.PCAP.CD,2012,100213.493385287
BMU,Bermuda,NY.GDP.PCAP.CD,2011,99049.0169927667
BMU,Bermuda,NY.GDP.PCAP.CD,2010,104111.824244802
BTN,Bhutan,NY.GDP.PCAP.CD,2019,3576.87987100503
BTN,Bhutan,NY.GDP.PCAP.CD,2018,3400.20417245342
BTN,Bhutan,NY.GDP.PCAP.CD,2017,3435.28804735662
BTN,Bhutan,NY.GDP.PCAP.CD,2016,3152.30905106786
BTN,Bhutan,NY.GDP.PCAP.CD,2015,2954.04081911097
BTN,Bhutan,NY.GDP.PCAP.CD,2014,2849.49998647303
BTN,Bhutan,NY.GDP.PCAP.CD,2013,2679.95217201538
BTN,Bhutan,NY.GDP.PCAP.CD,2012,2751.2128864294
BTN,Bhutan,NY.GDP.PCAP.CD,2011,2787.97967608562
BTN,Bhutan,NY.GDP.PCAP.CD,2010,2435.5798056672
BOL,Bolivia,NY.GDP.PCAP.CD,2019,4203.15492855788
BOL,Bolivia,NY.GDP.PCAP.CD,2018,4206.8552936661
BOL,Bolivia,NY.GDP.PCAP.CD,2017,4048.40119739839
BOL,Bolivia,NY.GDP.PCAP.CD,2016,3035.87347732132
BOL,Bolivia,NY.GDP.PCAP.CD,2015,2996.01289811344
BOL,Bolivia,NY.GDP.PCAP.CD,2014,3041.43503162408
BOL,Bolivia,NY.GDP.PCAP.CD,2013,2870.02377000756
BOL,Bolivia,NY.GDP.PCAP.CD,2012,2575.59857098084
BOL,Bolivia,NY.GDP.PCAP.CD,2011,2315.52121930607
BOL,Bolivia,NY.GDP.PCAP.CD,2010,1929.78373077158
BIH,Bosnia and Herzegovina,NY.GDP.PCAP.CD,2019,6122.37541352353
BIH,Bosnia and Herzegovina,NY.GDP.PCAP.CD,2018,6047.84707207392
BIH,Bosnia and Herzegovina,NY.GDP.PCAP.CD,2017,5345.01978766473
BIH,Bosnia and Herzegovina,NY.GDP.PCAP.CD,2016,4928.5665903114
BIH,Bosnia and Herzegovina,NY.GDP.PCAP.CD,2015,4662.25869219448
BIH,Bosnia and Herzegovina,NY.GDP.PCAP.CD,2014,5206.06573475132
BIH,Bosnia and Herzegovina,NY.GDP.PCAP.CD,2013,5034.56634817068
BIH,Bosnia and Herzegovina,NY.GDP.PCAP.CD,2012,4693.78899115381
BIH,Bosnia and Herzegovina,NY.GDP.PCAP.CD,2011,4982.69375768263
BIH,Bosnia and Herzegovina,NY.GDP.PCAP.CD,2010,4506.47828548389
BWA,Botswana,NY.GDP.PCAP.CD,2019,7172.08956480028
BWA,Botswana,NY.GDP.PCAP.CD,2018,7407.95940141786
BWA,Botswana,NY.GDP.PCAP.CD,2017,7104.96401088027
BWA,Botswana,NY.GDP.PCAP.CD,2016,6749.05994339013
BWA,Botswana,NY.GDP.PCAP.CD,2015,6141.20394726616
BWA,Botswana,NY.GDP.PCAP.CD,2014,7122.36423421503
BWA,Botswana,NY.GDP.PCAP.CD,2013,6666.91219583487
BWA,Botswana,NY.GDP.PCAP.CD,2012,6595.53845015424
BWA,Botswana,NY.GDP.PCAP.CD,2011,7287.38295334919
BWA,Botswana,NY.GDP.PCAP.CD,2010,6215.73216077919
BRA,Brazil,NY.GDP.PCAP.CD,2019,9029.83326681073
BRA,Brazil,NY.GDP.PCAP.CD,2018,9300.66164923219
BRA,Brazil,NY.GDP.PCAP.CD,2017,10080.5092819305
BRA,Brazil,NY.GDP.PCAP.CD,2016,8836.28652735657
BRA,Brazil,NY.GDP.PCAP.CD,2015,8936.19661712113
BRA,Brazil,NY.GDP.PCAP.CD,2014,12274.9939689363
BRA,Brazil,NY.GDP.PCAP.CD,2013,12458.8912138813
BRA,Brazil,NY.GDP.PCAP.CD,2012,12521.7213519966
BRA,Brazil,NY.GDP.PCAP.CD,2011,13396.6243562986
BRA,Brazil,NY.GDP.PCAP.CD,2010,11403.2821278747
BRN,Brunei Darussalam,NY.GDP.PCAP.CD,2019,30426.5730656528
BRN,Brunei Darussalam,NY.GDP.PCAP.CD,2018,30988.1190267227
BRN,Brunei Darussalam,NY.GDP.PCAP.CD,2017,28024.3824580252
BRN,Brunei Darussalam,NY.GDP.PCAP.CD,2016,26663.2972950602
BRN,Brunei Darussalam,NY.GDP.PCAP.CD,2015,30625.1287744656
BRN,Brunei Darussalam,NY.GDP.PCAP.CD,2014,41026.5084247957
BRN,Brunei Darussalam,NY.GDP.PCAP.CD,2013,44003.0644273461
BRN,Brunei Darussalam,NY.GDP.PCAP.CD,2012,46968.5971164922
BRN,Brunei Darussalam,NY.GDP.PCAP.CD,2011,46382.8274255349
BRN,Brunei Darussalam,NY.GDP.PCAP.CD,2010,34937.5555357155
BGR,Bulgaria,NY.GDP.PCAP.CD,2019,10354.2500414088
BGR,Bulgaria,NY.GDP.PCAP.CD,2018,9849.88769989118
BGR,Bulgaria,NY.GDP.PCAP.CD,2017,8697.13373333715
BGR,Bulgaria,NY.GDP.PCAP.CD,2016,7822.89886431732
BGR,Bulgaria,NY.GDP.PCAP.CD,2015,7269.02586513711
BGR,Bulgaria,NY.GDP.PCAP.CD,2014,8070.01289303544
BGR,Bulgaria,NY.GDP.PCAP.CD,2013,7796.37945241455
BGR,Bulgaria,NY.GDP.PCAP.CD,2012,7432.33753378983
BGR,Bulgaria,NY.GDP.PCAP.CD,2011,7849.98219737366
BGR,Bulgaria,NY.GDP.PCAP.CD,2010,6854.2987837778
BFA,Burkina Faso,NY.GDP.PCAP.CD,2019,764.853077774946
BFA,Burkina Faso,NY.GDP.PCAP.CD,2018,777.465618514048
BFA,Burkina Faso,NY.GDP.PCAP.CD,2017,709.091535894695
BFA,Burkina Faso,NY.GDP.PCAP.CD,2016,663.742364842886
BFA,Burkina Faso,NY.GDP.PCAP.CD,2015,630.124750752312
BFA,Burkina Faso,NY.GDP.PCAP.CD,2014,764.861675106225
BFA,Burkina Faso,NY.GDP.PCAP.CD,2013,759.762065168498
BFA,Burkina Faso,NY.GDP.PCAP.CD,2012,731.470138867833
BFA,Burkina Faso,NY.GDP.PCAP.CD,2011,725.024767725475
BFA,Burkina Faso,NY.GDP.PCAP.CD,2010,624.957252224766
BDI,Burundi,NY.GDP.PCAP.CD,2019,234.31061590725
BDI,Burundi,NY.GDP.PCAP.CD,2018,245.661678332009
BDI,Burundi,NY.GDP.PCAP.CD,2017,246.060725714184
BDI,Burundi,NY.GDP.PCAP.CD,2016,232.937812100153
BDI,Burundi,NY.GDP.PCAP.CD,2015,254.402585226788
BDI,Burundi,NY.GDP.PCAP.CD,2014,250.544492155185
BDI,Burundi,NY.GDP.PCAP.CD,2013,234.844770150871
BDI,Burundi,NY.GDP.PCAP.CD,2012,231.098787811507
BDI,Burundi,NY.GDP.PCAP.CD,2011,230.069761381132
BDI,Burundi,NY.GDP.PCAP.CD,2010,216.727705301976
CPV,Cabo Verde,NY.GDP.PCAP.CD,2019,4380.78117331128
CPV,Cabo Verde,NY.GDP.PCAP.CD,2018,4294.96510035729
CPV,Cabo Verde,NY.GDP.PCAP.CD,2017,3893.09571382506
CPV,Cabo Verde,NY.GDP.PCAP.CD,2016,3608.96605234906
CPV,Cabo Verde,NY.GDP.PCAP.CD,2015,3415.06266730931
CPV,Cabo Verde,NY.GDP.PCAP.CD,2014,3985.60706548134
CPV,Cabo Verde,NY.GDP.PCAP.CD,2013,3960.97596791345
CPV,Cabo Verde,NY.GDP.PCAP.CD,2012,3736.81517011087
CPV,Cabo Verde,NY.GDP.PCAP.CD,2011,4002.01386888785
CPV,Cabo Verde,NY.GDP.PCAP.CD,2010,3579.46006137809
KHM,Cambodia,NY.GDP.PCAP.CD,2019,2225.87705485686
KHM,Cambodia,NY.GDP.PCAP.CD,2018,2036.67377566578
KHM,Cambodia,NY.GDP.PCAP.CD,2017,1826.35391688754
KHM,Cambodia,NY.GDP.PCAP.CD,2016,1675.19555711109
KHM,Cambodia,NY.GDP.PCAP.CD,2015,1547.32010444393
KHM,Cambodia,NY.GDP.PCAP.CD,2014,1431.56396469993
KHM,Cambodia,NY.GDP.PCAP.CD,2013,1305.6600972686
KHM,Cambodia,NY.GDP.PCAP.CD,2012,1192.80263041673
KHM,Cambodia,NY.GDP.PCAP.CD,2011,1088.98152823081
KHM,Cambodia,NY.GDP.PCAP.CD,2010,952.274616324008
CMR,Cameroon,NY.GDP.PCAP.CD,2019,1555.22660476477
CMR,Cameroon,NY.GDP.PCAP.CD,2018,1610.69641591017
CMR,Cameroon,NY.GDP.PCAP.CD,2017,1496.08951771242
CMR,Cameroon,NY.GDP.PCAP.CD,2016,1441.7201725688
CMR,Cameroon,NY.GDP.PCAP.CD,2015,1415.00009710569
CMR,Cameroon,NY.GDP.PCAP.CD,2014,1649.4433905949
CMR,Cameroon,NY.GDP.PCAP.CD,2013,1575.92882118897
CMR,Cameroon,NY.GDP.PCAP.CD,2012,1449.09874362279
CMR,Cameroon,NY.GDP.PCAP.CD,2011,1513.96056994878
CMR,Cameroon,NY.GDP.PCAP.CD,2010,1398.58702025047
CAN,Canada,NY.GDP.PCAP.CD,2019,46352.9695208927
CAN,Canada,NY.GDP.PCAP.CD,2018,46539.2177903178
CAN,Canada,NY.GDP.PCAP.CD,2017,45129.7335281051
CAN,Canada,NY.GDP.PCAP.CD,2016,42314.1033623905
CAN,Canada,NY.GDP.PCAP.CD,2015,43594.2379080706
CAN,Canada,NY.GDP.PCAP.CD,2014,50960.8942086685
CAN,Canada,NY.GDP.PCAP.CD,2013,52637.7313222622
CAN,Canada,NY.GDP.PCAP.CD,2012,52670.1429540952
CAN,Canada,NY.GDP.PCAP.CD,2011,52224.1237767406
CAN,Canada,NY.GDP.PCAP.CD,2010,47560.8378831258
CYM,Cayman Islands,NY.GDP.PCAP.CD,2019,88254.2903677044
CYM,Cayman Islands,NY.GDP.PCAP.CD,2018,83865.5531568184
CYM,Cayman Islands,NY.GDP.PCAP.CD,2017,80053.9444506891
CYM,Cayman Islands,NY.GDP.PCAP.CD,2016,77802.2541567187
CYM,Cayman Islands,NY.GDP.PCAP.CD,2015,76379.2095108681
CYM,Cayman Islands,NY.GDP.PCAP.CD,2014,75845.3060407986
CYM,Cayman Islands,NY.GDP.PCAP.CD,2013,75113.7332398618
CYM,Cayman Islands,NY.GDP.PCAP.CD,2012,75101.59136128
CYM,Cayman Islands,NY.GDP.PCAP.CD,2011,75280.960764889
CYM,Cayman Islands,NY.GDP.PCAP.CD,2010,76837.6699636672
CAF,Central African Republic,NY.GDP.PCAP.CD,2019,449.228467602439
CAF,Central African Republic,NY.GDP.PCAP.CD,2018,455.243962859534
CAF,Central African Republic,NY.GDP.PCAP.CD,2017,432.324025684263
CAF,Central African Republic,NY.GDP.PCAP.CD,2016,387.176203444318
CAF,Central African Republic,NY.GDP.PCAP.CD,2015,366.322853938121
CAF,Central African Republic,NY.GDP.PCAP.CD,2014,409.8504859647
CAF,Central African Republic,NY.GDP.PCAP.CD,2013,364.36696260838
CAF,Central African Republic,NY.GDP.PCAP.CD,2012,544.395849142785
CAF,Central African Republic,NY.GDP.PCAP.CD,2011,534.057281471636
CAF,Central African Republic,NY.GDP.PCAP.CD,2010,476.873786950728
TCD,Chad,NY.GDP.PCAP.CD,2019,893.336441643325
TCD,Chad,NY.GDP.PCAP.CD,2018,948.656629871231
TCD,Chad,NY.GDP.PCAP.CD,2017,854.46120040098
TCD,Chad,NY.GDP.PCAP.CD,2016,861.831767630746
TCD,Chad,NY.GDP.PCAP.CD,2015,993.990730610869
TCD,Chad,NY.GDP.PCAP.CD,2014,1278.78981422494
TCD,Chad,NY.GDP.PCAP.CD,2013,1304.88742971475
TCD,Chad,NY.GDP.PCAP.CD,2012,1354.34344701937
TCD,Chad,NY.GDP.PCAP.CD,2011,1308.1421872538
TCD,Chad,NY.GDP.PCAP.CD,2010,1141.80069268412
CHI,Channel Islands,NY.GDP.PCAP.CD,2019,60564.6293993681
CHI,Channel Islands,NY.GDP.PCAP.CD,2018,60784.8125397162
CHI,Channel Islands,NY.GDP.PCAP.CD,2017,55806.3554257428
CHI,Channel Islands,NY.GDP.PCAP.CD,2016,55947.579811974
CHI,Channel Islands,NY.GDP.PCAP.CD,2015,61847.8212238857
CHI,Channel Islands,NY.GDP.PCAP.CD,2014,64697.5485024325
CHI,Channel Islands,NY.GDP.PCAP.CD,2013,59308.4666588674
CHI,Channel Islands,NY.GDP.PCAP.CD,2012,58809.5698945413
CHI,Channel Islands,NY.GDP.PCAP.CD,2011,60415.2632075658
CHI,Channel Islands,NY.GDP.PCAP.CD,2010,56123.4597963451
CHL,Chile,NY.GDP.PCAP.CD,2019,14496.9345640362
CHL,Chile,NY.GDP.PCAP.CD,2018,15659.4808675628
CHL,Chile,NY.GDP.PCAP.CD,2017,14879.9086227187
CHL,Chile,NY.GDP.PCAP.CD,2016,13649.8520452803
CHL,Chile,NY.GDP.PCAP.CD,2015,13433.9202987032
CHL,Chile,NY.GDP.PCAP.CD,2014,14529.6767206336
CHL,Chile,NY.GDP.PCAP.CD,2013,15683.5486369155
CHL,Chile,NY.GDP.PCAP.CD,2012,15241.9069981119
CHL,Chile,NY.GDP.PCAP.CD,2011,14487.3927832032
CHL,Chile,NY.GDP.PCAP.CD,2010,12632.8704724192
CHN,China,NY.GDP.PCAP.CD,2019,10342.9009524335
CHN,China,NY.GDP.PCAP.CD,2018,10085.6638148819
CHN,China,NY.GDP.PCAP.CD,2017,8979.67652709856
CHN,China,NY.GDP.PCAP.CD,2016,8254.86859320357
CHN,China,NY.GDP.PCAP.CD,2015,8175.33285077393
CHN,China,NY.GDP.PCAP.CD,2014,7781.06597484974
CHN,China,NY.GDP.PCAP.CD,2013,7147.03518622344
CHN,China,NY.GDP.PCAP.CD,2012,6405.0574241349
CHN,China,NY.GDP.PCAP.CD,2011,5703.76027973346
CHN,China,NY.GDP.PCAP.CD,2010,4629.24551710077
COL,Colombia,NY.GDP.PCAP.CD,2019,6472.54544924705
COL,Colombia,NY.GDP.PCAP.CD,2018,6816.96818309544
COL,Colombia,NY.GDP.PCAP.CD,2017,6479.53231292429
COL,Colombia,NY.GDP.PCAP.CD,2016,5959.84250367574
COL,Colombia,NY.GDP.PCAP.CD,2015,6248.51490534512
COL,Colombia,NY.GDP.PCAP.CD,2014,8187.20824890084
COL,Colombia,NY.GDP.PCAP.CD,2013,8279.10255642981
COL,Colombia,NY.GDP.PCAP.CD,2012,8108.59838244229
COL,Colombia,NY.GDP.PCAP.CD,2011,7400.9940695669
COL,Colombia,NY.GDP.PCAP.CD,2010,6398.2958447102
COM,Comoros,NY.GDP.PCAP.CD,2019,1519.26386436068
COM,Comoros,NY.GDP.PCAP.CD,2018,1540.71132257526
COM,Comoros,NY.GDP.PCAP.CD,2017,1423.9248027797
COM,Comoros,NY.GDP.PCAP.CD,2016,1365.48403444497
COM,Comoros,NY.GDP.PCAP.CD,2015,1329.37048235986
COM,Comoros,NY.GDP.PCAP.CD,2014,1615.71709756316
COM,Comoros,NY.GDP.PCAP.CD,2013,1603.32653496691
COM,Comoros,NY.GDP.PCAP.CD,2012,1490.31425650871
COM,Comoros,NY.GDP.PCAP.CD,2011,1531.43969320468
COM,Comoros,NY.GDP.PCAP.CD,2010,1386.57533553376
COD,"Congo, Dem. Rep.",NY.GDP.PCAP.CD,2019,504.00419142286
COD,"Congo, Dem. Rep.",NY.GDP.PCAP.CD,2018,518.169626875371
COD,"Congo, Dem. Rep.",NY.GDP.PCAP.CD,2017,431.052559128788
COD,"Congo, Dem. Rep.",NY.GDP.PCAP.CD,2016,459.765036590388
COD,"Congo, Dem. Rep.",NY.GDP.PCAP.CD,2015,495.826633014883
COD,"Congo, Dem. Rep.",NY.GDP.PCAP.CD,2014,489.175952097319
COD,"Congo, Dem. Rep.",NY.GDP.PCAP.CD,2013,460.370334930107
COD,"Congo, Dem. Rep.",NY.GDP.PCAP.CD,2012,409.931424783784
COD,"Congo, Dem. Rep.",NY.GDP.PCAP.CD,2011,372.514273875789
COD,"Congo, Dem. Rep.",NY.GDP.PCAP.CD,2010,352.400398754692
COG,"Congo, Rep.",NY.GDP.PCAP.CD,2019,2488.42466724916
COG,"Congo, Rep.",NY.GDP.PCAP.CD,2018,2694.43413191427
COG,"Congo, Rep.",NY.GDP.PCAP.CD,2017,2211.63309874797
COG,"Congo, Rep.",NY.GDP.PCAP.CD,2016,2093.10728558843
COG,"Congo, Rep.",NY.GDP.PCAP.CD,2015,2439.35189403696
COG,"Congo, Rep.",NY.GDP.PCAP.CD,2014,3601.2365808718
COG,"Congo, Rep.",NY.GDP.PCAP.CD,2013,3697.41705884249
COG,"Congo, Rep.",NY.GDP.PCAP.CD,2012,3732.32737320389
COG,"Congo, Rep.",NY.GDP.PCAP.CD,2011,3396.16505817952
COG,"Congo, Rep.",NY.GDP.PCAP.CD,2010,2946.55798067708
CRI,Costa Rica,NY.GDP.PCAP.CD,2019,12951.8588421841
CRI,Costa Rica,NY.GDP.PCAP.CD,2018,12620.0207321581
CRI,Costa Rica,NY.GDP.PCAP.CD,2017,12317.0902779911
CRI,Costa Rica,NY.GDP.PCAP.CD,2016,12091.0301560892
CRI,Costa Rica,NY.GDP.PCAP.CD,2015,11714.7106121672
CRI,Costa Rica,NY.GDP.PCAP.CD,2014,10911.4978703456
CRI,Costa Rica,NY.GDP.PCAP.CD,2013,10803.2401795009
CRI,Costa Rica,NY.GDP.PCAP.CD,2012,10126.9991155066
CRI,Costa Rica,NY.GDP.PCAP.CD,2011,9276.39109377477
CRI,Costa Rica,NY.GDP.PCAP.CD,2010,8265.78820580299
CIV,Cote d'Ivoire,NY.GDP.PCAP.CD,2019,2141.76836170115
CIV,Cote d'Ivoire,NY.GDP.PCAP.CD,2018,2130.86619381144
CIV,Cote d'Ivoire,NY.GDP.PCAP.CD,2017,1964.29930338343
CIV,Cote d'Ivoire,NY.GDP.PCAP.CD,2016,1862.59597081287
CIV,Cote d'Ivoire,NY.GDP.PCAP.CD,2015,1814.71855088017
CIV,Cote d'Ivoire,NY.GDP.PCAP.CD,2014,1991.36539423404
CIV,Cote d'Ivoire,NY.GDP.PCAP.CD,2013,1786.15862031324
CIV,Cote d'Ivoire,NY.GDP.PCAP.CD,2012,1546.9460184731
CIV,Cote d'Ivoire,NY.GDP.PCAP.CD,2011,1596.62826565998
CIV,Cote d'Ivoire,NY.GDP.PCAP.CD,2010,1553.54887048143
HRV,Croatia,NY.GDP.PCAP.CD,2019,15563.7354996625
HRV,Croatia,NY.GDP.PCAP.CD,2018,15460.4560798984
HRV,Croatia,NY.GDP.PCAP.CD,2017,13901.6498657787
HRV,Croatia,NY.GDP.PCAP.CD,2016,12820.1872746645
HRV,Croatia,NY.GDP.PCAP.CD,2015,12283.8750299177
HRV,Croatia,NY.GDP.PCAP.CD,2014,14186.7712230471
HRV,Croatia,NY.GDP.PCAP.CD,2013,14135.0903485872
HRV,Croatia,NY.GDP.PCAP.CD,2012,13507.6349882758
HRV,Croatia,NY.GDP.PCAP.CD,2011,14691.591757962
HRV,Croatia,NY.GDP.PCAP.CD,2010,13729.7472872883
CUB,Cuba,NY.GDP.PCAP.CD,2019,9232.26115935183
CUB,Cuba,NY.GDP.PCAP.CD,2018,8911.46205998726
CUB,Cuba,NY.GDP.PCAP.CD,2017,8610.60829605429
CUB,Cuba,NY.GDP.PCAP.CD,2016,8110.55874283616
CUB,Cuba,NY.GDP.PCAP.CD,2015,7727.91997207998
CUB,Cuba,NY.GDP.PCAP.CD,2014,7146.70459051328
CUB,Cuba,NY.GDP.PCAP.CD,2013,6828.36428245396
CUB,Cuba,NY.GDP.PCAP.CD,2012,6470.83673392653
CUB,Cuba,NY.GDP.PCAP.CD,2011,6104.46105236166
CUB,Cuba,NY.GDP.PCAP.CD,2010,5272.26755824835
CUW,Curacao,NY.GDP.PCAP.CD,2019,19220.6866958303
CUW,Curacao,NY.GDP.PCAP.CD,2018,19119.1243941688
CUW,Curacao,NY.GDP.PCAP.CD,2017,18938.2440469703
CUW,Curacao,NY.GDP.PCAP.CD,2016,18944.0961493998
CUW,Curacao,NY.GDP.PCAP.CD,2015,19361.8130008678
CUW,Curacao,NY.GDP.PCAP.CD,2014,19623.029993395
CUW,Curacao,NY.GDP.PCAP.CD,2013,19721.2921646576
CUW,Curacao,NY.GDP.PCAP.CD,2012,19809.8223198624
CUW,Curacao,NY.GDP.PCAP.CD,2011,19426.326382752
CUW,Curacao,NY.GDP.PCAP.CD,2010,19847.2310127979
CYP,Cyprus,NY.GDP.PCAP.CD,2019,29227.16796875
CYP,Cyprus,NY.GDP.PCAP.CD,2018,29120.38671875
CYP,Cyprus,NY.GDP.PCAP.CD,2017,26247.46484375
CYP,Cyprus,NY.GDP.PCAP.CD,2016,24280.044921875
CYP,Cyprus,NY.GDP.PCAP.CD,2015,23088.4296875
CYP,Cyprus,NY.GDP.PCAP.CD,2014,26993.095703125
CYP,Cyprus,NY.GDP.PCAP.CD,2013,27764.7265625
CYP,Cyprus,NY.GDP.PCAP.CD,2012,28991.9296875
CYP,Cyprus,NY.GDP.PCAP.CD,2011,32485.8046875
CYP,Cyprus,NY.GDP.PCAP.CD,2010,31105.02734375
CZE,Czechia,NY.GDP.PCAP.CD,2019,24062.7190013343
CZE,Czechia,NY.GDP.PCAP.CD,2018,23705.9329811299
CZE,Czechia,NY.GDP.PCAP.CD,2017,20913.197632212
CZE,Czechia,NY.GDP.PCAP.CD,2016,18753.9686718096
CZE,Czechia,NY.GDP.PCAP.CD,2015,17931.5987670768
CZE,Czechia,NY.GDP.PCAP.CD,2014,20038.4163180257
CZE,Czechia,NY.GDP.PCAP.CD,2013,20260.4954999375
CZE,Czechia,NY.GDP.PCAP.CD,2012,20014.0354015165
CZE,Czechia,NY.GDP.PCAP.CD,2011,22049.1080788682
CZE,Czechia,NY.GDP.PCAP.CD,2010,20160.4355077059
DNK,Denmark,NY.GDP.PCAP.CD,2019,59404.2663247723
DNK,Denmark,NY.GDP.PCAP.CD,2018,61324.7665045565
DNK,Denmark,NY.GDP.PCAP.CD,2017,57521.5514992225
DNK,Denmark,NY.GDP.PCAP.CD,2016,54500.9260410217
DNK,Denmark,NY.GDP.PCAP.CD,2015,53094.0133607574
DNK,Denmark,NY.GDP.PCAP.CD,2014,62520.4509747011
DNK,Denmark,NY.GDP.PCAP.CD,2013,61377.5940590412
DNK,Denmark,NY.GDP.PCAP.CD,2012,58443.7747103968
DNK,Denmark,NY.GDP.PCAP.CD,2011,61809.737898222
DNK,Denmark,NY.GDP.PCAP.CD,2010,58104.5445594981
DJI,Djibouti,NY.GDP.PCAP.CD,2019,2837.16902340932
DJI,Djibouti,NY.GDP.PCAP.CD,2018,2718.08338799203
DJI,Djibouti,NY.GDP.PCAP.CD,2017,2618.95521147369
DJI,Djibouti,NY.GDP.PCAP.CD,2016,2510.4300076241
DJI,Djibouti,NY.GDP.PCAP.CD,2015,2376.12554719873
DJI,Djibouti,NY.GDP.PCAP.CD,2014,2214.62084142432
DJI,Djibouti,NY.GDP.PCAP.CD,2013,2075.94498424748
DJI,Djibouti,NY.GDP.PCAP.CD,2012,1400.19357858954
DJI,Djibouti,NY.GDP.PCAP.CD,2011,1306.34552844977
DJI,Djibouti,NY.GDP.PCAP.CD,2010,1213.23352553429
DMA,Dominica,NY.GDP.PCAP.CD,2019,9491.14995962374
DMA,Dominica,NY.GDP.PCAP.CD,2018,9215.3085405645
DMA,Dominica,NY.GDP.PCAP.CD,2017,8224.64896571414
DMA,Dominica,NY.GDP.PCAP.CD,2016,8802.56172041363
DMA,Dominica,NY.GDP.PCAP.CD,2015,8282.59874702141
DMA,Dominica,NY.GDP.PCAP.CD,2014,8131.74876096735
DMA,Dominica,NY.GDP.PCAP.CD,2013,7822.21797211398
DMA,Dominica,NY.GDP.PCAP.CD,2012,7528.51001990155
DMA,Dominica,NY.GDP.PCAP.CD,2011,7705.40717248319
DMA,Dominica,NY.GDP.PCAP.CD,2010,7549.61964680375
DOM,Dominican Republic,NY.GDP.PCAP.CD,2019,8183.01623600375
DOM,Dominican Republic,NY.GDP.PCAP.CD,2018,7882.98221584944
DOM,Dominican Republic,NY.GDP.PCAP.CD,2017,7412.71571571512
DOM,Dominican Republic,NY.GDP.PCAP.CD,2016,7160.44200982307
DOM,Dominican Republic,NY.GDP.PCAP.CD,2015,6800.95309395474
DOM,Dominican Republic,NY.GDP.PCAP.CD,2014,6496.45166971142
DOM,Dominican Republic,NY.GDP.PCAP.CD,2013,6136.59429329301
DOM,Dominican Republic,NY.GDP.PCAP.CD,2012,6013.81965002603
DOM,Dominican Republic,NY.GDP.PCAP.CD,2011,5826.51014109195
DOM,Dominican Republic,NY.GDP.PCAP.CD,2010,5478.62470398954
ECU,Ecuador,NY.GDP.PCAP.CD,2019,6205.05765246766
ECU,Ecuador,NY.GDP.PCAP.CD,2018,6303.91886658338
ECU,Ecuador,NY.GDP.PCAP.CD,2017,6233.32244797718
ECU,Ecuador,NY.GDP.PCAP.CD,2016,5917.63771271481
ECU,Ecuador,NY.GDP.PCAP.CD,2015,5976.1596805651
ECU,Ecuador,NY.GDP.PCAP.CD,2014,6405.79979300441
ECU,Ecuador,NY.GDP.PCAP.CD,2013,6109.29031510341
ECU,Ecuador,NY.GDP.PCAP.CD,2012,5634.08393191094
ECU,Ecuador,NY.GDP.PCAP.CD,2011,5153.6916424375
ECU,Ecuador,NY.GDP.PCAP.CD,2010,4520.30959039763
EGY,"Egypt, Arab Rep.",NY.GDP.PCAP.CD,2019,2962.98892023003
EGY,"Egypt, Arab Rep.",NY.GDP.PCAP.CD,2018,2484.70315630508
EGY,"Egypt, Arab Rep.",NY.GDP.PCAP.CD,2017,2395.10333299491
EGY,"Egypt, Arab Rep.",NY.GDP.PCAP.CD,2016,3270.6287768197
EGY,"Egypt, Arab Rep.",NY.GDP.PCAP.CD,2015,3306.98159414141
EGY,"Egypt, Arab Rep.",NY.GDP.PCAP.CD,2014,3133.39102265541
EGY,"Egypt, Arab Rep.",NY.GDP.PCAP.CD,2013,3025.52563552448
EGY,"Egypt, Arab Rep.",NY.GDP.PCAP.CD,2012,2996.0677072015
EGY,"Egypt, Arab Rep.",NY.GDP.PCAP.CD,2011,2590.64384891965
EGY,"Egypt, Arab Rep.",NY.GDP.PCAP.CD,2010,2455.08194645282
SLV,El Salvador,NY.GDP.PCAP.CD,2019,4320.11671534627
SLV,El Salvador,NY.GDP.PCAP.CD,2018,4183.54620971358
SLV,El Salvador,NY.GDP.PCAP.CD,2017,4020.12671373919
SLV,El Salvador,NY.GDP.PCAP.CD,2016,3901.34014965811
SLV,El Salvador,NY.GDP.PCAP.CD,2015,3790.34089108162
SLV,El Salvador,NY.GDP.PCAP.CD,2014,3666.01248913873
SLV,El Salvador,NY.GDP.PCAP.CD,2013,3582.26694005169
SLV,El Salvador,NY.GDP.PCAP.CD,2012,3497.91256915509
SLV,El Salvador,NY.GDP.PCAP.CD,2011,3330.60049486653
SLV,El Salvador,NY.GDP.PCAP.CD,2010,3040.07300952878
GNQ,Equatorial Guinea,NY.GDP.PCAP.CD,2019,6804.14923073888
GNQ,Equatorial Guinea,NY.GDP.PCAP.CD,2018,8102.47084834031
GNQ,Equatorial Guinea,NY.GDP.PCAP.CD,2017,7809.10465655488
GNQ,Equatorial Guinea,NY.GDP.PCAP.CD,2016,7453.19797948517
GNQ,Equatorial Guinea,NY.GDP.PCAP.CD,2015,9068.91003238645
GNQ,Equatorial Guinea,NY.GDP.PCAP.CD,2014,15548.6624656619
GNQ,Equatorial Guinea,NY.GDP.PCAP.CD,2013,16304.0713196418
GNQ,Equatorial Guinea,NY.GDP.PCAP.CD,2012,17308.5723924575
GNQ,Equatorial Guinea,NY.GDP.PCAP.CD,2011,17198.2136668275
GNQ,Equatorial Guinea,NY.GDP.PCAP.CD,2010,13720.1658723222
ERI,Eritrea,NY.GDP.PCAP.CD,2011,688.68165957684
ERI,Eritrea,NY.GDP.PCAP.CD,2010,539.699512069686
EST,Estonia,NY.GDP.PCAP.CD,2019,24021.2501413306
EST,Estonia,NY.GDP.PCAP.CD,2018,23618.1361254581
EST,Estonia,NY.GDP.PCAP.CD,2017,20851.5223496861
EST,Estonia,NY.GDP.PCAP.CD,2016,18666.3736521706
EST,Estonia,NY.GDP.PCAP.CD,2015,17722.1557669523
EST,Estonia,NY.GDP.PCAP.CD,2014,20581.7898991695
EST,Estonia,NY.GDP.PCAP.CD,2013,19310.3874900757
EST,Estonia,NY.GDP.PCAP.CD,2012,17568.2137969714
EST,Estonia,NY.GDP.PCAP.CD,2011,17555.5455239426
EST,Estonia,NY.GDP.PCAP.CD,2010,14663.7041018705
SWZ,Eswatini,NY.GDP.PCAP.CD,2019,3913.14577547336
SWZ,Eswatini,NY.GDP.PCAP.CD,2018,3972.65450620357
SWZ,Eswatini,NY.GDP.PCAP.CD,2017,3853.09956569679
SWZ,Eswatini,NY.GDP.PCAP.CD,2016,3238.17611961364
SWZ,Eswatini,NY.GDP.PCAP.CD,2015,3419.82276559528
SWZ,Eswatini,NY.GDP.PCAP.CD,2014,3771.07228381938
SWZ,Eswatini,NY.GDP.PCAP.CD,2013,3949.94310039907
SWZ,Eswatini,NY.GDP.PCAP.CD,2012,4224.54789174487
SWZ,Eswatini,NY.GDP.PCAP.CD,2011,4225.06049411911
SWZ,Eswatini,NY.GDP.PCAP.CD,2010,3922.74039390733
ETH,Ethiopia,NY.GDP.PCAP.CD,2019,793.473247218996
ETH,Ethiopia,NY.GDP.PCAP.CD,2018,739.702022272086
ETH,Ethiopia,NY.GDP.PCAP.CD,2017,696.348429076216
ETH,Ethiopia,NY.GDP.PCAP.CD,2016,641.651523286233
ETH,Ethiopia,NY.GDP.PCAP.CD,2015,597.912113218663
ETH,Ethiopia,NY.GDP.PCAP.CD,2014,549.986577082588
ETH,Ethiopia,NY.GDP.PCAP.CD,2013,484.039833104062
ETH,Ethiopia,NY.GDP.PCAP.CD,2012,452.101031885754
ETH,Ethiopia,NY.GDP.PCAP.CD,2011,343.024942351887
ETH,Ethiopia,NY.GDP.PCAP.CD,2010,330.619412798644
FRO,Faroe Islands,NY.GDP.PCAP.CD,2019,63070.7228080361
FRO,Faroe Islands,NY.GDP.PCAP.CD,2018,62525.2647698273
FRO,Faroe Islands,NY.GDP.PCAP.CD,2017,59388.5365965776
FRO,Faroe Islands,NY.GDP.PCAP.CD,2016,56876.4302363804
FRO,Faroe Islands,NY.GDP.PCAP.CD,2015,52638.2668218454
FRO,Faroe Islands,NY.GDP.PCAP.CD,2014,60173.3057854661
FRO,Faroe Islands,NY.GDP.PCAP.CD,2013,55759.364098362
FRO,Faroe Islands,NY.GDP.PCAP.CD,2012,50263.0024625867
FRO,Faroe Islands,NY.GDP.PCAP.CD,2011,51620.0541648551
FRO,Faroe Islands,NY.GDP.PCAP.CD,2010,47924.1364756678
FJI,Fiji,NY.GDP.PCAP.CD,2019,5842.07344577597
FJI,Fiji,NY.GDP.PCAP.CD,2018,6085.41979485376
FJI,Fiji,NY.GDP.PCAP.CD,2017,5826.84814459328
FJI,Fiji,NY.GDP.PCAP.CD,2016,5363.79026679243
FJI,Fiji,NY.GDP.PCAP.CD,2015,5097.53106864695
FJI,Fiji,NY.GDP.PCAP.CD,2014,5293.35676680464
FJI,Fiji,NY.GDP.PCAP.CD,2013,4572.44377544245
FJI,Fiji,NY.GDP.PCAP.CD,2012,4341.40338748749
FJI,Fiji,NY.GDP.PCAP.CD,2011,4139.60288609702
FJI,Fiji,NY.GDP.PCAP.CD,2010,3449.14452883369
FIN,Finland,NY.GDP.PCAP.CD,2019,48358.1807773701
FIN,Finland,NY.GDP.PCAP.CD,2018,49654.2497035329
FIN,Finland,NY.GDP.PCAP.CD,2017,46085.0174739036
FIN,Finland,NY.GDP.PCAP.CD,2016,43451.2562442158
FIN,Finland,NY.GDP.PCAP.CD,2015,42560.3456767103
FIN,Finland,NY.GDP.PCAP.CD,2014,50073.7760815871
FIN,Finland,NY.GDP.PCAP.CD,2013,49691.0145200739
FIN,Finland,NY.GDP.PCAP.CD,2012,47551.6740841369
FIN,Finland,NY.GDP.PCAP.CD,2011,51060.3242589767
FIN,Finland,NY.GDP.PCAP.CD,2010,46506.2919016566
FRA,France,NY.GDP.PCAP.CD,2019,40408.2848574751
FRA,France,NY.GDP.PCAP.CD,2018,41418.1766484844
FRA,France,NY.GDP.PCAP.CD,2017,38687.1626407164
FRA,France,NY.GDP.PCAP.CD,2016,37024.2157133669
FRA,France,NY.GDP.PCAP.CD,2015,36702.4323733379
FRA,France,NY.GDP.PCAP.CD,2014,43148.0459288416
FRA,France,NY.GDP.PCAP.CD,2013,42669.1795111893
FRA,France,NY.GDP.PCAP.CD,2012,40863.5814412333
FRA,France,NY.GDP.PCAP.CD,2011,43929.7840873812
FRA,France,NY.GDP.PCAP.CD,2010,40694.8211697025
PYF,French Polynesia,NY.GDP.PCAP.CD,2019,21582.5892046801
PYF,French Polynesia,NY.GDP.PCAP.CD,2018,21925.616043938
PYF,French Polynesia,NY.GDP.PCAP.CD,2017,20826.9312492172
PYF,French Polynesia,NY.GDP.PCAP.CD,2016,19690.0775734589
PYF,French Polynesia,NY.GDP.PCAP.CD,2015,19166.9594761931
PYF,French Polynesia,NY.GDP.PCAP.CD,2014,22258.6321384251
PYF,French Polynesia,NY.GDP.PCAP.CD,2013,21955.6329264095
PYF,French Polynesia,NY.GDP.PCAP.CD,2012,20846.5457478364
PYF,French Polynesia,NY.GDP.PCAP.CD,2011,22831.5185348524
PYF,French Polynesia,NY.GDP.PCAP.CD,2010,22494.806706186
GAB,Gabon,NY.GDP.PCAP.CD,2019,7441.1786472281
GAB,Gabon,NY.GDP.PCAP.CD,2018,7624.2775233771
GAB,Gabon,NY.GDP.PCAP.CD,2017,6921.73373135624
GAB,Gabon,NY.GDP.PCAP.CD,2016,6677.07003901644
GAB,Gabon,NY.GDP.PCAP.CD,2015,7047.12654634355
GAB,Gabon,NY.GDP.PCAP.CD,2014,9201.36276648105
GAB,Gabon,NY.GDP.PCAP.CD,2013,9197.70106323947
GAB,Gabon,NY.GDP.PCAP.CD,2012,9296.96587941088
GAB,Gabon,NY.GDP.PCAP.CD,2011,10219.1139339454
GAB,Gabon,NY.GDP.PCAP.CD,2010,8356.74662013345
GMB,"Gambia, The",NY.GDP.PCAP.CD,2019,738.186751987483
GMB,"Gambia, The",NY.GDP.PCAP.CD,2018,696.219806960615
GMB,"Gambia, The",NY.GDP.PCAP.CD,2017,642.522641296331
GMB,"Gambia, The",NY.GDP.PCAP.CD,2016,650.056501323611
GMB,"Gambia, The",NY.GDP.PCAP.CD,2015,619.536364296461
GMB,"Gambia, The",NY.GDP.PCAP.CD,2014,568.00453558864
GMB,"Gambia, The",NY.GDP.PCAP.CD,2013,653.862713272743
GMB,"Gambia, The",NY.GDP.PCAP.CD,2012,692.579361628102
GMB,"Gambia, The",NY.GDP.PCAP.CD,2011,710.608411468152
GMB,"Gambia, The",NY.GDP.PCAP.CD,2010,801.033372714536
GEO,Georgia,NY.GDP.PCAP.CD,2019,4741.2832715876
GEO,Georgia,NY.GDP.PCAP.CD,2018,4804.0546040444
GEO,Georgia,NY.GDP.PCAP.CD,2017,4418.75206546679
GEO,Georgia,NY.GDP.PCAP.CD,2016,4143.40125686315
GEO,Georgia,NY.GDP.PCAP.CD,2015,4086.6223465965
GEO,Georgia,NY.GDP.PCAP.CD,2014,4830.33486170249
GEO,Georgia,NY.GDP.PCAP.CD,2013,4712.00229382665
GEO,Georgia,NY.GDP.PCAP.CD,2012,4530.69533409431
GEO,Georgia,NY.GDP.PCAP.CD,2011,4119.66818307193
GEO,Georgia,NY.GDP.PCAP.CD,2010,3281.72930937343
DEU,Germany,NY.GDP.PCAP.CD,2019,47656.199739747
DEU,Germany,NY.GDP.PCAP.CD,2018,48916.1686612154
DEU,Germany,NY.GDP.PCAP.CD,2017,45553.9341495339
DEU,Germany,NY.GDP.PCAP.CD,2016,42948.9381932694
DEU,Germany,NY.GDP.PCAP.CD,2015,41929.7549110722
DEU,Germany,NY.GDP.PCAP.CD,2014,48959.5991203133
DEU,Germany,NY.GDP.PCAP.CD,2013,47206.8353514242
DEU,Germany,NY.GDP.PCAP.CD,2012,44718.0159214069
DEU,Germany,NY.GDP.PCAP.CD,2011,47630.9761883572
DEU,Germany,NY.GDP.PCAP.CD,2010,42396.9665976293
GHA,Ghana,NY.GDP.PCAP.CD,2019,2186.65822682613
GHA,Ghana,NY.GDP.PCAP.CD,2018,2195.32166016377
GHA,Ghana,NY.GDP.PCAP.CD,2017,2012.28662641265
GHA,Ghana,NY.GDP.PCAP.CD,2016,1912.47991339951
GHA,Ghana,NY.GDP.PCAP.CD,2015,1722.77282833606
GHA,Ghana,NY.GDP.PCAP.CD,2014,1949.90832923846
GHA,Ghana,NY.GDP.PCAP.CD,2013,2294.79584693743
GHA,Ghana,NY.GDP.PCAP.CD,2012,1543.77524235764
GHA,Ghana,NY.GDP.PCAP.CD,2011,1507.43573198753
GHA,Ghana,NY.GDP.PCAP.CD,2010,1263.89251760539
GRC,Greece,NY.GDP.PCAP.CD,2019,19335.3602002969
GRC,Greece,NY.GDP.PCAP.CD,2018,19873.4015238771
GRC,Greece,NY.GDP.PCAP.CD,2017,18631.9930129293
GRC,Greece,NY.GDP.PCAP.CD,2016,17919.2426377048
GRC,Greece,NY.GDP.PCAP.CD,2015,17980.7298238137
GRC,Greece,NY.GDP.PCAP.CD,2014,21474.7257123892
GRC,Greece,NY.GDP.PCAP.CD,2013,21573.3449762805
GRC,Greece,NY.GDP.PCAP.CD,2012,21624.346052551
GRC,Greece,NY.GDP.PCAP.CD,2011,25504.7866510124
GRC,Greece,NY.GDP.PCAP.CD,2010,26653.0488008626
GRL,Greenland,NY.GDP.PCAP.CD,2019,53309.2035905065
GRL,Greenland,NY.GDP.PCAP.CD,2018,54545.135857765
GRL,Greenland,NY.GDP.PCAP.CD,2017,50765.7494665372
GRL,Greenland,NY.GDP.PCAP.CD,2016,48181.7453541266
GRL,Greenland,NY.GDP.PCAP.CD,2015,44536.3549705377
GRL,Greenland,NY.GDP.PCAP.CD,2014,50485.2244135291
GRL,Greenland,NY.GDP.PCAP.CD,2013,47535.4883792376
GRL,Greenland,NY.GDP.PCAP.CD,2012,45936.9562817724
GRL,Greenland,NY.GDP.PCAP.CD,2011,47186.8759969388
GRL,Greenland,NY.GDP.PCAP.CD,2010,44277.1993400972
GRD,Grenada,NY.GDP.PCAP.CD,2019,10462.7929159533
GRD,Grenada,NY.GDP.PCAP.CD,2018,10083.021279225
GRD,Grenada,NY.GDP.PCAP.CD,2017,9751.42661155932
GRD,Grenada,NY.GDP.PCAP.CD,2016,9221.23461079424
GRD,Grenada,NY.GDP.PCAP.CD,2015,8694.12438005692
GRD,Grenada,NY.GDP.PCAP.CD,2014,7986.33421210788
GRD,Grenada,NY.GDP.PCAP.CD,2013,7424.80212287327
GRD,Grenada,NY.GDP.PCAP.CD,2012,7092.71985352677
GRD,Grenada,NY.GDP.PCAP.CD,2011,6947.38136096464
GRD,Grenada,NY.GDP.PCAP.CD,2010,6909.60169568597
GUM,Guam,NY.GDP.PCAP.CD,2019,39274.9431424899
GUM,Guam,NY.GDP.PCAP.CD,2018,37195.9503070464
GUM,Guam,NY.GDP.PCAP.CD,2017,36779.0078903909
GUM,Guam,NY.GDP.PCAP.CD,2016,35930.6594898711
GUM,Guam,NY.GDP.PCAP.CD,2015,35165.7014644795
GUM,Guam,NY.GDP.PCAP.CD,2014,33900.1486530583
GUM,Guam,NY.GDP.PCAP.CD,2013,32530.7593121483
GUM,Guam,NY.GDP.PCAP.CD,2012,31653.7506538168
GUM,Guam,NY.GDP.PCAP.CD,2011,29926.2052442913
GUM,Guam,NY.GDP.PCAP.CD,2010,29719.7967836082
GTM,Guatemala,NY.GDP.PCAP.CD,2019,4511.99839552697
GTM,Guatemala,NY.GDP.PCAP.CD,2018,4352.94593289707
GTM,Guatemala,NY.GDP.PCAP.CD,2017,4324.99768915601
GTM,Guatemala,NY.GDP.PCAP.CD,2016,4060.13784737643
GTM,Guatemala,NY.GDP.PCAP.CD,2015,3893.50533299068
GTM,Guatemala,NY.GDP.PCAP.CD,2014,3689.14510410202
GTM,Guatemala,NY.GDP.PCAP.CD,2013,3444.15802275864
GTM,Guatemala,NY.GDP.PCAP.CD,2012,3286.61959336267
GTM,Guatemala,NY.GDP.PCAP.CD,2011,3168.98370607705
GTM,Guatemala,NY.GDP.PCAP.CD,2010,2805.25960237322
GIN,Guinea,NY.GDP.PCAP.CD,2019,1031.34146480732
GIN,Guinea,NY.GDP.PCAP.CD,2018,933.273615633705
GIN,Guinea,NY.GDP.PCAP.CD,2017,833.598621691121
GIN,Guinea,NY.GDP.PCAP.CD,2016,711.996509782316
GIN,Guinea,NY.GDP.PCAP.CD,2015,747.356966759448
GIN,Guinea,NY.GDP.PCAP.CD,2014,765.146999389279
GIN,Guinea,NY.GDP.PCAP.CD,2013,748.455020824734
GIN,Guinea,NY.GDP.PCAP.CD,2012,699.353377212197
GIN,Guinea,NY.GDP.PCAP.CD,2011,636.694958747648
GIN,Guinea,NY.GDP.PCAP.CD,2010,659.235326211315
GNB,Guinea-Bissau,NY.GDP.PCAP.CD,2019,811.210004050041
GNB,Guinea-Bissau,NY.GDP.PCAP.CD,2018,808.531613218504
GNB,Guinea-Bissau,NY.GDP.PCAP.CD,2017,783.123186602022
GNB,Guinea-Bissau,NY.GDP.PCAP.CD,2016,679.665386626818
GNB,Guinea-Bissau,NY.GDP.PCAP.CD,2015,645.066837207039
GNB,Guinea-Bissau,NY.GDP.PCAP.CD,2014,652.022501029449
GNB,Guinea-Bissau,NY.GDP.PCAP.CD,2013,654.304534409417
GNB,Guinea-Bissau,NY.GDP.PCAP.CD,2012,635.461653303881
GNB,Guinea-Bissau,NY.GDP.PCAP.CD,2011,719.539573498937
GNB,Guinea-Bissau,NY.GDP.PCAP.CD,2010,600.194298540768
GUY,Guyana,NY.GDP.PCAP.CD,2019,6405.82443444562
GUY,Guyana,NY.GDP.PCAP.CD,2018,6048.38697180418
GUY,Guyana,NY.GDP.PCAP.CD,2017,6178.6650437298
GUY,Guyana,NY.GDP.PCAP.CD,2016,5870.87823759835
GUY,Guyana,NY.GDP.PCAP.CD,2015,5640.41560569466
GUY,Guyana,NY.GDP.PCAP.CD,2014,5472.68820452237
GUY,Guyana,NY.GDP.PCAP.CD,2013,5556.91231156932
GUY,Guyana,NY.GDP.PCAP.CD,2012,5444.39751913913
GUY,Guyana,NY.GDP.PCAP.CD,2011,4947.22170589917
GUY,Guyana,NY.GDP.PCAP.CD,2010,4581.76179693492
HTI,Haiti,NY.GDP.PCAP.CD,2019,1352.17204191532
HTI,Haiti,NY.GDP.PCAP.CD,2018,1496.38048970156
HTI,Haiti,NY.GDP.PCAP.CD,2017,1395.23945184461
HTI,Haiti,NY.GDP.PCAP.CD,2016,1318.40268167953
HTI,Haiti,NY.GDP.PCAP.CD,2015,1411.12684746796
HTI,Haiti,NY.GDP.PCAP.CD,2014,1460.18898613914
HTI,Haiti,NY.GDP.PCAP.CD,2013,1457.83221179626
HTI,Haiti,NY.GDP.PCAP.CD,2012,1361.39396587374
HTI,Haiti,NY.GDP.PCAP.CD,2011,1312.03953552013
HTI,Haiti,NY.GDP.PCAP.CD,2010,1209.72733503094
HND,Honduras,NY.GDP.PCAP.CD,2019,2502.32744328073
HND,Honduras,NY.GDP.PCAP.CD,2018,2464.64241531918
HND,Honduras,NY.GDP.PCAP.CD,2017,2413.0076562942
HND,Honduras,NY.GDP.PCAP.CD,2016,2307.34468351082
HND,Honduras,NY.GDP.PCAP.CD,2015,2271.20265980349
HND,Honduras,NY.GDP.PCAP.CD,2014,2179.88171977271
HND,Honduras,NY.GDP.PCAP.CD,2013,2081.12843527945
HND,Honduras,NY.GDP.PCAP.CD,2012,2126.03474686503
HND,Honduras,NY.GDP.PCAP.CD,2011,2073.66121088074
HND,Honduras,NY.GDP.PCAP.CD,2010,1893.32722662035
HKG,"Hong Kong SAR, China",NY.GDP.PCAP.CD,2019,48359.0011950597
HKG,"Hong Kong SAR, China",NY.GDP.PCAP.CD,2018,48537.5668888343
HKG,"Hong Kong SAR, China",NY.GDP.PCAP.CD,2017,46160.429791493
HKG,"Hong Kong SAR, China",NY.GDP.PCAP.CD,2016,43734.1980702999
HKG,"Hong Kong SAR, China",NY.GDP.PCAP.CD,2015,42432.1619740441
HKG,"Hong Kong SAR, China",NY.GDP.PCAP.CD,2014,40315.3739510191
HKG,"Hong Kong SAR, China",NY.GDP.PCAP.CD,2013,38403.7777145477
HKG,"Hong Kong SAR, China",NY.GDP.PCAP.CD,2012,36730.796195815
HKG,"Hong Kong SAR, China",NY.GDP.PCAP.CD,2011,35142.4879344543
HKG,"Hong Kong SAR, China",NY.GDP.PCAP.CD,2010,32550.136489179
HUN,Hungary,NY.GDP.PCAP.CD,2019,17012.8598553199
HUN,Hungary,NY.GDP.PCAP.CD,2018,16605.0570511887
HUN,Hungary,NY.GDP.PCAP.CD,2017,14736.1668157258
HUN,Hungary,NY.GDP.PCAP.CD,2016,13215.8605277789
HUN,Hungary,NY.GDP.PCAP.CD,2015,12782.9412577973
HUN,Hungary,NY.GDP.PCAP.CD,2014,14352.501883174
HUN,Hungary,NY.GDP.PCAP.CD,2013,13739.4620151401
HUN,Hungary,NY.GDP.PCAP.CD,2012,12950.1594488143
HUN,Hungary,NY.GDP.PCAP.CD,2011,14211.460557822
HUN,Hungary,NY.GDP.PCAP.CD,2010,13189.8433874768
ISL,Iceland,NY.GDP.PCAP.CD,2019,69296.3144361601
ISL,Iceland,NY.GDP.PCAP.CD,2018,75633.8651351915
ISL,Iceland,NY.GDP.PCAP.CD,2017,72976.3729990975
ISL,Iceland,NY.GDP.PCAP.CD,2016,62854.0906407932
ISL,Iceland,NY.GDP.PCAP.CD,2015,53505.6964079339
ISL,Iceland,NY.GDP.PCAP.CD,2014,55140.364935793
ISL,Iceland,NY.GDP.PCAP.CD,2013,50173.3360061057
ISL,Iceland,NY.GDP.PCAP.CD,2012,46594.9869146614
ISL,Iceland,NY.GDP.PCAP.CD,2011,48254.953927254
ISL,Iceland,NY.GDP.PCAP.CD,2010,43776.4677400475
IND,India,NY.GDP.PCAP.CD,2019,2041.42863698585
IND,India,NY.GDP.PCAP.CD,2018,1966.25455171679
IND,India,NY.GDP.PCAP.CD,2017,1950.10468280866
IND,India,NY.GDP.PCAP.CD,2016,1707.50892912243
IND,India,NY.GDP.PCAP.CD,2015,1583.99815907985
IND,India,NY.GDP.PCAP.CD,2014,1553.88396075118
IND,India,NY.GDP.PCAP.CD,2013,1432.84397512195
IND,India,NY.GDP.PCAP.CD,2012,1429.32199520032
IND,India,NY.GDP.PCAP.CD,2011,1445.46127486037
IND,India,NY.GDP.PCAP.CD,2010,1347.51939071367
IDN,Indonesia,NY.GDP.PCAP.CD,2019,4106.94856160358
IDN,Indonesia,NY.GDP.PCAP.CD,2018,3860.95353090726
IDN,Indonesia,NY.GDP.PCAP.CD,2017,3798.88326174526
IDN,Indonesia,NY.GDP.PCAP.CD,2016,3521.46943457574
IDN,Indonesia,NY.GDP.PCAP.CD,2015,3288.22269725538
IDN,Indonesia,NY.GDP.PCAP.CD,2014,3441.06808464008
IDN,Indonesia,NY.GDP.PCAP.CD,2013,3566.60284506078
IDN,Indonesia,NY.GDP.PCAP.CD,2012,3632.27254030331
IDN,Indonesia,NY.GDP.PCAP.CD,2011,3579.46442466152
IDN,Indonesia,NY.GDP.PCAP.CD,2010,3065.68348377765
IRN,"Iran, Islamic Rep.",NY.GDP.PCAP.CD,2019,3997.4935449585
IRN,"Iran, Islamic Rep.",NY.GDP.PCAP.CD,2018,4783.01067340237
IRN,"Iran, Islamic Rep.",NY.GDP.PCAP.CD,2017,6000.93346404409
IRN,"Iran, Islamic Rep.",NY.GDP.PCAP.CD,2016,5710.59947089104
IRN,"Iran, Islamic Rep.",NY.GDP.PCAP.CD,2015,4952.73355532178
IRN,"Iran, Islamic Rep.",NY.GDP.PCAP.CD,2014,5672.06372896319
IRN,"Iran, Islamic Rep.",NY.GDP.PCAP.CD,2013,6222.74194840326
IRN,"Iran, Islamic Rep.",NY.GDP.PCAP.CD,2012,8114.08099831877
IRN,"Iran, Islamic Rep.",NY.GDP.PCAP.CD,2011,8025.68743364356
IRN,"Iran, Islamic Rep.",NY.GDP.PCAP.CD,2010,6291.19443655454
IRQ,Iraq,NY.GDP.PCAP.CD,2019,5671.8568632942
IRQ,Iraq,NY.GDP.PCAP.CD,2018,5646.68932074742
IRQ,Iraq,NY.GDP.PCAP.CD,2017,4759.2846435467
IRQ,Iraq,NY.GDP.PCAP.CD,2016,4334.42096404188
IRQ,Iraq,NY.GDP.PCAP.CD,2015,4440.14189252367
IRQ,Iraq,NY.GDP.PCAP.CD,2014,6249.39226978969
IRQ,Iraq,NY.GDP.PCAP.CD,2013,6650.35282247395
IRQ,Iraq,NY.GDP.PCAP.CD,2012,6477.59618450955
IRQ,Iraq,NY.GDP.PCAP.CD,2011,5775.54229080293
IRQ,Iraq,NY.GDP.PCAP.CD,2010,4461.75196161555
IRL,Ireland,NY.GDP.PCAP.CD,2019,81827.6688873996
IRL,Ireland,NY.GDP.PCAP.CD,2018,80804.1123164826
IRL,Ireland,NY.GDP.PCAP.CD,2017,72161.4047531385
IRL,Ireland,NY.GDP.PCAP.CD,2016,64129.5571542383
IRL,Ireland,NY.GDP.PCAP.CD,2015,64250.1385181257
IRL,Ireland,NY.GDP.PCAP.CD,2014,57214.5379785709
IRL,Ireland,NY.GDP.PCAP.CD,2013,52537.6108648692
IRL,Ireland,NY.GDP.PCAP.CD,2012,49335.8408099555
IRL,Ireland,NY.GDP.PCAP.CD,2011,52613.8540355689
IRL,Ireland,NY.GDP.PCAP.CD,2010,48623.9666422487
IMN,Isle of Man,NY.GDP.PCAP.CD,2019,87127.5517977404
IMN,Isle of Man,NY.GDP.PCAP.CD,2018,89393.8244248812
IMN,Isle of Man,NY.GDP.PCAP.CD,2017,83481.3038489014
IMN,Isle of Man,NY.GDP.PCAP.CD,2016,82025.9454509241
IMN,Isle of Man,NY.GDP.PCAP.CD,2015,84753.5187422732
IMN,Isle of Man,NY.GDP.PCAP.CD,2014,91885.4528718026
IMN,Isle of Man,NY.GDP.PCAP.CD,2013,83207.6588430451
IMN,Isle of Man,NY.GDP.PCAP.CD,2012,79329.2034347434
IMN,Isle of Man,NY.GDP.PCAP.CD,2011,77808.8579649376
IMN,Isle of Man,NY.GDP.PCAP.CD,2010,70587.3140283741
ISR,Israel,NY.GDP.PCAP.CD,2019,44091.8678022544
ISR,Israel,NY.GDP.PCAP.CD,2018,42269.3770257585
ISR,Israel,NY.GDP.PCAP.CD,2017,41013.2575323519
ISR,Israel,NY.GDP.PCAP.CD,2016,37571.2561196275
ISR,Israel,NY.GDP.PCAP.CD,2015,36138.13561386
ISR,Israel,NY.GDP.PCAP.CD,2014,38265.3651949373
ISR,Israel,NY.GDP.PCAP.CD,2013,36980.622214228
ISR,Israel,NY.GDP.PCAP.CD,2012,33268.7066672115
ISR,Israel,NY.GDP.PCAP.CD,2011,34476.7252065949
ISR,Israel,NY.GDP.PCAP.CD,2010,31398.9266927022
ITA,Italy,NY.GDP.PCAP.CD,2019,33812.788724868
ITA,Italy,NY.GDP.PCAP.CD,2018,35062.3364176949
ITA,Italy,NY.GDP.PCAP.CD,2017,32844.115660604
ITA,Italy,NY.GDP.PCAP.CD,2016,31391.5692898108
ITA,Italy,NY.GDP.PCAP.CD,2015,30639.8829751432
ITA,Italy,NY.GDP.PCAP.CD,2014,36028.3494022349
ITA,Italy,NY.GDP.PCAP.CD,2013,35701.6746002376
ITA,Italy,NY.GDP.PCAP.CD,2012,34854.3949441965
ITA,Italy,NY.GDP.PCAP.CD,2011,38432.3742820019
ITA,Italy,NY.GDP.PCAP.CD,2010,35856.8625485539
JAM,Jamaica,NY.GDP.PCAP.CD,2019,6030.68896415921
JAM,Jamaica,NY.GDP.PCAP.CD,2018,5976.90362644337
JAM,Jamaica,NY.GDP.PCAP.CD,2017,5605.43541173019
JAM,Jamaica,NY.GDP.PCAP.CD,2016,5302.29553353854
JAM,Jamaica,NY.GDP.PCAP.CD,2015,5339.30718256806
JAM,Jamaica,NY.GDP.PCAP.CD,2014,4975.11325459872
JAM,Jamaica,NY.GDP.PCAP.CD,2013,5124.21301411137
JAM,Jamaica,NY.GDP.PCAP.CD,2012,5340.83333232158
JAM,Jamaica,NY.GDP.PCAP.CD,2011,5232.63644918132
JAM,Jamaica,NY.GDP.PCAP.CD,2010,4809.977380312
JPN,Japan,NY.GDP.PCAP.CD,2019,41424.8655601543
JPN,Japan,NY.GDP.PCAP.CD,2018,40645.478086519
JPN,Japan,NY.GDP.PCAP.CD,2017,39679.8635262948
JPN,Japan,NY.GDP.PCAP.CD,2016,40214.9688631562
JPN,Japan,NY.GDP.PCAP.CD,2015,35664.6446110613
JPN,Japan,NY.GDP.PCAP.CD,2014,39172.8471161948
JPN,Japan,NY.GDP.PCAP.CD,2013,41369.1948479498
JPN,Japan,NY.GDP.PCAP.CD,2012,49626.6830327571
JPN,Japan,NY.GDP.PCAP.CD,2011,49122.077634247
JPN,Japan,NY.GDP.PCAP.CD,2010,45378.1378109399
JOR,Jordan,NY.GDP.PCAP.CD,2019,4557.79334729121
JOR,Jordan,NY.GDP.PCAP.CD,2018,4533.97658437205
JOR,Jordan,NY.GDP.PCAP.CD,2017,4449.34618076611
JOR,Jordan,NY.GDP.PCAP.CD,2016,4366.06999647268
JOR,Jordan,NY.GDP.PCAP.CD,2015,4441.61896013754
JOR,Jordan,NY.GDP.PCAP.CD,2014,4610.60460269382
JOR,Jordan,NY.GDP.PCAP.CD,2013,4739.02253641778
JOR,Jordan,NY.GDP.PCAP.CD,2012,4593.83609729005
JOR,Jordan,NY.GDP.PCAP.CD,2011,4363.42800211536
JOR,Jordan,NY.GDP.PCAP.CD,2010,4139.04283161368
KAZ,Kazakhstan,NY.GDP.PCAP.CD,2019,9457.12614657136
KAZ,Kazakhstan,NY.GDP.PCAP.CD,2018,9472.48527327758
KAZ,Kazakhstan,NY.GDP.PCAP.CD,2017,8943.08416791984
KAZ,Kazakhstan,NY.GDP.PCAP.CD,2016,7475.56688689424
KAZ,Kazakhstan,NY.GDP.PCAP.CD,2015,10196.1226255982
KAZ,Kazakhstan,NY.GDP.PCAP.CD,2014,12427.7094576939
KAZ,Kazakhstan,NY.GDP.PCAP.CD,2013,13478.459627612
KAZ,Kazakhstan,NY.GDP.PCAP.CD,2012,12018.7966527993
KAZ,Kazakhstan,NY.GDP.PCAP.CD,2011,11287.1464926039
KAZ,Kazakhstan,NY.GDP.PCAP.CD,2010,8793.07589980782
KEN,Kenya,NY.GDP.PCAP.CD,2019,1960.40808854893
KEN,Kenya,NY.GDP.PCAP.CD,2018,1836.45275528993
KEN,Kenya,NY.GDP.PCAP.CD,2017,1667.48447230835
KEN,Kenya,NY.GDP.PCAP.CD,2016,1554.12610314423
KEN,Kenya,NY.GDP.PCAP.CD,2015,1489.11959777284
KEN,Kenya,NY.GDP.PCAP.CD,2014,1482.81566253497
KEN,Kenya,NY.GDP.PCAP.CD,2013,1370.87885214659
KEN,Kenya,NY.GDP.PCAP.CD,2012,1285.00536171512
KEN,Kenya,NY.GDP.PCAP.CD,2011,1096.14499807675
KEN,Kenya,NY.GDP.PCAP.CD,2010,1091.51873101194
KIR,Kiribati,NY.GDP.PCAP.CD,2019,1750.24040333237
KIR,Kiribati,NY.GDP.PCAP.CD,2018,1915.56002581991
KIR,Kiribati,NY.GDP.PCAP.CD,2017,1854.3326920967
KIR,Kiribati,NY.GDP.PCAP.CD,2016,1742.66799324117
KIR,Kiribati,NY.GDP.PCAP.CD,2015,1639.85274740652
KIR,Kiribati,NY.GDP.PCAP.CD,2014,1736.70535682101
KIR,Kiribati,NY.GDP.PCAP.CD,2013,1772.08718317132
KIR,Kiribati,NY.GDP.PCAP.CD,2012,1843.55336349889
KIR,Kiribati,NY.GDP.PCAP.CD,2011,1771.12926848792
KIR,Kiribati,NY.GDP.PCAP.CD,2010,1522.10068744154
KOR,"Korea, Rep.",NY.GDP.PCAP.CD,2019,33826.9443301597
KOR,"Korea, Rep.",NY.GDP.PCAP.CD,2018,35363.9508228687
KOR,"Korea, Rep.",NY.GDP.PCAP.CD,2017,33296.9845439195
KOR,"Korea, Rep.",NY.GDP.PCAP.CD,2016,30832.0628072516
KOR,"Korea, Rep.",NY.GDP.PCAP.CD,2015,30171.7906545222
KOR,"Korea, Rep.",NY.GDP.PCAP.CD,2014,30667.0912467447
KOR,"Korea, Rep.",NY.GDP.PCAP.CD,2013,28449.3591104972
KOR,"Korea, Rep.",NY.GDP.PCAP.CD,2012,26600.5477433903
KOR,"Korea, Rep.",NY.GDP.PCAP.CD,2011,26175.2398553363
KOR,"Korea, Rep.",NY.GDP.PCAP.CD,2010,24071.2620526362
XKX,Kosovo,NY.GDP.PCAP.CD,2019,4415.6992744623
XKX,Kosovo,NY.GDP.PCAP.CD,2018,4384.18796440547
XKX,Kosovo,NY.GDP.PCAP.CD,2017,4009.32022064732
XKX,Kosovo,NY.GDP.PCAP.CD,2016,3759.44777525332
XKX,Kosovo,NY.GDP.PCAP.CD,2015,3520.62685324451
XKX,Kosovo,NY.GDP.PCAP.CD,2014,3902.49322261901
XKX,Kosovo,NY.GDP.PCAP.CD,2013,3704.55812411167
XKX,Kosovo,NY.GDP.PCAP.CD,2012,3410.65497983011
XKX,Kosovo,NY.GDP.PCAP.CD,2011,3538.94809762524
XKX,Kosovo,NY.GDP.PCAP.CD,2010,2987.54523493128
KWT,Kuwait,NY.GDP.PCAP.CD,2019,31707.8737443551
KWT,Kuwait,NY.GDP.PCAP.CD,2018,32067.9623756889
KWT,Kuwait,NY.GDP.PCAP.CD,2017,29047.6536135703
KWT,Kuwait,NY.GDP.PCAP.CD,2016,27323.6890735517
KWT,Kuwait,NY.GDP.PCAP.CD,2015,29882.2126495698
KWT,Kuwait,NY.GDP.PCAP.CD,2014,44368.7813457751
KWT,Kuwait,NY.GDP.PCAP.CD,2013,49651.0439275077
KWT,Kuwait,NY.GDP.PCAP.CD,2012,52155.2225833921
KWT,Kuwait,NY.GDP.PCAP.CD,2011,49169.6063813095
KWT,Kuwait,NY.GDP.PCAP.CD,2010,39212.252220155
KGZ,Kyrgyz Republic,NY.GDP.PCAP.CD,2019,1421.99927504102
KGZ,Kyrgyz Republic,NY.GDP.PCAP.CD,2018,1283.5203037417
KGZ,Kyrgyz Republic,NY.GDP.PCAP.CD,2017,1221.39046807082
KGZ,Kyrgyz Republic,NY.GDP.PCAP.CD,2016,1103.27489428412
KGZ,Kyrgyz Republic,NY.GDP.PCAP.CD,2015,1105.65193844261
KGZ,Kyrgyz Republic,NY.GDP.PCAP.CD,2014,1264.52668823891
KGZ,Kyrgyz Republic,NY.GDP.PCAP.CD,2013,1269.66303464348
KGZ,Kyrgyz Republic,NY.GDP.PCAP.CD,2012,1168.62244675446
KGZ,Kyrgyz Republic,NY.GDP.PCAP.CD,2011,1117.40174350185
KGZ,Kyrgyz Republic,NY.GDP.PCAP.CD,2010,876.954476440354
LAO,Lao PDR,NY.GDP.PCAP.CD,2019,2589.32081035237
LAO,Lao PDR,NY.GDP.PCAP.CD,2018,2545.1075420815
LAO,Lao PDR,NY.GDP.PCAP.CD,2017,2432.43059478511
LAO,Lao PDR,NY.GDP.PCAP.CD,2016,2303.22156035363
LAO,Lao PDR,NY.GDP.PCAP.CD,2015,2121.01339097363
LAO,Lao PDR,NY.GDP.PCAP.CD,2014,1981.03910900473
LAO,Lao PDR,NY.GDP.PCAP.CD,2013,1812.51774424651
LAO,Lao PDR,NY.GDP.PCAP.CD,2012,1563.5650771337
LAO,Lao PDR,NY.GDP.PCAP.CD,2011,1361.54704394913
LAO,Lao PDR,NY.GDP.PCAP.CD,2010,1125.91610151261
LVA,Latvia,NY.GDP.PCAP.CD,2019,17294.9751600969
LVA,Latvia,NY.GDP.PCAP.CD,2018,17252.1710428626
LVA,Latvia,NY.GDP.PCAP.CD,2017,15132.4958333982
LVA,Latvia,NY.GDP.PCAP.CD,2016,13838.5266823272
LVA,Latvia,NY.GDP.PCAP.CD,2015,13321.9753140616
LVA,Latvia,NY.GDP.PCAP.CD,2014,15185.814581236
LVA,Latvia,NY.GDP.PCAP.CD,2013,14484.4715282132
LVA,Latvia,NY.GDP.PCAP.CD,2012,13329.3499931271
LVA,Latvia,NY.GDP.PCAP.CD,2011,12902.574053337
LVA,Latvia,NY.GDP.PCAP.CD,2010,11188.4191700977
LBN,Lebanon,NY.GDP.PCAP.CD,2019,8905.88005497437
LBN,Lebanon,NY.GDP.PCAP.CD,2018,9174.53666204759
LBN,Lebanon,NY.GDP.PCAP.CD,2017,8608.21084982387
LBN,Lebanon,NY.GDP.PCAP.CD,2016,8089.012088155
LBN,Lebanon,NY.GDP.PCAP.CD,2015,7714.1099998804
LBN,Lebanon,NY.GDP.PCAP.CD,2014,7577.6413302369
LBN,Lebanon,NY.GDP.PCAP.CD,2013,8162.37929361396
LBN,Lebanon,NY.GDP.PCAP.CD,2012,8406.98405608118
LBN,Lebanon,NY.GDP.PCAP.CD,2011,7834.96257108993
LBN,Lebanon,NY.GDP.PCAP.CD,2010,7625.81051551165
LSO,Lesotho,NY.GDP.PCAP.CD,2019,1082.05706777516
LSO,Lesotho,NY.GDP.PCAP.CD,2018,1170.65569702819
LSO,Lesotho,NY.GDP.PCAP.CD,2017,1069.36673247542
LSO,Lesotho,NY.GDP.PCAP.CD,2016,992.491840678465
LSO,Lesotho,NY.GDP.PCAP.CD,2015,1121.19851342518
LSO,Lesotho,NY.GDP.PCAP.CD,2014,1173.5377928819
LSO,Lesotho,NY.GDP.PCAP.CD,2013,1151.03735837227
LSO,Lesotho,NY.GDP.PCAP.CD,2012,1217.93071228944
LSO,Lesotho,NY.GDP.PCAP.CD,2011,1280.73390931581
LSO,Lesotho,NY.GDP.PCAP.CD,2010,1119.47557793042
LBR,Liberia,NY.GDP.PCAP.CD,2019,658.164180770507
LBR,Liberia,NY.GDP.PCAP.CD,2018,692.203127129794
LBR,Liberia,NY.GDP.PCAP.CD,2017,699.269095727404
LBR,Liberia,NY.GDP.PCAP.CD,2016,714.613063145659
LBR,Liberia,NY.GDP.PCAP.CD,2015,692.590082351257
LBR,Liberia,NY.GDP.PCAP.CD,2014,706.714490064507
LBR,Liberia,NY.GDP.PCAP.CD,2013,710.744570927863
LBR,Liberia,NY.GDP.PCAP.CD,2012,638.368751462083
LBR,Liberia,NY.GDP.PCAP.CD,2011,568.087865520004
LBR,Liberia,NY.GDP.PCAP.CD,2010,492.252808033724
LBY,Libya,NY.GDP.PCAP.CD,2019,9963.19489084483
LBY,Libya,NY.GDP.PCAP.CD,2018,11196.5854810844
LBY,Libya,NY.GDP.PCAP.CD,2017,9965.83236729757
LBY,Libya,NY.GDP.PCAP.CD,2016,7525.80299308216
LBY,Libya,NY.GDP.PCAP.CD,2015,7458.48917756374
LBY,Libya,NY.GDP.PCAP.CD,2014,8926.42074591474
LBY,Libya,NY.GDP.PCAP.CD,2013,11951.7134126011
LBY,Libya,NY.GDP.PCAP.CD,2012,14975.8902795144
LBY,Libya,NY.GDP.PCAP.CD,2011,7593.8391525702
LBY,Libya,NY.GDP.PCAP.CD,2010,11600.9068649472
LIE,Liechtenstein,NY.GDP.PCAP.CD,2019,166907.839305016
LIE,Liechtenstein,NY.GDP.PCAP.CD,2018,174988.775083446
LIE,Liechtenstein,NY.GDP.PCAP.CD,2017,170547.092298954
LIE,Liechtenstein,NY.GDP.PCAP.CD,2016,165375.491396259
LIE,Liechtenstein,NY.GDP.PCAP.CD,2015,167187.15730982
LIE,Liechtenstein,NY.GDP.PCAP.CD,2014,178735.153020908
LIE,Liechtenstein,NY.GDP.PCAP.CD,2013,172823.607794648
LIE,Liechtenstein,NY.GDP.PCAP.CD,2012,148842.035144342
LIE,Liechtenstein,NY.GDP.PCAP.CD,2011,158066.369379163
LIE,Liechtenstein,NY.GDP.PCAP.CD,2010,141089.812849014
LTU,Lithuania,NY.GDP.PCAP.CD,2019,19608.7943945553
LTU,Lithuania,NY.GDP.PCAP.CD,2018,19247.2315367967
LTU,Lithuania,NY.GDP.PCAP.CD,2017,16800.1510246099
LTU,Lithuania,NY.GDP.PCAP.CD,2016,14934.2702840428
LTU,Lithuania,NY.GDP.PCAP.CD,2015,14269.8039878287
LTU,Lithuania,NY.GDP.PCAP.CD,2014,16446.1647181663
LTU,Lithuania,NY.GDP.PCAP.CD,2013,15636.5252586048
LTU,Lithuania,NY.GDP.PCAP.CD,2012,14288.1853493139
LTU,Lithuania,NY.GDP.PCAP.CD,2011,14261.8433787325
LTU,Lithuania,NY.GDP.PCAP.CD,2010,11829.122609457
LUX,Luxembourg,NY.GDP.PCAP.CD,2019,112696.649059674
LUX,Luxembourg,NY.GDP.PCAP.CD,2018,116926.759593905
LUX,Luxembourg,NY.GDP.PCAP.CD,2017,110193.213797228
LUX,Luxembourg,NY.GDP.PCAP.CD,2016,106899.293549552
LUX,Luxembourg,NY.GDP.PCAP.CD,2015,105462.012584423
LUX,Luxembourg,NY.GDP.PCAP.CD,2014,123678.706919314
LUX,Luxembourg,NY.GDP.PCAP.CD,2013,120000.140729859
LUX,Luxembourg,NY.GDP.PCAP.CD,2012,112584.676270958
LUX,Luxembourg,NY.GDP.PCAP.CD,2011,119025.057203467
LUX,Luxembourg,NY.GDP.PCAP.CD,2010,110885.991378721
MAC,"Macao SAR, China",NY.GDP.PCAP.CD,2019,81882.6964523869
MAC,"Macao SAR, China",NY.GDP.PCAP.CD,2018,83588.2875009014
MAC,"Macao SAR, China",NY.GDP.PCAP.CD,2017,77570.9876166977
MAC,"Macao SAR, China",NY.GDP.PCAP.CD,2016,68911.6755919628
MAC,"Macao SAR, China",NY.GDP.PCAP.CD,2015,69902.9605741233
MAC,"Macao SAR, China",NY.GDP.PCAP.CD,2014,88355.3181764446
MAC,"Macao SAR, China",NY.GDP.PCAP.CD,2013,87107.8313063626
MAC,"Macao SAR, China",NY.GDP.PCAP.CD,2012,76058.0224963659
MAC,"Macao SAR, China",NY.GDP.PCAP.CD,2011,67046.7284292101
MAC,"Macao SAR, China",NY.GDP.PCAP.CD,2010,52596.2250160214
MDG,Madagascar,NY.GDP.PCAP.CD,2019,499.818837622534
MDG,Madagascar,NY.GDP.PCAP.CD,2018,500.45718552916
MDG,Madagascar,NY.GDP.PCAP.CD,2017,491.866848718929
MDG,Madagascar,NY.GDP.PCAP.CD,2016,453.970714522463
MDG,Madagascar,NY.GDP.PCAP.CD,2015,445.320069480568
MDG,Madagascar,NY.GDP.PCAP.CD,2014,505.684922503435
MDG,Madagascar,NY.GDP.PCAP.CD,2013,515.301589361832
MDG,Madagascar,NY.GDP.PCAP.CD,2012,493.511162904211
MDG,Madagascar,NY.GDP.PCAP.CD,2011,506.163691559309
MDG,Madagascar,NY.GDP.PCAP.CD,2010,450.009391645726
MWI,Malawi,NY.GDP.PCAP.CD,2019,580.889139762475
MWI,Malawi,NY.GDP.PCAP.CD,2018,533.202567189331
MWI,Malawi,NY.GDP.PCAP.CD,2017,495.769683367165
MWI,Malawi,NY.GDP.PCAP.CD,2016,450.506105510719
MWI,Malawi,NY.GDP.PCAP.CD,2015,539.605363240686
MWI,Malawi,NY.GDP.PCAP.CD,2014,529.5133440206
MWI,Malawi,NY.GDP.PCAP.CD,2013,496.947368267313
MWI,Malawi,NY.GDP.PCAP.CD,2012,558.46208832772
MWI,Malawi,NY.GDP.PCAP.CD,2011,763.061000394572
MWI,Malawi,NY.GDP.PCAP.CD,2010,683.124694716799
MYS,Malaysia,NY.GDP.PCAP.CD,2019,10920.191763972
MYS,Malaysia,NY.GDP.PCAP.CD,2018,10901.8019954421
MYS,Malaysia,NY.GDP.PCAP.CD,2017,9862.54806612235
MYS,Malaysia,NY.GDP.PCAP.CD,2016,9476.53409809923
MYS,Malaysia,NY.GDP.PCAP.CD,2015,9648.6797937523
MYS,Malaysia,NY.GDP.PCAP.CD,2014,11013.3107334403
MYS,Malaysia,NY.GDP.PCAP.CD,2013,10713.6407638899
MYS,Malaysia,NY.GDP.PCAP.CD,2012,10600.5744240026
MYS,Malaysia,NY.GDP.PCAP.CD,2011,10217.1068585031
MYS,Malaysia,NY.GDP.PCAP.CD,2010,8899.34505544675
MDV,Maldives,NY.GDP.PCAP.CD,2019,11740.2724029785
MDV,Maldives,NY.GDP.PCAP.CD,2018,11423.2838427029
MDV,Maldives,NY.GDP.PCAP.CD,2017,10509.628805812
MDV,Maldives,NY.GDP.PCAP.CD,2016,9947.80744731739
MDV,Maldives,NY.GDP.PCAP.CD,2015,9644.90655028145
MDV,Maldives,NY.GDP.PCAP.CD,2014,8939.07416571472
MDV,Maldives,NY.GDP.PCAP.CD,2013,8236.08177944126
MDV,Maldives,NY.GDP.PCAP.CD,2012,7461.29703686309
MDV,Maldives,NY.GDP.PCAP.CD,2011,7424.520410971
MDV,Maldives,NY.GDP.PCAP.CD,2010,7173.59601844692
MLI,Mali,NY.GDP.PCAP.CD,2019,971.949318638092
MLI,Mali,NY.GDP.PCAP.CD,2018,996.379292136901
MLI,Mali,NY.GDP.PCAP.CD,2017,924.057531692284
MLI,Mali,NY.GDP.PCAP.CD,2016,872.468587171653
MLI,Mali,NY.GDP.PCAP.CD,2015,838.11986940103
MLI,Mali,NY.GDP.PCAP.CD,2014,947.915033293219
MLI,Mali,NY.GDP.PCAP.CD,2013,901.920957649814
MLI,Mali,NY.GDP.PCAP.CD,2012,872.506092463946
MLI,Mali,NY.GDP.PCAP.CD,2011,938.292902579598
MLI,Mali,NY.GDP.PCAP.CD,2010,797.151541141189
MLT,Malta,NY.GDP.PCAP.CD,2019,32421.9087471186
MLT,Malta,NY.GDP.PCAP.CD,2018,33382.280781103
MLT,Malta,NY.GDP.PCAP.CD,2017,30317.2611769875
MLT,Malta,NY.GDP.PCAP.CD,2016,26459.0644285369
MLT,Malta,NY.GDP.PCAP.CD,2015,25529.6693210673
MLT,Malta,NY.GDP.PCAP.CD,2014,27424.5693619702
MLT,Malta,NY.GDP.PCAP.CD,2013,25415.5525389054
MLT,Malta,NY.GDP.PCAP.CD,2012,22878.3095862582
MLT,Malta,NY.GDP.PCAP.CD,2011,23516.972445816
MLT,Malta,NY.GDP.PCAP.CD,2010,21946.6073066905
MHL,Marshall Islands,NY.GDP.PCAP.CD,2019,5292.33985502306
MHL,Marshall Islands,NY.GDP.PCAP.CD,2018,4858.12079054875
MHL,Marshall Islands,NY.GDP.PCAP.CD,2017,4592.83457628576
MHL,Marshall Islands,NY.GDP.PCAP.CD,2016,4229.80988911945
MHL,Marshall Islands,NY.GDP.PCAP.CD,2015,3764.34426229508
MHL,Marshall Islands,NY.GDP.PCAP.CD,2014,3735.23977829545
MHL,Marshall Islands,NY.GDP.PCAP.CD,2013,3677.90690791421
MHL,Marshall Islands,NY.GDP.PCAP.CD,2012,3514.26515490383
MHL,Marshall Islands,NY.GDP.PCAP.CD,2011,3319.39815439151
MHL,Marshall Islands,NY.GDP.PCAP.CD,2010,3095.45768964722
MRT,Mauritania,NY.GDP.PCAP.CD,2019,1767.072710621
MRT,Mauritania,NY.GDP.PCAP.CD,2018,1723.37809442655
MRT,Mauritania,NY.GDP.PCAP.CD,2017,1617.93401542267
MRT,Mauritania,NY.GDP.PCAP.CD,2016,1568.00551190332
MRT,Mauritania,NY.GDP.PCAP.CD,2015,1558.84205473416
MRT,Mauritania,NY.GDP.PCAP.CD,2014,1718.97089374709
MRT,Mauritania,NY.GDP.PCAP.CD,2013,1936.26950446101
MRT,Mauritania,NY.GDP.PCAP.CD,2012,1859.11733247641
MRT,Mauritania,NY.GDP.PCAP.CD,2011,1931.19975525465
MRT,Mauritania,NY.GDP.PCAP.CD,2010,1659.96369705455
MUS,Mauritius,NY.GDP.PCAP.CD,2019,11568.2533399824
MUS,Mauritius,NY.GDP.PCAP.CD,2018,11818.7480619272
MUS,Mauritius,NY.GDP.PCAP.CD,2017,10986.7034093005
MUS,Mauritius,NY.GDP.PCAP.CD,2016,10095.1225574156
MUS,Mauritius,NY.GDP.PCAP.CD,2015,9630.5437837507
MUS,Mauritius,NY.GDP.PCAP.CD,2014,10490.3315563853
MUS,Mauritius,NY.GDP.PCAP.CD,2013,9877.13865958834
MUS,Mauritius,NY.GDP.PCAP.CD,2012,9421.52514098225
MUS,Mauritius,NY.GDP.PCAP.CD,2011,9324.24232310496
MUS,Mauritius,NY.GDP.PCAP.CD,2010,8113.17670740212
MEX,Mexico,NY.GDP.PCAP.CD,2019,10369.5553593527
MEX,Mexico,NY.GDP.PCAP.CD,2018,10084.7937570364
MEX,Mexico,NY.GDP.PCAP.CD,2017,9649.27816729586
MEX,Mexico,NY.GDP.PCAP.CD,2016,9097.92397674769
MEX,Mexico,NY.GDP.PCAP.CD,2015,10021.2386113616
MEX,Mexico,NY.GDP.PCAP.CD,2014,11391.3773503964
MEX,Mexico,NY.GDP.PCAP.CD,2013,11216.800851866
MEX,Mexico,NY.GDP.PCAP.CD,2012,10744.1335236186
MEX,Mexico,NY.GDP.PCAP.CD,2011,10664.4944032313
MEX,Mexico,NY.GDP.PCAP.CD,2010,9728.80078307432
FSM,"Micronesia, Fed. Sts.",NY.GDP.PCAP.CD,2019,3581.72684572278
FSM,"Micronesia, Fed. Sts.",NY.GDP.PCAP.CD,2018,3584.78377566896
FSM,"Micronesia, Fed. Sts.",NY.GDP.PCAP.CD,2017,3297.37580036719
FSM,"Micronesia, Fed. Sts.",NY.GDP.PCAP.CD,2016,2997.93719917488
FSM,"Micronesia, Fed. Sts.",NY.GDP.PCAP.CD,2015,2869.86276169101
FSM,"Micronesia, Fed. Sts.",NY.GDP.PCAP.CD,2014,2915.23672460238
FSM,"Micronesia, Fed. Sts.",NY.GDP.PCAP.CD,2013,2904.1536796737
FSM,"Micronesia, Fed. Sts.",NY.GDP.PCAP.CD,2012,3003.05867086848
FSM,"Micronesia, Fed. Sts.",NY.GDP.PCAP.CD,2011,2859.8488365615
FSM,"Micronesia, Fed. Sts.",NY.GDP.PCAP.CD,2010,2715.26873721406
MDA,Moldova,NY.GDP.PCAP.CD,2019,4405.33418162155
MDA,Moldova,NY.GDP.PCAP.CD,2018,4156.44981956646
MDA,Moldova,NY.GDP.PCAP.CD,2017,3453.26727720294
MDA,Moldova,NY.GDP.PCAP.CD,2016,2847.08794770479
MDA,Moldova,NY.GDP.PCAP.CD,2015,2749.55137054338
MDA,Moldova,NY.GDP.PCAP.CD,2014,3289.95758568777
MDA,Moldova,NY.GDP.PCAP.CD,2013,3321.04397795719
MDA,Moldova,NY.GDP.PCAP.CD,2012,3044.8084324815
MDA,Moldova,NY.GDP.PCAP.CD,2011,2941.36224066021
MDA,Moldova,NY.GDP.PCAP.CD,2010,2436.79935102421
MCO,Monaco,NY.GDP.PCAP.CD,2019,193746.729890885
MCO,Monaco,NY.GDP.PCAP.CD,2018,188298.389694191
MCO,Monaco,NY.GDP.PCAP.CD,2017,170663.470051177
MCO,Monaco,NY.GDP.PCAP.CD,2016,173604.669723126
MCO,Monaco,NY.GDP.PCAP.CD,2015,170437.021128628
MCO,Monaco,NY.GDP.PCAP.CD,2014,195693.519540544
MCO,Monaco,NY.GDP.PCAP.CD,2013,184940.633666281
MCO,Monaco,NY.GDP.PCAP.CD,2012,165444.625782803
MCO,Monaco,NY.GDP.PCAP.CD,2011,179364.009524397
MCO,Monaco,NY.GDP.PCAP.CD,2010,161853.922745228
MNG,Mongolia,NY.GDP.PCAP.CD,2019,4347.54610314873
MNG,Mongolia,NY.GDP.PCAP.CD,2018,4107.64288528468
MNG,Mongolia,NY.GDP.PCAP.CD,2017,3645.96708669551
MNG,Mongolia,NY.GDP.PCAP.CD,2016,3619.90026383792
MNG,Mongolia,NY.GDP.PCAP.CD,2015,3838.92126989984
MNG,Mongolia,NY.GDP.PCAP.CD,2014,4126.23975800524
MNG,Mongolia,NY.GDP.PCAP.CD,2013,4340.14310544449
MNG,Mongolia,NY.GDP.PCAP.CD,2012,4328.89001905655
MNG,Mongolia,NY.GDP.PCAP.CD,2011,3736.04201455077
MNG,Mongolia,NY.GDP.PCAP.CD,2010,2625.21881402433
MNE,Montenegro,NY.GDP.PCAP.CD,2019,8749.25629734676
MNE,Montenegro,NY.GDP.PCAP.CD,2018,8673.59469069858
MNE,Montenegro,NY.GDP.PCAP.CD,2017,7674.2856571219
MNE,Montenegro,NY.GDP.PCAP.CD,2016,6968.01202883651
MNE,Montenegro,NY.GDP.PCAP.CD,2015,6421.00005731419
MNE,Montenegro,NY.GDP.PCAP.CD,2014,7342.17147363741
MNE,Montenegro,NY.GDP.PCAP.CD,2013,7102.7776714702
MNE,Montenegro,NY.GDP.PCAP.CD,2012,6552.47970337373
MNE,Montenegro,NY.GDP.PCAP.CD,2011,7265.51771176628
MNE,Montenegro,NY.GDP.PCAP.CD,2010,6678.63939560908
MAR,Morocco,NY.GDP.PCAP.CD,2019,3508.09765625
MAR,Morocco,NY.GDP.PCAP.CD,2018,3501.69799804688
MAR,Morocco,NY.GDP.PCAP.CD,2017,3296.52661132813
MAR,Morocco,NY.GDP.PCAP.CD,2016,3140.85546875
MAR,Morocco,NY.GDP.PCAP.CD,2015,3146.24780273438
MAR,Morocco,NY.GDP.PCAP.CD,2014,3435.40698242188
MAR,Morocco,NY.GDP.PCAP.CD,2013,3379.7431640625
MAR,Morocco,NY.GDP.PCAP.CD,2012,3164.17724609375
MAR,Morocco,NY.GDP.PCAP.CD,2011,3301.98876953125
MAR,Morocco,NY.GDP.PCAP.CD,2010,3067.9853515625
MOZ,Mozambique,NY.GDP.PCAP.CD,2019,519.09255091362
MOZ,Mozambique,NY.GDP.PCAP.CD,2018,517.507260258101
MOZ,Mozambique,NY.GDP.PCAP.CD,2017,470.93856305196
MOZ,Mozambique,NY.GDP.PCAP.CD,2016,441.489734819071
MOZ,Mozambique,NY.GDP.PCAP.CD,2015,610.563774706589
MOZ,Mozambique,NY.GDP.PCAP.CD,2014,697.142680444123
MOZ,Mozambique,NY.GDP.PCAP.CD,2013,686.505672517351
MOZ,Mozambique,NY.GDP.PCAP.CD,2012,685.685748199513
MOZ,Mozambique,NY.GDP.PCAP.CD,2011,618.17649286789
MOZ,Mozambique,NY.GDP.PCAP.CD,2010,496.185839392659
MMR,Myanmar,NY.GDP.PCAP.CD,2019,1425.98954211903
MMR,Myanmar,NY.GDP.PCAP.CD,2018,1298.21310320785
MMR,Myanmar,NY.GDP.PCAP.CD,2017,1272.82241830603
MMR,Myanmar,NY.GDP.PCAP.CD,2016,1229.19713515893
MMR,Myanmar,NY.GDP.PCAP.CD,2015,1166.73305546337
MMR,Myanmar,NY.GDP.PCAP.CD,2014,1293.00042298688
MMR,Myanmar,NY.GDP.PCAP.CD,2013,1199.09561597055
MMR,Myanmar,NY.GDP.PCAP.CD,2012,1202.6658960055
MMR,Myanmar,NY.GDP.PCAP.CD,2011,1213.62898703376
MMR,Myanmar,NY.GDP.PCAP.CD,2010,1010.53417343401
NAM,Namibia,NY.GDP.PCAP.CD,2019,4731.9210318831
NAM,Namibia,NY.GDP.PCAP.CD,2018,5308.60813408705
NAM,Namibia,NY.GDP.PCAP.CD,2017,5143.96072323076
NAM,Namibia,NY.GDP.PCAP.CD,2016,4395.68776162376
NAM,Namibia,NY.GDP.PCAP.CD,2015,4774.10650865775
NAM,Namibia,NY.GDP.PCAP.CD,2014,5378.32326241205
NAM,Namibia,NY.GDP.PCAP.CD,2013,5346.62131149967
NAM,Namibia,NY.GDP.PCAP.CD,2012,5942.64680978673
NAM,Namibia,NY.GDP.PCAP.CD,2011,5834.7917675794
NAM,Namibia,NY.GDP.PCAP.CD,2010,5418.21633365814
NRU,Naoero,NY.GDP.PCAP.CD,2019,10801.7705659635
NRU,Naoero,NY.GDP.PCAP.CD,2018,11413.7463016389
NRU,Naoero,NY.GDP.PCAP.CD,2017,9656.97976571484
NRU,Naoero,NY.GDP.PCAP.CD,2016,8748.15632605428
NRU,Naoero,NY.GDP.PCAP.CD,2015,7747.25584993607
NRU,Naoero,NY.GDP.PCAP.CD,2014,9230.05440328927
NRU,Naoero,NY.GDP.PCAP.CD,2013,8974.51886874433
NRU,Naoero,NY.GDP.PCAP.CD,2012,9842.77032731856
NRU,Naoero,NY.GDP.PCAP.CD,2011,6444.03642094634
NRU,Naoero,NY.GDP.PCAP.CD,2010,4735.92000502092
NPL,Nepal,NY.GDP.PCAP.CD,2019,1203.14294706401
NPL,Nepal,NY.GDP.PCAP.CD,2018,1179.19843190389
NPL,Nepal,NY.GDP.PCAP.CD,2017,1034.28374906846
NPL,Nepal,NY.GDP.PCAP.CD,2016,877.256454696737
NPL,Nepal,NY.GDP.PCAP.CD,2015,875.543635474862
NPL,Nepal,NY.GDP.PCAP.CD,2014,821.455224911731
NPL,Nepal,NY.GDP.PCAP.CD,2013,803.269595420477
NPL,Nepal,NY.GDP.PCAP.CD,2012,788.202937148377
NPL,Nepal,NY.GDP.PCAP.CD,2011,785.518656222132
NPL,Nepal,NY.GDP.PCAP.CD,2010,585.278491984574
NLD,Netherlands,NY.GDP.PCAP.CD,2019,53554.9007491475
NLD,Netherlands,NY.GDP.PCAP.CD,2018,53955.0770024266
NLD,Netherlands,NY.GDP.PCAP.CD,2017,49513.6817346384
NLD,Netherlands,NY.GDP.PCAP.CD,2016,46808.5291492503
NLD,Netherlands,NY.GDP.PCAP.CD,2015,45793.8135434697
NLD,Netherlands,NY.GDP.PCAP.CD,2014,53457.2234864322
NLD,Netherlands,NY.GDP.PCAP.CD,2013,52602.2860520766
NLD,Netherlands,NY.GDP.PCAP.CD,2012,50473.9442002689
NLD,Netherlands,NY.GDP.PCAP.CD,2011,54701.7728030611
NLD,Netherlands,NY.GDP.PCAP.CD,2010,51305.7338533973
NCL,New Caledonia,NY.GDP.PCAP.CD,2019,33411.3358835672
NCL,New Caledonia,NY.GDP.PCAP.CD,2018,34902.8968780031
NCL,New Caledonia,NY.GDP.PCAP.CD,2017,32354.7102832901
NCL,New Caledonia,NY.GDP.PCAP.CD,2016,30782.8544433514
NCL,New Caledonia,NY.GDP.PCAP.CD,2015,30858.7237060533
NCL,New Caledonia,NY.GDP.PCAP.CD,2014,37816.9558599295
NCL,New Caledonia,NY.GDP.PCAP.CD,2013,36671.1566752621
NCL,New Caledonia,NY.GDP.PCAP.CD,2012,35559.5672006157
NCL,New Caledonia,NY.GDP.PCAP.CD,2011,38835.9401851385
NCL,New Caledonia,NY.GDP.PCAP.CD,2010,35798.9084757829
NZL,New Zealand,NY.GDP.PCAP.CD,2019,42872.2681243427
NZL,New Zealand,NY.GDP.PCAP.CD,2018,43204.1305124872
NZL,New Zealand,NY.GDP.PCAP.CD,2017,42912.1537002148
NZL,New Zealand,NY.GDP.PCAP.CD,2016,40088.3205470499
NZL,New Zealand,NY.GDP.PCAP.CD,2015,38648.7302562109
NZL,New Zealand,NY.GDP.PCAP.CD,2014,44599.8992733675
NZL,New Zealand,NY.GDP.PCAP.CD,2013,42984.9571801167
NZL,New Zealand,NY.GDP.PCAP.CD,2012,40041.7524816244
NZL,New Zealand,NY.GDP.PCAP.CD,2011,38425.829997974
NZL,New Zealand,NY.GDP.PCAP.CD,2010,33761.9009639947
NIC,Nicaragua,NY.GDP.PCAP.CD,2019,1958.62051528095
NIC,Nicaragua,NY.GDP.PCAP.CD,2018,2035.16549390507
NIC,Nicaragua,NY.GDP.PCAP.CD,2017,2182.61380995674
NIC,Nicaragua,NY.GDP.PCAP.CD,2016,2131.68704828322
NIC,Nicaragua,NY.GDP.PCAP.CD,2015,2074.45620634731
NIC,Nicaragua,NY.GDP.PCAP.CD,2014,1958.37047579547
NIC,Nicaragua,NY.GDP.PCAP.CD,2013,1835.43996363715
NIC,Nicaragua,NY.GDP.PCAP.CD,2012,1784.69836017555
NIC,Nicaragua,NY.GDP.PCAP.CD,2011,1679.71192084633
NIC,Nicaragua,NY.GDP.PCAP.CD,2010,1526.56706951408
NER,Niger,NY.GDP.PCAP.CD,2019,541.265819870273
NER,Niger,NY.GDP.PCAP.CD,2018,576.927536415462
NER,Niger,NY.GDP.PCAP.CD,2017,529.929418934868
NER,Niger,NY.GDP.PCAP.CD,2016,499.910520068193
NER,Niger,NY.GDP.PCAP.CD,2015,485.662574175279
NER,Niger,NY.GDP.PCAP.CD,2014,565.30989731175
NER,Niger,NY.GDP.PCAP.CD,2013,552.103334363117
NER,Niger,NY.GDP.PCAP.CD,2012,528.510104469655
NER,Niger,NY.GDP.PCAP.CD,2011,510.75956176268
NER,Niger,NY.GDP.PCAP.CD,2010,474.425692340831
NGA,Nigeria,NY.GDP.PCAP.CD,2019,3189.81286496183
NGA,Nigeria,NY.GDP.PCAP.CD,2018,2057.87944554011
NGA,Nigeria,NY.GDP.PCAP.CD,2017,1876.34027111773
NGA,Nigeria,NY.GDP.PCAP.CD,2016,2070.4127339595
NGA,Nigeria,NY.GDP.PCAP.CD,2015,2585.73360671797
NGA,Nigeria,NY.GDP.PCAP.CD,2014,3088.72131316169
NGA,Nigeria,NY.GDP.PCAP.CD,2013,2872.79083379398
NGA,Nigeria,NY.GDP.PCAP.CD,2012,2633.19734671361
NGA,Nigeria,NY.GDP.PCAP.CD,2011,2418.41316975875
NGA,Nigeria,NY.GDP.PCAP.CD,2010,2202.25672957344
MKD,North Macedonia,NY.GDP.PCAP.CD,2019,6718.85826635458
MKD,North Macedonia,NY.GDP.PCAP.CD,2018,6713.98925398989
MKD,North Macedonia,NY.GDP.PCAP.CD,2017,5955.2973863451
MKD,North Macedonia,NY.GDP.PCAP.CD,2016,5598.48622617967
MKD,North Macedonia,NY.GDP.PCAP.CD,2015,5262.68671928674
MKD,North Macedonia,NY.GDP.PCAP.CD,2014,5925.38592218015
MKD,North Macedonia,NY.GDP.PCAP.CD,2013,5626.26115664893
MKD,North Macedonia,NY.GDP.PCAP.CD,2012,5049.8265386157
MKD,North Macedonia,NY.GDP.PCAP.CD,2011,5416.86672931659
MKD,North Macedonia,NY.GDP.PCAP.CD,2010,4833.36586759968
MNP,Northern Mariana Islands,NY.GDP.PCAP.CD,2019,24496.6652122421
MNP,Northern Mariana Islands,NY.GDP.PCAP.CD,2018,26509.3628379893
MNP,Northern Mariana Islands,NY.GDP.PCAP.CD,2017,31225.6049960968
MNP,Northern Mariana Islands,NY.GDP.PCAP.CD,2016,24225.474169342
MNP,Northern Mariana Islands,NY.GDP.PCAP.CD,2015,17665.1007493109
MNP,Northern Mariana Islands,NY.GDP.PCAP.CD,2014,15945.417608954
MNP,Northern Mariana Islands,NY.GDP.PCAP.CD,2013,14632.8518897608
MNP,Northern Mariana Islands,NY.GDP.PCAP.CD,2012,14013.6003306158
MNP,Northern Mariana Islands,NY.GDP.PCAP.CD,2011,13598.7166094613
MNP,Northern Mariana Islands,NY.GDP.PCAP.CD,2010,14771.4037455399
NOR,Norway,NY.GDP.PCAP.CD,2019,79329.3075190012
NOR,Norway,NY.GDP.PCAP.CD,2018,85579.0776455494
NOR,Norway,NY.GDP.PCAP.CD,2017,78771.2151264554
NOR,Norway,NY.GDP.PCAP.CD,2016,73222.4006864905
NOR,Norway,NY.GDP.PCAP.CD,2015,77220.9524311414
NOR,Norway,NY.GDP.PCAP.CD,2014,100410.020200979
NOR,Norway,NY.GDP.PCAP.CD,2013,106333.138368566
NOR,Norway,NY.GDP.PCAP.CD,2012,104627.93694681
NOR,Norway,NY.GDP.PCAP.CD,2011,103545.218988177
NOR,Norway,NY.GDP.PCAP.CD,2010,90020.342257973
OMN,Oman,NY.GDP.PCAP.CD,2019,19180.1864152801
OMN,Oman,NY.GDP.PCAP.CD,2018,19901.7615642016
OMN,Oman,NY.GDP.PCAP.CD,2017,17820.0661809335
OMN,Oman,NY.GDP.PCAP.CD,2016,17110.1897460545
OMN,Oman,NY.GDP.PCAP.CD,2015,18808.3077921839
OMN,Oman,NY.GDP.PCAP.CD,2014,23160.6502252547
OMN,Oman,NY.GDP.PCAP.CD,2013,23458.0233840053
OMN,Oman,NY.GDP.PCAP.CD,2012,24642.2978768596
OMN,Oman,NY.GDP.PCAP.CD,2011,25188.0074151885
OMN,Oman,NY.GDP.PCAP.CD,2010,23570.1798147325
PAK,Pakistan,NY.GDP.PCAP.CD,2019,1390.41690981745
PAK,Pakistan,NY.GDP.PCAP.CD,2018,1569.33814626355
PAK,Pakistan,NY.GDP.PCAP.CD,2017,1519.23459514248
PAK,Pakistan,NY.GDP.PCAP.CD,2016,1424.69161195897
PAK,Pakistan,NY.GDP.PCAP.CD,2015,1380.47020838317
PAK,Pakistan,NY.GDP.PCAP.CD,2014,1266.61340849959
PAK,Pakistan,NY.GDP.PCAP.CD,2013,1225.4340119198
PAK,Pakistan,NY.GDP.PCAP.CD,2012,1204.36475491585
PAK,Pakistan,NY.GDP.PCAP.CD,2011,1131.73513834324
PAK,Pakistan,NY.GDP.PCAP.CD,2010,987.304571124485
PLW,Palau,NY.GDP.PCAP.CD,2019,15841.8923474548
PLW,Palau,NY.GDP.PCAP.CD,2018,16179.877834849
PLW,Palau,NY.GDP.PCAP.CD,2017,16280.241199753
PLW,Palau,NY.GDP.PCAP.CD,2016,17043.6660673147
PLW,Palau,NY.GDP.PCAP.CD,2015,15938.3652222848
PLW,Palau,NY.GDP.PCAP.CD,2014,13854.730278013
PLW,Palau,NY.GDP.PCAP.CD,2013,12820.5931621147
PLW,Palau,NY.GDP.PCAP.CD,2012,12098.4124331551
PLW,Palau,NY.GDP.PCAP.CD,2011,10795.639900708
PLW,Palau,NY.GDP.PCAP.CD,2010,10018.065238367
PAN,Panama,NY.GDP.PCAP.CD,2019,16477.9066285687
PAN,Panama,NY.GDP.PCAP.CD,2018,16151.3273478476
PAN,Panama,NY.GDP.PCAP.CD,2017,15694.6297454295
PAN,Panama,NY.GDP.PCAP.CD,2016,14832.3611608191
PAN,Panama,NY.GDP.PCAP.CD,2015,14082.6548502728
PAN,Panama,NY.GDP.PCAP.CD,2014,13213.1989637473
PAN,Panama,NY.GDP.PCAP.CD,2013,12273.3225037637
PAN,Panama,NY.GDP.PCAP.CD,2012,11064.8063606203
PAN,Panama,NY.GDP.PCAP.CD,2011,9662.29592216607
PAN,Panama,NY.GDP.PCAP.CD,2010,8331.46421351868
PNG,Papua New Guinea,NY.GDP.PCAP.CD,2019,2575.77274140393
PNG,Papua New Guinea,NY.GDP.PCAP.CD,2018,2566.36833735041
PNG,Papua New Guinea,NY.GDP.PCAP.CD,2017,2477.76530986323
PNG,Papua New Guinea,NY.GDP.PCAP.CD,2016,2316.39479758492
PNG,Papua New Guinea,NY.GDP.PCAP.CD,2015,2484.5963398603
PNG,Papua New Guinea,NY.GDP.PCAP.CD,2014,2723.17529825196
PNG,Papua New Guinea,NY.GDP.PCAP.CD,2013,2560.77458976327
PNG,Papua New Guinea,NY.GDP.PCAP.CD,2012,2635.0873631547
PNG,Papua New Guinea,NY.GDP.PCAP.CD,2011,2288.37591141234
PNG,Papua New Guinea,NY.GDP.PCAP.CD,2010,1866.86889851208
PRY,Paraguay,NY.GDP.PCAP.CD,2019,5821.18199548637
PRY,Paraguay,NY.GDP.PCAP.CD,2018,6258.44991640954
PRY,Paraguay,NY.GDP.PCAP.CD,2017,6152.26711537703
PRY,Paraguay,NY.GDP.PCAP.CD,2016,5775.1596339946
PRY,Paraguay,NY.GDP.PCAP.CD,2015,5879.33792308671
PRY,Paraguay,NY.GDP.PCAP.CD,2014,6652.25478942291
PRY,Paraguay,NY.GDP.PCAP.CD,2013,6435.68342733182
PRY,Paraguay,NY.GDP.PCAP.CD,2012,5642.1699167298
PRY,Paraguay,NY.GDP.PCAP.CD,2011,5805.40154543044
PRY,Paraguay,NY.GDP.PCAP.CD,2010,4750.96273669322
PER,Peru,NY.GDP.PCAP.CD,2019,7037.00803692604
PER,Peru,NY.GDP.PCAP.CD,2018,6978.49121548627
PER,Peru,NY.GDP.PCAP.CD,2017,6736.16693725487
PER,Peru,NY.GDP.PCAP.CD,2016,6217.03599995447
PER,Peru,NY.GDP.PCAP.CD,2015,6231.71150338894
PER,Peru,NY.GDP.PCAP.CD,2014,6667.13410360861
PER,Peru,NY.GDP.PCAP.CD,2013,6746.80025696601
PER,Peru,NY.GDP.PCAP.CD,2012,6519.37852981527
PER,Peru,NY.GDP.PCAP.CD,2011,5861.35793645245
PER,Peru,NY.GDP.PCAP.CD,2010,5072.11494019615
PHL,Philippines,NY.GDP.PCAP.CD,2019,3400.78949767074
PHL,Philippines,NY.GDP.PCAP.CD,2018,3168.51036609727
PHL,Philippines,NY.GDP.PCAP.CD,2017,3038.12124959289
PHL,Philippines,NY.GDP.PCAP.CD,2016,2985.19564024046
PHL,Philippines,NY.GDP.PCAP.CD,2015,2909.85818010301
PHL,Philippines,NY.GDP.PCAP.CD,2014,2866.83803761407
PHL,Philippines,NY.GDP.PCAP.CD,2013,2781.27957677397
PHL,Philippines,NY.GDP.PCAP.CD,2012,2614.61644401308
PHL,Philippines,NY.GDP.PCAP.CD,2011,2383.91892522087
PHL,Philippines,NY.GDP.PCAP.CD,2010,2162.91375885614
POL,Poland,NY.GDP.PCAP.CD,2019,15874.5220531254
POL,Poland,NY.GDP.PCAP.CD,2018,15658.210586693
POL,Poland,NY.GDP.PCAP.CD,2017,13913.3415190124
POL,Poland,NY.GDP.PCAP.CD,2016,12464.0121044827
POL,Poland,NY.GDP.PCAP.CD,2015,12637.5220324406
POL,Poland,NY.GDP.PCAP.CD,2014,14262.2841914116
POL,Poland,NY.GDP.PCAP.CD,2013,13621.9023794031
POL,Poland,NY.GDP.PCAP.CD,2012,13087.420943321
POL,Poland,NY.GDP.PCAP.CD,2011,13867.6669408192
POL,Poland,NY.GDP.PCAP.CD,2010,12567.7317676382
PRT,Portugal,NY.GDP.PCAP.CD,2019,23343.3628970034
PRT,Portugal,NY.GDP.PCAP.CD,2018,23541.1401075289
PRT,Portugal,NY.GDP.PCAP.CD,2017,21442.3842768879
PRT,Portugal,NY.GDP.PCAP.CD,2016,19980.2808866516
PRT,Portugal,NY.GDP.PCAP.CD,2015,19215.7813014347
PRT,Portugal,NY.GDP.PCAP.CD,2014,22120.6850127107
PRT,Portugal,NY.GDP.PCAP.CD,2013,21676.4859642714
PRT,Portugal,NY.GDP.PCAP.CD,2012,20593.4274224109
PRT,Portugal,NY.GDP.PCAP.CD,2011,23246.5425416481
PRT,Portugal,NY.GDP.PCAP.CD,2010,22551.935098809
PRI,Puerto Rico (US),NY.GDP.PCAP.CD,2019,31830.5284993358
PRI,Puerto Rico (US),NY.GDP.PCAP.CD,2018,30679.9181934488
PRI,Puerto Rico (US),NY.GDP.PCAP.CD,2017,30328.479490518
PRI,Puerto Rico (US),NY.GDP.PCAP.CD,2016,29978.0889268918
PRI,Puerto Rico (US),NY.GDP.PCAP.CD,2015,29242.041465085
PRI,Puerto Rico (US),NY.GDP.PCAP.CD,2014,28576.0988023209
PRI,Puerto Rico (US),NY.GDP.PCAP.CD,2013,28212.0499737431
PRI,Puerto Rico (US),NY.GDP.PCAP.CD,2012,27742.024476618
PRI,Puerto Rico (US),NY.GDP.PCAP.CD,2011,27170.0766543278
PRI,Puerto Rico (US),NY.GDP.PCAP.CD,2010,26414.8810634548
QAT,Qatar,NY.GDP.PCAP.CD,2019,66841.3013484919
QAT,Qatar,NY.GDP.PCAP.CD,2018,71039.8490579352
QAT,Qatar,NY.GDP.PCAP.CD,2017,63279.8556949332
QAT,Qatar,NY.GDP.PCAP.CD,2016,61253.6375482797
QAT,Qatar,NY.GDP.PCAP.CD,2015,68985.2946961507
QAT,Qatar,NY.GDP.PCAP.CD,2014,95840.6310094498
QAT,Qatar,NY.GDP.PCAP.CD,2013,103697.008372373
QAT,Qatar,NY.GDP.PCAP.CD,2012,108470.378825036
QAT,Qatar,NY.GDP.PCAP.CD,2011,103261.510293068
QAT,Qatar,NY.GDP.PCAP.CD,2010,77387.2936379616
ROU,Romania,NY.GDP.PCAP.CD,2019,12909.6104013244
ROU,Romania,NY.GDP.PCAP.CD,2018,12416.134317959
ROU,Romania,NY.GDP.PCAP.CD,2017,10727.9822007426
ROU,Romania,NY.GDP.PCAP.CD,2016,9404.54005870715
ROU,Romania,NY.GDP.PCAP.CD,2015,8977.01748158196
ROU,Romania,NY.GDP.PCAP.CD,2014,10031.7710755404
ROU,Romania,NY.GDP.PCAP.CD,2013,9497.67411615237
ROU,Romania,NY.GDP.PCAP.CD,2012,8929.95366231474
ROU,Romania,NY.GDP.PCAP.CD,2011,9560.6755277458
ROU,Romania,NY.GDP.PCAP.CD,2010,8399.5374234284
RUS,Russian Federation,NY.GDP.PCAP.CD,2019,11447.701171875
RUS,Russian Federation,NY.GDP.PCAP.CD,2018,11211.8876953125
RUS,Russian Federation,NY.GDP.PCAP.CD,2017,10658.9130859375
RUS,Russian Federation,NY.GDP.PCAP.CD,2016,8663.158203125
RUS,Russian Federation,NY.GDP.PCAP.CD,2015,9277.7138671875
RUS,Russian Federation,NY.GDP.PCAP.CD,2014,14055.47265625
RUS,Russian Federation,NY.GDP.PCAP.CD,2013,15941.4482421875
RUS,Russian Federation,NY.GDP.PCAP.CD,2012,15401.8515625
RUS,Russian Federation,NY.GDP.PCAP.CD,2011,14305.33203125
RUS,Russian Federation,NY.GDP.PCAP.CD,2010,10674.990234375
RWA,Rwanda,NY.GDP.PCAP.CD,2019,823.355304065304
RWA,Rwanda,NY.GDP.PCAP.CD,2018,772.754982959354
RWA,Rwanda,NY.GDP.PCAP.CD,2017,751.049039527547
RWA,Rwanda,NY.GDP.PCAP.CD,2016,721.258515833094
RWA,Rwanda,NY.GDP.PCAP.CD,2015,725.691418696952
RWA,Rwanda,NY.GDP.PCAP.CD,2014,715.36808783393
RWA,Rwanda,NY.GDP.PCAP.CD,2013,695.397140963607
RWA,Rwanda,NY.GDP.PCAP.CD,2012,697.760143509565
RWA,Rwanda,NY.GDP.PCAP.CD,2011,643.356138618166
RWA,Rwanda,NY.GDP.PCAP.CD,2010,586.599950359877
WSM,Samoa,NY.GDP.PCAP.CD,2019,4351.94234943706
WSM,Samoa,NY.GDP.PCAP.CD,2018,4231.81409469194
WSM,Samoa,NY.GDP.PCAP.CD,2017,4307.59381964907
WSM,Samoa,NY.GDP.PCAP.CD,2016,4147.07097674888
WSM,Samoa,NY.GDP.PCAP.CD,2015,4084.36083819933
WSM,Samoa,NY.GDP.PCAP.CD,2014,3982.68080202084
WSM,Samoa,NY.GDP.PCAP.CD,2013,4023.5254013825
WSM,Samoa,NY.GDP.PCAP.CD,2012,3934.60320799981
WSM,Samoa,NY.GDP.PCAP.CD,2011,3821.50678264479
WSM,Samoa,NY.GDP.PCAP.CD,2010,3524.2479246203
SMR,San Marino,NY.GDP.PCAP.CD,2019,46626.9998571568
SMR,San Marino,NY.GDP.PCAP.CD,2018,47950.7076296808
SMR,San Marino,NY.GDP.PCAP.CD,2017,45192.0530047599
SMR,San Marino,NY.GDP.PCAP.CD,2016,44359.4574206971
SMR,San Marino,NY.GDP.PCAP.CD,2015,43146.8035302005
SMR,San Marino,NY.GDP.PCAP.CD,2014,51260.4804236805
SMR,San Marino,NY.GDP.PCAP.CD,2013,50807.8206340193
SMR,San Marino,NY.GDP.PCAP.CD,2012,47945.8917557105
SMR,San Marino,NY.GDP.PCAP.CD,2011,55601.4008139955
SMR,San Marino,NY.GDP.PCAP.CD,2010,56543.190562068
STP,Sao Tome and Principe,NY.GDP.PCAP.CD,2019,1935.2931816596
STP,Sao Tome and Principe,NY.GDP.PCAP.CD,2018,1825.59971753966
STP,Sao Tome and Principe,NY.GDP.PCAP.CD,2017,1555.79477812888
STP,Sao Tome and Principe,NY.GDP.PCAP.CD,2016,1434.87018050521
STP,Sao Tome and Principe,NY.GDP.PCAP.CD,2015,1298.10946596396
STP,Sao Tome and Principe,NY.GDP.PCAP.CD,2014,1489.67633417608
STP,Sao Tome and Principe,NY.GDP.PCAP.CD,2013,1382.5757842916
STP,Sao Tome and Principe,NY.GDP.PCAP.CD,2012,1210.7926479817
STP,Sao Tome and Principe,NY.GDP.PCAP.CD,2011,1219.80189089671
STP,Sao Tome and Principe,NY.GDP.PCAP.CD,2010,1045.20958234528
SAU,Saudi Arabia,NY.GDP.PCAP.CD,2019,29566.7933827436
SAU,Saudi Arabia,NY.GDP.PCAP.CD,2018,29360.0658968566
SAU,Saudi Arabia,NY.GDP.PCAP.CD,2017,23929.2907135982
SAU,Saudi Arabia,NY.GDP.PCAP.CD,2016,22267.7217050387
SAU,Saudi Arabia,NY.GDP.PCAP.CD,2015,23256.1549553531
SAU,Saudi Arabia,NY.GDP.PCAP.CD,2014,27805.4850319422
SAU,Saudi Arabia,NY.GDP.PCAP.CD,2013,27865.465604962
SAU,Saudi Arabia,NY.GDP.PCAP.CD,2012,28733.4375513452
SAU,Saudi Arabia,NY.GDP.PCAP.CD,2011,27126.7498747702
SAU,Saudi Arabia,NY.GDP.PCAP.CD,2010,22028.3901426586
SEN,Senegal,NY.GDP.PCAP.CD,2019,1431.18128932159
SEN,Senegal,NY.GDP.PCAP.CD,2018,1452.55612562445
SEN,Senegal,NY.GDP.PCAP.CD,2017,1354.77007193387
SEN,Senegal,NY.GDP.PCAP.CD,2016,1266.43957151587
SEN,Senegal,NY.GDP.PCAP.CD,2015,1218.00613555438
SEN,Senegal,NY.GDP.PCAP.CD,2014,1398.89137601382
SEN,Senegal,NY.GDP.PCAP.CD,2013,1379.83196553924
SEN,Senegal,NY.GDP.PCAP.CD,2012,1326.83798848379
SEN,Senegal,NY.GDP.PCAP.CD,2011,1374.67591873844
SEN,Senegal,NY.GDP.PCAP.CD,2010,1275.88357492357
SRB,Serbia,NY.GDP.PCAP.CD,2019,7755.632986437
SRB,Serbia,NY.GDP.PCAP.CD,2018,7559.86165747394
SRB,Serbia,NY.GDP.PCAP.CD,2017,6548.03653824187
SRB,Serbia,NY.GDP.PCAP.CD,2016,5982.37030126471
SRB,Serbia,NY.GDP.PCAP.CD,2015,5820.3215576888
SRB,Serbia,NY.GDP.PCAP.CD,2014,6886.67809068704
SRB,Serbia,NY.GDP.PCAP.CD,2013,7040.41812068781
SRB,Serbia,NY.GDP.PCAP.CD,2012,6263.04086072815
SRB,Serbia,NY.GDP.PCAP.CD,2011,7082.2861666075
SRB,Serbia,NY.GDP.PCAP.CD,2010,5970.92660940072
SYC,Seychelles,NY.GDP.PCAP.CD,2019,19141.5118743615
SYC,Seychelles,NY.GDP.PCAP.CD,2018,18440.2340460932
SYC,Seychelles,NY.GDP.PCAP.CD,2017,17480.3651911372
SYC,Seychelles,NY.GDP.PCAP.CD,2016,16566.9946042294
SYC,Seychelles,NY.GDP.PCAP.CD,2015,15333.1051727105
SYC,Seychelles,NY.GDP.PCAP.CD,2014,15188.1902175113
SYC,Seychelles,NY.GDP.PCAP.CD,2013,14821.2921476077
SYC,Seychelles,NY.GDP.PCAP.CD,2012,12337.1554669388
SYC,Seychelles,NY.GDP.PCAP.CD,2011,12110.0937461973
SYC,Seychelles,NY.GDP.PCAP.CD,2010,10934.79494629
SLE,Sierra Leone,NY.GDP.PCAP.CD,2019,843.71251730417
SLE,Sierra Leone,NY.GDP.PCAP.CD,2018,845.914540460932
SLE,Sierra Leone,NY.GDP.PCAP.CD,2017,779.186007841728
SLE,Sierra Leone,NY.GDP.PCAP.CD,2016,844.416411175476
SLE,Sierra Leone,NY.GDP.PCAP.CD,2015,964.575980888989
SLE,Sierra Leone,NY.GDP.PCAP.CD,2014,1117.7586465721
SLE,Sierra Leone,NY.GDP.PCAP.CD,2013,1117.47183075115
SLE,Sierra Leone,NY.GDP.PCAP.CD,2012,937.504428180231
SLE,Sierra Leone,NY.GDP.PCAP.CD,2011,761.146365577281
SLE,Sierra Leone,NY.GDP.PCAP.CD,2010,685.039673490948
SGP,Singapore,NY.GDP.PCAP.CD,2019,66068.7003106378
SGP,Singapore,NY.GDP.PCAP.CD,2018,67032.8225769734
SGP,Singapore,NY.GDP.PCAP.CD,2017,61436.1325502558
SGP,Singapore,NY.GDP.PCAP.CD,2016,57204.0340105222
SGP,Singapore,NY.GDP.PCAP.CD,2015,55645.6068614606
SGP,Singapore,NY.GDP.PCAP.CD,2014,57564.8023114977
SGP,Singapore,NY.GDP.PCAP.CD,2013,56967.4257940383
SGP,Singapore,NY.GDP.PCAP.CD,2012,55547.5553077786
SGP,Singapore,NY.GDP.PCAP.CD,2011,53891.4570264372
SGP,Singapore,NY.GDP.PCAP.CD,2010,47236.683084953
SXM,Sint Maarten (Dutch part),NY.GDP.PCAP.CD,2019,34861.469528968
SXM,Sint Maarten (Dutch part),NY.GDP.PCAP.CD,2018,31708.3110124742
SXM,Sint Maarten (Dutch part),NY.GDP.PCAP.CD,2017,34701.3058494468
SXM,Sint Maarten (Dutch part),NY.GDP.PCAP.CD,2016,37308.6147795736
SXM,Sint Maarten (Dutch part),NY.GDP.PCAP.CD,2015,37839.6283815163
SXM,Sint Maarten (Dutch part),NY.GDP.PCAP.CD,2014,37134.912423099
SXM,Sint Maarten (Dutch part),NY.GDP.PCAP.CD,2013,28529.7324687053
SXM,Sint Maarten (Dutch part),NY.GDP.PCAP.CD,2012,28149.0997855041
SXM,Sint Maarten (Dutch part),NY.GDP.PCAP.CD,2011,27317.5178881974
SXM,Sint Maarten (Dutch part),NY.GDP.PCAP.CD,2010,26403.8143692163
SVK,Slovak Republic,NY.GDP.PCAP.CD,2019,19406.0589683582
SVK,Slovak Republic,NY.GDP.PCAP.CD,2018,19573.3717031314
SVK,Slovak Republic,NY.GDP.PCAP.CD,2017,17645.5298716761
SVK,Slovak Republic,NY.GDP.PCAP.CD,2016,16636.0769133073
SVK,Slovak Republic,NY.GDP.PCAP.CD,2015,16442.0760860018
SVK,Slovak Republic,NY.GDP.PCAP.CD,2014,18770.9289896545
SVK,Slovak Republic,NY.GDP.PCAP.CD,2013,18312.7805149823
SVK,Slovak Republic,NY.GDP.PCAP.CD,2012,17516.9691054078
SVK,Slovak Republic,NY.GDP.PCAP.CD,2011,18469.4354316836
SVK,Slovak Republic,NY.GDP.PCAP.CD,2010,16899.448680529
SVN,Slovenia,NY.GDP.PCAP.CD,2019,25814.1687167572
SVN,Slovenia,NY.GDP.PCAP.CD,2018,25888.0481065655
SVN,Slovenia,NY.GDP.PCAP.CD,2017,23303.077705959
SVN,Slovenia,NY.GDP.PCAP.CD,2016,21447.8377796036
SVN,Slovenia,NY.GDP.PCAP.CD,2015,20697.2748530619
SVN,Slovenia,NY.GDP.PCAP.CD,2014,24013.0682060959
SVN,Slovenia,NY.GDP.PCAP.CD,2013,23236.9655321695
SVN,Slovenia,NY.GDP.PCAP.CD,2012,22442.1417859955
SVN,Slovenia,NY.GDP.PCAP.CD,2011,24940.6284841605
SVN,Slovenia,NY.GDP.PCAP.CD,2010,23329.8417691156
SLB,Solomon Islands,NY.GDP.PCAP.CD,2019,2223.65890942466
SLB,Solomon Islands,NY.GDP.PCAP.CD,2018,2278.19908624102
SLB,Solomon Islands,NY.GDP.PCAP.CD,2017,2143.57670489272
SLB,Solomon Islands,NY.GDP.PCAP.CD,2016,2082.62383124213
SLB,Solomon Islands,NY.GDP.PCAP.CD,2015,2045.47721526649
SLB,Solomon Islands,NY.GDP.PCAP.CD,2014,2164.95289873002
SLB,Solomon Islands,NY.GDP.PCAP.CD,2013,2161.38627543917
SLB,Solomon Islands,NY.GDP.PCAP.CD,2012,2066.25738638356
SLB,Solomon Islands,NY.GDP.PCAP.CD,2011,1924.05795643133
SLB,Solomon Islands,NY.GDP.PCAP.CD,2010,1685.14535823757
SOM,"Somalia, Fed. Rep.",NY.GDP.PCAP.CD,2019,539.954816211694
SOM,"Somalia, Fed. Rep.",NY.GDP.PCAP.CD,2018,509.497273804534
SOM,"Somalia, Fed. Rep.",NY.GDP.PCAP.CD,2017,510.939952317726
SOM,"Somalia, Fed. Rep.",NY.GDP.PCAP.CD,2016,460.928490585175
SOM,"Somalia, Fed. Rep.",NY.GDP.PCAP.CD,2015,445.583080073396
SOM,"Somalia, Fed. Rep.",NY.GDP.PCAP.CD,2014,429.431656725102
SOM,"Somalia, Fed. Rep.",NY.GDP.PCAP.CD,2013,393.398703952979
SOM,"Somalia, Fed. Rep.",NY.GDP.PCAP.CD,2012,350.261946720512
SOM,"Somalia, Fed. Rep.",NY.GDP.PCAP.CD,2011,235.325945610434
SOM,"Somalia, Fed. Rep.",NY.GDP.PCAP.CD,2010,219.202453852397
ZAF,South Africa,NY.GDP.PCAP.CD,2019,6533.71121032856
ZAF,South Africa,NY.GDP.PCAP.CD,2018,6914.1780318076
ZAF,South Africa,NY.GDP.PCAP.CD,2017,6618.33508255701
ZAF,South Africa,NY.GDP.PCAP.CD,2016,5651.20585165749
ZAF,South Africa,NY.GDP.PCAP.CD,2015,6112.27382485974
ZAF,South Africa,NY.GDP.PCAP.CD,2014,6856.73137092522
ZAF,South Africa,NY.GDP.PCAP.CD,2013,7331.65467384919
ZAF,South Africa,NY.GDP.PCAP.CD,2012,8076.97678479741
ZAF,South Africa,NY.GDP.PCAP.CD,2011,8646.05571071635
ZAF,South Africa,NY.GDP.PCAP.CD,2010,7973.47195771517
SSD,South Sudan,NY.GDP.PCAP.CD,2015,1080.14718624765
SSD,South Sudan,NY.GDP.PCAP.CD,2014,1242.73450181032
SSD,South Sudan,NY.GDP.PCAP.CD,2013,1650.18943353528
SSD,South Sudan,NY.GDP.PCAP.CD,2012,1109.26050083408
SSD,South Sudan,NY.GDP.PCAP.CD,2011,1448.98435006408
SSD,South Sudan,NY.GDP.PCAP.CD,2010,1498.27034985194
ESP,Spain,NY.GDP.PCAP.CD,2019,29786.5245689007
ESP,Spain,NY.GDP.PCAP.CD,2018,30602.4212881113
ESP,Spain,NY.GDP.PCAP.CD,2017,28381.3425596906
ESP,Spain,NY.GDP.PCAP.CD,2016,26755.6061149398
ESP,Spain,NY.GDP.PCAP.CD,2015,25982.4416197775
ESP,Spain,NY.GDP.PCAP.CD,2014,29707.765509467
ESP,Spain,NY.GDP.PCAP.CD,2013,29228.846559842
ESP,Spain,NY.GDP.PCAP.CD,2012,28456.4438151477
ESP,Spain,NY.GDP.PCAP.CD,2011,31824.6219134777
ESP,Spain,NY.GDP.PCAP.CD,2010,30658.7422282912
LKA,Sri Lanka,NY.GDP.PCAP.CD,2019,4081.94772178134
LKA,Sri Lanka,NY.GDP.PCAP.CD,2018,4358.56095905888
LKA,Sri Lanka,NY.GDP.PCAP.CD,2017,4398.88828786059
LKA,Sri Lanka,NY.GDP.PCAP.CD,2016,4149.19189391879
LKA,Sri Lanka,NY.GDP.PCAP.CD,2015,4057.71582716521
LKA,Sri Lanka,NY.GDP.PCAP.CD,2014,3972.04377042271
LKA,Sri Lanka,NY.GDP.PCAP.CD,2013,3739.43182292825
LKA,Sri Lanka,NY.GDP.PCAP.CD,2012,3327.77612404326
LKA,Sri Lanka,NY.GDP.PCAP.CD,2011,3224.95745082305
LKA,Sri Lanka,NY.GDP.PCAP.CD,2010,2808.36245207687
KNA,St. Kitts and Nevis,NY.GDP.PCAP.CD,2019,23595.4923231291
KNA,St. Kitts and Nevis,NY.GDP.PCAP.CD,2018,22901.3816403197
KNA,St. Kitts and Nevis,NY.GDP.PCAP.CD,2017,22464.9899633959
KNA,St. Kitts and Nevis,NY.GDP.PCAP.CD,2016,21387.5415511103
KNA,St. Kitts and Nevis,NY.GDP.PCAP.CD,2015,20328.8003530109
KNA,St. Kitts and Nevis,NY.GDP.PCAP.CD,2014,20219.3954237956
KNA,St. Kitts and Nevis,NY.GDP.PCAP.CD,2013,18580.1301949935
KNA,St. Kitts and Nevis,NY.GDP.PCAP.CD,2012,17532.0559008608
KNA,St. Kitts and Nevis,NY.GDP.PCAP.CD,2011,17832.4572919975
KNA,St. Kitts and Nevis,NY.GDP.PCAP.CD,2010,16622.9457908577
LCA,St. Lucia,NY.GDP.PCAP.CD,2019,11764.3944032403
LCA,St. Lucia,NY.GDP.PCAP.CD,2018,11642.6984727769
LCA,St. Lucia,NY.GDP.PCAP.CD,2017,11333.1123822102
LCA,St. Lucia,NY.GDP.PCAP.CD,2016,10638.1269396653
LCA,St. Lucia,NY.GDP.PCAP.CD,2015,10334.9860823918
LCA,St. Lucia,NY.GDP.PCAP.CD,2014,10044.8218377677
LCA,St. Lucia,NY.GDP.PCAP.CD,2013,9577.21733754358
LCA,St. Lucia,NY.GDP.PCAP.CD,2012,9260.30006551714
LCA,St. Lucia,NY.GDP.PCAP.CD,2011,9128.99442011613
LCA,St. Lucia,NY.GDP.PCAP.CD,2010,8673.68720340529
MAF,St. Martin (French part),NY.GDP.PCAP.CD,2019,19033.0649634889
MAF,St. Martin (French part),NY.GDP.PCAP.CD,2014,20638.7705882379
MAF,St. Martin (French part),NY.GDP.PCAP.CD,2011,20930.5821177758
VCT,St. Vincent and the Grenadines,NY.GDP.PCAP.CD,2019,8740.59425232061
VCT,St. Vincent and the Grenadines,NY.GDP.PCAP.CD,2018,8428.12677153069
VCT,St. Vincent and the Grenadines,NY.GDP.PCAP.CD,2017,7988.04445019298
VCT,St. Vincent and the Grenadines,NY.GDP.PCAP.CD,2016,7656.90042881178
VCT,St. Vincent and the Grenadines,NY.GDP.PCAP.CD,2015,7353.73556054184
VCT,St. Vincent and the Grenadines,NY.GDP.PCAP.CD,2014,7168.82875342911
VCT,St. Vincent and the Grenadines,NY.GDP.PCAP.CD,2013,7072.46737188939
VCT,St. Vincent and the Grenadines,NY.GDP.PCAP.CD,2012,6713.80768643865
VCT,St. Vincent and the Grenadines,NY.GDP.PCAP.CD,2011,6527.68996854448
VCT,St. Vincent and the Grenadines,NY.GDP.PCAP.CD,2010,6551.96835992405
SDN,Sudan,NY.GDP.PCAP.CD,2019,709.975280761719
SDN,Sudan,NY.GDP.PCAP.CD,2018,731.027465820313
SDN,Sudan,NY.GDP.PCAP.CD,2017,966.505676269531
SDN,Sudan,NY.GDP.PCAP.CD,2016,1033.21594238281
SDN,Sudan,NY.GDP.PCAP.CD,2015,1292.37963867188
SDN,Sudan,NY.GDP.PCAP.CD,2014,1275.43835449219
SDN,Sudan,NY.GDP.PCAP.CD,2013,1138.62780761719
SDN,Sudan,NY.GDP.PCAP.CD,2012,1019.22210693359
SDN,Sudan,NY.GDP.PCAP.CD,2011,1332.6572265625
SDN,Sudan,NY.GDP.PCAP.CD,2010,1305.63598632813
SUR,Suriname,NY.GDP.PCAP.CD,2019,6629.66775248603
SUR,Suriname,NY.GDP.PCAP.CD,2018,6665.74180472239
SUR,Suriname,NY.GDP.PCAP.CD,2017,6049.52128553675
SUR,Suriname,NY.GDP.PCAP.CD,2016,5644.2061057532
SUR,Suriname,NY.GDP.PCAP.CD,2015,8813.61705392067
SUR,Suriname,NY.GDP.PCAP.CD,2014,9108.18905406764
SUR,Suriname,NY.GDP.PCAP.CD,2013,9043.19281529222
SUR,Suriname,NY.GDP.PCAP.CD,2012,8851.24050668908
SUR,Suriname,NY.GDP.PCAP.CD,2011,7949.88867218383
SUR,Suriname,NY.GDP.PCAP.CD,2010,7943.60482816915
SWE,Sweden,NY.GDP.PCAP.CD,2019,51648.9892820514
SWE,Sweden,NY.GDP.PCAP.CD,2018,54018.4554391861
SWE,Sweden,NY.GDP.PCAP.CD,2017,53210.2233318965
SWE,Sweden,NY.GDP.PCAP.CD,2016,51703.5088332851
SWE,Sweden,NY.GDP.PCAP.CD,2015,51188.1652120493
SWE,Sweden,NY.GDP.PCAP.CD,2014,59583.4584491714
SWE,Sweden,NY.GDP.PCAP.CD,2013,60843.9888799369
SWE,Sweden,NY.GDP.PCAP.CD,2012,57749.5615420853
SWE,Sweden,NY.GDP.PCAP.CD,2011,60379.4814599322
SWE,Sweden,NY.GDP.PCAP.CD,2010,52542.5759090299
CHE,Switzerland,NY.GDP.PCAP.CD,2019,85872.9702303454
CHE,Switzerland,NY.GDP.PCAP.CD,2018,87002.3382293532
CHE,Switzerland,NY.GDP.PCAP.CD,2017,83610.248611484
CHE,Switzerland,NY.GDP.PCAP.CD,2016,83432.4111596314
CHE,Switzerland,NY.GDP.PCAP.CD,2015,85265.06205193
CHE,Switzerland,NY.GDP.PCAP.CD,2014,90511.6484558843
CHE,Switzerland,NY.GDP.PCAP.CD,2013,88851.2374497983
CHE,Switzerland,NY.GDP.PCAP.CD,2012,87269.5594780124
CHE,Switzerland,NY.GDP.PCAP.CD,2011,91910.3964565203
CHE,Switzerland,NY.GDP.PCAP.CD,2010,77956.1262043942
SYR,Syrian Arab Republic,NY.GDP.PCAP.CD,2019,1109.53933821464
SYR,Syrian Arab Republic,NY.GDP.PCAP.CD,2018,1098.06667935023
SYR,Syrian Arab Republic,NY.GDP.PCAP.CD,2017,851.501972646386
SYR,Syrian Arab Republic,NY.GDP.PCAP.CD,2016,656.349017520952
SYR,Syrian Arab Republic,NY.GDP.PCAP.CD,2015,847.731545352582
SYR,Syrian Arab Republic,NY.GDP.PCAP.CD,2014,1060.59105887433
SYR,Syrian Arab Republic,NY.GDP.PCAP.CD,2013,985.892669221634
SYR,Syrian Arab Republic,NY.GDP.PCAP.CD,2012,1897.66115018696
SYR,Syrian Arab Republic,NY.GDP.PCAP.CD,2011,2952.14372909443
SYR,Syrian Arab Republic,NY.GDP.PCAP.CD,2010,2730.61487784917
TJK,Tajikistan,NY.GDP.PCAP.CD,2019,871.022372934846
TJK,Tajikistan,NY.GDP.PCAP.CD,2018,834.288404578801
TJK,Tajikistan,NY.GDP.PCAP.CD,2017,829.45714764957
TJK,Tajikistan,NY.GDP.PCAP.CD,2016,788.710481734485
TJK,Tajikistan,NY.GDP.PCAP.CD,2015,956.916310930656
TJK,Tajikistan,NY.GDP.PCAP.CD,2014,1081.54402932039
TJK,Tajikistan,NY.GDP.PCAP.CD,2013,1028.19704279396
TJK,Tajikistan,NY.GDP.PCAP.CD,2012,952.452819695469
TJK,Tajikistan,NY.GDP.PCAP.CD,2011,833.601978202852
TJK,Tajikistan,NY.GDP.PCAP.CD,2010,737.338883219356
TZA,Tanzania,NY.GDP.PCAP.CD,2019,1063.32250976563
TZA,Tanzania,NY.GDP.PCAP.CD,2018,1023.10626220703
TZA,Tanzania,NY.GDP.PCAP.CD,2017,986.674011230469
TZA,Tanzania,NY.GDP.PCAP.CD,2016,953.0107421875
TZA,Tanzania,NY.GDP.PCAP.CD,2015,939.127319335938
TZA,Tanzania,NY.GDP.PCAP.CD,2014,1022.74841308594
TZA,Tanzania,NY.GDP.PCAP.CD,2013,963.05712890625
TZA,Tanzania,NY.GDP.PCAP.CD,2012,861.969909667969
TZA,Tanzania,NY.GDP.PCAP.CD,2011,775.392761230469
TZA,Tanzania,NY.GDP.PCAP.CD,2010,736.530151367188
THA,Thailand,NY.GDP.PCAP.CD,2019,7605.69657797759
THA,Thailand,NY.GDP.PCAP.CD,2018,7099.77650081458
THA,Thailand,NY.GDP.PCAP.CD,2017,6413.09182530343
THA,Thailand,NY.GDP.PCAP.CD,2016,5833.57715617098
THA,Thailand,NY.GDP.PCAP.CD,2015,5688.85335397884
THA,Thailand,NY.GDP.PCAP.CD,2014,5801.1978916205
THA,Thailand,NY.GDP.PCAP.CD,2013,6018.08244729255
THA,Thailand,NY.GDP.PCAP.CD,2012,5725.52802835463
THA,Thailand,NY.GDP.PCAP.CD,2011,5373.6232832898
THA,Thailand,NY.GDP.PCAP.CD,2010,4973.86288823778
TLS,Timor-Leste,NY.GDP.PCAP.CD,2019,1562.36458881813
TLS,Timor-Leste,NY.GDP.PCAP.CD,2018,1219.46598597604
TLS,Timor-Leste,NY.GDP.PCAP.CD,2017,1266.17767952941
TLS,Timor-Leste,NY.GDP.PCAP.CD,2016,1335.54390089814
TLS,Timor-Leste,NY.GDP.PCAP.CD,2015,1319.59297370991
TLS,Timor-Leste,NY.GDP.PCAP.CD,2014,1224.74957758801
TLS,Timor-Leste,NY.GDP.PCAP.CD,2013,1204.56841532931
TLS,Timor-Leste,NY.GDP.PCAP.CD,2012,1022.61903188429
TLS,Timor-Leste,NY.GDP.PCAP.CD,2011,939.045241112693
TLS,Timor-Leste,NY.GDP.PCAP.CD,2010,813.060177250597
TGO,Togo,NY.GDP.PCAP.CD,2019,917.718016777619
TGO,Togo,NY.GDP.PCAP.CD,2018,942.480774393154
TGO,Togo,NY.GDP.PCAP.CD,2017,872.076408845752
TGO,Togo,NY.GDP.PCAP.CD,2016,843.114204338675
TGO,Togo,NY.GDP.PCAP.CD,2015,813.894676975085
TGO,Togo,NY.GDP.PCAP.CD,2014,921.539748631461
TGO,Togo,NY.GDP.PCAP.CD,2013,885.698522723929
TGO,Togo,NY.GDP.PCAP.CD,2012,813.611525037432
TGO,Togo,NY.GDP.PCAP.CD,2011,834.14671980279
TGO,Togo,NY.GDP.PCAP.CD,2010,750.323421086121
TON,Tonga,NY.GDP.PCAP.CD,2019,4788.83350468584
TON,Tonga,NY.GDP.PCAP.CD,2018,4675.04776047973
TON,Tonga,NY.GDP.PCAP.CD,2017,4365.92929788648
TON,Tonga,NY.GDP.PCAP.CD,2016,3987.98618837043
TON,Tonga,NY.GDP.PCAP.CD,2015,4123.90347238813
TON,Tonga,NY.GDP.PCAP.CD,2014,4136.59010898445
TON,Tonga,NY.GDP.PCAP.CD,2013,4219.24670113014
TON,Tonga,NY.GDP.PCAP.CD,2012,4384.17058724217
TON,Tonga,NY.GDP.PCAP.CD,2011,3849.99375750134
TON,Tonga,NY.GDP.PCAP.CD,2010,3416.08356601207
TTO,Trinidad and Tobago,NY.GDP.PCAP.CD,2019,17212.6128892163
TTO,Trinidad and Tobago,NY.GDP.PCAP.CD,2018,17571.498737278
TTO,Trinidad and Tobago,NY.GDP.PCAP.CD,2017,17566.0999700656
TTO,Trinidad and Tobago,NY.GDP.PCAP.CD,2016,17449.1538801956
TTO,Trinidad and Tobago,NY.GDP.PCAP.CD,2015,19887.2327716498
TTO,Trinidad and Tobago,NY.GDP.PCAP.CD,2014,21908.3014555644
TTO,Trinidad and Tobago,NY.GDP.PCAP.CD,2013,21304.9777496628
TTO,Trinidad and Tobago,NY.GDP.PCAP.CD,2012,20332.1389531925
TTO,Trinidad and Tobago,NY.GDP.PCAP.CD,2011,19151.0870229722
TTO,Trinidad and Tobago,NY.GDP.PCAP.CD,2010,16815.424737361
TUN,Tunisia,NY.GDP.PCAP.CD,2019,3528.87213306798
TUN,Tunisia,NY.GDP.PCAP.CD,2018,3628.10366464236
TUN,Tunisia,NY.GDP.PCAP.CD,2017,3619.03247319953
TUN,Tunisia,NY.GDP.PCAP.CD,2016,3847.80354448809
TUN,Tunisia,NY.GDP.PCAP.CD,2015,4014.94773686432
TUN,Tunisia,NY.GDP.PCAP.CD,2014,4458.97895464547
TUN,Tunisia,NY.GDP.PCAP.CD,2013,4369.79345826358
TUN,Tunisia,NY.GDP.PCAP.CD,2012,4297.26782454273
TUN,Tunisia,NY.GDP.PCAP.CD,2011,4420.64772206537
TUN,Tunisia,NY.GDP.PCAP.CD,2010,4291.86120891575
TUR,Turkiye,NY.GDP.PCAP.CD,2019,9395.23378001368
TUR,Turkiye,NY.GDP.PCAP.CD,2018,9684.11819884721
TUR,Turkiye,NY.GDP.PCAP.CD,2017,10756.3877677883
TUR,Turkiye,NY.GDP.PCAP.CD,2016,10984.3643169061
TUR,Turkiye,NY.GDP.PCAP.CD,2015,11064.6494504662
TUR,Turkiye,NY.GDP.PCAP.CD,2014,12209.3862327674
TUR,Turkiye,NY.GDP.PCAP.CD,2013,12635.5570016068
TUR,Turkiye,NY.GDP.PCAP.CD,2012,11776.7593362033
TUR,Turkiye,NY.GDP.PCAP.CD,2011,11373.6355760885
TUR,Turkiye,NY.GDP.PCAP.CD,2010,10698.9699409757
TKM,Turkmenistan,NY.GDP.PCAP.CD,2019,4365.1152919542
TKM,Turkmenistan,NY.GDP.PCAP.CD,2018,3911.98557297865
TKM,Turkmenistan,NY.GDP.PCAP.CD,2017,5125.54920055808
TKM,Turkmenistan,NY.GDP.PCAP.CD,2016,5238.00827202546
TKM,Turkmenistan,NY.GDP.PCAP.CD,2015,5759.497903834
TKM,Turkmenistan,NY.GDP.PCAP.CD,2014,7164.14536184006
TKM,Turkmenistan,NY.GDP.PCAP.CD,2013,6599.64529055481
TKM,Turkmenistan,NY.GDP.PCAP.CD,2012,6053.8748468749
TKM,Turkmenistan,NY.GDP.PCAP.CD,2011,5143.61929334647
TKM,Turkmenistan,NY.GDP.PCAP.CD,2010,4058.53937000739
TCA,Turks and Caicos Islands,NY.GDP.PCAP.CD,2019,31780.5217068989
TCA,Turks and Caicos Islands,NY.GDP.PCAP.CD,2018,31625.616593277
TCA,Turks and Caicos Islands,NY.GDP.PCAP.CD,2017,30014.2309523213
TCA,Turks and Caicos Islands,NY.GDP.PCAP.CD,2016,31373.5612684327
TCA,Turks and Caicos Islands,NY.GDP.PCAP.CD,2015,29457.0140691162
TCA,Turks and Caicos Islands,NY.GDP.PCAP.CD,2014,27292.5820256776
TCA,Turks and Caicos Islands,NY.GDP.PCAP.CD,2013,25653.819867471
TCA,Turks and Caicos Islands,NY.GDP.PCAP.CD,2012,25923.6156503875
TCA,Turks and Caicos Islands,NY.GDP.PCAP.CD,2011,27327.4006354146
TCA,Turks and Caicos Islands,NY.GDP.PCAP.CD,2010,23093.8498268267
TUV,Tuvalu,NY.GDP.PCAP.CD,2019,5058.85266607659
TUV,Tuvalu,NY.GDP.PCAP.CD,2018,4467.21144027065
TUV,Tuvalu,NY.GDP.PCAP.CD,2017,4166.79162422818
TUV,Tuvalu,NY.GDP.PCAP.CD,2016,3779.15293916285
TUV,Tuvalu,NY.GDP.PCAP.CD,2015,3352.66722400181
TUV,Tuvalu,NY.GDP.PCAP.CD,2014,3518.13249227107
TUV,Tuvalu,NY.GDP.PCAP.CD,2013,3524.00277634143
TUV,Tuvalu,NY.GDP.PCAP.CD,2012,3558.89749224226
TUV,Tuvalu,NY.GDP.PCAP.CD,2011,3679.5325726267
TUV,Tuvalu,NY.GDP.PCAP.CD,2010,3054.96154183353
UGA,Uganda,NY.GDP.PCAP.CD,2019,822.171150036357
UGA,Uganda,NY.GDP.PCAP.CD,2018,792.16570022814
UGA,Uganda,NY.GDP.PCAP.CD,2017,765.218332297361
UGA,Uganda,NY.GDP.PCAP.CD,2016,752.696571725656
UGA,Uganda,NY.GDP.PCAP.CD,2015,862.934610355811
UGA,Uganda,NY.GDP.PCAP.CD,2014,896.054795546394
UGA,Uganda,NY.GDP.PCAP.CD,2013,818.285427416713
UGA,Uganda,NY.GDP.PCAP.CD,2012,795.222867553127
UGA,Uganda,NY.GDP.PCAP.CD,2011,835.620060555838
UGA,Uganda,NY.GDP.PCAP.CD,2010,823.488144282
UKR,Ukraine,NY.GDP.PCAP.CD,2019,3619.86157226563
UKR,Ukraine,NY.GDP.PCAP.CD,2018,3059.0517578125
UKR,Ukraine,NY.GDP.PCAP.CD,2017,2604.28759765625
UKR,Ukraine,NY.GDP.PCAP.CD,2016,2158.46118164063
UKR,Ukraine,NY.GDP.PCAP.CD,2015,2094.47387695313
UKR,Ukraine,NY.GDP.PCAP.CD,2014,3054.908203125
UKR,Ukraine,NY.GDP.PCAP.CD,2013,4129.89697265625
UKR,Ukraine,NY.GDP.PCAP.CD,2012,3951.34228515625
UKR,Ukraine,NY.GDP.PCAP.CD,2011,3656.69799804688
UKR,Ukraine,NY.GDP.PCAP.CD,2010,3039.63232421875
ARE,United Arab Emirates,NY.GDP.PCAP.CD,2019,45938.6084572227
ARE,United Arab Emirates,NY.GDP.PCAP.CD,2018,47135.3478795605
ARE,United Arab Emirates,NY.GDP.PCAP.CD,2017,43733.6242018215
ARE,United Arab Emirates,NY.GDP.PCAP.CD,2016,42721.1136110991
ARE,United Arab Emirates,NY.GDP.PCAP.CD,2015,44910.3458860776
ARE,United Arab Emirates,NY.GDP.PCAP.CD,2014,52725.2307981936
ARE,United Arab Emirates,NY.GDP.PCAP.CD,2013,53247.2278745159
ARE,United Arab Emirates,NY.GDP.PCAP.CD,2012,53141.6251661086
ARE,United Arab Emirates,NY.GDP.PCAP.CD,2011,51921.8890746408
ARE,United Arab Emirates,NY.GDP.PCAP.CD,2010,44795.2846234991
GBR,United Kingdom,NY.GDP.PCAP.CD,2019,43160.6843971799
GBR,United Kingdom,NY.GDP.PCAP.CD,2018,43704.3162296687
GBR,United Kingdom,NY.GDP.PCAP.CD,2017,40918.0520870944
GBR,United Kingdom,NY.GDP.PCAP.CD,2016,41258.5374285695
GBR,United Kingdom,NY.GDP.PCAP.CD,2015,45256.040227057
GBR,United Kingdom,NY.GDP.PCAP.CD,2014,47746.9810645521
GBR,United Kingdom,NY.GDP.PCAP.CD,2013,43607.6636827371
GBR,United Kingdom,NY.GDP.PCAP.CD,2012,42688.3263728372
GBR,United Kingdom,NY.GDP.PCAP.CD,2011,42295.9273835322
GBR,United Kingdom,NY.GDP.PCAP.CD,2010,39778.3220528565
USA,United States,NY.GDP.PCAP.CD,2019,65227.9565911038
USA,United States,NY.GDP.PCAP.CD,2018,62875.6661382728
USA,United States,NY.GDP.PCAP.CD,2017,60047.7190728307
USA,United States,NY.GDP.PCAP.CD,2016,57976.628204291
USA,United States,NY.GDP.PCAP.CD,2015,56849.4697923159
USA,United States,NY.GDP.PCAP.CD,2014,55153.3940182967
USA,United States,NY.GDP.PCAP.CD,2013,53297.3862901595
USA,United States,NY.GDP.PCAP.CD,2012,51708.3940614082
USA,United States,NY.GDP.PCAP.CD,2011,50024.8812320773
USA,United States,NY.GDP.PCAP.CD,2010,48642.6312088213
URY,Uruguay,NY.GDP.PCAP.CD,2019,18315.7350377437
URY,Uruguay,NY.GDP.PCAP.CD,2018,19249.9404677501
URY,Uruguay,NY.GDP.PCAP.CD,2017,19184.6626114272
URY,Uruguay,NY.GDP.PCAP.CD,2016,17009.7584207276
URY,Uruguay,NY.GDP.PCAP.CD,2015,17125.9016800298
URY,Uruguay,NY.GDP.PCAP.CD,2014,18322.4276767157
URY,Uruguay,NY.GDP.PCAP.CD,2013,18335.2594772322
URY,Uruguay,NY.GDP.PCAP.CD,2012,16259.5940814256
URY,Uruguay,NY.GDP.PCAP.CD,2011,15132.2675725587
URY,Uruguay,NY.GDP.PCAP.CD,2010,12641.0576849008
UZB,Uzbekistan,NY.GDP.PCAP.CD,2019,2128.66067138334
UZB,Uzbekistan,NY.GDP.PCAP.CD,2018,1894.09088741408
UZB,Uzbekistan,NY.GDP.PCAP.CD,2017,2271.4730109511
UZB,Uzbekistan,NY.GDP.PCAP.CD,2016,3128.42307170099
UZB,Uzbekistan,NY.GDP.PCAP.CD,2015,3172.89899391083
UZB,Uzbekistan,NY.GDP.PCAP.CD,2014,3021.00331668049
UZB,Uzbekistan,NY.GDP.PCAP.CD,2013,2781.38869470315
UZB,Uzbekistan,NY.GDP.PCAP.CD,2012,2573.95586785056
UZB,Uzbekistan,NY.GDP.PCAP.CD,2011,2338.55462817306
UZB,Uzbekistan,NY.GDP.PCAP.CD,2010,1956.78127255673
VUT,Vanuatu,NY.GDP.PCAP.CD,2019,3635.62344878185
VUT,Vanuatu,NY.GDP.PCAP.CD,2018,3626.18862522473
VUT,Vanuatu,NY.GDP.PCAP.CD,2017,3585.31798081216
VUT,Vanuatu,NY.GDP.PCAP.CD,2016,3339.83436471043
VUT,Vanuatu,NY.GDP.PCAP.CD,2015,3214.41948587141
VUT,Vanuatu,NY.GDP.PCAP.CD,2014,3378.36411965135
VUT,Vanuatu,NY.GDP.PCAP.CD,2013,3392.56675091682
VUT,Vanuatu,NY.GDP.PCAP.CD,2012,3004.78416664293
VUT,Vanuatu,NY.GDP.PCAP.CD,2011,3163.1861645138
VUT,Vanuatu,NY.GDP.PCAP.CD,2010,2815.18828985779
VEN,"Venezuela, RB",NY.GDP.PCAP.CD,2019,2523.11527549578
VEN,"Venezuela, RB",NY.GDP.PCAP.CD,2018,3421.51341607593
VEN,"Venezuela, RB",NY.GDP.PCAP.CD,2017,3791.63262049576
VEN,"Venezuela, RB",NY.GDP.PCAP.CD,2016,3671.23004093383
VEN,"Venezuela, RB",NY.GDP.PCAP.CD,2015,4096.61989137473
VEN,"Venezuela, RB",NY.GDP.PCAP.CD,2014,7101.15006382986
VEN,"Venezuela, RB",NY.GDP.PCAP.CD,2013,8642.37380007027
VEN,"Venezuela, RB",NY.GDP.PCAP.CD,2012,12582.0125686037
VEN,"Venezuela, RB",NY.GDP.PCAP.CD,2011,10843.9229703167
VEN,"Venezuela, RB",NY.GDP.PCAP.CD,2010,13646.3046622664
VNM,Viet Nam,NY.GDP.PCAP.CD,2019,3440.90025375434
VNM,Viet Nam,NY.GDP.PCAP.CD,2018,3222.31003125366
VNM,Viet Nam,NY.GDP.PCAP.CD,2017,2956.10992127753
VNM,Viet Nam,NY.GDP.PCAP.CD,2016,2735.0604380416
VNM,Viet Nam,NY.GDP.PCAP.CD,2015,2577.56885340113
VNM,Viet Nam,NY.GDP.PCAP.CD,2014,2546.38464459903
VNM,Viet Nam,NY.GDP.PCAP.CD,2013,2359.51736472828
VNM,Viet Nam,NY.GDP.PCAP.CD,2012,2185.11767654291
VNM,Viet Nam,NY.GDP.PCAP.CD,2011,1950.92504174913
VNM,Viet Nam,NY.GDP.PCAP.CD,2010,1683.16182443979
VIR,Virgin Islands (U.S.),NY.GDP.PCAP.CD,2019,38633.5298915336
VIR,Virgin Islands (U.S.),NY.GDP.PCAP.CD,2018,36663.2087550584
VIR,Virgin Islands (U.S.),NY.GDP.PCAP.CD,2017,35365.0693039774
VIR,Virgin Islands (U.S.),NY.GDP.PCAP.CD,2016,35324.9748874586
VIR,Virgin Islands (U.S.),NY.GDP.PCAP.CD,2015,34007.3529411765
VIR,Virgin Islands (U.S.),NY.GDP.PCAP.CD,2014,33045.3643795999
VIR,Virgin Islands (U.S.),NY.GDP.PCAP.CD,2013,34597.9766940328
VIR,Virgin Islands (U.S.),NY.GDP.PCAP.CD,2012,37795.3192590675
VIR,Virgin Islands (U.S.),NY.GDP.PCAP.CD,2011,38997.1373164651
VIR,Virgin Islands (U.S.),NY.GDP.PCAP.CD,2010,39905.1284180994
PSE,West Bank and Gaza,NY.GDP.PCAP.CD,2019,3656.85827137011
PSE,West Bank and Gaza,NY.GDP.PCAP.CD,2018,3562.33094270256
PSE,West Bank and Gaza,NY.GDP.PCAP.CD,2017,3620.36048715937
PSE,West Bank and Gaza,NY.GDP.PCAP.CD,2016,3527.61382413178
PSE,West Bank and Gaza,NY.GDP.PCAP.CD,2015,3272.15432360708
PSE,West Bank and Gaza,NY.GDP.PCAP.CD,2014,3352.11259506043
PSE,West Bank and Gaza,NY.GDP.PCAP.CD,2013,3315.29753909282
PSE,West Bank and Gaza,NY.GDP.PCAP.CD,2012,3067.43872735614
PSE,West Bank and Gaza,NY.GDP.PCAP.CD,2011,2880.79843707909
PSE,West Bank and Gaza,NY.GDP.PCAP.CD,2010,2557.07562356699
YEM,"Yemen, Rep.",NY.GDP.PCAP.CD,2018,633.887202451545
YEM,"Yemen, Rep.",NY.GDP.PCAP.CD,2017,811.165970405745
YEM,"Yemen, Rep.",NY.GDP.PCAP.CD,2016,975.359417003225
YEM,"Yemen, Rep.",NY.GDP.PCAP.CD,2015,1362.1738120601
YEM,"Yemen, Rep.",NY.GDP.PCAP.CD,2014,1430.16420964026
YEM,"Yemen, Rep.",NY.GDP.PCAP.CD,2013,1378.75002954928
YEM,"Yemen, Rep.",NY.GDP.PCAP.CD,2012,1245.05068272078
YEM,"Yemen, Rep.",NY.GDP.PCAP.CD,2011,1186.47500581215
YEM,"Yemen, Rep.",NY.GDP.PCAP.CD,2010,1155.20305261418
ZMB,Zambia,NY.GDP.PCAP.CD,2019,1258.98619844462
ZMB,Zambia,NY.GDP.PCAP.CD,2018,1463.89997855593
ZMB,Zambia,NY.GDP.PCAP.CD,2017,1483.46577328065
ZMB,Zambia,NY.GDP.PCAP.CD,2016,1239.08527877713
ZMB,Zambia,NY.GDP.PCAP.CD,2015,1295.87788680068
ZMB,Zambia,NY.GDP.PCAP.CD,2014,1707.48573136694
ZMB,Zambia,NY.GDP.PCAP.CD,2013,1820.71854827391
ZMB,Zambia,NY.GDP.PCAP.CD,2012,1710.05061343728
ZMB,Zambia,NY.GDP.PCAP.CD,2011,1624.86817763443
ZMB,Zambia,NY.GDP.PCAP.CD,2010,1451.10616017155
ZWE,Zimbabwe,NY.GDP.PCAP.CD,2019,2184.52155388801
ZWE,Zimbabwe,NY.GDP.PCAP.CD,2018,2270.89531874302
ZWE,Zimbabwe,NY.GDP.PCAP.CD,2017,3445.44941020134
ZWE,Zimbabwe,NY.GDP.PCAP.CD,2016,1408.13945253431
ZWE,Zimbabwe,NY.GDP.PCAP.CD,2015,1387.12632595026
ZWE,Zimbabwe,NY.GDP.PCAP.CD,2014,1372.91526173161
ZWE,Zimbabwe,NY.GDP.PCAP.CD,2013,1362.99498323368
ZWE,Zimbabwe,NY.GDP.PCAP.CD,2012,1239.22709745709
ZWE,Zimbabwe,NY.GDP.PCAP.CD,2011,1037.77565157218
ZWE,Zimbabwe,NY.GDP.PCAP.CD,2010,902.010759067388
AFE,Africa Eastern and Southern,NY.GDP.MKTP.KD.ZG,2019,1.93559262617022
AFE,Africa Eastern and Southern,NY.GDP.MKTP.KD.ZG,2018,2.70620741957582
AFE,Africa Eastern and Southern,NY.GDP.MKTP.KD.ZG,2017,2.67886266771569
AFE,Africa Eastern and Southern,NY.GDP.MKTP.KD.ZG,2016,2.2925005812875
AFE,Africa Eastern and Southern,NY.GDP.MKTP.KD.ZG,2015,2.93390345864022
AFE,Africa Eastern and Southern,NY.GDP.MKTP.KD.ZG,2014,3.91636174876319
AFE,Africa Eastern and Southern,NY.GDP.MKTP.KD.ZG,2013,4.63400008423696
AFE,Africa Eastern and Southern,NY.GDP.MKTP.KD.ZG,2012,1.88012979444004
AFE,Africa Eastern and Southern,NY.GDP.MKTP.KD.ZG,2011,3.79124046178791
AFE,Africa Eastern and Southern,NY.GDP.MKTP.KD.ZG,2010,5.33521275751254
AFW,Africa Western and Central,NY.GDP.MKTP.KD.ZG,2019,3.28314241472725
AFW,Africa Western and Central,NY.GDP.MKTP.KD.ZG,2018,2.89995418634321
AFW,Africa Western and Central,NY.GDP.MKTP.KD.ZG,2017,2.30276059142707
AFW,Africa Western and Central,NY.GDP.MKTP.KD.ZG,2016,0.176171718599761
AFW,Africa Western and Central,NY.GDP.MKTP.KD.ZG,2015,2.93291103762179
AFW,Africa Western and Central,NY.GDP.MKTP.KD.ZG,2014,5.69152337171586
AFW,Africa Western and Central,NY.GDP.MKTP.KD.ZG,2013,6.04665420359198
AFW,Africa Western and Central,NY.GDP.MKTP.KD.ZG,2012,5.12968971306577
AFW,Africa Western and Central,NY.GDP.MKTP.KD.ZG,2011,4.92203183140791
AFW,Africa Western and Central,NY.GDP.MKTP.KD.ZG,2010,7.0006469900289
ARB,Arab World,NY.GDP.MKTP.KD.ZG,2019,1.74949238304778
ARB,Arab World,NY.GDP.MKTP.KD.ZG,2018,2.67038341212846
ARB,Arab World,NY.GDP.MKTP.KD.ZG,2017,1.33126991214532
ARB,Arab World,NY.GDP.MKTP.KD.ZG,2016,3.57245633977796
ARB,Arab World,NY.GDP.MKTP.KD.ZG,2015,3.34998278420424
ARB,Arab World,NY.GDP.MKTP.KD.ZG,2014,2.58777358070404
ARB,Arab World,NY.GDP.MKTP.KD.ZG,2013,2.58564644333576
ARB,Arab World,NY.GDP.MKTP.KD.ZG,2012,5.48137966421484
ARB,Arab World,NY.GDP.MKTP.KD.ZG,2011,3.84860676614113
ARB,Arab World,NY.GDP.MKTP.KD.ZG,2010,4.7365057444004
CSS,Caribbean small states,NY.GDP.MKTP.KD.ZG,2019,0.865089017714141
CSS,Caribbean small states,NY.GDP.MKTP.KD.ZG,2018,1.31016136681117
CSS,Caribbean small states,NY.GDP.MKTP.KD.ZG,2017,-0.750655745538538
CSS,Caribbean small states,NY.GDP.MKTP.KD.ZG,2016,-3.08739815275796
CSS,Caribbean small states,NY.GDP.MKTP.KD.ZG,2015,-0.064034306514273
CSS,Caribbean small states,NY.GDP.MKTP.KD.ZG,2014,2.59734828019873
CSS,Caribbean small states,NY.GDP.MKTP.KD.ZG,2013,1.56870134511247
CSS,Caribbean small states,NY.GDP.MKTP.KD.ZG,2012,4.11419015906178
CSS,Caribbean small states,NY.GDP.MKTP.KD.ZG,2011,0.914568192401248
CSS,Caribbean small states,NY.GDP.MKTP.KD.ZG,2010,1.18336086368814
CEB,Central Europe and the Baltics,NY.GDP.MKTP.KD.ZG,2019,4.03232614160713
CEB,Central Europe and the Baltics,NY.GDP.MKTP.KD.ZG,2018,4.95337220818838
CEB,Central Europe and the Baltics,NY.GDP.MKTP.KD.ZG,2017,5.10713071566526
CEB,Central Europe and the Baltics,NY.GDP.MKTP.KD.ZG,2016,2.80724942330426
CEB,Central Europe and the Baltics,NY.GDP.MKTP.KD.ZG,2015,4.0016836383322
CEB,Central Europe and the Baltics,NY.GDP.MKTP.KD.ZG,2014,3.26192805394494
CEB,Central Europe and the Baltics,NY.GDP.MKTP.KD.ZG,2013,0.667909229803371
CEB,Central Europe and the Baltics,NY.GDP.MKTP.KD.ZG,2012,0.837973326874717
CEB,Central Europe and the Baltics,NY.GDP.MKTP.KD.ZG,2011,3.60057081921423
CEB,Central Europe and the Baltics,NY.GDP.MKTP.KD.ZG,2010,1.53847163388305
EAR,Early-demographic dividend,NY.GDP.MKTP.KD.ZG,2019,2.27263621294111
EAR,Early-demographic dividend,NY.GDP.MKTP.KD.ZG,2018,3.61280978921729
EAR,Early-demographic dividend,NY.GDP.MKTP.KD.ZG,2017,4.49000658496557
EAR,Early-demographic dividend,NY.GDP.MKTP.KD.ZG,2016,4.14710614319185
EAR,Early-demographic dividend,NY.GDP.MKTP.KD.ZG,2015,4.25265763904281
EAR,Early-demographic dividend,NY.GDP.MKTP.KD.ZG,2014,3.99422690284999
EAR,Early-demographic dividend,NY.GDP.MKTP.KD.ZG,2013,4.03848297590133
EAR,Early-demographic dividend,NY.GDP.MKTP.KD.ZG,2012,4.23328826662316
EAR,Early-demographic dividend,NY.GDP.MKTP.KD.ZG,2011,4.95819877551402
EAR,Early-demographic dividend,NY.GDP.MKTP.KD.ZG,2010,6.38059450478228
EAS,East Asia & Pacific,NY.GDP.MKTP.KD.ZG,2019,4.04090596808282
EAS,East Asia & Pacific,NY.GDP.MKTP.KD.ZG,2018,4.81200310102888
EAS,East Asia & Pacific,NY.GDP.MKTP.KD.ZG,2017,5.03667021498299
EAS,East Asia & Pacific,NY.GDP.MKTP.KD.ZG,2016,4.63114688285732
EAS,East Asia & Pacific,NY.GDP.MKTP.KD.ZG,2015,4.75890325549717
EAS,East Asia & Pacific,NY.GDP.MKTP.KD.ZG,2014,4.9189377834641
EAS,East Asia & Pacific,NY.GDP.MKTP.KD.ZG,2013,5.26825336357302
EAS,East Asia & Pacific,NY.GDP.MKTP.KD.ZG,2012,5.26477108258987
EAS,East Asia & Pacific,NY.GDP.MKTP.KD.ZG,2011,5.38208683103147
EAS,East Asia & Pacific,NY.GDP.MKTP.KD.ZG,2010,7.62507918660509
EAP,East Asia & Pacific (excluding high income),NY.GDP.MKTP.KD.ZG,2019,5.88489228328295
EAP,East Asia & Pacific (excluding high income),NY.GDP.MKTP.KD.ZG,2018,6.53800447051142
EAP,East Asia & Pacific (excluding high income),NY.GDP.MKTP.KD.ZG,2017,6.66666534648019
EAP,East Asia & Pacific (excluding high income),NY.GDP.MKTP.KD.ZG,2016,6.50852874508779
EAP,East Asia & Pacific (excluding high income),NY.GDP.MKTP.KD.ZG,2015,6.66372817923681
EAP,East Asia & Pacific (excluding high income),NY.GDP.MKTP.KD.ZG,2014,7.0222319266325
EAP,East Asia & Pacific (excluding high income),NY.GDP.MKTP.KD.ZG,2013,7.31723526739178
EAP,East Asia & Pacific (excluding high income),NY.GDP.MKTP.KD.ZG,2012,7.58043870245959
EAP,East Asia & Pacific (excluding high income),NY.GDP.MKTP.KD.ZG,2011,8.58533451743794
EAP,East Asia & Pacific (excluding high income),NY.GDP.MKTP.KD.ZG,2010,9.89414087548133
TEA,East Asia & Pacific (IDA & IBRD countries),NY.GDP.MKTP.KD.ZG,2019,5.88481120447702
TEA,East Asia & Pacific (IDA & IBRD countries),NY.GDP.MKTP.KD.ZG,2018,6.53783889633732
TEA,East Asia & Pacific (IDA & IBRD countries),NY.GDP.MKTP.KD.ZG,2017,6.66638400332221
TEA,East Asia & Pacific (IDA & IBRD countries),NY.GDP.MKTP.KD.ZG,2016,6.50841250220505
TEA,East Asia & Pacific (IDA & IBRD countries),NY.GDP.MKTP.KD.ZG,2015,6.66374638813893
TEA,East Asia & Pacific (IDA & IBRD countries),NY.GDP.MKTP.KD.ZG,2014,7.02222532623085
TEA,East Asia & Pacific (IDA & IBRD countries),NY.GDP.MKTP.KD.ZG,2013,7.3170154101466
TEA,East Asia & Pacific (IDA & IBRD countries),NY.GDP.MKTP.KD.ZG,2012,7.58039439959404
TEA,East Asia & Pacific (IDA & IBRD countries),NY.GDP.MKTP.KD.ZG,2011,8.58526373940811
TEA,East Asia & Pacific (IDA & IBRD countries),NY.GDP.MKTP.KD.ZG,2010,9.8937176385907
EMU,Euro area,NY.GDP.MKTP.KD.ZG,2019,1.63208944796722
EMU,Euro area,NY.GDP.MKTP.KD.ZG,2018,1.78229304985051
EMU,Euro area,NY.GDP.MKTP.KD.ZG,2017,2.62315671239708
EMU,Euro area,NY.GDP.MKTP.KD.ZG,2016,1.80681433573471
EMU,Euro area,NY.GDP.MKTP.KD.ZG,2015,2.14894477032594
EMU,Euro area,NY.GDP.MKTP.KD.ZG,2014,1.45371535311074
EMU,Euro area,NY.GDP.MKTP.KD.ZG,2013,-0.168322337087545
EMU,Euro area,NY.GDP.MKTP.KD.ZG,2012,-0.913859085753131
EMU,Euro area,NY.GDP.MKTP.KD.ZG,2011,1.77884441456963
EMU,Euro area,NY.GDP.MKTP.KD.ZG,2010,2.1158694775215
ECS,Europe & Central Asia,NY.GDP.MKTP.KD.ZG,2019,1.83149788108096
ECS,Europe & Central Asia,NY.GDP.MKTP.KD.ZG,2018,2.18261664657453
ECS,Europe & Central Asia,NY.GDP.MKTP.KD.ZG,2017,2.96168679697557
ECS,Europe & Central Asia,NY.GDP.MKTP.KD.ZG,2016,1.90825385031148
ECS,Europe & Central Asia,NY.GDP.MKTP.KD.ZG,2015,2.07832382006356
ECS,Europe & Central Asia,NY.GDP.MKTP.KD.ZG,2014,1.94365333398217
ECS,Europe & Central Asia,NY.GDP.MKTP.KD.ZG,2013,0.876266761669413
ECS,Europe & Central Asia,NY.GDP.MKTP.KD.ZG,2012,0.320243354807246
ECS,Europe & Central Asia,NY.GDP.MKTP.KD.ZG,2011,2.32357528634286
ECS,Europe & Central Asia,NY.GDP.MKTP.KD.ZG,2010,2.63832249163517
ECA,Europe & Central Asia (excluding high income),NY.GDP.MKTP.KD.ZG,2019,2.61922676231219
ECA,Europe & Central Asia (excluding high income),NY.GDP.MKTP.KD.ZG,2018,3.78753357770429
ECA,Europe & Central Asia (excluding high income),NY.GDP.MKTP.KD.ZG,2017,6.00896760124667
ECA,Europe & Central Asia (excluding high income),NY.GDP.MKTP.KD.ZG,2016,2.85797309720172
ECA,Europe & Central Asia (excluding high income),NY.GDP.MKTP.KD.ZG,2015,3.4855285083172
ECA,Europe & Central Asia (excluding high income),NY.GDP.MKTP.KD.ZG,2014,3.25564045264228
ECA,Europe & Central Asia (excluding high income),NY.GDP.MKTP.KD.ZG,2013,6.55722402169654
ECA,Europe & Central Asia (excluding high income),NY.GDP.MKTP.KD.ZG,2012,4.09057228077401
ECA,Europe & Central Asia (excluding high income),NY.GDP.MKTP.KD.ZG,2011,8.35834122654838
ECA,Europe & Central Asia (excluding high income),NY.GDP.MKTP.KD.ZG,2010,7.12840858949988
TEC,Europe & Central Asia (IDA & IBRD countries),NY.GDP.MKTP.KD.ZG,2019,2.83114768378128
TEC,Europe & Central Asia (IDA & IBRD countries),NY.GDP.MKTP.KD.ZG,2018,3.81479272946348
TEC,Europe & Central Asia (IDA & IBRD countries),NY.GDP.MKTP.KD.ZG,2017,4.37963852941809
TEC,Europe & Central Asia (IDA & IBRD countries),NY.GDP.MKTP.KD.ZG,2016,1.89511334774663
TEC,Europe & Central Asia (IDA & IBRD countries),NY.GDP.MKTP.KD.ZG,2015,1.46022367131448
TEC,Europe & Central Asia (IDA & IBRD countries),NY.GDP.MKTP.KD.ZG,2014,2.30298411904455
TEC,Europe & Central Asia (IDA & IBRD countries),NY.GDP.MKTP.KD.ZG,2013,3.37336805240554
TEC,Europe & Central Asia (IDA & IBRD countries),NY.GDP.MKTP.KD.ZG,2012,3.46791933031466
TEC,Europe & Central Asia (IDA & IBRD countries),NY.GDP.MKTP.KD.ZG,2011,5.88037781104649
TEC,Europe & Central Asia (IDA & IBRD countries),NY.GDP.MKTP.KD.ZG,2010,4.69523800480289
EUU,European Union,NY.GDP.MKTP.KD.ZG,2019,1.87525498889181
EUU,European Union,NY.GDP.MKTP.KD.ZG,2018,2.04641967934145
EUU,European Union,NY.GDP.MKTP.KD.ZG,2017,2.81810835521954
EUU,European Union,NY.GDP.MKTP.KD.ZG,2016,1.91997902907598
EUU,European Union,NY.GDP.MKTP.KD.ZG,2015,2.37195113797821
EUU,European Union,NY.GDP.MKTP.KD.ZG,2014,1.63271198328248
EUU,European Union,NY.GDP.MKTP.KD.ZG,2013,-0.0330372559639187
EUU,European Union,NY.GDP.MKTP.KD.ZG,2012,-0.764412939041037
EUU,European Union,NY.GDP.MKTP.KD.ZG,2011,1.96059583488466
EUU,European Union,NY.GDP.MKTP.KD.ZG,2010,2.1818021924601
HPC,Heavily indebted poor countries (HIPC),NY.GDP.MKTP.KD.ZG,2019,4.20365615145262
HPC,Heavily indebted poor countries (HIPC),NY.GDP.MKTP.KD.ZG,2018,4.18286148680316
HPC,Heavily indebted poor countries (HIPC),NY.GDP.MKTP.KD.ZG,2017,5.06377966448277
HPC,Heavily indebted poor countries (HIPC),NY.GDP.MKTP.KD.ZG,2016,4.30006123912206
HPC,Heavily indebted poor countries (HIPC),NY.GDP.MKTP.KD.ZG,2015,4.90646824015406
HPC,Heavily indebted poor countries (HIPC),NY.GDP.MKTP.KD.ZG,2014,5.45421217506326
HPC,Heavily indebted poor countries (HIPC),NY.GDP.MKTP.KD.ZG,2013,6.16437839840991
HPC,Heavily indebted poor countries (HIPC),NY.GDP.MKTP.KD.ZG,2012,4.04293845307305
HPC,Heavily indebted poor countries (HIPC),NY.GDP.MKTP.KD.ZG,2011,4.15364240429574
HPC,Heavily indebted poor countries (HIPC),NY.GDP.MKTP.KD.ZG,2010,6.20754117512882
IBD,IBRD only,NY.GDP.MKTP.KD.ZG,2019,3.98803326580348
IBD,IBRD only,NY.GDP.MKTP.KD.ZG,2018,4.86157952405858
IBD,IBRD only,NY.GDP.MKTP.KD.ZG,2017,5.16179362572515
IBD,IBRD only,NY.GDP.MKTP.KD.ZG,2016,4.44703872345713
IBD,IBRD only,NY.GDP.MKTP.KD.ZG,2015,4.31854010648796
IBD,IBRD only,NY.GDP.MKTP.KD.ZG,2014,4.78001444086
IBD,IBRD only,NY.GDP.MKTP.KD.ZG,2013,5.21442724745644
IBD,IBRD only,NY.GDP.MKTP.KD.ZG,2012,5.46243794859487
IBD,IBRD only,NY.GDP.MKTP.KD.ZG,2011,6.34796525091978
IBD,IBRD only,NY.GDP.MKTP.KD.ZG,2010,7.76445831496306
IBT,IDA & IBRD total,NY.GDP.MKTP.KD.ZG,2019,3.98475924215585
IBT,IDA & IBRD total,NY.GDP.MKTP.KD.ZG,2018,4.82460273989518
IBT,IDA & IBRD total,NY.GDP.MKTP.KD.ZG,2017,5.07330968455011
IBT,IDA & IBRD total,NY.GDP.MKTP.KD.ZG,2016,4.35480936392952
IBT,IDA & IBRD total,NY.GDP.MKTP.KD.ZG,2015,4.25326636645823
IBT,IDA & IBRD total,NY.GDP.MKTP.KD.ZG,2014,4.82932919233134
IBT,IDA & IBRD total,NY.GDP.MKTP.KD.ZG,2013,5.23089944476254
IBT,IDA & IBRD total,NY.GDP.MKTP.KD.ZG,2012,5.30457218076941
IBT,IDA & IBRD total,NY.GDP.MKTP.KD.ZG,2011,6.16961844156367
IBT,IDA & IBRD total,NY.GDP.MKTP.KD.ZG,2010,7.63752183781108
IDB,IDA blend,NY.GDP.MKTP.KD.ZG,2019,3.06868522671206
IDB,IDA blend,NY.GDP.MKTP.KD.ZG,2018,3.8983413977238
IDB,IDA blend,NY.GDP.MKTP.KD.ZG,2017,2.82463712924834
IDB,IDA blend,NY.GDP.MKTP.KD.ZG,2016,2.37410124286114
IDB,IDA blend,NY.GDP.MKTP.KD.ZG,2015,3.9277692964975
IDB,IDA blend,NY.GDP.MKTP.KD.ZG,2014,5.8248246616925
IDB,IDA blend,NY.GDP.MKTP.KD.ZG,2013,5.73609715250456
IDB,IDA blend,NY.GDP.MKTP.KD.ZG,2012,4.54052627515023
IDB,IDA blend,NY.GDP.MKTP.KD.ZG,2011,4.26532898947684
IDB,IDA blend,NY.GDP.MKTP.KD.ZG,2010,5.95474815245542
IDX,IDA only,NY.GDP.MKTP.KD.ZG,2019,4.82130049368115
IDX,IDA only,NY.GDP.MKTP.KD.ZG,2018,4.85450921076745
IDX,IDA only,NY.GDP.MKTP.KD.ZG,2017,5.22907858100467
IDX,IDA only,NY.GDP.MKTP.KD.ZG,2016,4.18372892932952
IDX,IDA only,NY.GDP.MKTP.KD.ZG,2015,3.01701813615682
IDX,IDA only,NY.GDP.MKTP.KD.ZG,2014,4.9923958045545
IDX,IDA only,NY.GDP.MKTP.KD.ZG,2013,5.10918682572196
IDX,IDA only,NY.GDP.MKTP.KD.ZG,2012,2.36503313187852
IDX,IDA only,NY.GDP.MKTP.KD.ZG,2011,3.98715488656238
IDX,IDA only,NY.GDP.MKTP.KD.ZG,2010,6.45708563967116
IDA,IDA total,NY.GDP.MKTP.KD.ZG,2019,3.94468113264645
IDA,IDA total,NY.GDP.MKTP.KD.ZG,2018,4.37406543309571
IDA,IDA total,NY.GDP.MKTP.KD.ZG,2017,4.00703084076721
IDA,IDA total,NY.GDP.MKTP.KD.ZG,2016,3.25606924193475
IDA,IDA total,NY.GDP.MKTP.KD.ZG,2015,3.48188857013798
IDA,IDA total,NY.GDP.MKTP.KD.ZG,2014,5.41564567632231
IDA,IDA total,NY.GDP.MKTP.KD.ZG,2013,5.42734561353254
IDA,IDA total,NY.GDP.MKTP.KD.ZG,2012,3.45766587825051
IDA,IDA total,NY.GDP.MKTP.KD.ZG,2011,4.12668093578495
IDA,IDA total,NY.GDP.MKTP.KD.ZG,2010,6.20453015280762
LTE,Late-demographic dividend,NY.GDP.MKTP.KD.ZG,2019,4.74723356857159
LTE,Late-demographic dividend,NY.GDP.MKTP.KD.ZG,2018,5.44116105376224
LTE,Late-demographic dividend,NY.GDP.MKTP.KD.ZG,2017,5.26224829988129
LTE,Late-demographic dividend,NY.GDP.MKTP.KD.ZG,2016,4.44982415289267
LTE,Late-demographic dividend,NY.GDP.MKTP.KD.ZG,2015,4.70954361182743
LTE,Late-demographic dividend,NY.GDP.MKTP.KD.ZG,2014,5.27993047692303
LTE,Late-demographic dividend,NY.GDP.MKTP.KD.ZG,2013,5.62973223892911
LTE,Late-demographic dividend,NY.GDP.MKTP.KD.ZG,2012,5.88568857687208
LTE,Late-demographic dividend,NY.GDP.MKTP.KD.ZG,2011,7.1689562967987
LTE,Late-demographic dividend,NY.GDP.MKTP.KD.ZG,2010,8.01408752578922
LCN,Latin America & Caribbean,NY.GDP.MKTP.KD.ZG,2019,0.317364964426716
LCN,Latin America & Caribbean,NY.GDP.MKTP.KD.ZG,2018,1.22291785556858
LCN,Latin America & Caribbean,NY.GDP.MKTP.KD.ZG,2017,1.55352771899284
LCN,Latin America & Caribbean,NY.GDP.MKTP.KD.ZG,2016,-0.730974962811146
LCN,Latin America & Caribbean,NY.GDP.MKTP.KD.ZG,2015,0.239853960080666
LCN,Latin America & Caribbean,NY.GDP.MKTP.KD.ZG,2014,1.19675253046894
LCN,Latin America & Caribbean,NY.GDP.MKTP.KD.ZG,2013,2.71733038737128
LCN,Latin America & Caribbean,NY.GDP.MKTP.KD.ZG,2012,2.64583304322979
LCN,Latin America & Caribbean,NY.GDP.MKTP.KD.ZG,2011,4.39575762072283
LCN,Latin America & Caribbean,NY.GDP.MKTP.KD.ZG,2010,6.15136362667808
LAC,Latin America & Caribbean (excluding high income),NY.GDP.MKTP.KD.ZG,2019,0.182794027991264
LAC,Latin America & Caribbean (excluding high income),NY.GDP.MKTP.KD.ZG,2018,1.15229755041935
LAC,Latin America & Caribbean (excluding high income),NY.GDP.MKTP.KD.ZG,2017,1.58746258230468
LAC,Latin America & Caribbean (excluding high income),NY.GDP.MKTP.KD.ZG,2016,-0.977477793493975
LAC,Latin America & Caribbean (excluding high income),NY.GDP.MKTP.KD.ZG,2015,0.0699385356183484
LAC,Latin America & Caribbean (excluding high income),NY.GDP.MKTP.KD.ZG,2014,1.11641330983845
LAC,Latin America & Caribbean (excluding high income),NY.GDP.MKTP.KD.ZG,2013,2.72471630094604
LAC,Latin America & Caribbean (excluding high income),NY.GDP.MKTP.KD.ZG,2012,2.44060941447695
LAC,Latin America & Caribbean (excluding high income),NY.GDP.MKTP.KD.ZG,2011,4.41721328660691
LAC,Latin America & Caribbean (excluding high income),NY.GDP.MKTP.KD.ZG,2010,6.42272825881251
TLA,Latin America & the Caribbean (IDA & IBRD countries),NY.GDP.MKTP.KD.ZG,2019,0.295159946142377
TLA,Latin America & the Caribbean (IDA & IBRD countries),NY.GDP.MKTP.KD.ZG,2018,1.30772581346528
TLA,Latin America & the Caribbean (IDA & IBRD countries),NY.GDP.MKTP.KD.ZG,2017,1.62136105748272
TLA,Latin America & the Caribbean (IDA & IBRD countries),NY.GDP.MKTP.KD.ZG,2016,-0.748991632597836
TLA,Latin America & the Caribbean (IDA & IBRD countries),NY.GDP.MKTP.KD.ZG,2015,0.189496368114675
TLA,Latin America & the Caribbean (IDA & IBRD countries),NY.GDP.MKTP.KD.ZG,2014,1.24870826294293
TLA,Latin America & the Caribbean (IDA & IBRD countries),NY.GDP.MKTP.KD.ZG,2013,2.8059330343136
TLA,Latin America & the Caribbean (IDA & IBRD countries),NY.GDP.MKTP.KD.ZG,2012,2.71792459208542
TLA,Latin America & the Caribbean (IDA & IBRD countries),NY.GDP.MKTP.KD.ZG,2011,4.56412247168292
TLA,Latin America & the Caribbean (IDA & IBRD countries),NY.GDP.MKTP.KD.ZG,2010,6.42164085310479
LDC,Least developed countries: UN classification,NY.GDP.MKTP.KD.ZG,2019,4.82459913567837
LDC,Least developed countries: UN classification,NY.GDP.MKTP.KD.ZG,2018,4.65270171918264
LDC,Least developed countries: UN classification,NY.GDP.MKTP.KD.ZG,2017,4.50257523548829
LDC,Least developed countries: UN classification,NY.GDP.MKTP.KD.ZG,2016,3.79797989969202
LDC,Least developed countries: UN classification,NY.GDP.MKTP.KD.ZG,2015,2.75018770897304
LDC,Least developed countries: UN classification,NY.GDP.MKTP.KD.ZG,2014,5.34524804033678
LDC,Least developed countries: UN classification,NY.GDP.MKTP.KD.ZG,2013,6.06991554579403
LDC,Least developed countries: UN classification,NY.GDP.MKTP.KD.ZG,2012,3.29372099348686
LDC,Least developed countries: UN classification,NY.GDP.MKTP.KD.ZG,2011,3.04728800769018
LDC,Least developed countries: UN classification,NY.GDP.MKTP.KD.ZG,2010,6.365655151586
LMY,Low & middle income,NY.GDP.MKTP.KD.ZG,2019,4.09130986730312
LMY,Low & middle income,NY.GDP.MKTP.KD.ZG,2018,4.92164615265142
LMY,Low & middle income,NY.GDP.MKTP.KD.ZG,2017,5.26386453553506
LMY,Low & middle income,NY.GDP.MKTP.KD.ZG,2016,4.64827928186369
LMY,Low & middle income,NY.GDP.MKTP.KD.ZG,2015,4.65256634204385
LMY,Low & middle income,NY.GDP.MKTP.KD.ZG,2014,5.13797592071302
LMY,Low & middle income,NY.GDP.MKTP.KD.ZG,2013,5.61734235164751
LMY,Low & middle income,NY.GDP.MKTP.KD.ZG,2012,5.49917464653294
LMY,Low & middle income,NY.GDP.MKTP.KD.ZG,2011,6.34125454342687
LMY,Low & middle income,NY.GDP.MKTP.KD.ZG,2010,8.10356588001835
MEA,"Middle East, North Africa, Afghanistan & Pakistan",NY.GDP.MKTP.KD.ZG,2019,1.58096878672049
MEA,"Middle East, North Africa, Afghanistan & Pakistan",NY.GDP.MKTP.KD.ZG,2018,2.4028056194
MEA,"Middle East, North Africa, Afghanistan & Pakistan",NY.GDP.MKTP.KD.ZG,2017,2.07681939089466
MEA,"Middle East, North Africa, Afghanistan & Pakistan",NY.GDP.MKTP.KD.ZG,2016,4.50367765418986
MEA,"Middle East, North Africa, Afghanistan & Pakistan",NY.GDP.MKTP.KD.ZG,2015,2.77014189000649
MEA,"Middle East, North Africa, Afghanistan & Pakistan",NY.GDP.MKTP.KD.ZG,2014,3.06417065422428
MEA,"Middle East, North Africa, Afghanistan & Pakistan",NY.GDP.MKTP.KD.ZG,2013,2.37318436266814
MEA,"Middle East, North Africa, Afghanistan & Pakistan",NY.GDP.MKTP.KD.ZG,2012,4.23895465902955
MEA,"Middle East, North Africa, Afghanistan & Pakistan",NY.GDP.MKTP.KD.ZG,2011,3.83839238292269
MEA,"Middle East, North Africa, Afghanistan & Pakistan",NY.GDP.MKTP.KD.ZG,2010,4.73613536721255
MNA,"Middle East, North Africa, Afghanistan & Pakistan (excluding high income)",NY.GDP.MKTP.KD.ZG,2019,1.39546116127963
MNA,"Middle East, North Africa, Afghanistan & Pakistan (excluding high income)",NY.GDP.MKTP.KD.ZG,2018,2.09831066371866
MNA,"Middle East, North Africa, Afghanistan & Pakistan (excluding high income)",NY.GDP.MKTP.KD.ZG,2017,3.40247234432427
MNA,"Middle East, North Africa, Afghanistan & Pakistan (excluding high income)",NY.GDP.MKTP.KD.ZG,2016,5.56210361617076
MNA,"Middle East, North Africa, Afghanistan & Pakistan (excluding high income)",NY.GDP.MKTP.KD.ZG,2015,1.11561157880718
MNA,"Middle East, North Africa, Afghanistan & Pakistan (excluding high income)",NY.GDP.MKTP.KD.ZG,2014,2.39697080828884
MNA,"Middle East, North Africa, Afghanistan & Pakistan (excluding high income)",NY.GDP.MKTP.KD.ZG,2013,1.12317022582226
MNA,"Middle East, North Africa, Afghanistan & Pakistan (excluding high income)",NY.GDP.MKTP.KD.ZG,2012,3.55312613106749
MNA,"Middle East, North Africa, Afghanistan & Pakistan (excluding high income)",NY.GDP.MKTP.KD.ZG,2011,-0.365571966010563
MNA,"Middle East, North Africa, Afghanistan & Pakistan (excluding high income)",NY.GDP.MKTP.KD.ZG,2010,4.8328610609576
TMN,"Middle East, North Africa, Afghanistan & Pakistan (IDA & IBRD)",NY.GDP.MKTP.KD.ZG,2019,1.39572055452479
TMN,"Middle East, North Africa, Afghanistan & Pakistan (IDA & IBRD)",NY.GDP.MKTP.KD.ZG,2018,2.1052660162653
TMN,"Middle East, North Africa, Afghanistan & Pakistan (IDA & IBRD)",NY.GDP.MKTP.KD.ZG,2017,3.41861623376329
TMN,"Middle East, North Africa, Afghanistan & Pakistan (IDA & IBRD)",NY.GDP.MKTP.KD.ZG,2016,5.53604079765444
TMN,"Middle East, North Africa, Afghanistan & Pakistan (IDA & IBRD)",NY.GDP.MKTP.KD.ZG,2015,1.09556855918702
TMN,"Middle East, North Africa, Afghanistan & Pakistan (IDA & IBRD)",NY.GDP.MKTP.KD.ZG,2014,2.41712951869309
TMN,"Middle East, North Africa, Afghanistan & Pakistan (IDA & IBRD)",NY.GDP.MKTP.KD.ZG,2013,1.09589599784469
TMN,"Middle East, North Africa, Afghanistan & Pakistan (IDA & IBRD)",NY.GDP.MKTP.KD.ZG,2012,3.53419338600358
TMN,"Middle East, North Africa, Afghanistan & Pakistan (IDA & IBRD)",NY.GDP.MKTP.KD.ZG,2011,-0.432970438519078
TMN,"Middle East, North Africa, Afghanistan & Pakistan (IDA & IBRD)",NY.GDP.MKTP.KD.ZG,2010,4.82653120984563
MIC,Middle income,NY.GDP.MKTP.KD.ZG,2019,4.09328498445664
MIC,Middle income,NY.GDP.MKTP.KD.ZG,2018,4.94307020212865
MIC,Middle income,NY.GDP.MKTP.KD.ZG,2017,5.29620389044459
MIC,Middle income,NY.GDP.MKTP.KD.ZG,2016,4.69349170335944
MIC,Middle income,NY.GDP.MKTP.KD.ZG,2015,4.73712887124695
MIC,Middle income,NY.GDP.MKTP.KD.ZG,2014,5.16076456655694
MIC,Middle income,NY.GDP.MKTP.KD.ZG,2013,5.64337115018114
MIC,Middle income,NY.GDP.MKTP.KD.ZG,2012,5.6609285494514
MIC,Middle income,NY.GDP.MKTP.KD.ZG,2011,6.45994281689148
MIC,Middle income,NY.GDP.MKTP.KD.ZG,2010,8.12298995765126
NAC,North America,NY.GDP.MKTP.KD.ZG,2019,2.53036581365198
NAC,North America,NY.GDP.MKTP.KD.ZG,2018,2.94789312072024
NAC,North America,NY.GDP.MKTP.KD.ZG,2017,2.50284500298896
NAC,North America,NY.GDP.MKTP.KD.ZG,2016,1.7574135378599
NAC,North America,NY.GDP.MKTP.KD.ZG,2015,2.76110438770922
NAC,North America,NY.GDP.MKTP.KD.ZG,2014,2.54944716424754
NAC,North America,NY.GDP.MKTP.KD.ZG,2013,2.13349689819631
NAC,North America,NY.GDP.MKTP.KD.ZG,2012,2.24337856187134
NAC,North America,NY.GDP.MKTP.KD.ZG,2011,1.68621143369091
NAC,North America,NY.GDP.MKTP.KD.ZG,2010,2.72395919935452
OED,OECD members,NY.GDP.MKTP.KD.ZG,2019,1.85301586905177
OED,OECD members,NY.GDP.MKTP.KD.ZG,2018,2.38931017293615
OED,OECD members,NY.GDP.MKTP.KD.ZG,2017,2.61204188490709
OED,OECD members,NY.GDP.MKTP.KD.ZG,2016,1.85463774155879
OED,OECD members,NY.GDP.MKTP.KD.ZG,2015,2.53080900311944
OED,OECD members,NY.GDP.MKTP.KD.ZG,2014,2.23873423415506
OED,OECD members,NY.GDP.MKTP.KD.ZG,2013,1.62369645988187
OED,OECD members,NY.GDP.MKTP.KD.ZG,2012,1.40460967593552
OED,OECD members,NY.GDP.MKTP.KD.ZG,2011,1.84967918104462
OED,OECD members,NY.GDP.MKTP.KD.ZG,2010,2.97338503994675
OSS,Other small states,NY.GDP.MKTP.KD.ZG,2019,4.24191171511896
OSS,Other small states,NY.GDP.MKTP.KD.ZG,2018,4.36915856791936
OSS,Other small states,NY.GDP.MKTP.KD.ZG,2017,5.06269393757441
OSS,Other small states,NY.GDP.MKTP.KD.ZG,2016,4.11324521484462
OSS,Other small states,NY.GDP.MKTP.KD.ZG,2015,3.35379601684932
OSS,Other small states,NY.GDP.MKTP.KD.ZG,2014,2.10170241796435
OSS,Other small states,NY.GDP.MKTP.KD.ZG,2013,0.795058059250948
OSS,Other small states,NY.GDP.MKTP.KD.ZG,2012,1.20137767968762
OSS,Other small states,NY.GDP.MKTP.KD.ZG,2011,3.29699198601598
OSS,Other small states,NY.GDP.MKTP.KD.ZG,2010,2.4770957293312
PSS,Pacific island small states,NY.GDP.MKTP.KD.ZG,2019,1.1632387186459
PSS,Pacific island small states,NY.GDP.MKTP.KD.ZG,2018,2.72310809047187
PSS,Pacific island small states,NY.GDP.MKTP.KD.ZG,2017,3.88507048124241
PSS,Pacific island small states,NY.GDP.MKTP.KD.ZG,2016,3.74906305678715
PSS,Pacific island small states,NY.GDP.MKTP.KD.ZG,2015,3.97583679136102
PSS,Pacific island small states,NY.GDP.MKTP.KD.ZG,2014,3.57900775268514
PSS,Pacific island small states,NY.GDP.MKTP.KD.ZG,2013,3.24964380089334
PSS,Pacific island small states,NY.GDP.MKTP.KD.ZG,2012,1.04275828193174
PSS,Pacific island small states,NY.GDP.MKTP.KD.ZG,2011,3.84498686299419
PSS,Pacific island small states,NY.GDP.MKTP.KD.ZG,2010,3.61551469762773
PST,Post-demographic dividend,NY.GDP.MKTP.KD.ZG,2019,1.82164159324701
PST,Post-demographic dividend,NY.GDP.MKTP.KD.ZG,2018,2.28758807836371
PST,Post-demographic dividend,NY.GDP.MKTP.KD.ZG,2017,2.47944817538426
PST,Post-demographic dividend,NY.GDP.MKTP.KD.ZG,2016,1.80639608099386
PST,Post-demographic dividend,NY.GDP.MKTP.KD.ZG,2015,2.25737860257307
PST,Post-demographic dividend,NY.GDP.MKTP.KD.ZG,2014,2.08004088630904
PST,Post-demographic dividend,NY.GDP.MKTP.KD.ZG,2013,1.52350189398453
PST,Post-demographic dividend,NY.GDP.MKTP.KD.ZG,2012,1.27044703966143
PST,Post-demographic dividend,NY.GDP.MKTP.KD.ZG,2011,1.6356329351827
PST,Post-demographic dividend,NY.GDP.MKTP.KD.ZG,2010,2.90884187925629
PRE,Pre-demographic dividend,NY.GDP.MKTP.KD.ZG,2019,3.16086400453494
PRE,Pre-demographic dividend,NY.GDP.MKTP.KD.ZG,2018,2.65801624793845
PRE,Pre-demographic dividend,NY.GDP.MKTP.KD.ZG,2017,1.65401035196942
PRE,Pre-demographic dividend,NY.GDP.MKTP.KD.ZG,2016,2.48790883634129
PRE,Pre-demographic dividend,NY.GDP.MKTP.KD.ZG,2015,3.04225473776046
PRE,Pre-demographic dividend,NY.GDP.MKTP.KD.ZG,2014,5.17291765109749
PRE,Pre-demographic dividend,NY.GDP.MKTP.KD.ZG,2013,6.11185150793546
PRE,Pre-demographic dividend,NY.GDP.MKTP.KD.ZG,2012,4.32626989714218
PRE,Pre-demographic dividend,NY.GDP.MKTP.KD.ZG,2011,4.1553757689192
PRE,Pre-demographic dividend,NY.GDP.MKTP.KD.ZG,2010,6.67265580684425
SST,Small states,NY.GDP.MKTP.KD.ZG,2019,3.11127439080343
SST,Small states,NY.GDP.MKTP.KD.ZG,2018,3.38174135854818
SST,Small states,NY.GDP.MKTP.KD.ZG,2017,3.2130480541305
SST,Small states,NY.GDP.MKTP.KD.ZG,2016,1.764520691762
SST,Small states,NY.GDP.MKTP.KD.ZG,2015,2.25069098311559
SST,Small states,NY.GDP.MKTP.KD.ZG,2014,2.33382759269183
SST,Small states,NY.GDP.MKTP.KD.ZG,2013,1.16517400770937
SST,Small states,NY.GDP.MKTP.KD.ZG,2012,2.145392566206
SST,Small states,NY.GDP.MKTP.KD.ZG,2011,2.53147178044759
SST,Small states,NY.GDP.MKTP.KD.ZG,2010,2.09524612741406
SAS,South Asia,NY.GDP.MKTP.KD.ZG,2019,4.09454306534288
SAS,South Asia,NY.GDP.MKTP.KD.ZG,2018,6.39366632555758
SAS,South Asia,NY.GDP.MKTP.KD.ZG,2017,6.78411966009934
SAS,South Asia,NY.GDP.MKTP.KD.ZG,2016,7.96912333644603
SAS,South Asia,NY.GDP.MKTP.KD.ZG,2015,7.68973935190233
SAS,South Asia,NY.GDP.MKTP.KD.ZG,2014,7.24547986703887
SAS,South Asia,NY.GDP.MKTP.KD.ZG,2013,6.23326513053635
SAS,South Asia,NY.GDP.MKTP.KD.ZG,2012,5.64515915583837
SAS,South Asia,NY.GDP.MKTP.KD.ZG,2011,5.45109403255725
SAS,South Asia,NY.GDP.MKTP.KD.ZG,2010,8.19440351710111
TSA,South Asia (IDA & IBRD),NY.GDP.MKTP.KD.ZG,2019,4.09454306534288
TSA,South Asia (IDA & IBRD),NY.GDP.MKTP.KD.ZG,2018,6.39366632555758
TSA,South Asia (IDA & IBRD),NY.GDP.MKTP.KD.ZG,2017,6.78411966009934
TSA,South Asia (IDA & IBRD),NY.GDP.MKTP.KD.ZG,2016,7.96912333644603
TSA,South Asia (IDA & IBRD),NY.GDP.MKTP.KD.ZG,2015,7.68973935190233
TSA,South Asia (IDA & IBRD),NY.GDP.MKTP.KD.ZG,2014,7.24547986703887
TSA,South Asia (IDA & IBRD),NY.GDP.MKTP.KD.ZG,2013,6.23326513053635
TSA,South Asia (IDA & IBRD),NY.GDP.MKTP.KD.ZG,2012,5.64515915583837
TSA,South Asia (IDA & IBRD),NY.GDP.MKTP.KD.ZG,2011,5.45109403255725
TSA,South Asia (IDA & IBRD),NY.GDP.MKTP.KD.ZG,2010,8.19440351710111
SSF,Sub-Saharan Africa,NY.GDP.MKTP.KD.ZG,2019,2.54913933046186
SSF,Sub-Saharan Africa,NY.GDP.MKTP.KD.ZG,2018,2.79433082130898
SSF,Sub-Saharan Africa,NY.GDP.MKTP.KD.ZG,2017,2.5074548530006
SSF,Sub-Saharan Africa,NY.GDP.MKTP.KD.ZG,2016,1.31700355850863
SSF,Sub-Saharan Africa,NY.GDP.MKTP.KD.ZG,2015,2.93344601140815
SSF,Sub-Saharan Africa,NY.GDP.MKTP.KD.ZG,2014,4.72713989905584
SSF,Sub-Saharan Africa,NY.GDP.MKTP.KD.ZG,2013,5.27451055861322
SSF,Sub-Saharan Africa,NY.GDP.MKTP.KD.ZG,2012,3.3282636069647
SSF,Sub-Saharan Africa,NY.GDP.MKTP.KD.ZG,2011,4.29214102609687
SSF,Sub-Saharan Africa,NY.GDP.MKTP.KD.ZG,2010,6.06650061092895
SSA,Sub-Saharan Africa (excluding high income),NY.GDP.MKTP.KD.ZG,2019,2.54617045203717
SSA,Sub-Saharan Africa (excluding high income),NY.GDP.MKTP.KD.ZG,2018,2.7922269325805
SSA,Sub-Saharan Africa (excluding high income),NY.GDP.MKTP.KD.ZG,2017,2.50327515080239
SSA,Sub-Saharan Africa (excluding high income),NY.GDP.MKTP.KD.ZG,2016,1.30783035327565
SSA,Sub-Saharan Africa (excluding high income),NY.GDP.MKTP.KD.ZG,2015,2.92864568387523
SSA,Sub-Saharan Africa (excluding high income),NY.GDP.MKTP.KD.ZG,2014,4.72767581662336
SSA,Sub-Saharan Africa (excluding high income),NY.GDP.MKTP.KD.ZG,2013,5.27788752698235
SSA,Sub-Saharan Africa (excluding high income),NY.GDP.MKTP.KD.ZG,2012,3.3284467382704
SSA,Sub-Saharan Africa (excluding high income),NY.GDP.MKTP.KD.ZG,2011,4.28795897854658
SSA,Sub-Saharan Africa (excluding high income),NY.GDP.MKTP.KD.ZG,2010,6.0677707928219
TSS,Sub-Saharan Africa (IDA & IBRD countries),NY.GDP.MKTP.KD.ZG,2019,2.5491393304619
TSS,Sub-Saharan Africa (IDA & IBRD countries),NY.GDP.MKTP.KD.ZG,2018,2.7943308213089
TSS,Sub-Saharan Africa (IDA & IBRD countries),NY.GDP.MKTP.KD.ZG,2017,2.50745485300064
TSS,Sub-Saharan Africa (IDA & IBRD countries),NY.GDP.MKTP.KD.ZG,2016,1.31700355850862
TSS,Sub-Saharan Africa (IDA & IBRD countries),NY.GDP.MKTP.KD.ZG,2015,2.93344601140815
TSS,Sub-Saharan Africa (IDA & IBRD countries),NY.GDP.MKTP.KD.ZG,2014,4.72713989905583
TSS,Sub-Saharan Africa (IDA & IBRD countries),NY.GDP.MKTP.KD.ZG,2013,5.27451055861317
TSS,Sub-Saharan Africa (IDA & IBRD countries),NY.GDP.MKTP.KD.ZG,2012,3.32826360696474
TSS,Sub-Saharan Africa (IDA & IBRD countries),NY.GDP.MKTP.KD.ZG,2011,4.2921410260969
TSS,Sub-Saharan Africa (IDA & IBRD countries),NY.GDP.MKTP.KD.ZG,2010,6.06650061092893
WLD,World,NY.GDP.MKTP.KD.ZG,2019,2.680308747553
WLD,World,NY.GDP.MKTP.KD.ZG,2018,3.28663086462807
WLD,World,NY.GDP.MKTP.KD.ZG,2017,3.44658623167955
WLD,World,NY.GDP.MKTP.KD.ZG,2016,2.78974074234593
WLD,World,NY.GDP.MKTP.KD.ZG,2015,3.12721325699906
WLD,World,NY.GDP.MKTP.KD.ZG,2014,3.16849193058366
WLD,World,NY.GDP.MKTP.KD.ZG,2013,2.88974765617324
WLD,World,NY.GDP.MKTP.KD.ZG,2012,2.74743359443485
WLD,World,NY.GDP.MKTP.KD.ZG,2011,3.31431839310667
WLD,World,NY.GDP.MKTP.KD.ZG,2010,4.52085213873784
AFG,Afghanistan,NY.GDP.MKTP.KD.ZG,2019,3.91160341625552
AFG,Afghanistan,NY.GDP.MKTP.KD.ZG,2018,1.18922812944517
AFG,Afghanistan,NY.GDP.MKTP.KD.ZG,2017,2.6470032027451
AFG,Afghanistan,NY.GDP.MKTP.KD.ZG,2016,2.26031420279821
AFG,Afghanistan,NY.GDP.MKTP.KD.ZG,2015,1.45131466066431
AFG,Afghanistan,NY.GDP.MKTP.KD.ZG,2014,2.72454336219565
AFG,Afghanistan,NY.GDP.MKTP.KD.ZG,2013,5.60074465863221
AFG,Afghanistan,NY.GDP.MKTP.KD.ZG,2012,12.7522870926697
AFG,Afghanistan,NY.GDP.MKTP.KD.ZG,2011,0.426354776777345
AFG,Afghanistan,NY.GDP.MKTP.KD.ZG,2010,14.3624414710737
ALB,Albania,NY.GDP.MKTP.KD.ZG,2019,2.06257790176122
ALB,Albania,NY.GDP.MKTP.KD.ZG,2018,3.67141928098908
ALB,Albania,NY.GDP.MKTP.KD.ZG,2017,3.28317593330073
ALB,Albania,NY.GDP.MKTP.KD.ZG,2016,3.90893551362245
ALB,Albania,NY.GDP.MKTP.KD.ZG,2015,2.2277040745779
ALB,Albania,NY.GDP.MKTP.KD.ZG,2014,2.24022695382642
ALB,Albania,NY.GDP.MKTP.KD.ZG,2013,1.7072283175406
ALB,Albania,NY.GDP.MKTP.KD.ZG,2012,0.984129880204108
ALB,Albania,NY.GDP.MKTP.KD.ZG,2011,2.46351683915714
ALB,Albania,NY.GDP.MKTP.KD.ZG,2010,2.97315442681247
DZA,Algeria,NY.GDP.MKTP.KD.ZG,2019,0.899999999219148
DZA,Algeria,NY.GDP.MKTP.KD.ZG,2018,1.40000000088281
DZA,Algeria,NY.GDP.MKTP.KD.ZG,2017,1.49999999895587
DZA,Algeria,NY.GDP.MKTP.KD.ZG,2016,3.90000000017621
DZA,Algeria,NY.GDP.MKTP.KD.ZG,2015,3.20000000089023
DZA,Algeria,NY.GDP.MKTP.KD.ZG,2014,4.09999999866501
DZA,Algeria,NY.GDP.MKTP.KD.ZG,2013,2.60000000061164
DZA,Algeria,NY.GDP.MKTP.KD.ZG,2012,2.40000000034432
DZA,Algeria,NY.GDP.MKTP.KD.ZG,2011,2.99999999941909
DZA,Algeria,NY.GDP.MKTP.KD.ZG,2010,4.80000000093564
ASM,American Samoa,NY.GDP.MKTP.KD.ZG,2019,-0.487804878048777
ASM,American Samoa,NY.GDP.MKTP.KD.ZG,2018,2.6711185308848
ASM,American Samoa,NY.GDP.MKTP.KD.ZG,2017,-6.98757763975155
ASM,American Samoa,NY.GDP.MKTP.KD.ZG,2016,-1.67938931297709
ASM,American Samoa,NY.GDP.MKTP.KD.ZG,2015,3.14960629921259
ASM,American Samoa,NY.GDP.MKTP.KD.ZG,2014,1.76282051282051
ASM,American Samoa,NY.GDP.MKTP.KD.ZG,2013,-2.5
ASM,American Samoa,NY.GDP.MKTP.KD.ZG,2012,-4.33482810164425
ASM,American Samoa,NY.GDP.MKTP.KD.ZG,2011,0
ASM,American Samoa,NY.GDP.MKTP.KD.ZG,2010,0.299850074962521
AND,Andorra,NY.GDP.MKTP.KD.ZG,2019,2.01554763848308
AND,Andorra,NY.GDP.MKTP.KD.ZG,2018,1.58876549046354
AND,Andorra,NY.GDP.MKTP.KD.ZG,2017,0.346071889630295
AND,Andorra,NY.GDP.MKTP.KD.ZG,2016,3.70967806978986
AND,Andorra,NY.GDP.MKTP.KD.ZG,2015,1.43414039522716
AND,Andorra,NY.GDP.MKTP.KD.ZG,2014,2.50446552114518
AND,Andorra,NY.GDP.MKTP.KD.ZG,2013,-3.54759651549344
AND,Andorra,NY.GDP.MKTP.KD.ZG,2012,-4.97444371853503
AND,Andorra,NY.GDP.MKTP.KD.ZG,2011,-0.00806975341139093
AND,Andorra,NY.GDP.MKTP.KD.ZG,2010,-1.97495799965345
AGO,Angola,NY.GDP.MKTP.KD.ZG,2019,-1.05523414494337
AGO,Angola,NY.GDP.MKTP.KD.ZG,2018,-0.506697543616156
AGO,Angola,NY.GDP.MKTP.KD.ZG,2017,-0.164688656961076
AGO,Angola,NY.GDP.MKTP.KD.ZG,2016,-0.233076954805284
AGO,Angola,NY.GDP.MKTP.KD.ZG,2015,0.763177710914789
AGO,Angola,NY.GDP.MKTP.KD.ZG,2014,4.65572356315585
AGO,Angola,NY.GDP.MKTP.KD.ZG,2013,4.88306129688392
AGO,Angola,NY.GDP.MKTP.KD.ZG,2012,8.50312283866612
AGO,Angola,NY.GDP.MKTP.KD.ZG,2011,3.59386960240222
AGO,Angola,NY.GDP.MKTP.KD.ZG,2010,5.29366572819954
ATG,Antigua and Barbuda,NY.GDP.MKTP.KD.ZG,2019,3.1722219373937
ATG,Antigua and Barbuda,NY.GDP.MKTP.KD.ZG,2018,6.71200487159726
ATG,Antigua and Barbuda,NY.GDP.MKTP.KD.ZG,2017,2.71272657973627
ATG,Antigua and Barbuda,NY.GDP.MKTP.KD.ZG,2016,4.1203675438061
ATG,Antigua and Barbuda,NY.GDP.MKTP.KD.ZG,2015,1.42161997595372
ATG,Antigua and Barbuda,NY.GDP.MKTP.KD.ZG,2014,2.19829188738797
ATG,Antigua and Barbuda,NY.GDP.MKTP.KD.ZG,2013,-0.600982329599361
ATG,Antigua and Barbuda,NY.GDP.MKTP.KD.ZG,2012,3.37314273947959
ATG,Antigua and Barbuda,NY.GDP.MKTP.KD.ZG,2011,-1.95874262217572
ATG,Antigua and Barbuda,NY.GDP.MKTP.KD.ZG,2010,-7.84050683730972
ARG,Argentina,NY.GDP.MKTP.KD.ZG,2019,-2.00086100285785
ARG,Argentina,NY.GDP.MKTP.KD.ZG,2018,-2.61739646282038
ARG,Argentina,NY.GDP.MKTP.KD.ZG,2017,2.81850297775918
ARG,Argentina,NY.GDP.MKTP.KD.ZG,2016,-2.08032784377811
ARG,Argentina,NY.GDP.MKTP.KD.ZG,2015,2.73115982828944
ARG,Argentina,NY.GDP.MKTP.KD.ZG,2014,-2.51261532081394
ARG,Argentina,NY.GDP.MKTP.KD.ZG,2013,2.40532378079436
ARG,Argentina,NY.GDP.MKTP.KD.ZG,2012,-1.0264204544321
ARG,Argentina,NY.GDP.MKTP.KD.ZG,2011,6.00395169280579
ARG,Argentina,NY.GDP.MKTP.KD.ZG,2010,10.1253981561002
ARM,Armenia,NY.GDP.MKTP.KD.ZG,2019,7.59999999853918
ARM,Armenia,NY.GDP.MKTP.KD.ZG,2018,5.19999999965324
ARM,Armenia,NY.GDP.MKTP.KD.ZG,2017,7.50000000164144
ARM,Armenia,NY.GDP.MKTP.KD.ZG,2016,0.199999999825991
ARM,Armenia,NY.GDP.MKTP.KD.ZG,2015,3.19999999896625
ARM,Armenia,NY.GDP.MKTP.KD.ZG,2014,3.60000000058993
ARM,Armenia,NY.GDP.MKTP.KD.ZG,2013,3.3
ARM,Armenia,NY.GDP.MKTP.KD.ZG,2012,7.20000000096486
ARM,Armenia,NY.GDP.MKTP.KD.ZG,2011,4.69999999867412
ARM,Armenia,NY.GDP.MKTP.KD.ZG,2010,2.2000000002151
ABW,Aruba,NY.GDP.MKTP.KD.ZG,2019,1.22914408896015
ABW,Aruba,NY.GDP.MKTP.KD.ZG,2018,3.21247111920076
ABW,Aruba,NY.GDP.MKTP.KD.ZG,2017,3.49342985290626
ABW,Aruba,NY.GDP.MKTP.KD.ZG,2016,1.23433537363427
ABW,Aruba,NY.GDP.MKTP.KD.ZG,2015,3.61147906591042
ABW,Aruba,NY.GDP.MKTP.KD.ZG,2014,1.42609951155575
ABW,Aruba,NY.GDP.MKTP.KD.ZG,2013,6.43146080719245
ABW,Aruba,NY.GDP.MKTP.KD.ZG,2012,-1.04079988436683
ABW,Aruba,NY.GDP.MKTP.KD.ZG,2011,3.36923718421511
ABW,Aruba,NY.GDP.MKTP.KD.ZG,2010,-2.73345679250639
AUS,Australia,NY.GDP.MKTP.KD.ZG,2019,2.19401703622717
AUS,Australia,NY.GDP.MKTP.KD.ZG,2018,2.87417039499501
AUS,Australia,NY.GDP.MKTP.KD.ZG,2017,2.29331030192918
AUS,Australia,NY.GDP.MKTP.KD.ZG,2016,2.75564065529868
AUS,Australia,NY.GDP.MKTP.KD.ZG,2015,2.16434780647852
AUS,Australia,NY.GDP.MKTP.KD.ZG,2014,2.60118978187332
AUS,Australia,NY.GDP.MKTP.KD.ZG,2013,2.65445302592404
AUS,Australia,NY.GDP.MKTP.KD.ZG,2012,3.95247138119184
AUS,Australia,NY.GDP.MKTP.KD.ZG,2011,2.39473494330615
AUS,Australia,NY.GDP.MKTP.KD.ZG,2010,2.21004795300735
AUT,Austria,NY.GDP.MKTP.KD.ZG,2019,1.75497619649288
AUT,Austria,NY.GDP.MKTP.KD.ZG,2018,2.48422114080024
AUT,Austria,NY.GDP.MKTP.KD.ZG,2017,2.27224992038207
AUT,Austria,NY.GDP.MKTP.KD.ZG,2016,2.11721964494312
AUT,Austria,NY.GDP.MKTP.KD.ZG,2015,1.30352331826198
AUT,Austria,NY.GDP.MKTP.KD.ZG,2014,0.755798850316665
AUT,Austria,NY.GDP.MKTP.KD.ZG,2013,-0.250726423318454
AUT,Austria,NY.GDP.MKTP.KD.ZG,2012,0.628246239479637
AUT,Austria,NY.GDP.MKTP.KD.ZG,2011,2.92746800169145
AUT,Austria,NY.GDP.MKTP.KD.ZG,2010,1.80898243043663
AZE,Azerbaijan,NY.GDP.MKTP.KD.ZG,2019,2.47980879185565
AZE,Azerbaijan,NY.GDP.MKTP.KD.ZG,2018,1.50040167167313
AZE,Azerbaijan,NY.GDP.MKTP.KD.ZG,2017,0.153614661745507
AZE,Azerbaijan,NY.GDP.MKTP.KD.ZG,2016,-3.06359842251706
AZE,Azerbaijan,NY.GDP.MKTP.KD.ZG,2015,1.04954641215085
AZE,Azerbaijan,NY.GDP.MKTP.KD.ZG,2014,2.79758521448559
AZE,Azerbaijan,NY.GDP.MKTP.KD.ZG,2013,5.84341590483928
AZE,Azerbaijan,NY.GDP.MKTP.KD.ZG,2012,2.20293891708398
AZE,Azerbaijan,NY.GDP.MKTP.KD.ZG,2011,-1.5729973511111
AZE,Azerbaijan,NY.GDP.MKTP.KD.ZG,2010,4.78883248761557
BHS,"Bahamas, The",NY.GDP.MKTP.KD.ZG,2019,-0.838585871193203
BHS,"Bahamas, The",NY.GDP.MKTP.KD.ZG,2018,2.39795510823548
BHS,"Bahamas, The",NY.GDP.MKTP.KD.ZG,2017,3.3713988456489
BHS,"Bahamas, The",NY.GDP.MKTP.KD.ZG,2016,-1.15650811269629
BHS,"Bahamas, The",NY.GDP.MKTP.KD.ZG,2015,0.997411675486745
BHS,"Bahamas, The",NY.GDP.MKTP.KD.ZG,2014,1.8469701294558
BHS,"Bahamas, The",NY.GDP.MKTP.KD.ZG,2013,-2.86320081549439
BHS,"Bahamas, The",NY.GDP.MKTP.KD.ZG,2012,4.52003886739061
BHS,"Bahamas, The",NY.GDP.MKTP.KD.ZG,2011,0.613170735890648
BHS,"Bahamas, The",NY.GDP.MKTP.KD.ZG,2010,1.53866248693835
BHR,Bahrain,NY.GDP.MKTP.KD.ZG,2019,2.05287774418655
BHR,Bahrain,NY.GDP.MKTP.KD.ZG,2018,2.05258864979861
BHR,Bahrain,NY.GDP.MKTP.KD.ZG,2017,4.95383534123657
BHR,Bahrain,NY.GDP.MKTP.KD.ZG,2016,3.81499327422425
BHR,Bahrain,NY.GDP.MKTP.KD.ZG,2015,2.50787205267615
BHR,Bahrain,NY.GDP.MKTP.KD.ZG,2014,4.30885692657077
BHR,Bahrain,NY.GDP.MKTP.KD.ZG,2013,5.29262224906203
BHR,Bahrain,NY.GDP.MKTP.KD.ZG,2012,3.80302899043062
BHR,Bahrain,NY.GDP.MKTP.KD.ZG,2011,1.92815791170796
BHR,Bahrain,NY.GDP.MKTP.KD.ZG,2010,4.3342989754845
BGD,Bangladesh,NY.GDP.MKTP.KD.ZG,2019,7.88191515117722
BGD,Bangladesh,NY.GDP.MKTP.KD.ZG,2018,7.31941263014136
BGD,Bangladesh,NY.GDP.MKTP.KD.ZG,2017,6.59024999794057
BGD,Bangladesh,NY.GDP.MKTP.KD.ZG,2016,7.11347821270093
BGD,Bangladesh,NY.GDP.MKTP.KD.ZG,2015,6.55263987816197
BGD,Bangladesh,NY.GDP.MKTP.KD.ZG,2014,6.0610593588495
BGD,Bangladesh,NY.GDP.MKTP.KD.ZG,2013,6.01360565834344
BGD,Bangladesh,NY.GDP.MKTP.KD.ZG,2012,6.52145877906443
BGD,Bangladesh,NY.GDP.MKTP.KD.ZG,2011,6.46437912497728
BGD,Bangladesh,NY.GDP.MKTP.KD.ZG,2010,5.57178818533122
BRB,Barbados,NY.GDP.MKTP.KD.ZG,2019,0.241099789148677
BRB,Barbados,NY.GDP.MKTP.KD.ZG,2018,-0.252085325827849
BRB,Barbados,NY.GDP.MKTP.KD.ZG,2017,0.654655602860373
BRB,Barbados,NY.GDP.MKTP.KD.ZG,2016,1.41632446821541
BRB,Barbados,NY.GDP.MKTP.KD.ZG,2015,-0.772620078410995
BRB,Barbados,NY.GDP.MKTP.KD.ZG,2014,0.807325350394564
BRB,Barbados,NY.GDP.MKTP.KD.ZG,2013,0.195322007310409
BRB,Barbados,NY.GDP.MKTP.KD.ZG,2012,-2.85797051387257
BRB,Barbados,NY.GDP.MKTP.KD.ZG,2011,-0.074211165126286
BRB,Barbados,NY.GDP.MKTP.KD.ZG,2010,-8.08072121134387
BLR,Belarus,NY.GDP.MKTP.KD.ZG,2019,1.44645548204305
BLR,Belarus,NY.GDP.MKTP.KD.ZG,2018,3.14919758275296
BLR,Belarus,NY.GDP.MKTP.KD.ZG,2017,2.53218349471909
BLR,Belarus,NY.GDP.MKTP.KD.ZG,2016,-2.5264464460425
BLR,Belarus,NY.GDP.MKTP.KD.ZG,2015,-3.82957056812593
BLR,Belarus,NY.GDP.MKTP.KD.ZG,2014,1.65112470228097
BLR,Belarus,NY.GDP.MKTP.KD.ZG,2013,0.998719299661161
BLR,Belarus,NY.GDP.MKTP.KD.ZG,2012,1.70785253368828
BLR,Belarus,NY.GDP.MKTP.KD.ZG,2011,5.54997471638077
BLR,Belarus,NY.GDP.MKTP.KD.ZG,2010,7.75001707500896
BEL,Belgium,NY.GDP.MKTP.KD.ZG,2019,2.4428900448156
BEL,Belgium,NY.GDP.MKTP.KD.ZG,2018,1.87796847383565
BEL,Belgium,NY.GDP.MKTP.KD.ZG,2017,1.47446761556785
BEL,Belgium,NY.GDP.MKTP.KD.ZG,2016,1.19350273007754
BEL,Belgium,NY.GDP.MKTP.KD.ZG,2015,1.47416433731927
BEL,Belgium,NY.GDP.MKTP.KD.ZG,2014,1.76554038149924
BEL,Belgium,NY.GDP.MKTP.KD.ZG,2013,0.305494549070232
BEL,Belgium,NY.GDP.MKTP.KD.ZG,2012,0.215803612089744
BEL,Belgium,NY.GDP.MKTP.KD.ZG,2011,1.93115502411325
BEL,Belgium,NY.GDP.MKTP.KD.ZG,2010,2.71031150254662
BLZ,Belize,NY.GDP.MKTP.KD.ZG,2019,4.25658710030072
BLZ,Belize,NY.GDP.MKTP.KD.ZG,2018,0.822068592512508
BLZ,Belize,NY.GDP.MKTP.KD.ZG,2017,-1.83323729057784
BLZ,Belize,NY.GDP.MKTP.KD.ZG,2016,-0.0187414958130319
BLZ,Belize,NY.GDP.MKTP.KD.ZG,2015,2.7602602736023
BLZ,Belize,NY.GDP.MKTP.KD.ZG,2014,3.89226067249989
BLZ,Belize,NY.GDP.MKTP.KD.ZG,2013,4.06646561608865
BLZ,Belize,NY.GDP.MKTP.KD.ZG,2012,3.94389321816617
BLZ,Belize,NY.GDP.MKTP.KD.ZG,2011,-0.13007112300869
BLZ,Belize,NY.GDP.MKTP.KD.ZG,2010,1.41741099233461
BEN,Benin,NY.GDP.MKTP.KD.ZG,2019,6.86568662848335
BEN,Benin,NY.GDP.MKTP.KD.ZG,2018,6.69725362180888
BEN,Benin,NY.GDP.MKTP.KD.ZG,2017,5.67156195150444
BEN,Benin,NY.GDP.MKTP.KD.ZG,2016,3.33967342629693
BEN,Benin,NY.GDP.MKTP.KD.ZG,2015,1.77815106030278
BEN,Benin,NY.GDP.MKTP.KD.ZG,2014,6.35767909791932
BEN,Benin,NY.GDP.MKTP.KD.ZG,2013,7.19143372144946
BEN,Benin,NY.GDP.MKTP.KD.ZG,2012,4.811223315688
BEN,Benin,NY.GDP.MKTP.KD.ZG,2011,2.96375291904201
BEN,Benin,NY.GDP.MKTP.KD.ZG,2010,2.11406472648392
BMU,Bermuda,NY.GDP.MKTP.KD.ZG,2019,0.307106461240664
BMU,Bermuda,NY.GDP.MKTP.KD.ZG,2018,-0.432801300339307
BMU,Bermuda,NY.GDP.MKTP.KD.ZG,2017,3.61141983706115
BMU,Bermuda,NY.GDP.MKTP.KD.ZG,2016,-0.657206304259205
BMU,Bermuda,NY.GDP.MKTP.KD.ZG,2015,0.775529699568978
BMU,Bermuda,NY.GDP.MKTP.KD.ZG,2014,-3.70106759364258
BMU,Bermuda,NY.GDP.MKTP.KD.ZG,2013,-0.279708545423034
BMU,Bermuda,NY.GDP.MKTP.KD.ZG,2012,-5.30529910675297
BMU,Bermuda,NY.GDP.MKTP.KD.ZG,2011,-3.74274431740703
BMU,Bermuda,NY.GDP.MKTP.KD.ZG,2010,-2.50287828947368
BTN,Bhutan,NY.GDP.MKTP.KD.ZG,2019,5.75514851246506
BTN,Bhutan,NY.GDP.MKTP.KD.ZG,2018,3.50187185732737
BTN,Bhutan,NY.GDP.MKTP.KD.ZG,2017,2.08684522733067
BTN,Bhutan,NY.GDP.MKTP.KD.ZG,2016,8.47594339232963
BTN,Bhutan,NY.GDP.MKTP.KD.ZG,2015,6.66080128866197
BTN,Bhutan,NY.GDP.MKTP.KD.ZG,2014,5.88108550658288
BTN,Bhutan,NY.GDP.MKTP.KD.ZG,2013,1.73634039505693
BTN,Bhutan,NY.GDP.MKTP.KD.ZG,2012,5.16482012683895
BTN,Bhutan,NY.GDP.MKTP.KD.ZG,2011,8.4892584842808
BTN,Bhutan,NY.GDP.MKTP.KD.ZG,2010,11.9318738376229
BOL,Bolivia,NY.GDP.MKTP.KD.ZG,2019,1.50672102666863
BOL,Bolivia,NY.GDP.MKTP.KD.ZG,2018,2.86808404814794
BOL,Bolivia,NY.GDP.MKTP.KD.ZG,2017,4.19520633364647
BOL,Bolivia,NY.GDP.MKTP.KD.ZG,2016,4.26392086992173
BOL,Bolivia,NY.GDP.MKTP.KD.ZG,2015,4.85718718508603
BOL,Bolivia,NY.GDP.MKTP.KD.ZG,2014,5.46056949136766
BOL,Bolivia,NY.GDP.MKTP.KD.ZG,2013,6.79601141268498
BOL,Bolivia,NY.GDP.MKTP.KD.ZG,2012,5.12227560125973
BOL,Bolivia,NY.GDP.MKTP.KD.ZG,2011,5.20409245282328
BOL,Bolivia,NY.GDP.MKTP.KD.ZG,2010,4.12672258996274
BIH,Bosnia and Herzegovina,NY.GDP.MKTP.KD.ZG,2019,2.88585242083978
BIH,Bosnia and Herzegovina,NY.GDP.MKTP.KD.ZG,2018,3.82900399349064
BIH,Bosnia and Herzegovina,NY.GDP.MKTP.KD.ZG,2017,3.24409895306594
BIH,Bosnia and Herzegovina,NY.GDP.MKTP.KD.ZG,2016,3.24225822231566
BIH,Bosnia and Herzegovina,NY.GDP.MKTP.KD.ZG,2015,4.28413016137854
BIH,Bosnia and Herzegovina,NY.GDP.MKTP.KD.ZG,2014,1.15384793371298
BIH,Bosnia and Herzegovina,NY.GDP.MKTP.KD.ZG,2013,2.34985873172397
BIH,Bosnia and Herzegovina,NY.GDP.MKTP.KD.ZG,2012,-0.821837252962993
BIH,Bosnia and Herzegovina,NY.GDP.MKTP.KD.ZG,2011,0.959511709726897
BIH,Bosnia and Herzegovina,NY.GDP.MKTP.KD.ZG,2010,0.865667236280544
BWA,Botswana,NY.GDP.MKTP.KD.ZG,2019,3.0317733945467
BWA,Botswana,NY.GDP.MKTP.KD.ZG,2018,4.18869237159223
BWA,Botswana,NY.GDP.MKTP.KD.ZG,2017,4.11437856445083
BWA,Botswana,NY.GDP.MKTP.KD.ZG,2016,7.20442475914267
BWA,Botswana,NY.GDP.MKTP.KD.ZG,2015,-4.85132507409779
BWA,Botswana,NY.GDP.MKTP.KD.ZG,2014,5.69714422072884
BWA,Botswana,NY.GDP.MKTP.KD.ZG,2013,11.1029068737822
BWA,Botswana,NY.GDP.MKTP.KD.ZG,2012,-0.170857099335691
BWA,Botswana,NY.GDP.MKTP.KD.ZG,2011,6.83841052493574
BWA,Botswana,NY.GDP.MKTP.KD.ZG,2010,10.119723322694
BRA,Brazil,NY.GDP.MKTP.KD.ZG,2019,1.22077782360842
BRA,Brazil,NY.GDP.MKTP.KD.ZG,2018,1.783666761634
BRA,Brazil,NY.GDP.MKTP.KD.ZG,2017,1.32286905404399
BRA,Brazil,NY.GDP.MKTP.KD.ZG,2016,-3.27591690782192
BRA,Brazil,NY.GDP.MKTP.KD.ZG,2015,-3.54576339269425
BRA,Brazil,NY.GDP.MKTP.KD.ZG,2014,0.503955740242247
BRA,Brazil,NY.GDP.MKTP.KD.ZG,2013,3.00482266944432
BRA,Brazil,NY.GDP.MKTP.KD.ZG,2012,1.92117598576537
BRA,Brazil,NY.GDP.MKTP.KD.ZG,2011,3.97442307944702
BRA,Brazil,NY.GDP.MKTP.KD.ZG,2010,7.52822581815364
BRN,Brunei Darussalam,NY.GDP.MKTP.KD.ZG,2019,3.86884436177075
BRN,Brunei Darussalam,NY.GDP.MKTP.KD.ZG,2018,0.0523710418528935
BRN,Brunei Darussalam,NY.GDP.MKTP.KD.ZG,2017,1.32872661057823
BRN,Brunei Darussalam,NY.GDP.MKTP.KD.ZG,2016,-2.47791771833224
BRN,Brunei Darussalam,NY.GDP.MKTP.KD.ZG,2015,-0.392383749502031
BRN,Brunei Darussalam,NY.GDP.MKTP.KD.ZG,2014,-2.50788727590711
BRN,Brunei Darussalam,NY.GDP.MKTP.KD.ZG,2013,-2.12478292664558
BRN,Brunei Darussalam,NY.GDP.MKTP.KD.ZG,2012,0.913135189664487
BRN,Brunei Darussalam,NY.GDP.MKTP.KD.ZG,2011,3.74440625524871
BRN,Brunei Darussalam,NY.GDP.MKTP.KD.ZG,2010,2.74136439456163
BGR,Bulgaria,NY.GDP.MKTP.KD.ZG,2019,3.79331964589196
BGR,Bulgaria,NY.GDP.MKTP.KD.ZG,2018,2.33015054210419
BGR,Bulgaria,NY.GDP.MKTP.KD.ZG,2017,2.74592737750996
BGR,Bulgaria,NY.GDP.MKTP.KD.ZG,2016,3.02662820096305
BGR,Bulgaria,NY.GDP.MKTP.KD.ZG,2015,3.39755351999294
BGR,Bulgaria,NY.GDP.MKTP.KD.ZG,2014,0.949449772002041
BGR,Bulgaria,NY.GDP.MKTP.KD.ZG,2013,-0.542753400392826
BGR,Bulgaria,NY.GDP.MKTP.KD.ZG,2012,0.748814556346105
BGR,Bulgaria,NY.GDP.MKTP.KD.ZG,2011,2.09017598337418
BGR,Bulgaria,NY.GDP.MKTP.KD.ZG,2010,1.55536266288017
BFA,Burkina Faso,NY.GDP.MKTP.KD.ZG,2019,5.88920497068135
BFA,Burkina Faso,NY.GDP.MKTP.KD.ZG,2018,6.60456906812341
BFA,Burkina Faso,NY.GDP.MKTP.KD.ZG,2017,6.20348941121868
BFA,Burkina Faso,NY.GDP.MKTP.KD.ZG,2016,5.95797670754024
BFA,Burkina Faso,NY.GDP.MKTP.KD.ZG,2015,3.9212287937935
BFA,Burkina Faso,NY.GDP.MKTP.KD.ZG,2014,4.32684561452976
BFA,Burkina Faso,NY.GDP.MKTP.KD.ZG,2013,5.79258484509867
BFA,Burkina Faso,NY.GDP.MKTP.KD.ZG,2012,6.45267237953146
BFA,Burkina Faso,NY.GDP.MKTP.KD.ZG,2011,6.62256261306693
BFA,Burkina Faso,NY.GDP.MKTP.KD.ZG,2010,8.44628157707625
BDI,Burundi,NY.GDP.MKTP.KD.ZG,2019,4.45934202358784
BDI,Burundi,NY.GDP.MKTP.KD.ZG,2018,5.34224473186408
BDI,Burundi,NY.GDP.MKTP.KD.ZG,2017,3.83185757061784
BDI,Burundi,NY.GDP.MKTP.KD.ZG,2016,3.20017470408993
BDI,Burundi,NY.GDP.MKTP.KD.ZG,2015,-0.404525595204191
BDI,Burundi,NY.GDP.MKTP.KD.ZG,2014,4.24490803087248
BDI,Burundi,NY.GDP.MKTP.KD.ZG,2013,4.92392485117456
BDI,Burundi,NY.GDP.MKTP.KD.ZG,2012,4.42303118490126
BDI,Burundi,NY.GDP.MKTP.KD.ZG,2011,4.02442793864228
BDI,Burundi,NY.GDP.MKTP.KD.ZG,2010,5.09373697323055
CPV,Cabo Verde,NY.GDP.MKTP.KD.ZG,2019,6.94782634051859
CPV,Cabo Verde,NY.GDP.MKTP.KD.ZG,2018,3.70696458310842
CPV,Cabo Verde,NY.GDP.MKTP.KD.ZG,2017,4.5513148102974
CPV,Cabo Verde,NY.GDP.MKTP.KD.ZG,2016,4.28071482662371
CPV,Cabo Verde,NY.GDP.MKTP.KD.ZG,2015,0.936026507808833
CPV,Cabo Verde,NY.GDP.MKTP.KD.ZG,2014,0.696666840118581
CPV,Cabo Verde,NY.GDP.MKTP.KD.ZG,2013,0.632136727385131
CPV,Cabo Verde,NY.GDP.MKTP.KD.ZG,2012,1.08364848376166
CPV,Cabo Verde,NY.GDP.MKTP.KD.ZG,2011,3.92471821338283
CPV,Cabo Verde,NY.GDP.MKTP.KD.ZG,2010,1.83641914989978
KHM,Cambodia,NY.GDP.MKTP.KD.ZG,2019,7.93695013588524
KHM,Cambodia,NY.GDP.MKTP.KD.ZG,2018,8.77622376224463
KHM,Cambodia,NY.GDP.MKTP.KD.ZG,2017,8.07503915535979
KHM,Cambodia,NY.GDP.MKTP.KD.ZG,2016,7.90550116130704
KHM,Cambodia,NY.GDP.MKTP.KD.ZG,2015,7.20703472529512
KHM,Cambodia,NY.GDP.MKTP.KD.ZG,2014,8.00032074618566
KHM,Cambodia,NY.GDP.MKTP.KD.ZG,2013,7.8574997554252
KHM,Cambodia,NY.GDP.MKTP.KD.ZG,2012,7.65025657870362
KHM,Cambodia,NY.GDP.MKTP.KD.ZG,2011,7.28665813879552
KHM,Cambodia,NY.GDP.MKTP.KD.ZG,2010,5.07691843229247
CMR,Cameroon,NY.GDP.MKTP.KD.ZG,2019,3.47505998194981
CMR,Cameroon,NY.GDP.MKTP.KD.ZG,2018,3.95551423892049
CMR,Cameroon,NY.GDP.MKTP.KD.ZG,2017,3.54117654926007
CMR,Cameroon,NY.GDP.MKTP.KD.ZG,2016,4.53579423678801
CMR,Cameroon,NY.GDP.MKTP.KD.ZG,2015,5.66695298703932
CMR,Cameroon,NY.GDP.MKTP.KD.ZG,2014,5.71981814509198
CMR,Cameroon,NY.GDP.MKTP.KD.ZG,2013,4.99552916130783
CMR,Cameroon,NY.GDP.MKTP.KD.ZG,2012,4.62597872209571
CMR,Cameroon,NY.GDP.MKTP.KD.ZG,2011,3.37921128506045
CMR,Cameroon,NY.GDP.MKTP.KD.ZG,2010,2.89902472122014
CAN,Canada,NY.GDP.MKTP.KD.ZG,2019,1.90843193887251
CAN,Canada,NY.GDP.MKTP.KD.ZG,2018,2.74296341402246
CAN,Canada,NY.GDP.MKTP.KD.ZG,2017,3.03383491841392
CAN,Canada,NY.GDP.MKTP.KD.ZG,2016,1.03855091989323
CAN,Canada,NY.GDP.MKTP.KD.ZG,2015,0.64997101491096
CAN,Canada,NY.GDP.MKTP.KD.ZG,2014,2.87346675579731
CAN,Canada,NY.GDP.MKTP.KD.ZG,2013,2.32581356612762
CAN,Canada,NY.GDP.MKTP.KD.ZG,2012,1.75566133205234
CAN,Canada,NY.GDP.MKTP.KD.ZG,2011,3.1371944343876
CAN,Canada,NY.GDP.MKTP.KD.ZG,2010,3.09080633744851
CYM,Cayman Islands,NY.GDP.MKTP.KD.ZG,2019,3.91563534249416
CYM,Cayman Islands,NY.GDP.MKTP.KD.ZG,2018,4.26726745249641
CYM,Cayman Islands,NY.GDP.MKTP.KD.ZG,2017,3.18404592334522
CYM,Cayman Islands,NY.GDP.MKTP.KD.ZG,2016,3.23997433895669
CYM,Cayman Islands,NY.GDP.MKTP.KD.ZG,2015,2.8331222262961
CYM,Cayman Islands,NY.GDP.MKTP.KD.ZG,2014,2.65452798451271
CYM,Cayman Islands,NY.GDP.MKTP.KD.ZG,2013,1.27933101999021
CYM,Cayman Islands,NY.GDP.MKTP.KD.ZG,2012,1.22975365701149
CYM,Cayman Islands,NY.GDP.MKTP.KD.ZG,2011,1.16906219839106
CYM,Cayman Islands,NY.GDP.MKTP.KD.ZG,2010,-2.71563526217577
CAF,Central African Republic,NY.GDP.MKTP.KD.ZG,2019,3.09999999999999
CAF,Central African Republic,NY.GDP.MKTP.KD.ZG,2018,3.78944359275462
CAF,Central African Republic,NY.GDP.MKTP.KD.ZG,2017,4.52727821346231
CAF,Central African Republic,NY.GDP.MKTP.KD.ZG,2016,4.75031684122342
CAF,Central African Republic,NY.GDP.MKTP.KD.ZG,2015,4.33712103020231
CAF,Central African Republic,NY.GDP.MKTP.KD.ZG,2014,0.0810705153264877
CAF,Central African Republic,NY.GDP.MKTP.KD.ZG,2013,-36.3919770983887
CAF,Central African Republic,NY.GDP.MKTP.KD.ZG,2012,5.05376125356918
CAF,Central African Republic,NY.GDP.MKTP.KD.ZG,2011,4.19461533741989
CAF,Central African Republic,NY.GDP.MKTP.KD.ZG,2010,4.63081843223307
TCD,Chad,NY.GDP.MKTP.KD.ZG,2019,5.38282202874814
TCD,Chad,NY.GDP.MKTP.KD.ZG,2018,5.74111580758154
TCD,Chad,NY.GDP.MKTP.KD.ZG,2017,-1.61746922820204
TCD,Chad,NY.GDP.MKTP.KD.ZG,2016,-4.12250332637034
TCD,Chad,NY.GDP.MKTP.KD.ZG,2015,3.30415979779805
TCD,Chad,NY.GDP.MKTP.KD.ZG,2014,2.06283074361411
TCD,Chad,NY.GDP.MKTP.KD.ZG,2013,2.83821524730293
TCD,Chad,NY.GDP.MKTP.KD.ZG,2012,9.06180392253447
TCD,Chad,NY.GDP.MKTP.KD.ZG,2011,4.49542967058827
TCD,Chad,NY.GDP.MKTP.KD.ZG,2010,13.6738272725339
CHI,Channel Islands,NY.GDP.MKTP.KD.ZG,2019,1.57335596156342
CHI,Channel Islands,NY.GDP.MKTP.KD.ZG,2018,1.1222435658518
CHI,Channel Islands,NY.GDP.MKTP.KD.ZG,2017,1.80648131383585
CHI,Channel Islands,NY.GDP.MKTP.KD.ZG,2016,1.21302407657195
CHI,Channel Islands,NY.GDP.MKTP.KD.ZG,2015,0.374367083829384
CHI,Channel Islands,NY.GDP.MKTP.KD.ZG,2014,2.42710178482311
CHI,Channel Islands,NY.GDP.MKTP.KD.ZG,2013,0.493931120528785
CHI,Channel Islands,NY.GDP.MKTP.KD.ZG,2012,-5.75366122139113
CHI,Channel Islands,NY.GDP.MKTP.KD.ZG,2011,1.12504310895372
CHI,Channel Islands,NY.GDP.MKTP.KD.ZG,2010,-3.60663231572742
CHL,Chile,NY.GDP.MKTP.KD.ZG,2019,0.644223402631923
CHL,Chile,NY.GDP.MKTP.KD.ZG,2018,3.99002947789977
CHL,Chile,NY.GDP.MKTP.KD.ZG,2017,1.35769537343957
CHL,Chile,NY.GDP.MKTP.KD.ZG,2016,1.753038749071
CHL,Chile,NY.GDP.MKTP.KD.ZG,2015,2.15194249981184
CHL,Chile,NY.GDP.MKTP.KD.ZG,2014,1.79264947139259
CHL,Chile,NY.GDP.MKTP.KD.ZG,2013,3.30850824710085
CHL,Chile,NY.GDP.MKTP.KD.ZG,2012,6.15534001855494
CHL,Chile,NY.GDP.MKTP.KD.ZG,2011,6.22389678509138
CHL,Chile,NY.GDP.MKTP.KD.ZG,2010,5.85165102224047
CHN,China,NY.GDP.MKTP.KD.ZG,2019,6.06737806333672
CHN,China,NY.GDP.MKTP.KD.ZG,2018,6.757806142324
CHN,China,NY.GDP.MKTP.KD.ZG,2017,6.89123916636191
CHN,China,NY.GDP.MKTP.KD.ZG,2016,6.7736886867727
CHN,China,NY.GDP.MKTP.KD.ZG,2015,6.98162255562367
CHN,China,NY.GDP.MKTP.KD.ZG,2014,7.46100735778161
CHN,China,NY.GDP.MKTP.KD.ZG,2013,7.77842954757257
CHN,China,NY.GDP.MKTP.KD.ZG,2012,7.8578201481217
CHN,China,NY.GDP.MKTP.KD.ZG,2011,9.46205248298186
CHN,China,NY.GDP.MKTP.KD.ZG,2010,10.5916903885704
COL,Colombia,NY.GDP.MKTP.KD.ZG,2019,3.18685539245533
COL,Colombia,NY.GDP.MKTP.KD.ZG,2018,2.56432428277704
COL,Colombia,NY.GDP.MKTP.KD.ZG,2017,1.35936086788746
COL,Colombia,NY.GDP.MKTP.KD.ZG,2016,2.08738250162794
COL,Colombia,NY.GDP.MKTP.KD.ZG,2015,2.95590137527523
COL,Colombia,NY.GDP.MKTP.KD.ZG,2014,4.49903000110972
COL,Colombia,NY.GDP.MKTP.KD.ZG,2013,5.13399351995672
COL,Colombia,NY.GDP.MKTP.KD.ZG,2012,3.91263576716115
COL,Colombia,NY.GDP.MKTP.KD.ZG,2011,6.94789198173555
COL,Colombia,NY.GDP.MKTP.KD.ZG,2010,4.49465897070922
COM,Comoros,NY.GDP.MKTP.KD.ZG,2019,1.76078023564568
COM,Comoros,NY.GDP.MKTP.KD.ZG,2018,3.64245114733689
COM,Comoros,NY.GDP.MKTP.KD.ZG,2017,3.81576287489548
COM,Comoros,NY.GDP.MKTP.KD.ZG,2016,3.3204465548877
COM,Comoros,NY.GDP.MKTP.KD.ZG,2015,1.14735632260047
COM,Comoros,NY.GDP.MKTP.KD.ZG,2014,2.10665760321017
COM,Comoros,NY.GDP.MKTP.KD.ZG,2013,4.46624729869704
COM,Comoros,NY.GDP.MKTP.KD.ZG,2012,3.1684098843342
COM,Comoros,NY.GDP.MKTP.KD.ZG,2011,4.14350668765977
COM,Comoros,NY.GDP.MKTP.KD.ZG,2010,3.77776673684423
COD,"Congo, Dem. Rep.",NY.GDP.MKTP.KD.ZG,2019,0.555384294580819
COD,"Congo, Dem. Rep.",NY.GDP.MKTP.KD.ZG,2018,6.07168870646615
COD,"Congo, Dem. Rep.",NY.GDP.MKTP.KD.ZG,2017,4.24121047272719
COD,"Congo, Dem. Rep.",NY.GDP.MKTP.KD.ZG,2016,0.393832798154563
COD,"Congo, Dem. Rep.",NY.GDP.MKTP.KD.ZG,2015,6.35973756164829
COD,"Congo, Dem. Rep.",NY.GDP.MKTP.KD.ZG,2014,7.30227750870263
COD,"Congo, Dem. Rep.",NY.GDP.MKTP.KD.ZG,2013,17.5159124688348
COD,"Congo, Dem. Rep.",NY.GDP.MKTP.KD.ZG,2012,8.66859360586926
COD,"Congo, Dem. Rep.",NY.GDP.MKTP.KD.ZG,2011,-0.403164081254445
COD,"Congo, Dem. Rep.",NY.GDP.MKTP.KD.ZG,2010,8.61867717510543
COG,"Congo, Rep.",NY.GDP.MKTP.KD.ZG,2019,1.12447391976529
COG,"Congo, Rep.",NY.GDP.MKTP.KD.ZG,2018,-2.30431780125842
COG,"Congo, Rep.",NY.GDP.MKTP.KD.ZG,2017,-5.59477371915547
COG,"Congo, Rep.",NY.GDP.MKTP.KD.ZG,2016,-8.68524343913786
COG,"Congo, Rep.",NY.GDP.MKTP.KD.ZG,2015,0.415193061293763
COG,"Congo, Rep.",NY.GDP.MKTP.KD.ZG,2014,6.64606540928447
COG,"Congo, Rep.",NY.GDP.MKTP.KD.ZG,2013,-0.712434451876447
COG,"Congo, Rep.",NY.GDP.MKTP.KD.ZG,2012,9.94715314257564
COG,"Congo, Rep.",NY.GDP.MKTP.KD.ZG,2011,2.20591936286718
COG,"Congo, Rep.",NY.GDP.MKTP.KD.ZG,2010,9.93126543095578
CRI,Costa Rica,NY.GDP.MKTP.KD.ZG,2019,2.70813912948329
CRI,Costa Rica,NY.GDP.MKTP.KD.ZG,2018,2.85285959760458
CRI,Costa Rica,NY.GDP.MKTP.KD.ZG,2017,4.15769914676933
CRI,Costa Rica,NY.GDP.MKTP.KD.ZG,2016,4.20432320775184
CRI,Costa Rica,NY.GDP.MKTP.KD.ZG,2015,3.65208093006359
CRI,Costa Rica,NY.GDP.MKTP.KD.ZG,2014,3.54210997703849
CRI,Costa Rica,NY.GDP.MKTP.KD.ZG,2013,2.49476596233289
CRI,Costa Rica,NY.GDP.MKTP.KD.ZG,2012,4.88259252932575
CRI,Costa Rica,NY.GDP.MKTP.KD.ZG,2011,4.40315921836142
CRI,Costa Rica,NY.GDP.MKTP.KD.ZG,2010,5.36034347722267
CIV,Cote d'Ivoire,NY.GDP.MKTP.KD.ZG,2019,6.72137167584978
CIV,Cote d'Ivoire,NY.GDP.MKTP.KD.ZG,2018,4.84314605889178
CIV,Cote d'Ivoire,NY.GDP.MKTP.KD.ZG,2017,7.41076242592504
CIV,Cote d'Ivoire,NY.GDP.MKTP.KD.ZG,2016,7.17275963956332
CIV,Cote d'Ivoire,NY.GDP.MKTP.KD.ZG,2015,7.19494942728191
CIV,Cote d'Ivoire,NY.GDP.MKTP.KD.ZG,2014,9.37199994240375
CIV,Cote d'Ivoire,NY.GDP.MKTP.KD.ZG,2013,10.7602131311256
CIV,Cote d'Ivoire,NY.GDP.MKTP.KD.ZG,2012,7.62041176451649
CIV,Cote d'Ivoire,NY.GDP.MKTP.KD.ZG,2011,-5.37044724000579
CIV,Cote d'Ivoire,NY.GDP.MKTP.KD.ZG,2010,6.84804939907013
HRV,Croatia,NY.GDP.MKTP.KD.ZG,2019,3.10247285336254
HRV,Croatia,NY.GDP.MKTP.KD.ZG,2018,2.91107146210912
HRV,Croatia,NY.GDP.MKTP.KD.ZG,2017,3.2840626939789
HRV,Croatia,NY.GDP.MKTP.KD.ZG,2016,3.46613146011039
HRV,Croatia,NY.GDP.MKTP.KD.ZG,2015,2.32056679330526
HRV,Croatia,NY.GDP.MKTP.KD.ZG,2014,-0.559537666687092
HRV,Croatia,NY.GDP.MKTP.KD.ZG,2013,-0.132561080066893
HRV,Croatia,NY.GDP.MKTP.KD.ZG,2012,-2.23702049605232
HRV,Croatia,NY.GDP.MKTP.KD.ZG,2011,-0.111527124990047
HRV,Croatia,NY.GDP.MKTP.KD.ZG,2010,-1.33616285467264
CUB,Cuba,NY.GDP.MKTP.KD.ZG,2019,-0.163087223606624
CUB,Cuba,NY.GDP.MKTP.KD.ZG,2018,2.24794852913217
CUB,Cuba,NY.GDP.MKTP.KD.ZG,2017,1.80979178380274
CUB,Cuba,NY.GDP.MKTP.KD.ZG,2016,0.512843095700745
CUB,Cuba,NY.GDP.MKTP.KD.ZG,2015,4.4383335888395
CUB,Cuba,NY.GDP.MKTP.KD.ZG,2014,1.04757663187654
CUB,Cuba,NY.GDP.MKTP.KD.ZG,2013,2.74760256257211
CUB,Cuba,NY.GDP.MKTP.KD.ZG,2012,3.01490028898772
CUB,Cuba,NY.GDP.MKTP.KD.ZG,2011,2.80230083647626
CUB,Cuba,NY.GDP.MKTP.KD.ZG,2010,2.39035229650723
CUW,Curacao,NY.GDP.MKTP.KD.ZG,2019,-3.20613230348162
CUW,Curacao,NY.GDP.MKTP.KD.ZG,2018,-2.10411133101029
CUW,Curacao,NY.GDP.MKTP.KD.ZG,2017,-1.2762081008495
CUW,Curacao,NY.GDP.MKTP.KD.ZG,2016,-1.06770848655277
CUW,Curacao,NY.GDP.MKTP.KD.ZG,2015,0.458151544160046
CUW,Curacao,NY.GDP.MKTP.KD.ZG,2014,-0.637397373327133
CUW,Curacao,NY.GDP.MKTP.KD.ZG,2013,-0.635696907591139
CUW,Curacao,NY.GDP.MKTP.KD.ZG,2012,-0.34895082430242
CUW,Curacao,NY.GDP.MKTP.KD.ZG,2011,0.50845748203723
CUW,Curacao,NY.GDP.MKTP.KD.ZG,2010,0.0823066088131412
CYP,Cyprus,NY.GDP.MKTP.KD.ZG,2019,5.87559583386607
CYP,Cyprus,NY.GDP.MKTP.KD.ZG,2018,6.27166360056404
CYP,Cyprus,NY.GDP.MKTP.KD.ZG,2017,5.75083236554525
CYP,Cyprus,NY.GDP.MKTP.KD.ZG,2016,6.57359080924678
CYP,Cyprus,NY.GDP.MKTP.KD.ZG,2015,3.41892038889013
CYP,Cyprus,NY.GDP.MKTP.KD.ZG,2014,-1.77605867728616
CYP,Cyprus,NY.GDP.MKTP.KD.ZG,2013,-6.58747751118347
CYP,Cyprus,NY.GDP.MKTP.KD.ZG,2012,-3.44738151374587
CYP,Cyprus,NY.GDP.MKTP.KD.ZG,2011,0.416711868408683
CYP,Cyprus,NY.GDP.MKTP.KD.ZG,2010,2.28267100119788
CZE,Czechia,NY.GDP.MKTP.KD.ZG,2019,3.56577658128261
CZE,Czechia,NY.GDP.MKTP.KD.ZG,2018,2.83030588267866
CZE,Czechia,NY.GDP.MKTP.KD.ZG,2017,5.17356529967881
CZE,Czechia,NY.GDP.MKTP.KD.ZG,2016,2.58087013921376
CZE,Czechia,NY.GDP.MKTP.KD.ZG,2015,4.95875848915604
CZE,Czechia,NY.GDP.MKTP.KD.ZG,2014,2.24521219862635
CZE,Czechia,NY.GDP.MKTP.KD.ZG,2013,-0.0418124160447491
CZE,Czechia,NY.GDP.MKTP.KD.ZG,2012,-0.770668190622743
CZE,Czechia,NY.GDP.MKTP.KD.ZG,2011,1.77238085338473
CZE,Czechia,NY.GDP.MKTP.KD.ZG,2010,2.71466509907701
DNK,Denmark,NY.GDP.MKTP.KD.ZG,2019,1.71140093932736
DNK,Denmark,NY.GDP.MKTP.KD.ZG,2018,1.8600074900921
DNK,Denmark,NY.GDP.MKTP.KD.ZG,2017,3.05647723922718
DNK,Denmark,NY.GDP.MKTP.KD.ZG,2016,3.07304549209093
DNK,Denmark,NY.GDP.MKTP.KD.ZG,2015,2.10441456445301
DNK,Denmark,NY.GDP.MKTP.KD.ZG,2014,1.27799983192831
DNK,Denmark,NY.GDP.MKTP.KD.ZG,2013,1.39267343161971
DNK,Denmark,NY.GDP.MKTP.KD.ZG,2012,-0.00543230161670749
DNK,Denmark,NY.GDP.MKTP.KD.ZG,2011,1.3108037609606
DNK,Denmark,NY.GDP.MKTP.KD.ZG,2010,1.58289703108802
DJI,Djibouti,NY.GDP.MKTP.KD.ZG,2019,5.54508081154978
DJI,Djibouti,NY.GDP.MKTP.KD.ZG,2018,4.77433934943193
DJI,Djibouti,NY.GDP.MKTP.KD.ZG,2017,5.458091517212
DJI,Djibouti,NY.GDP.MKTP.KD.ZG,2016,7.1234323372872
DJI,Djibouti,NY.GDP.MKTP.KD.ZG,2015,7.30898563450799
DJI,Djibouti,NY.GDP.MKTP.KD.ZG,2014,7.19298728463697
DMA,Dominica,NY.GDP.MKTP.KD.ZG,2019,3.94809757938053
DMA,Dominica,NY.GDP.MKTP.KD.ZG,2018,2.964010610466
DMA,Dominica,NY.GDP.MKTP.KD.ZG,2017,-7.5443637547282
DMA,Dominica,NY.GDP.MKTP.KD.ZG,2016,1.44724556489263
DMA,Dominica,NY.GDP.MKTP.KD.ZG,2015,-3.37338262476895
DMA,Dominica,NY.GDP.MKTP.KD.ZG,2014,2.33521742067693
DMA,Dominica,NY.GDP.MKTP.KD.ZG,2013,0.0045039972976042
DMA,Dominica,NY.GDP.MKTP.KD.ZG,2012,-0.15739179314221
DMA,Dominica,NY.GDP.MKTP.KD.ZG,2011,0.0427388878891435
DMA,Dominica,NY.GDP.MKTP.KD.ZG,2010,-0.105610857694984
DOM,Dominican Republic,NY.GDP.MKTP.KD.ZG,2019,4.8940301149584
DOM,Dominican Republic,NY.GDP.MKTP.KD.ZG,2018,7.09751640210159
DOM,Dominican Republic,NY.GDP.MKTP.KD.ZG,2017,3.93386176401576
DOM,Dominican Republic,NY.GDP.MKTP.KD.ZG,2016,6.71974078681295
DOM,Dominican Republic,NY.GDP.MKTP.KD.ZG,2015,6.98771131236387
DOM,Dominican Republic,NY.GDP.MKTP.KD.ZG,2014,7.11122629673892
DOM,Dominican Republic,NY.GDP.MKTP.KD.ZG,2013,4.93473300709881
DOM,Dominican Republic,NY.GDP.MKTP.KD.ZG,2012,2.77567100848816
DOM,Dominican Republic,NY.GDP.MKTP.KD.ZG,2011,3.19196227475523
DOM,Dominican Republic,NY.GDP.MKTP.KD.ZG,2010,8.40114541209596
ECU,Ecuador,NY.GDP.MKTP.KD.ZG,2019,0.1654044646003
ECU,Ecuador,NY.GDP.MKTP.KD.ZG,2018,1.04429460679607
ECU,Ecuador,NY.GDP.MKTP.KD.ZG,2017,5.97039880954841
ECU,Ecuador,NY.GDP.MKTP.KD.ZG,2016,-0.687954245877947
ECU,Ecuador,NY.GDP.MKTP.KD.ZG,2015,0.119692109287612
ECU,Ecuador,NY.GDP.MKTP.KD.ZG,2014,4.22606520388456
ECU,Ecuador,NY.GDP.MKTP.KD.ZG,2013,7.21123653679159
ECU,Ecuador,NY.GDP.MKTP.KD.ZG,2012,5.783212336172
ECU,Ecuador,NY.GDP.MKTP.KD.ZG,2011,8.48147656332823
ECU,Ecuador,NY.GDP.MKTP.KD.ZG,2010,4.02913787986621
EGY,"Egypt, Arab Rep.",NY.GDP.MKTP.KD.ZG,2019,5.55209307084222
EGY,"Egypt, Arab Rep.",NY.GDP.MKTP.KD.ZG,2018,5.33110861887155
EGY,"Egypt, Arab Rep.",NY.GDP.MKTP.KD.ZG,2017,4.18122099961562
EGY,"Egypt, Arab Rep.",NY.GDP.MKTP.KD.ZG,2016,4.34664345601914
EGY,"Egypt, Arab Rep.",NY.GDP.MKTP.KD.ZG,2015,4.37201907781687
EGY,"Egypt, Arab Rep.",NY.GDP.MKTP.KD.ZG,2014,2.91591188052836
EGY,"Egypt, Arab Rep.",NY.GDP.MKTP.KD.ZG,2013,2.18546605363386
EGY,"Egypt, Arab Rep.",NY.GDP.MKTP.KD.ZG,2012,2.22619979818487
EGY,"Egypt, Arab Rep.",NY.GDP.MKTP.KD.ZG,2011,1.76457194806041
EGY,"Egypt, Arab Rep.",NY.GDP.MKTP.KD.ZG,2010,5.14723485746742
SLV,El Salvador,NY.GDP.MKTP.KD.ZG,2019,2.43747159065784
SLV,El Salvador,NY.GDP.MKTP.KD.ZG,2018,2.4124442237792
SLV,El Salvador,NY.GDP.MKTP.KD.ZG,2017,2.24761908134138
SLV,El Salvador,NY.GDP.MKTP.KD.ZG,2016,2.53906241135864
SLV,El Salvador,NY.GDP.MKTP.KD.ZG,2015,2.40000008852115
SLV,El Salvador,NY.GDP.MKTP.KD.ZG,2014,1.70870628357073
SLV,El Salvador,NY.GDP.MKTP.KD.ZG,2013,2.23562439198375
SLV,El Salvador,NY.GDP.MKTP.KD.ZG,2012,2.82262371802327
SLV,El Salvador,NY.GDP.MKTP.KD.ZG,2011,3.80688113429295
SLV,El Salvador,NY.GDP.MKTP.KD.ZG,2010,2.15419536693635
GNQ,Equatorial Guinea,NY.GDP.MKTP.KD.ZG,2019,-5.48182537893445
GNQ,Equatorial Guinea,NY.GDP.MKTP.KD.ZG,2018,-6.23654406734575
GNQ,Equatorial Guinea,NY.GDP.MKTP.KD.ZG,2017,-5.66750850486686
GNQ,Equatorial Guinea,NY.GDP.MKTP.KD.ZG,2016,-8.81641723219757
GNQ,Equatorial Guinea,NY.GDP.MKTP.KD.ZG,2015,-9.11004114881537
GNQ,Equatorial Guinea,NY.GDP.MKTP.KD.ZG,2014,0.415066301596866
GNQ,Equatorial Guinea,NY.GDP.MKTP.KD.ZG,2013,-4.13319850131583
GNQ,Equatorial Guinea,NY.GDP.MKTP.KD.ZG,2012,8.31287184445641
GNQ,Equatorial Guinea,NY.GDP.MKTP.KD.ZG,2011,6.52392362989873
GNQ,Equatorial Guinea,NY.GDP.MKTP.KD.ZG,2010,-8.92417588851806
ERI,Eritrea,NY.GDP.MKTP.KD.ZG,2011,8.67980010138049
ERI,Eritrea,NY.GDP.MKTP.KD.ZG,2010,2.19419034888082
EST,Estonia,NY.GDP.MKTP.KD.ZG,2019,3.72664943466884
EST,Estonia,NY.GDP.MKTP.KD.ZG,2018,3.69969756161726
EST,Estonia,NY.GDP.MKTP.KD.ZG,2017,5.63467248963991
EST,Estonia,NY.GDP.MKTP.KD.ZG,2016,3.09301920751959
EST,Estonia,NY.GDP.MKTP.KD.ZG,2015,1.83815262882932
EST,Estonia,NY.GDP.MKTP.KD.ZG,2014,3.32278988182702
EST,Estonia,NY.GDP.MKTP.KD.ZG,2013,1.75649379621869
EST,Estonia,NY.GDP.MKTP.KD.ZG,2012,3.67201872506541
EST,Estonia,NY.GDP.MKTP.KD.ZG,2011,7.60697458913162
EST,Estonia,NY.GDP.MKTP.KD.ZG,2010,2.4497502063999
SWZ,Eswatini,NY.GDP.MKTP.KD.ZG,2019,6.43186888691574
SWZ,Eswatini,NY.GDP.MKTP.KD.ZG,2018,0.0653956557843571
SWZ,Eswatini,NY.GDP.MKTP.KD.ZG,2017,3.52095345987983
SWZ,Eswatini,NY.GDP.MKTP.KD.ZG,2016,2.94916821059911
SWZ,Eswatini,NY.GDP.MKTP.KD.ZG,2015,1.70425806017289
SWZ,Eswatini,NY.GDP.MKTP.KD.ZG,2014,2.05738179246586
SWZ,Eswatini,NY.GDP.MKTP.KD.ZG,2013,4.09458522119226
SWZ,Eswatini,NY.GDP.MKTP.KD.ZG,2012,4.09048190124592
SWZ,Eswatini,NY.GDP.MKTP.KD.ZG,2011,1.83973625916165
SWZ,Eswatini,NY.GDP.MKTP.KD.ZG,2010,3.82443487429767
ETH,Ethiopia,NY.GDP.MKTP.KD.ZG,2019,8.36408573111346
ETH,Ethiopia,NY.GDP.MKTP.KD.ZG,2018,6.81614778557282
ETH,Ethiopia,NY.GDP.MKTP.KD.ZG,2017,9.56418965754014
ETH,Ethiopia,NY.GDP.MKTP.KD.ZG,2016,9.43348265981905
ETH,Ethiopia,NY.GDP.MKTP.KD.ZG,2015,10.3924630141307
ETH,Ethiopia,NY.GDP.MKTP.KD.ZG,2014,10.2574929627477
ETH,Ethiopia,NY.GDP.MKTP.KD.ZG,2013,10.5822700502552
ETH,Ethiopia,NY.GDP.MKTP.KD.ZG,2012,8.64781163513926
ETH,Ethiopia,NY.GDP.MKTP.KD.ZG,2011,11.1782962297008
ETH,Ethiopia,NY.GDP.MKTP.KD.ZG,2010,12.5505383347633
FRO,Faroe Islands,NY.GDP.MKTP.KD.ZG,2019,4.53851028676189
FRO,Faroe Islands,NY.GDP.MKTP.KD.ZG,2018,2.76370952267429
FRO,Faroe Islands,NY.GDP.MKTP.KD.ZG,2017,3.51201367488443
FRO,Faroe Islands,NY.GDP.MKTP.KD.ZG,2016,1.38644795938293
FRO,Faroe Islands,NY.GDP.MKTP.KD.ZG,2015,0.958001934486234
FRO,Faroe Islands,NY.GDP.MKTP.KD.ZG,2014,5.43214206841004
FRO,Faroe Islands,NY.GDP.MKTP.KD.ZG,2013,5.85614389735763
FRO,Faroe Islands,NY.GDP.MKTP.KD.ZG,2012,7.08148344487884
FRO,Faroe Islands,NY.GDP.MKTP.KD.ZG,2011,3.56636317884431
FRO,Faroe Islands,NY.GDP.MKTP.KD.ZG,2010,-0.379817991218616
FJI,Fiji,NY.GDP.MKTP.KD.ZG,2019,-0.581946590349759
FJI,Fiji,NY.GDP.MKTP.KD.ZG,2018,3.812350939512
FJI,Fiji,NY.GDP.MKTP.KD.ZG,2017,5.35336434979577
FJI,Fiji,NY.GDP.MKTP.KD.ZG,2016,2.44565202449249
FJI,Fiji,NY.GDP.MKTP.KD.ZG,2015,4.50120064471365
FJI,Fiji,NY.GDP.MKTP.KD.ZG,2014,5.60351397766961
FJI,Fiji,NY.GDP.MKTP.KD.ZG,2013,4.7342203729816
FJI,Fiji,NY.GDP.MKTP.KD.ZG,2012,1.41131415220703
FJI,Fiji,NY.GDP.MKTP.KD.ZG,2011,2.70514231228027
FJI,Fiji,NY.GDP.MKTP.KD.ZG,2010,2.95467268842502
FIN,Finland,NY.GDP.MKTP.KD.ZG,2019,1.34973845741737
FIN,Finland,NY.GDP.MKTP.KD.ZG,2018,1.19297759742292
FIN,Finland,NY.GDP.MKTP.KD.ZG,2017,3.30337003591039
FIN,Finland,NY.GDP.MKTP.KD.ZG,2016,2.57193414898754
FIN,Finland,NY.GDP.MKTP.KD.ZG,2015,0.466503766322674
FIN,Finland,NY.GDP.MKTP.KD.ZG,2014,-0.4780684247837
FIN,Finland,NY.GDP.MKTP.KD.ZG,2013,-0.979741024949618
FIN,Finland,NY.GDP.MKTP.KD.ZG,2012,-1.52284013040689
FIN,Finland,NY.GDP.MKTP.KD.ZG,2011,2.39039455396828
FIN,Finland,NY.GDP.MKTP.KD.ZG,2010,3.1682879121621
FRA,France,NY.GDP.MKTP.KD.ZG,2019,2.02744646419237
FRA,France,NY.GDP.MKTP.KD.ZG,2018,1.64590872395887
FRA,France,NY.GDP.MKTP.KD.ZG,2017,2.08361485997399
FRA,France,NY.GDP.MKTP.KD.ZG,2016,0.860031075424033
FRA,France,NY.GDP.MKTP.KD.ZG,2015,1.06675474783462
FRA,France,NY.GDP.MKTP.KD.ZG,2014,0.997832947295251
FRA,France,NY.GDP.MKTP.KD.ZG,2013,0.781756446231
FRA,France,NY.GDP.MKTP.KD.ZG,2012,0.183835264973013
FRA,France,NY.GDP.MKTP.KD.ZG,2011,2.43757653729007
FRA,France,NY.GDP.MKTP.KD.ZG,2010,2.00032476039051
PYF,French Polynesia,NY.GDP.MKTP.KD.ZG,2019,2.68946658143334
PYF,French Polynesia,NY.GDP.MKTP.KD.ZG,2018,1.80687498305207
PYF,French Polynesia,NY.GDP.MKTP.KD.ZG,2017,4.29263363103487
PYF,French Polynesia,NY.GDP.MKTP.KD.ZG,2016,2.30219823670438
PYF,French Polynesia,NY.GDP.MKTP.KD.ZG,2015,1.80334081452726
PYF,French Polynesia,NY.GDP.MKTP.KD.ZG,2014,0.593554452942286
PYF,French Polynesia,NY.GDP.MKTP.KD.ZG,2013,0.398801414346934
PYF,French Polynesia,NY.GDP.MKTP.KD.ZG,2012,-0.927537712532072
PYF,French Polynesia,NY.GDP.MKTP.KD.ZG,2011,-2.96195745427229
PYF,French Polynesia,NY.GDP.MKTP.KD.ZG,2010,-2.4660641898174
GAB,Gabon,NY.GDP.MKTP.KD.ZG,2019,3.92080879452831
GAB,Gabon,NY.GDP.MKTP.KD.ZG,2018,0.83791658082157
GAB,Gabon,NY.GDP.MKTP.KD.ZG,2017,0.472642030911146
GAB,Gabon,NY.GDP.MKTP.KD.ZG,2016,2.09144220829562
GAB,Gabon,NY.GDP.MKTP.KD.ZG,2015,3.8788993950789
GAB,Gabon,NY.GDP.MKTP.KD.ZG,2014,4.31496444107469
GAB,Gabon,NY.GDP.MKTP.KD.ZG,2013,5.63869900338696
GAB,Gabon,NY.GDP.MKTP.KD.ZG,2012,5.25107691750407
GAB,Gabon,NY.GDP.MKTP.KD.ZG,2011,7.09175334258654
GAB,Gabon,NY.GDP.MKTP.KD.ZG,2010,7.08988731455126
GMB,"Gambia, The",NY.GDP.MKTP.KD.ZG,2019,6.22205315994859
GMB,"Gambia, The",NY.GDP.MKTP.KD.ZG,2018,7.23489033258579
GMB,"Gambia, The",NY.GDP.MKTP.KD.ZG,2017,4.8226112492757
GMB,"Gambia, The",NY.GDP.MKTP.KD.ZG,2016,1.94335965478776
GMB,"Gambia, The",NY.GDP.MKTP.KD.ZG,2015,4.0580738039996
GMB,"Gambia, The",NY.GDP.MKTP.KD.ZG,2014,-1.40738249510954
GMB,"Gambia, The",NY.GDP.MKTP.KD.ZG,2013,2.872768790327
GMB,"Gambia, The",NY.GDP.MKTP.KD.ZG,2012,5.24156924630741
GMB,"Gambia, The",NY.GDP.MKTP.KD.ZG,2011,-8.13044422315659
GMB,"Gambia, The",NY.GDP.MKTP.KD.ZG,2010,5.90833580968288
GEO,Georgia,NY.GDP.MKTP.KD.ZG,2019,5.38071926589951
GEO,Georgia,NY.GDP.MKTP.KD.ZG,2018,6.062036412677
GEO,Georgia,NY.GDP.MKTP.KD.ZG,2017,5.15990261658827
GEO,Georgia,NY.GDP.MKTP.KD.ZG,2016,3.45021517996871
GEO,Georgia,NY.GDP.MKTP.KD.ZG,2015,3.35102350265353
GEO,Georgia,NY.GDP.MKTP.KD.ZG,2014,4.09049059581743
GEO,Georgia,NY.GDP.MKTP.KD.ZG,2013,5.13288531209382
GEO,Georgia,NY.GDP.MKTP.KD.ZG,2012,6.57883101954195
GEO,Georgia,NY.GDP.MKTP.KD.ZG,2011,7.9343365253078
GEO,Georgia,NY.GDP.MKTP.KD.ZG,2010,6.24640865303363
DEU,Germany,NY.GDP.MKTP.KD.ZG,2019,0.977734697038784
DEU,Germany,NY.GDP.MKTP.KD.ZG,2018,1.13569604599849
DEU,Germany,NY.GDP.MKTP.KD.ZG,2017,2.797906720551
DEU,Germany,NY.GDP.MKTP.KD.ZG,2016,2.22222216259371
DEU,Germany,NY.GDP.MKTP.KD.ZG,2015,1.66300602334775
DEU,Germany,NY.GDP.MKTP.KD.ZG,2014,2.18018602168017
DEU,Germany,NY.GDP.MKTP.KD.ZG,2013,0.396995583779145
DEU,Germany,NY.GDP.MKTP.KD.ZG,2012,0.463512036709204
DEU,Germany,NY.GDP.MKTP.KD.ZG,2011,3.75796884489337
DEU,Germany,NY.GDP.MKTP.KD.ZG,2010,4.13463778522758
GHA,Ghana,NY.GDP.MKTP.KD.ZG,2019,6.5077747939152
GHA,Ghana,NY.GDP.MKTP.KD.ZG,2018,6.20007768127284
GHA,Ghana,NY.GDP.MKTP.KD.ZG,2017,8.12889488100956
GHA,Ghana,NY.GDP.MKTP.KD.ZG,2016,3.37346574966936
GHA,Ghana,NY.GDP.MKTP.KD.ZG,2015,2.12075933817334
GHA,Ghana,NY.GDP.MKTP.KD.ZG,2014,2.85624016330883
GHA,Ghana,NY.GDP.MKTP.KD.ZG,2013,7.31252501678145
GHA,Ghana,NY.GDP.MKTP.KD.ZG,2012,9.2927894063005
GHA,Ghana,NY.GDP.MKTP.KD.ZG,2011,14.0471235803149
GHA,Ghana,NY.GDP.MKTP.KD.ZG,2010,7.89971194051621
GRC,Greece,NY.GDP.MKTP.KD.ZG,2019,2.27718065334808
GRC,Greece,NY.GDP.MKTP.KD.ZG,2018,2.06467207892409
GRC,Greece,NY.GDP.MKTP.KD.ZG,2017,1.47312472702352
GRC,Greece,NY.GDP.MKTP.KD.ZG,2016,-0.0317947678412054
GRC,Greece,NY.GDP.MKTP.KD.ZG,2015,-0.228301892172851
GRC,Greece,NY.GDP.MKTP.KD.ZG,2014,0.792225060962835
GRC,Greece,NY.GDP.MKTP.KD.ZG,2013,-2.27211699888024
GRC,Greece,NY.GDP.MKTP.KD.ZG,2012,-8.33113421099992
GRC,Greece,NY.GDP.MKTP.KD.ZG,2011,-9.87677875300243
GRC,Greece,NY.GDP.MKTP.KD.ZG,2010,-5.6937412158003
GRL,Greenland,NY.GDP.MKTP.KD.ZG,2019,2.83217756798683
GRL,Greenland,NY.GDP.MKTP.KD.ZG,2018,0.62306542854094
GRL,Greenland,NY.GDP.MKTP.KD.ZG,2017,0.0527281828800312
GRL,Greenland,NY.GDP.MKTP.KD.ZG,2016,4.68195410972302
GRL,Greenland,NY.GDP.MKTP.KD.ZG,2015,-2.52931802394475
GRL,Greenland,NY.GDP.MKTP.KD.ZG,2014,4.7421356730152
GRL,Greenland,NY.GDP.MKTP.KD.ZG,2013,-1.29828069335511
GRL,Greenland,NY.GDP.MKTP.KD.ZG,2012,1.39419335955625
GRL,Greenland,NY.GDP.MKTP.KD.ZG,2011,-0.496519391959083
GRL,Greenland,NY.GDP.MKTP.KD.ZG,2010,1.73582505889665
GRD,Grenada,NY.GDP.MKTP.KD.ZG,2019,0.676511738873756
GRD,Grenada,NY.GDP.MKTP.KD.ZG,2018,4.36144039364797
GRD,Grenada,NY.GDP.MKTP.KD.ZG,2017,4.43867566948151
GRD,Grenada,NY.GDP.MKTP.KD.ZG,2016,3.7396039558691
GRD,Grenada,NY.GDP.MKTP.KD.ZG,2015,6.44522314693144
GRD,Grenada,NY.GDP.MKTP.KD.ZG,2014,7.34212396037948
GRD,Grenada,NY.GDP.MKTP.KD.ZG,2013,2.35109801677905
GRD,Grenada,NY.GDP.MKTP.KD.ZG,2012,-1.15483816409801
GRD,Grenada,NY.GDP.MKTP.KD.ZG,2011,0.764773550338731
GRD,Grenada,NY.GDP.MKTP.KD.ZG,2010,-0.511146187173722
GUM,Guam,NY.GDP.MKTP.KD.ZG,2019,2.52360203340596
GUM,Guam,NY.GDP.MKTP.KD.ZG,2018,-0.828231904933389
GUM,Guam,NY.GDP.MKTP.KD.ZG,2017,0.890099909173486
GUM,Guam,NY.GDP.MKTP.KD.ZG,2016,0.18198362147406
GUM,Guam,NY.GDP.MKTP.KD.ZG,2015,0.825688073394488
GUM,Guam,NY.GDP.MKTP.KD.ZG,2014,1.79305192379529
GUM,Guam,NY.GDP.MKTP.KD.ZG,2013,1.69040835707501
GUM,Guam,NY.GDP.MKTP.KD.ZG,2012,2.13385063045585
GUM,Guam,NY.GDP.MKTP.KD.ZG,2011,0.0776548243059523
GUM,Guam,NY.GDP.MKTP.KD.ZG,2010,2.26325193567601
GTM,Guatemala,NY.GDP.MKTP.KD.ZG,2019,4.01789830861587
GTM,Guatemala,NY.GDP.MKTP.KD.ZG,2018,3.40687328176345
GTM,Guatemala,NY.GDP.MKTP.KD.ZG,2017,3.0798512212244
GTM,Guatemala,NY.GDP.MKTP.KD.ZG,2016,2.6778031930216
GTM,Guatemala,NY.GDP.MKTP.KD.ZG,2015,4.09217170075418
GTM,Guatemala,NY.GDP.MKTP.KD.ZG,2014,4.44397825774911
GTM,Guatemala,NY.GDP.MKTP.KD.ZG,2013,3.69476814623695
GTM,Guatemala,NY.GDP.MKTP.KD.ZG,2012,2.97470856847661
GTM,Guatemala,NY.GDP.MKTP.KD.ZG,2011,4.16390688293349
GTM,Guatemala,NY.GDP.MKTP.KD.ZG,2010,2.88417542800377
GIN,Guinea,NY.GDP.MKTP.KD.ZG,2019,5.61691446889876
GIN,Guinea,NY.GDP.MKTP.KD.ZG,2018,6.35849192736715
GIN,Guinea,NY.GDP.MKTP.KD.ZG,2017,10.3000053427355
GIN,Guinea,NY.GDP.MKTP.KD.ZG,2016,10.82062719659
GIN,Guinea,NY.GDP.MKTP.KD.ZG,2015,3.82591056949435
GIN,Guinea,NY.GDP.MKTP.KD.ZG,2014,3.69655311664086
GIN,Guinea,NY.GDP.MKTP.KD.ZG,2013,3.94568708624053
GIN,Guinea,NY.GDP.MKTP.KD.ZG,2012,5.91528626133322
GIN,Guinea,NY.GDP.MKTP.KD.ZG,2011,5.61211177430975
GIN,Guinea,NY.GDP.MKTP.KD.ZG,2010,4.81336016967553
GNB,Guinea-Bissau,NY.GDP.MKTP.KD.ZG,2019,5.32749571119344
GNB,Guinea-Bissau,NY.GDP.MKTP.KD.ZG,2018,3.76145359637003
GNB,Guinea-Bissau,NY.GDP.MKTP.KD.ZG,2017,4.66367943913264
GNB,Guinea-Bissau,NY.GDP.MKTP.KD.ZG,2016,5.4326782650304
GNB,Guinea-Bissau,NY.GDP.MKTP.KD.ZG,2015,6.1340893623123
GNB,Guinea-Bissau,NY.GDP.MKTP.KD.ZG,2014,0.964525745841428
GNB,Guinea-Bissau,NY.GDP.MKTP.KD.ZG,2013,3.25607190852087
GNB,Guinea-Bissau,NY.GDP.MKTP.KD.ZG,2012,-1.71286958446419
GNB,Guinea-Bissau,NY.GDP.MKTP.KD.ZG,2011,8.08504167173554
GNB,Guinea-Bissau,NY.GDP.MKTP.KD.ZG,2010,5.60536311358261
GUY,Guyana,NY.GDP.MKTP.KD.ZG,2019,5.35284003535665
GUY,Guyana,NY.GDP.MKTP.KD.ZG,2018,4.44091288475967
GUY,Guyana,NY.GDP.MKTP.KD.ZG,2017,3.73449154571284
GUY,Guyana,NY.GDP.MKTP.KD.ZG,2016,3.80745626378814
GUY,Guyana,NY.GDP.MKTP.KD.ZG,2015,0.687404590619494
GUY,Guyana,NY.GDP.MKTP.KD.ZG,2014,1.68649445019584
GUY,Guyana,NY.GDP.MKTP.KD.ZG,2013,3.65338433338232
GUY,Guyana,NY.GDP.MKTP.KD.ZG,2012,5.27633062046809
GUY,Guyana,NY.GDP.MKTP.KD.ZG,2011,5.19625156051602
GUY,Guyana,NY.GDP.MKTP.KD.ZG,2010,4.13844160137342
HTI,Haiti,NY.GDP.MKTP.KD.ZG,2019,-1.72309699839232
HTI,Haiti,NY.GDP.MKTP.KD.ZG,2018,1.66781095484656
HTI,Haiti,NY.GDP.MKTP.KD.ZG,2017,2.51027134544685
HTI,Haiti,NY.GDP.MKTP.KD.ZG,2016,1.81246807847532
HTI,Haiti,NY.GDP.MKTP.KD.ZG,2015,1.40000000859727
HTI,Haiti,NY.GDP.MKTP.KD.ZG,2014,2.88877250863379
HTI,Haiti,NY.GDP.MKTP.KD.ZG,2013,4.32478411472874
HTI,Haiti,NY.GDP.MKTP.KD.ZG,2012,0.502424403581585
HTI,Haiti,NY.GDP.MKTP.KD.ZG,2011,5.09821354410036
HTI,Haiti,NY.GDP.MKTP.KD.ZG,2010,-5.65151153448299
HND,Honduras,NY.GDP.MKTP.KD.ZG,2019,2.55963434592314
HND,Honduras,NY.GDP.MKTP.KD.ZG,2018,3.84499476966735
HND,Honduras,NY.GDP.MKTP.KD.ZG,2017,4.84291391050387
HND,Honduras,NY.GDP.MKTP.KD.ZG,2016,3.89297219726413
HND,Honduras,NY.GDP.MKTP.KD.ZG,2015,3.84007997093951
HND,Honduras,NY.GDP.MKTP.KD.ZG,2014,3.0580805621437
HND,Honduras,NY.GDP.MKTP.KD.ZG,2013,2.79155975746801
HND,Honduras,NY.GDP.MKTP.KD.ZG,2012,4.12868774866939
HND,Honduras,NY.GDP.MKTP.KD.ZG,2011,3.83569066207505
HND,Honduras,NY.GDP.MKTP.KD.ZG,2010,3.73114034433009
HKG,"Hong Kong SAR, China",NY.GDP.MKTP.KD.ZG,2019,-1.67242865968056
HKG,"Hong Kong SAR, China",NY.GDP.MKTP.KD.ZG,2018,2.84690922660509
HKG,"Hong Kong SAR, China",NY.GDP.MKTP.KD.ZG,2017,3.79610937243891
HKG,"Hong Kong SAR, China",NY.GDP.MKTP.KD.ZG,2016,2.17544820327555
HKG,"Hong Kong SAR, China",NY.GDP.MKTP.KD.ZG,2015,2.38780116013344
HKG,"Hong Kong SAR, China",NY.GDP.MKTP.KD.ZG,2014,2.76241378329884
HKG,"Hong Kong SAR, China",NY.GDP.MKTP.KD.ZG,2013,3.10155262780289
HKG,"Hong Kong SAR, China",NY.GDP.MKTP.KD.ZG,2012,1.70032214482865
HKG,"Hong Kong SAR, China",NY.GDP.MKTP.KD.ZG,2011,4.81466801092733
HKG,"Hong Kong SAR, China",NY.GDP.MKTP.KD.ZG,2010,6.76770683250318
HUN,Hungary,NY.GDP.MKTP.KD.ZG,2019,5.07718495088933
HUN,Hungary,NY.GDP.MKTP.KD.ZG,2018,5.60613813768876
HUN,Hungary,NY.GDP.MKTP.KD.ZG,2017,4.12418389451805
HUN,Hungary,NY.GDP.MKTP.KD.ZG,2016,2.43864141309342
HUN,Hungary,NY.GDP.MKTP.KD.ZG,2015,3.65981615406955
HUN,Hungary,NY.GDP.MKTP.KD.ZG,2014,4.33435364113967
HUN,Hungary,NY.GDP.MKTP.KD.ZG,2013,2.03216990678146
HUN,Hungary,NY.GDP.MKTP.KD.ZG,2012,-1.33948446518181
HUN,Hungary,NY.GDP.MKTP.KD.ZG,2011,1.91670916599742
HUN,Hungary,NY.GDP.MKTP.KD.ZG,2010,1.06795068152046
ISL,Iceland,NY.GDP.MKTP.KD.ZG,2019,1.13821227336888
ISL,Iceland,NY.GDP.MKTP.KD.ZG,2018,4.66077036232377
ISL,Iceland,NY.GDP.MKTP.KD.ZG,2017,3.48506704155555
ISL,Iceland,NY.GDP.MKTP.KD.ZG,2016,6.21808764670307
ISL,Iceland,NY.GDP.MKTP.KD.ZG,2015,3.76859020213645
ISL,Iceland,NY.GDP.MKTP.KD.ZG,2014,1.91381613095174
ISL,Iceland,NY.GDP.MKTP.KD.ZG,2013,3.59695697128252
ISL,Iceland,NY.GDP.MKTP.KD.ZG,2012,1.16931174934061
ISL,Iceland,NY.GDP.MKTP.KD.ZG,2011,1.37999669197329
ISL,Iceland,NY.GDP.MKTP.KD.ZG,2010,-2.22181843777449
IND,India,NY.GDP.MKTP.KD.ZG,2019,3.87143694070524
IND,India,NY.GDP.MKTP.KD.ZG,2018,6.45385134495295
IND,India,NY.GDP.MKTP.KD.ZG,2017,6.79538341902422
IND,India,NY.GDP.MKTP.KD.ZG,2016,8.25630550176662
IND,India,NY.GDP.MKTP.KD.ZG,2015,7.99625378567987
IND,India,NY.GDP.MKTP.KD.ZG,2014,7.41022760516977
IND,India,NY.GDP.MKTP.KD.ZG,2013,6.38610640091713
IND,India,NY.GDP.MKTP.KD.ZG,2012,5.45638755164772
IND,India,NY.GDP.MKTP.KD.ZG,2011,5.24131620024293
IND,India,NY.GDP.MKTP.KD.ZG,2010,8.49758470165625
IDN,Indonesia,NY.GDP.MKTP.KD.ZG,2019,5.01928768046282
IDN,Indonesia,NY.GDP.MKTP.KD.ZG,2018,5.17429153955024
IDN,Indonesia,NY.GDP.MKTP.KD.ZG,2017,5.06978590134916
IDN,Indonesia,NY.GDP.MKTP.KD.ZG,2016,5.03306918280177
IDN,Indonesia,NY.GDP.MKTP.KD.ZG,2015,4.87632230022123
IDN,Indonesia,NY.GDP.MKTP.KD.ZG,2014,5.006668425755
IDN,Indonesia,NY.GDP.MKTP.KD.ZG,2013,5.5572636889101
IDN,Indonesia,NY.GDP.MKTP.KD.ZG,2012,6.03005065305615
IDN,Indonesia,NY.GDP.MKTP.KD.ZG,2011,6.16978420771008
IDN,Indonesia,NY.GDP.MKTP.KD.ZG,2010,6.22385418062366
IRN,"Iran, Islamic Rep.",NY.GDP.MKTP.KD.ZG,2019,-2.36143538770575
IRN,"Iran, Islamic Rep.",NY.GDP.MKTP.KD.ZG,2018,-3.74796015711334
IRN,"Iran, Islamic Rep.",NY.GDP.MKTP.KD.ZG,2017,3.02685468694025
IRN,"Iran, Islamic Rep.",NY.GDP.MKTP.KD.ZG,2016,8.8150866425182
IRN,"Iran, Islamic Rep.",NY.GDP.MKTP.KD.ZG,2015,-1.42488493937503
IRN,"Iran, Islamic Rep.",NY.GDP.MKTP.KD.ZG,2014,4.98477506709476
IRN,"Iran, Islamic Rep.",NY.GDP.MKTP.KD.ZG,2013,-1.52197920494184
IRN,"Iran, Islamic Rep.",NY.GDP.MKTP.KD.ZG,2012,-3.74717139864109
IRN,"Iran, Islamic Rep.",NY.GDP.MKTP.KD.ZG,2011,2.6457179180628
IRN,"Iran, Islamic Rep.",NY.GDP.MKTP.KD.ZG,2010,5.79793830169604
IRQ,Iraq,NY.GDP.MKTP.KD.ZG,2019,5.5137905789381
IRQ,Iraq,NY.GDP.MKTP.KD.ZG,2018,2.63385099105624
IRQ,Iraq,NY.GDP.MKTP.KD.ZG,2017,-1.81975035118309
IRQ,Iraq,NY.GDP.MKTP.KD.ZG,2016,13.7873730187089
IRQ,Iraq,NY.GDP.MKTP.KD.ZG,2015,2.60676642939541
IRQ,Iraq,NY.GDP.MKTP.KD.ZG,2014,2.26368817563613
IRQ,Iraq,NY.GDP.MKTP.KD.ZG,2013,7.62828592298754
IRQ,Iraq,NY.GDP.MKTP.KD.ZG,2012,13.9364301737537
IRQ,Iraq,NY.GDP.MKTP.KD.ZG,2011,7.546471200426
IRQ,Iraq,NY.GDP.MKTP.KD.ZG,2010,6.40256484471193
IRL,Ireland,NY.GDP.MKTP.KD.ZG,2019,4.97288003766816
IRL,Ireland,NY.GDP.MKTP.KD.ZG,2018,7.68865937437435
IRL,Ireland,NY.GDP.MKTP.KD.ZG,2017,10.1088576065965
IRL,Ireland,NY.GDP.MKTP.KD.ZG,2016,1.22271661130947
IRL,Ireland,NY.GDP.MKTP.KD.ZG,2015,24.6239856364006
IRL,Ireland,NY.GDP.MKTP.KD.ZG,2014,9.38579335130922
IRL,Ireland,NY.GDP.MKTP.KD.ZG,2013,2.1929375750029
IRL,Ireland,NY.GDP.MKTP.KD.ZG,2012,-0.40502941658977
IRL,Ireland,NY.GDP.MKTP.KD.ZG,2011,1.60886648916944
IRL,Ireland,NY.GDP.MKTP.KD.ZG,2010,1.68297175486512
IMN,Isle of Man,NY.GDP.MKTP.KD.ZG,2019,0.254877847398262
IMN,Isle of Man,NY.GDP.MKTP.KD.ZG,2018,2.2133975392251
IMN,Isle of Man,NY.GDP.MKTP.KD.ZG,2017,2.83775807093689
IMN,Isle of Man,NY.GDP.MKTP.KD.ZG,2016,6.95230284899407
IMN,Isle of Man,NY.GDP.MKTP.KD.ZG,2015,-0.385866882198087
IMN,Isle of Man,NY.GDP.MKTP.KD.ZG,2014,5.15509983748599
IMN,Isle of Man,NY.GDP.MKTP.KD.ZG,2013,4.14186158753493
IMN,Isle of Man,NY.GDP.MKTP.KD.ZG,2012,7.30389108511717
IMN,Isle of Man,NY.GDP.MKTP.KD.ZG,2011,1.99999938207415
IMN,Isle of Man,NY.GDP.MKTP.KD.ZG,2010,3.39999842395957
ISR,Israel,NY.GDP.MKTP.KD.ZG,2019,3.57898762923605
ISR,Israel,NY.GDP.MKTP.KD.ZG,2018,4.05349952888294
ISR,Israel,NY.GDP.MKTP.KD.ZG,2017,4.34394518932547
ISR,Israel,NY.GDP.MKTP.KD.ZG,2016,4.53601939236572
ISR,Israel,NY.GDP.MKTP.KD.ZG,2015,2.23599889603805
ISR,Israel,NY.GDP.MKTP.KD.ZG,2014,3.718144149431
ISR,Israel,NY.GDP.MKTP.KD.ZG,2013,4.09013743330735
ISR,Israel,NY.GDP.MKTP.KD.ZG,2012,2.40993765217618
ISR,Israel,NY.GDP.MKTP.KD.ZG,2011,5.51341969081251
ISR,Israel,NY.GDP.MKTP.KD.ZG,2010,5.54470607068944
ITA,Italy,NY.GDP.MKTP.KD.ZG,2019,0.429162533780342
ITA,Italy,NY.GDP.MKTP.KD.ZG,2018,0.826646712344115
ITA,Italy,NY.GDP.MKTP.KD.ZG,2017,1.60369995294101
ITA,Italy,NY.GDP.MKTP.KD.ZG,2016,1.23622108511661
ITA,Italy,NY.GDP.MKTP.KD.ZG,2015,0.885667635240807
ITA,Italy,NY.GDP.MKTP.KD.ZG,2014,-0.00138761730454462
ITA,Italy,NY.GDP.MKTP.KD.ZG,2013,-1.81802510749792
ITA,Italy,NY.GDP.MKTP.KD.ZG,2012,-3.12523877282996
ITA,Italy,NY.GDP.MKTP.KD.ZG,2011,0.695463154440176
ITA,Italy,NY.GDP.MKTP.KD.ZG,2010,1.52910573247101
JAM,Jamaica,NY.GDP.MKTP.KD.ZG,2019,1.80943147301357
JAM,Jamaica,NY.GDP.MKTP.KD.ZG,2018,2.51584458612513
JAM,Jamaica,NY.GDP.MKTP.KD.ZG,2017,2.29303371291363
JAM,Jamaica,NY.GDP.MKTP.KD.ZG,2016,2.76043761369557
JAM,Jamaica,NY.GDP.MKTP.KD.ZG,2015,0.92148712399856
JAM,Jamaica,NY.GDP.MKTP.KD.ZG,2014,0.689822359762587
JAM,Jamaica,NY.GDP.MKTP.KD.ZG,2013,0.517686011311724
JAM,Jamaica,NY.GDP.MKTP.KD.ZG,2012,-0.613636042132399
JAM,Jamaica,NY.GDP.MKTP.KD.ZG,2011,1.73037627006349
JAM,Jamaica,NY.GDP.MKTP.KD.ZG,2010,-1.45714720850386
JPN,Japan,NY.GDP.MKTP.KD.ZG,2019,-0.308496921143259
JPN,Japan,NY.GDP.MKTP.KD.ZG,2018,0.834143845965585
JPN,Japan,NY.GDP.MKTP.KD.ZG,2017,1.62345062245441
JPN,Japan,NY.GDP.MKTP.KD.ZG,2016,0.704986495111257
JPN,Japan,NY.GDP.MKTP.KD.ZG,2015,1.79997735783475
JPN,Japan,NY.GDP.MKTP.KD.ZG,2014,0.905915486065865
JPN,Japan,NY.GDP.MKTP.KD.ZG,2013,1.99727653399265
JPN,Japan,NY.GDP.MKTP.KD.ZG,2012,1.64893452981225
JPN,Japan,NY.GDP.MKTP.KD.ZG,2011,-0.20035785332982
JPN,Japan,NY.GDP.MKTP.KD.ZG,2010,4.13645589222239
JOR,Jordan,NY.GDP.MKTP.KD.ZG,2019,1.85633006592765
JOR,Jordan,NY.GDP.MKTP.KD.ZG,2018,1.85383415616927
JOR,Jordan,NY.GDP.MKTP.KD.ZG,2017,2.50770398070352
JOR,Jordan,NY.GDP.MKTP.KD.ZG,2016,2.11166806967252
JOR,Jordan,NY.GDP.MKTP.KD.ZG,2015,2.52261671092148
JOR,Jordan,NY.GDP.MKTP.KD.ZG,2014,3.32287328047509
JOR,Jordan,NY.GDP.MKTP.KD.ZG,2013,2.72311205964112
JOR,Jordan,NY.GDP.MKTP.KD.ZG,2012,2.40465716535539
JOR,Jordan,NY.GDP.MKTP.KD.ZG,2011,2.90729315392207
JOR,Jordan,NY.GDP.MKTP.KD.ZG,2010,2.6377158262256
KAZ,Kazakhstan,NY.GDP.MKTP.KD.ZG,2019,4.50000000091883
KAZ,Kazakhstan,NY.GDP.MKTP.KD.ZG,2018,4.09999999309841
KAZ,Kazakhstan,NY.GDP.MKTP.KD.ZG,2017,4.10000000257358
KAZ,Kazakhstan,NY.GDP.MKTP.KD.ZG,2016,1.09999999910173
KAZ,Kazakhstan,NY.GDP.MKTP.KD.ZG,2015,1.20000000053288
KAZ,Kazakhstan,NY.GDP.MKTP.KD.ZG,2014,4.20000000566705
KAZ,Kazakhstan,NY.GDP.MKTP.KD.ZG,2013,5.99999999671084
KAZ,Kazakhstan,NY.GDP.MKTP.KD.ZG,2012,4.79999999528297
KAZ,Kazakhstan,NY.GDP.MKTP.KD.ZG,2011,7.40000000144188
KAZ,Kazakhstan,NY.GDP.MKTP.KD.ZG,2010,7.30000000329814
KEN,Kenya,NY.GDP.MKTP.KD.ZG,2019,5.11415885767801
KEN,Kenya,NY.GDP.MKTP.KD.ZG,2018,5.64794640709219
KEN,Kenya,NY.GDP.MKTP.KD.ZG,2017,3.83795817364721
KEN,Kenya,NY.GDP.MKTP.KD.ZG,2016,4.21351706814744
KEN,Kenya,NY.GDP.MKTP.KD.ZG,2015,4.96772112759767
KEN,Kenya,NY.GDP.MKTP.KD.ZG,2014,5.02011100232484
KEN,Kenya,NY.GDP.MKTP.KD.ZG,2013,3.7978483925754
KEN,Kenya,NY.GDP.MKTP.KD.ZG,2012,4.56867961444982
KEN,Kenya,NY.GDP.MKTP.KD.ZG,2011,5.1211061197056
KEN,Kenya,NY.GDP.MKTP.KD.ZG,2010,8.05847360290906
KIR,Kiribati,NY.GDP.MKTP.KD.ZG,2019,3.31125827814569
KIR,Kiribati,NY.GDP.MKTP.KD.ZG,2018,3.42465753424656
KIR,Kiribati,NY.GDP.MKTP.KD.ZG,2017,3.71200171622053
KIR,Kiribati,NY.GDP.MKTP.KD.ZG,2016,7.08803465778669
KIR,Kiribati,NY.GDP.MKTP.KD.ZG,2015,11.2653209431294
KIR,Kiribati,NY.GDP.MKTP.KD.ZG,2014,1.26366268044595
KIR,Kiribati,NY.GDP.MKTP.KD.ZG,2013,7.73092188699647
KIR,Kiribati,NY.GDP.MKTP.KD.ZG,2012,5.80365974645258
KIR,Kiribati,NY.GDP.MKTP.KD.ZG,2011,3.26372719532225
KIR,Kiribati,NY.GDP.MKTP.KD.ZG,2010,1.2259519892488
KOR,"Korea, Rep.",NY.GDP.MKTP.KD.ZG,2019,2.31380210595475
KOR,"Korea, Rep.",NY.GDP.MKTP.KD.ZG,2018,3.17611568177327
KOR,"Korea, Rep.",NY.GDP.MKTP.KD.ZG,2017,3.433191763972
KOR,"Korea, Rep.",NY.GDP.MKTP.KD.ZG,2016,3.17152748983935
KOR,"Korea, Rep.",NY.GDP.MKTP.KD.ZG,2015,2.92029267301234
KOR,"Korea, Rep.",NY.GDP.MKTP.KD.ZG,2014,3.21468019683108
KOR,"Korea, Rep.",NY.GDP.MKTP.KD.ZG,2013,3.2913959543442
KOR,"Korea, Rep.",NY.GDP.MKTP.KD.ZG,2012,2.54766550568242
KOR,"Korea, Rep.",NY.GDP.MKTP.KD.ZG,2011,3.6880320602952
KOR,"Korea, Rep.",NY.GDP.MKTP.KD.ZG,2010,6.98166138853071
XKX,Kosovo,NY.GDP.MKTP.KD.ZG,2019,4.75680057007834
XKX,Kosovo,NY.GDP.MKTP.KD.ZG,2018,3.40663227056285
XKX,Kosovo,NY.GDP.MKTP.KD.ZG,2017,4.82565565298054
XKX,Kosovo,NY.GDP.MKTP.KD.ZG,2016,5.57177504731632
XKX,Kosovo,NY.GDP.MKTP.KD.ZG,2015,5.91623128345211
XKX,Kosovo,NY.GDP.MKTP.KD.ZG,2014,3.34880478431623
XKX,Kosovo,NY.GDP.MKTP.KD.ZG,2013,5.34079911900278
XKX,Kosovo,NY.GDP.MKTP.KD.ZG,2012,1.71219595890548
XKX,Kosovo,NY.GDP.MKTP.KD.ZG,2011,6.31981022896761
XKX,Kosovo,NY.GDP.MKTP.KD.ZG,2010,4.93995095961395
KWT,Kuwait,NY.GDP.MKTP.KD.ZG,2019,2.26381706595791
KWT,Kuwait,NY.GDP.MKTP.KD.ZG,2018,2.74333045031415
KWT,Kuwait,NY.GDP.MKTP.KD.ZG,2017,-4.71222270495362
KWT,Kuwait,NY.GDP.MKTP.KD.ZG,2016,2.92607584256388
KWT,Kuwait,NY.GDP.MKTP.KD.ZG,2015,0.592770817217982
KWT,Kuwait,NY.GDP.MKTP.KD.ZG,2014,0.500914669444924
KWT,Kuwait,NY.GDP.MKTP.KD.ZG,2013,1.14946552780648
KWT,Kuwait,NY.GDP.MKTP.KD.ZG,2012,6.62587485078971
KWT,Kuwait,NY.GDP.MKTP.KD.ZG,2011,9.62863419534361
KWT,Kuwait,NY.GDP.MKTP.KD.ZG,2010,-2.37054804425912
KGZ,Kyrgyz Republic,NY.GDP.MKTP.KD.ZG,2019,4.60062565707598
KGZ,Kyrgyz Republic,NY.GDP.MKTP.KD.ZG,2018,3.75791013557165
KGZ,Kyrgyz Republic,NY.GDP.MKTP.KD.ZG,2017,4.73993722377884
KGZ,Kyrgyz Republic,NY.GDP.MKTP.KD.ZG,2016,4.33585592190116
KGZ,Kyrgyz Republic,NY.GDP.MKTP.KD.ZG,2015,3.87582544512439
KGZ,Kyrgyz Republic,NY.GDP.MKTP.KD.ZG,2014,4.02403863083252
KGZ,Kyrgyz Republic,NY.GDP.MKTP.KD.ZG,2013,10.9154694528045
KGZ,Kyrgyz Republic,NY.GDP.MKTP.KD.ZG,2012,-0.0881501998439376
KGZ,Kyrgyz Republic,NY.GDP.MKTP.KD.ZG,2011,5.95627429693504
KGZ,Kyrgyz Republic,NY.GDP.MKTP.KD.ZG,2010,-0.471566596791618
LAO,Lao PDR,NY.GDP.MKTP.KD.ZG,2019,5.4577350924848
LAO,Lao PDR,NY.GDP.MKTP.KD.ZG,2018,6.24796000755872
LAO,Lao PDR,NY.GDP.MKTP.KD.ZG,2017,6.8925308726989
LAO,Lao PDR,NY.GDP.MKTP.KD.ZG,2016,7.02283625501138
LAO,Lao PDR,NY.GDP.MKTP.KD.ZG,2015,7.27006584373785
LAO,Lao PDR,NY.GDP.MKTP.KD.ZG,2014,7.61196343979319
LAO,Lao PDR,NY.GDP.MKTP.KD.ZG,2013,8.02630022699017
LAO,Lao PDR,NY.GDP.MKTP.KD.ZG,2012,8.02609843461283
LAO,Lao PDR,NY.GDP.MKTP.KD.ZG,2011,8.03865268023725
LAO,Lao PDR,NY.GDP.MKTP.KD.ZG,2010,8.52690551739717
LVA,Latvia,NY.GDP.MKTP.KD.ZG,2019,0.675372771884227
LVA,Latvia,NY.GDP.MKTP.KD.ZG,2018,4.30971286294503
LVA,Latvia,NY.GDP.MKTP.KD.ZG,2017,3.39894872623931
LVA,Latvia,NY.GDP.MKTP.KD.ZG,2016,2.55168601974034
LVA,Latvia,NY.GDP.MKTP.KD.ZG,2015,3.78336712084972
LVA,Latvia,NY.GDP.MKTP.KD.ZG,2014,2.0949597710559
LVA,Latvia,NY.GDP.MKTP.KD.ZG,2013,2.09609028156248
LVA,Latvia,NY.GDP.MKTP.KD.ZG,2012,7.30524057200897
LVA,Latvia,NY.GDP.MKTP.KD.ZG,2011,3.03634482668815
LVA,Latvia,NY.GDP.MKTP.KD.ZG,2010,-3.66125859554762
LBN,Lebanon,NY.GDP.MKTP.KD.ZG,2019,-6.91492472851026
LBN,Lebanon,NY.GDP.MKTP.KD.ZG,2018,-1.88470575631651
LBN,Lebanon,NY.GDP.MKTP.KD.ZG,2017,0.903028464073813
LBN,Lebanon,NY.GDP.MKTP.KD.ZG,2016,1.55454940856943
LBN,Lebanon,NY.GDP.MKTP.KD.ZG,2015,0.462320792597581
LBN,Lebanon,NY.GDP.MKTP.KD.ZG,2014,2.48406010500743
LBN,Lebanon,NY.GDP.MKTP.KD.ZG,2013,3.8278734986016
LBN,Lebanon,NY.GDP.MKTP.KD.ZG,2012,2.56479133680038
LBN,Lebanon,NY.GDP.MKTP.KD.ZG,2011,0.86733987855277
LBN,Lebanon,NY.GDP.MKTP.KD.ZG,2010,7.97513555844932
LSO,Lesotho,NY.GDP.MKTP.KD.ZG,2019,-1.41799383085205
LSO,Lesotho,NY.GDP.MKTP.KD.ZG,2018,-1.48063315848241
LSO,Lesotho,NY.GDP.MKTP.KD.ZG,2017,-3.13817493733471
LSO,Lesotho,NY.GDP.MKTP.KD.ZG,2016,3.60890731687714
LSO,Lesotho,NY.GDP.MKTP.KD.ZG,2015,3.12406678044546
LSO,Lesotho,NY.GDP.MKTP.KD.ZG,2014,1.71054990545476
LSO,Lesotho,NY.GDP.MKTP.KD.ZG,2013,1.79252555575545
LSO,Lesotho,NY.GDP.MKTP.KD.ZG,2012,6.33408374679448
LSO,Lesotho,NY.GDP.MKTP.KD.ZG,2011,4.61641394528752
LSO,Lesotho,NY.GDP.MKTP.KD.ZG,2010,5.26967078056286
LBR,Liberia,NY.GDP.MKTP.KD.ZG,2019,-2.46729763532686
LBR,Liberia,NY.GDP.MKTP.KD.ZG,2018,1.15757512207355
LBR,Liberia,NY.GDP.MKTP.KD.ZG,2017,2.45515592012239
LBR,Liberia,NY.GDP.MKTP.KD.ZG,2016,-1.5549586174878
LBR,Liberia,NY.GDP.MKTP.KD.ZG,2015,-0.0185649695590939
LBR,Liberia,NY.GDP.MKTP.KD.ZG,2014,0.701393100287518
LBR,Liberia,NY.GDP.MKTP.KD.ZG,2013,8.68728781639683
LBR,Liberia,NY.GDP.MKTP.KD.ZG,2012,7.99381444555367
LBR,Liberia,NY.GDP.MKTP.KD.ZG,2011,8.20076822497064
LBR,Liberia,NY.GDP.MKTP.KD.ZG,2010,6.09982524004147
LBY,Libya,NY.GDP.MKTP.KD.ZG,2019,-11.1960828853386
LBY,Libya,NY.GDP.MKTP.KD.ZG,2018,7.9413678529104
LBY,Libya,NY.GDP.MKTP.KD.ZG,2017,32.4918021862688
LBY,Libya,NY.GDP.MKTP.KD.ZG,2016,-1.4909411172622
LBY,Libya,NY.GDP.MKTP.KD.ZG,2015,-0.842656252118843
LBY,Libya,NY.GDP.MKTP.KD.ZG,2014,-23.0428058282215
LBY,Libya,NY.GDP.MKTP.KD.ZG,2013,-17.9979615745681
LBY,Libya,NY.GDP.MKTP.KD.ZG,2012,86.8267484395784
LBY,Libya,NY.GDP.MKTP.KD.ZG,2011,-50.3385151384986
LBY,Libya,NY.GDP.MKTP.KD.ZG,2010,5.0272476723775
LTU,Lithuania,NY.GDP.MKTP.KD.ZG,2019,4.67735183530451
LTU,Lithuania,NY.GDP.MKTP.KD.ZG,2018,4.91836780106811
LTU,Lithuania,NY.GDP.MKTP.KD.ZG,2017,4.61224310312809
LTU,Lithuania,NY.GDP.MKTP.KD.ZG,2016,2.67192215053329
LTU,Lithuania,NY.GDP.MKTP.KD.ZG,2015,2.83280643343234
LTU,Lithuania,NY.GDP.MKTP.KD.ZG,2014,3.7725437958099
LTU,Lithuania,NY.GDP.MKTP.KD.ZG,2013,4.04691318575325
LTU,Lithuania,NY.GDP.MKTP.KD.ZG,2012,4.38290584355157
LTU,Lithuania,NY.GDP.MKTP.KD.ZG,2011,6.32363664821298
LTU,Lithuania,NY.GDP.MKTP.KD.ZG,2010,0.427199566550769
LUX,Luxembourg,NY.GDP.MKTP.KD.ZG,2019,2.74932091920692
LUX,Luxembourg,NY.GDP.MKTP.KD.ZG,2018,1.61129891211624
LUX,Luxembourg,NY.GDP.MKTP.KD.ZG,2017,1.31711942298405
LUX,Luxembourg,NY.GDP.MKTP.KD.ZG,2016,4.97819047122638
LUX,Luxembourg,NY.GDP.MKTP.KD.ZG,2015,2.26836572735107
LUX,Luxembourg,NY.GDP.MKTP.KD.ZG,2014,2.62308838097542
LUX,Luxembourg,NY.GDP.MKTP.KD.ZG,2013,3.17168513780955
LUX,Luxembourg,NY.GDP.MKTP.KD.ZG,2012,1.64971134354685
LUX,Luxembourg,NY.GDP.MKTP.KD.ZG,2011,1.0442860057217
LUX,Luxembourg,NY.GDP.MKTP.KD.ZG,2010,3.76040578658925
MAC,"Macao SAR, China",NY.GDP.MKTP.KD.ZG,2019,-2.4609094006739
MAC,"Macao SAR, China",NY.GDP.MKTP.KD.ZG,2018,6.35917030567686
MAC,"Macao SAR, China",NY.GDP.MKTP.KD.ZG,2017,9.91855844513513
MAC,"Macao SAR, China",NY.GDP.MKTP.KD.ZG,2016,-0.701510212552961
MAC,"Macao SAR, China",NY.GDP.MKTP.KD.ZG,2015,-21.7540078753246
MAC,"Macao SAR, China",NY.GDP.MKTP.KD.ZG,2014,-2.03874227961819
MAC,"Macao SAR, China",NY.GDP.MKTP.KD.ZG,2013,10.7816711590297
MAC,"Macao SAR, China",NY.GDP.MKTP.KD.ZG,2012,9.21747479596735
MAC,"Macao SAR, China",NY.GDP.MKTP.KD.ZG,2011,21.6223064381087
MAC,"Macao SAR, China",NY.GDP.MKTP.KD.ZG,2010,25.1031075246958
MDG,Madagascar,NY.GDP.MKTP.KD.ZG,2019,4.41123212909589
MDG,Madagascar,NY.GDP.MKTP.KD.ZG,2018,3.19435651744398
MDG,Madagascar,NY.GDP.MKTP.KD.ZG,2017,3.93330759462793
MDG,Madagascar,NY.GDP.MKTP.KD.ZG,2016,3.99314606199499
MDG,Madagascar,NY.GDP.MKTP.KD.ZG,2015,3.13229807490305
MDG,Madagascar,NY.GDP.MKTP.KD.ZG,2014,3.33920311195367
MDG,Madagascar,NY.GDP.MKTP.KD.ZG,2013,2.30037622800727
MDG,Madagascar,NY.GDP.MKTP.KD.ZG,2012,3.01114811621208
MDG,Madagascar,NY.GDP.MKTP.KD.ZG,2011,1.57842705366555
MDG,Madagascar,NY.GDP.MKTP.KD.ZG,2010,0.619239744622121
MWI,Malawi,NY.GDP.MKTP.KD.ZG,2019,5.71682519194337
MWI,Malawi,NY.GDP.MKTP.KD.ZG,2018,4.35356471619211
MWI,Malawi,NY.GDP.MKTP.KD.ZG,2017,4.00000000089172
MWI,Malawi,NY.GDP.MKTP.KD.ZG,2016,2.49999999914311
MWI,Malawi,NY.GDP.MKTP.KD.ZG,2015,2.80000000003355
MWI,Malawi,NY.GDP.MKTP.KD.ZG,2014,5.62527000105139
MWI,Malawi,NY.GDP.MKTP.KD.ZG,2013,5.41034999817167
MWI,Malawi,NY.GDP.MKTP.KD.ZG,2012,1.90000000072909
MWI,Malawi,NY.GDP.MKTP.KD.ZG,2011,4.93266999813729
MWI,Malawi,NY.GDP.MKTP.KD.ZG,2010,6.87406585416142
MYS,Malaysia,NY.GDP.MKTP.KD.ZG,2019,4.41318742129586
MYS,Malaysia,NY.GDP.MKTP.KD.ZG,2018,4.84308697634881
MYS,Malaysia,NY.GDP.MKTP.KD.ZG,2017,5.81272240983328
MYS,Malaysia,NY.GDP.MKTP.KD.ZG,2016,4.44978139761541
MYS,Malaysia,NY.GDP.MKTP.KD.ZG,2015,5.09153242155011
MYS,Malaysia,NY.GDP.MKTP.KD.ZG,2014,6.00672194558203
MYS,Malaysia,NY.GDP.MKTP.KD.ZG,2013,4.69372252557893
MYS,Malaysia,NY.GDP.MKTP.KD.ZG,2012,5.47345419253853
MYS,Malaysia,NY.GDP.MKTP.KD.ZG,2011,5.29391283414003
MYS,Malaysia,NY.GDP.MKTP.KD.ZG,2010,7.42484738326097
MDV,Maldives,NY.GDP.MKTP.KD.ZG,2019,6.92305989050099
MDV,Maldives,NY.GDP.MKTP.KD.ZG,2018,8.5689555834747
MDV,Maldives,NY.GDP.MKTP.KD.ZG,2017,7.07442863215275
MDV,Maldives,NY.GDP.MKTP.KD.ZG,2016,6.37528306716864
MDV,Maldives,NY.GDP.MKTP.KD.ZG,2015,3.86813536494475
MDV,Maldives,NY.GDP.MKTP.KD.ZG,2014,7.86068643108074
MDV,Maldives,NY.GDP.MKTP.KD.ZG,2013,6.97496226412528
MDV,Maldives,NY.GDP.MKTP.KD.ZG,2012,2.38928797963442
MDV,Maldives,NY.GDP.MKTP.KD.ZG,2011,8.84342600490342
MDV,Maldives,NY.GDP.MKTP.KD.ZG,2010,6.7854678229144
MLI,Mali,NY.GDP.MKTP.KD.ZG,2019,4.99999911699705
MLI,Mali,NY.GDP.MKTP.KD.ZG,2018,4.86784999935264
MLI,Mali,NY.GDP.MKTP.KD.ZG,2017,5.37554769647939
MLI,Mali,NY.GDP.MKTP.KD.ZG,2016,6.00506308559498
MLI,Mali,NY.GDP.MKTP.KD.ZG,2015,6.23887890181064
MLI,Mali,NY.GDP.MKTP.KD.ZG,2014,6.50263878386326
MLI,Mali,NY.GDP.MKTP.KD.ZG,2013,3.29068742053545
MLI,Mali,NY.GDP.MKTP.KD.ZG,2012,-1.07239924147837
MLI,Mali,NY.GDP.MKTP.KD.ZG,2011,2.93537897118415
MLI,Mali,NY.GDP.MKTP.KD.ZG,2010,5.57678859793515
MLT,Malta,NY.GDP.MKTP.KD.ZG,2019,4.0850557312243
MLT,Malta,NY.GDP.MKTP.KD.ZG,2018,7.18921425536917
MLT,Malta,NY.GDP.MKTP.KD.ZG,2017,12.9713425287845
MLT,Malta,NY.GDP.MKTP.KD.ZG,2016,4.07800422216982
MLT,Malta,NY.GDP.MKTP.KD.ZG,2015,9.62070302842181
MLT,Malta,NY.GDP.MKTP.KD.ZG,2014,7.6313628225042
MLT,Malta,NY.GDP.MKTP.KD.ZG,2013,6.29233378116625
MLT,Malta,NY.GDP.MKTP.KD.ZG,2012,4.10167460261891
MLT,Malta,NY.GDP.MKTP.KD.ZG,2011,0.992201768011597
MLT,Malta,NY.GDP.MKTP.KD.ZG,2010,6.19734978656928
MHL,Marshall Islands,NY.GDP.MKTP.KD.ZG,2019,10.4521147301896
MHL,Marshall Islands,NY.GDP.MKTP.KD.ZG,2018,5.48717948717949
MHL,Marshall Islands,NY.GDP.MKTP.KD.ZG,2017,3.55815188528943
MHL,Marshall Islands,NY.GDP.MKTP.KD.ZG,2016,2.5040827436037
MHL,Marshall Islands,NY.GDP.MKTP.KD.ZG,2015,1.88574597892401
MHL,Marshall Islands,NY.GDP.MKTP.KD.ZG,2014,-1.25958378970427
MHL,Marshall Islands,NY.GDP.MKTP.KD.ZG,2013,3.80898237635019
MHL,Marshall Islands,NY.GDP.MKTP.KD.ZG,2012,-1.29068462401796
MHL,Marshall Islands,NY.GDP.MKTP.KD.ZG,2011,-0.502512562814076
MHL,Marshall Islands,NY.GDP.MKTP.KD.ZG,2010,5.53918680023571
MRT,Mauritania,NY.GDP.MKTP.KD.ZG,2019,3.14100489264639
MRT,Mauritania,NY.GDP.MKTP.KD.ZG,2018,4.77217363890155
MRT,Mauritania,NY.GDP.MKTP.KD.ZG,2017,6.27054569386574
MRT,Mauritania,NY.GDP.MKTP.KD.ZG,2016,1.26090922448303
MRT,Mauritania,NY.GDP.MKTP.KD.ZG,2015,5.37633923694936
MRT,Mauritania,NY.GDP.MKTP.KD.ZG,2014,4.27482327130284
MRT,Mauritania,NY.GDP.MKTP.KD.ZG,2013,4.15081318627171
MRT,Mauritania,NY.GDP.MKTP.KD.ZG,2012,4.47001318233693
MRT,Mauritania,NY.GDP.MKTP.KD.ZG,2011,4.17278328304418
MRT,Mauritania,NY.GDP.MKTP.KD.ZG,2010,2.62022952055378
MUS,Mauritius,NY.GDP.MKTP.KD.ZG,2019,2.86394938684734
MUS,Mauritius,NY.GDP.MKTP.KD.ZG,2018,4.11669369456492
MUS,Mauritius,NY.GDP.MKTP.KD.ZG,2017,3.95441730960265
MUS,Mauritius,NY.GDP.MKTP.KD.ZG,2016,3.88576121076034
MUS,Mauritius,NY.GDP.MKTP.KD.ZG,2015,3.71766362108832
MUS,Mauritius,NY.GDP.MKTP.KD.ZG,2014,3.85773905280689
MUS,Mauritius,NY.GDP.MKTP.KD.ZG,2013,3.39755085220649
MUS,Mauritius,NY.GDP.MKTP.KD.ZG,2012,3.51062090167264
MUS,Mauritius,NY.GDP.MKTP.KD.ZG,2011,4.14555262561014
MUS,Mauritius,NY.GDP.MKTP.KD.ZG,2010,4.39672657214976
MEX,Mexico,NY.GDP.MKTP.KD.ZG,2019,-0.392690513290532
MEX,Mexico,NY.GDP.MKTP.KD.ZG,2018,1.97208211101069
MEX,Mexico,NY.GDP.MKTP.KD.ZG,2017,1.87172854648381
MEX,Mexico,NY.GDP.MKTP.KD.ZG,2016,1.7724932254128
MEX,Mexico,NY.GDP.MKTP.KD.ZG,2015,2.70232343024026
MEX,Mexico,NY.GDP.MKTP.KD.ZG,2014,2.50376350783593
MEX,Mexico,NY.GDP.MKTP.KD.ZG,2013,0.852101550164704
MEX,Mexico,NY.GDP.MKTP.KD.ZG,2012,3.55321076010608
MEX,Mexico,NY.GDP.MKTP.KD.ZG,2011,3.44404505297089
MEX,Mexico,NY.GDP.MKTP.KD.ZG,2010,4.9713345832195
FSM,"Micronesia, Fed. Sts.",NY.GDP.MKTP.KD.ZG,2019,3.64372469635627
FSM,"Micronesia, Fed. Sts.",NY.GDP.MKTP.KD.ZG,2018,0.406504065040664
FSM,"Micronesia, Fed. Sts.",NY.GDP.MKTP.KD.ZG,2017,2.07468879668049
FSM,"Micronesia, Fed. Sts.",NY.GDP.MKTP.KD.ZG,2016,1.26050420168067
FSM,"Micronesia, Fed. Sts.",NY.GDP.MKTP.KD.ZG,2015,4.3859649122807
FSM,"Micronesia, Fed. Sts.",NY.GDP.MKTP.KD.ZG,2014,-2.56410256410257
FSM,"Micronesia, Fed. Sts.",NY.GDP.MKTP.KD.ZG,2013,-3.70370370370371
FSM,"Micronesia, Fed. Sts.",NY.GDP.MKTP.KD.ZG,2012,-1.61943319838058
FSM,"Micronesia, Fed. Sts.",NY.GDP.MKTP.KD.ZG,2011,3.78151260504202
FSM,"Micronesia, Fed. Sts.",NY.GDP.MKTP.KD.ZG,2010,1.7094017094017
MDA,Moldova,NY.GDP.MKTP.KD.ZG,2019,3.5523140853476
MDA,Moldova,NY.GDP.MKTP.KD.ZG,2018,4.07559546585034
MDA,Moldova,NY.GDP.MKTP.KD.ZG,2017,4.17561205106279
MDA,Moldova,NY.GDP.MKTP.KD.ZG,2016,4.64601436259409
MDA,Moldova,NY.GDP.MKTP.KD.ZG,2015,-0.338235622387202
MDA,Moldova,NY.GDP.MKTP.KD.ZG,2014,4.99962585407656
MDA,Moldova,NY.GDP.MKTP.KD.ZG,2013,9.0438656074181
MDA,Moldova,NY.GDP.MKTP.KD.ZG,2012,-0.589733954762579
MDA,Moldova,NY.GDP.MKTP.KD.ZG,2011,5.81816614684824
MDA,Moldova,NY.GDP.MKTP.KD.ZG,2010,7.10000010705836
MCO,Monaco,NY.GDP.MKTP.KD.ZG,2019,7.12088951975396
MCO,Monaco,NY.GDP.MKTP.KD.ZG,2018,5.69790121192926
MCO,Monaco,NY.GDP.MKTP.KD.ZG,2017,-3.20618323813213
MCO,Monaco,NY.GDP.MKTP.KD.ZG,2016,3.00844358752744
MCO,Monaco,NY.GDP.MKTP.KD.ZG,2015,4.91037176536236
MCO,Monaco,NY.GDP.MKTP.KD.ZG,2014,7.18702777537968
MCO,Monaco,NY.GDP.MKTP.KD.ZG,2013,9.57709832354816
MCO,Monaco,NY.GDP.MKTP.KD.ZG,2012,1.01221841230461
MCO,Monaco,NY.GDP.MKTP.KD.ZG,2011,7.02235694617619
MCO,Monaco,NY.GDP.MKTP.KD.ZG,2010,2.06521962654098
MNG,Mongolia,NY.GDP.MKTP.KD.ZG,2019,5.60224422064255
MNG,Mongolia,NY.GDP.MKTP.KD.ZG,2018,7.74488062024881
MNG,Mongolia,NY.GDP.MKTP.KD.ZG,2017,5.63687638694772
MNG,Mongolia,NY.GDP.MKTP.KD.ZG,2016,1.48978448679577
MNG,Mongolia,NY.GDP.MKTP.KD.ZG,2015,2.37983580731722
MNG,Mongolia,NY.GDP.MKTP.KD.ZG,2014,7.88522548204762
MNG,Mongolia,NY.GDP.MKTP.KD.ZG,2013,11.6489161878925
MNG,Mongolia,NY.GDP.MKTP.KD.ZG,2012,12.3198198494032
MNG,Mongolia,NY.GDP.MKTP.KD.ZG,2011,17.2907775869555
MNG,Mongolia,NY.GDP.MKTP.KD.ZG,2010,6.3651616786311
MNE,Montenegro,NY.GDP.MKTP.KD.ZG,2019,4.39391565821528
MNE,Montenegro,NY.GDP.MKTP.KD.ZG,2018,4.73292113433965
MNE,Montenegro,NY.GDP.MKTP.KD.ZG,2017,3.21668504736274
MNE,Montenegro,NY.GDP.MKTP.KD.ZG,2016,3.4393056210999
MNE,Montenegro,NY.GDP.MKTP.KD.ZG,2015,2.52306333975571
MNE,Montenegro,NY.GDP.MKTP.KD.ZG,2014,2.37030892464516
MNE,Montenegro,NY.GDP.MKTP.KD.ZG,2013,3.38612548540247
MNE,Montenegro,NY.GDP.MKTP.KD.ZG,2012,-2.48732882965353
MNE,Montenegro,NY.GDP.MKTP.KD.ZG,2011,3.40978812497193
MNE,Montenegro,NY.GDP.MKTP.KD.ZG,2010,2.77559782547836
MAR,Morocco,NY.GDP.MKTP.KD.ZG,2019,2.89097476137077
MAR,Morocco,NY.GDP.MKTP.KD.ZG,2018,3.06564133025955
MAR,Morocco,NY.GDP.MKTP.KD.ZG,2017,5.05789816173446
MAR,Morocco,NY.GDP.MKTP.KD.ZG,2016,0.52118550608968
MAR,Morocco,NY.GDP.MKTP.KD.ZG,2015,4.34458297635238
MAR,Morocco,NY.GDP.MKTP.KD.ZG,2014,2.7192440802029
MAR,Morocco,NY.GDP.MKTP.KD.ZG,2013,4.12221286860944
MAR,Morocco,NY.GDP.MKTP.KD.ZG,2012,3.06234368502997
MAR,Morocco,NY.GDP.MKTP.KD.ZG,2011,5.52464523319847
MAR,Morocco,NY.GDP.MKTP.KD.ZG,2010,3.49955709403216
MOZ,Mozambique,NY.GDP.MKTP.KD.ZG,2019,2.31781394821475
MOZ,Mozambique,NY.GDP.MKTP.KD.ZG,2018,3.48493202422782
MOZ,Mozambique,NY.GDP.MKTP.KD.ZG,2017,2.63820737310658
MOZ,Mozambique,NY.GDP.MKTP.KD.ZG,2016,4.69699024225795
MOZ,Mozambique,NY.GDP.MKTP.KD.ZG,2015,7.3930936986377
MOZ,Mozambique,NY.GDP.MKTP.KD.ZG,2014,7.70256844839309
MOZ,Mozambique,NY.GDP.MKTP.KD.ZG,2013,6.57141389665537
MOZ,Mozambique,NY.GDP.MKTP.KD.ZG,2012,7.9945031610722
MOZ,Mozambique,NY.GDP.MKTP.KD.ZG,2011,7.13405842300445
MOZ,Mozambique,NY.GDP.MKTP.KD.ZG,2010,6.67972935662864
MMR,Myanmar,NY.GDP.MKTP.KD.ZG,2019,6.57911006765414
MMR,Myanmar,NY.GDP.MKTP.KD.ZG,2018,6.26886221471075
MMR,Myanmar,NY.GDP.MKTP.KD.ZG,2017,6.13610824360305
MMR,Myanmar,NY.GDP.MKTP.KD.ZG,2016,5.86247291518572
MMR,Myanmar,NY.GDP.MKTP.KD.ZG,2015,6.99284029026121
MMR,Myanmar,NY.GDP.MKTP.KD.ZG,2014,8.16990745558277
MMR,Myanmar,NY.GDP.MKTP.KD.ZG,2013,8.42600102501767
MMR,Myanmar,NY.GDP.MKTP.KD.ZG,2012,7.33267044704149
MMR,Myanmar,NY.GDP.MKTP.KD.ZG,2011,5.59148237823661
MMR,Myanmar,NY.GDP.MKTP.KD.ZG,2010,9.6344394520444
NAM,Namibia,NY.GDP.MKTP.KD.ZG,2019,-0.839152163419357
NAM,Namibia,NY.GDP.MKTP.KD.ZG,2018,1.05993949860752
NAM,Namibia,NY.GDP.MKTP.KD.ZG,2017,-1.02724808856709
NAM,Namibia,NY.GDP.MKTP.KD.ZG,2016,0.0337944502063294
NAM,Namibia,NY.GDP.MKTP.KD.ZG,2015,4.26417453763675
NAM,Namibia,NY.GDP.MKTP.KD.ZG,2014,6.09251915977956
NAM,Namibia,NY.GDP.MKTP.KD.ZG,2013,5.61471962254485
NAM,Namibia,NY.GDP.MKTP.KD.ZG,2012,5.0616820696264
NAM,Namibia,NY.GDP.MKTP.KD.ZG,2011,5.09133813864338
NAM,Namibia,NY.GDP.MKTP.KD.ZG,2010,6.03924947955858
NRU,Naoero,NY.GDP.MKTP.KD.ZG,2019,8.5470085470084
NRU,Naoero,NY.GDP.MKTP.KD.ZG,2018,-0.847457627118729
NRU,Naoero,NY.GDP.MKTP.KD.ZG,2017,-6.34920634920609
NRU,Naoero,NY.GDP.MKTP.KD.ZG,2016,4.13223140495909
NRU,Naoero,NY.GDP.MKTP.KD.ZG,2015,3.41880341880281
NRU,Naoero,NY.GDP.MKTP.KD.ZG,2014,15.8415841584163
NRU,Naoero,NY.GDP.MKTP.KD.ZG,2013,4.12371134020613
NRU,Naoero,NY.GDP.MKTP.KD.ZG,2012,24.3589743589745
NRU,Naoero,NY.GDP.MKTP.KD.ZG,2011,14.7058823529412
NRU,Naoero,NY.GDP.MKTP.KD.ZG,2010,0
NPL,Nepal,NY.GDP.MKTP.KD.ZG,2019,6.65705543110468
NPL,Nepal,NY.GDP.MKTP.KD.ZG,2018,7.62237610397933
NPL,Nepal,NY.GDP.MKTP.KD.ZG,2017,8.97727935643466
NPL,Nepal,NY.GDP.MKTP.KD.ZG,2016,0.433113719381524
NPL,Nepal,NY.GDP.MKTP.KD.ZG,2015,3.97605327162971
NPL,Nepal,NY.GDP.MKTP.KD.ZG,2014,6.01148284250441
NPL,Nepal,NY.GDP.MKTP.KD.ZG,2013,3.52515317129149
NPL,Nepal,NY.GDP.MKTP.KD.ZG,2012,4.67014192446953
NPL,Nepal,NY.GDP.MKTP.KD.ZG,2011,3.42180870116162
NPL,Nepal,NY.GDP.MKTP.KD.ZG,2010,4.81641464694573
NLD,Netherlands,NY.GDP.MKTP.KD.ZG,2019,2.3001616053659
NLD,Netherlands,NY.GDP.MKTP.KD.ZG,2018,2.25873158164956
NLD,Netherlands,NY.GDP.MKTP.KD.ZG,2017,2.78150834679987
NLD,Netherlands,NY.GDP.MKTP.KD.ZG,2016,2.42428065449427
NLD,Netherlands,NY.GDP.MKTP.KD.ZG,2015,2.12064007193544
NLD,Netherlands,NY.GDP.MKTP.KD.ZG,2014,1.61255885112396
NLD,Netherlands,NY.GDP.MKTP.KD.ZG,2013,-0.0302410184270769
NLD,Netherlands,NY.GDP.MKTP.KD.ZG,2012,-0.977826121310997
NLD,Netherlands,NY.GDP.MKTP.KD.ZG,2011,1.77330320575034
NLD,Netherlands,NY.GDP.MKTP.KD.ZG,2010,1.31935287897116
NCL,New Caledonia,NY.GDP.MKTP.KD.ZG,2019,-1.39999999506659
NCL,New Caledonia,NY.GDP.MKTP.KD.ZG,2018,0.400000000000006
NZL,New Zealand,NY.GDP.MKTP.KD.ZG,2019,2.32371708441623
NZL,New Zealand,NY.GDP.MKTP.KD.ZG,2018,3.32219666491432
NZL,New Zealand,NY.GDP.MKTP.KD.ZG,2017,3.31568621648204
NZL,New Zealand,NY.GDP.MKTP.KD.ZG,2016,3.7435247472109
NZL,New Zealand,NY.GDP.MKTP.KD.ZG,2015,3.72968312125018
NZL,New Zealand,NY.GDP.MKTP.KD.ZG,2014,3.81933619307242
NZL,New Zealand,NY.GDP.MKTP.KD.ZG,2013,2.5648360739867
NZL,New Zealand,NY.GDP.MKTP.KD.ZG,2012,2.30256429520961
NZL,New Zealand,NY.GDP.MKTP.KD.ZG,2011,2.1445004445998
NZL,New Zealand,NY.GDP.MKTP.KD.ZG,2010,1.47182504276788
NIC,Nicaragua,NY.GDP.MKTP.KD.ZG,2019,-2.89686986728901
NIC,Nicaragua,NY.GDP.MKTP.KD.ZG,2018,-3.3633566598573
NIC,Nicaragua,NY.GDP.MKTP.KD.ZG,2017,4.63120757580209
NIC,Nicaragua,NY.GDP.MKTP.KD.ZG,2016,4.56314739524967
NIC,Nicaragua,NY.GDP.MKTP.KD.ZG,2015,4.79226768332697
NIC,Nicaragua,NY.GDP.MKTP.KD.ZG,2014,4.78546013589983
NIC,Nicaragua,NY.GDP.MKTP.KD.ZG,2013,4.92709413447304
NIC,Nicaragua,NY.GDP.MKTP.KD.ZG,2012,6.4961364710876
NIC,Nicaragua,NY.GDP.MKTP.KD.ZG,2011,6.31668553491842
NIC,Nicaragua,NY.GDP.MKTP.KD.ZG,2010,4.41009911716546
NER,Niger,NY.GDP.MKTP.KD.ZG,2019,6.07881528959186
NER,Niger,NY.GDP.MKTP.KD.ZG,2018,6.89458420864513
NER,Niger,NY.GDP.MKTP.KD.ZG,2017,5.53198531271451
NER,Niger,NY.GDP.MKTP.KD.ZG,2016,4.28137558478143
NER,Niger,NY.GDP.MKTP.KD.ZG,2015,4.39264883207291
NER,Niger,NY.GDP.MKTP.KD.ZG,2014,6.64213665495603
NER,Niger,NY.GDP.MKTP.KD.ZG,2013,5.31513063394726
NER,Niger,NY.GDP.MKTP.KD.ZG,2012,10.5489445763446
NER,Niger,NY.GDP.MKTP.KD.ZG,2011,2.35775693603874
NER,Niger,NY.GDP.MKTP.KD.ZG,2010,8.57816674262253
NGA,Nigeria,NY.GDP.MKTP.KD.ZG,2019,2.20842927835211
NGA,Nigeria,NY.GDP.MKTP.KD.ZG,2018,1.92275734199798
NGA,Nigeria,NY.GDP.MKTP.KD.ZG,2017,0.805886619091581
NGA,Nigeria,NY.GDP.MKTP.KD.ZG,2016,-1.61686894903467
NGA,Nigeria,NY.GDP.MKTP.KD.ZG,2015,2.65269329541779
NGA,Nigeria,NY.GDP.MKTP.KD.ZG,2014,6.30971865521856
NGA,Nigeria,NY.GDP.MKTP.KD.ZG,2013,6.67133539308232
NGA,Nigeria,NY.GDP.MKTP.KD.ZG,2012,4.23006117492493
NGA,Nigeria,NY.GDP.MKTP.KD.ZG,2011,5.30792420293915
NGA,Nigeria,NY.GDP.MKTP.KD.ZG,2010,8.00565591623166
MKD,North Macedonia,NY.GDP.MKTP.KD.ZG,2019,3.91041953840173
MKD,North Macedonia,NY.GDP.MKTP.KD.ZG,2018,2.88059670964267
MKD,North Macedonia,NY.GDP.MKTP.KD.ZG,2017,1.08177273813243
MKD,North Macedonia,NY.GDP.MKTP.KD.ZG,2016,2.84820519363306
MKD,North Macedonia,NY.GDP.MKTP.KD.ZG,2015,3.85586514041738
MKD,North Macedonia,NY.GDP.MKTP.KD.ZG,2014,3.62912351276373
MKD,North Macedonia,NY.GDP.MKTP.KD.ZG,2013,2.92525766450484
MKD,North Macedonia,NY.GDP.MKTP.KD.ZG,2012,-0.456183223607937
MKD,North Macedonia,NY.GDP.MKTP.KD.ZG,2011,2.33988604520331
MKD,North Macedonia,NY.GDP.MKTP.KD.ZG,2010,3.35875085773812
MNP,Northern Mariana Islands,NY.GDP.MKTP.KD.ZG,2019,-11.4474929044465
MNP,Northern Mariana Islands,NY.GDP.MKTP.KD.ZG,2018,-19.4973343488195
MNP,Northern Mariana Islands,NY.GDP.MKTP.KD.ZG,2017,23.1707317073171
MNP,Northern Mariana Islands,NY.GDP.MKTP.KD.ZG,2016,29.2121212121212
MNP,Northern Mariana Islands,NY.GDP.MKTP.KD.ZG,2015,3.38345864661653
MNP,Northern Mariana Islands,NY.GDP.MKTP.KD.ZG,2014,4.177545691906
MNP,Northern Mariana Islands,NY.GDP.MKTP.KD.ZG,2013,2.68096514745308
MNP,Northern Mariana Islands,NY.GDP.MKTP.KD.ZG,2012,0.810810810810807
MNP,Northern Mariana Islands,NY.GDP.MKTP.KD.ZG,2011,-7.38423028785982
MNP,Northern Mariana Islands,NY.GDP.MKTP.KD.ZG,2010,1.3959390862944
NOR,Norway,NY.GDP.MKTP.KD.ZG,2019,1.46970781954143
NOR,Norway,NY.GDP.MKTP.KD.ZG,2018,1.1103912365576
NOR,Norway,NY.GDP.MKTP.KD.ZG,2017,2.66964474273466
NOR,Norway,NY.GDP.MKTP.KD.ZG,2016,1.29158732771135
NOR,Norway,NY.GDP.MKTP.KD.ZG,2015,2.04428845501438
NOR,Norway,NY.GDP.MKTP.KD.ZG,2014,2.09521388080101
NOR,Norway,NY.GDP.MKTP.KD.ZG,2013,1.27290177696287
NOR,Norway,NY.GDP.MKTP.KD.ZG,2012,2.82395673492459
NOR,Norway,NY.GDP.MKTP.KD.ZG,2011,1.38505117083945
NOR,Norway,NY.GDP.MKTP.KD.ZG,2010,1.00493269017117
OMN,Oman,NY.GDP.MKTP.KD.ZG,2019,-1.12863801728058
OMN,Oman,NY.GDP.MKTP.KD.ZG,2018,1.28710391543288
OMN,Oman,NY.GDP.MKTP.KD.ZG,2017,0.304057565922449
OMN,Oman,NY.GDP.MKTP.KD.ZG,2016,5.04642394571691
OMN,Oman,NY.GDP.MKTP.KD.ZG,2015,5.01705799719045
OMN,Oman,NY.GDP.MKTP.KD.ZG,2014,1.29225229411081
OMN,Oman,NY.GDP.MKTP.KD.ZG,2013,5.22770408145942
OMN,Oman,NY.GDP.MKTP.KD.ZG,2012,8.86312225557018
OMN,Oman,NY.GDP.MKTP.KD.ZG,2011,2.89460973541192
OMN,Oman,NY.GDP.MKTP.KD.ZG,2010,2.47199856582773
PAK,Pakistan,NY.GDP.MKTP.KD.ZG,2019,2.49763692943365
PAK,Pakistan,NY.GDP.MKTP.KD.ZG,2018,6.15170261099519
PAK,Pakistan,NY.GDP.MKTP.KD.ZG,2017,4.43262590683975
PAK,Pakistan,NY.GDP.MKTP.KD.ZG,2016,6.57383828511043
PAK,Pakistan,NY.GDP.MKTP.KD.ZG,2015,4.21794209572506
PAK,Pakistan,NY.GDP.MKTP.KD.ZG,2014,4.11642817161422
PAK,Pakistan,NY.GDP.MKTP.KD.ZG,2013,4.36686504978387
PAK,Pakistan,NY.GDP.MKTP.KD.ZG,2012,3.02758391088629
PAK,Pakistan,NY.GDP.MKTP.KD.ZG,2011,2.68011685421705
PAK,Pakistan,NY.GDP.MKTP.KD.ZG,2010,1.50171752152883
PLW,Palau,NY.GDP.MKTP.KD.ZG,2019,0.300684343692609
PLW,Palau,NY.GDP.MKTP.KD.ZG,2018,-0.417625859260369
PLW,Palau,NY.GDP.MKTP.KD.ZG,2017,-3.42143170174889
PLW,Palau,NY.GDP.MKTP.KD.ZG,2016,1.66650688235592
PLW,Palau,NY.GDP.MKTP.KD.ZG,2015,8.57000568228419
PLW,Palau,NY.GDP.MKTP.KD.ZG,2014,4.21392368136632
PLW,Palau,NY.GDP.MKTP.KD.ZG,2013,-1.39368330622723
PLW,Palau,NY.GDP.MKTP.KD.ZG,2012,2.06132919740671
PLW,Palau,NY.GDP.MKTP.KD.ZG,2011,4.5453422056307
PLW,Palau,NY.GDP.MKTP.KD.ZG,2010,-3.02648271979963
PAN,Panama,NY.GDP.MKTP.KD.ZG,2019,3.10295395631086
PAN,Panama,NY.GDP.MKTP.KD.ZG,2018,3.91824253321265
PAN,Panama,NY.GDP.MKTP.KD.ZG,2017,5.7440594635578
PAN,Panama,NY.GDP.MKTP.KD.ZG,2016,4.57196707937275
PAN,Panama,NY.GDP.MKTP.KD.ZG,2015,5.26691719595516
PAN,Panama,NY.GDP.MKTP.KD.ZG,2014,4.62581375565551
PAN,Panama,NY.GDP.MKTP.KD.ZG,2013,6.32435388662846
PAN,Panama,NY.GDP.MKTP.KD.ZG,2012,9.62729346439019
PAN,Panama,NY.GDP.MKTP.KD.ZG,2011,11.9088772249531
PAN,Panama,NY.GDP.MKTP.KD.ZG,2010,6.07339353106087
PNG,Papua New Guinea,NY.GDP.MKTP.KD.ZG,2019,4.48051456942582
PNG,Papua New Guinea,NY.GDP.MKTP.KD.ZG,2018,-0.279252284959952
PNG,Papua New Guinea,NY.GDP.MKTP.KD.ZG,2017,3.53461081750459
PNG,Papua New Guinea,NY.GDP.MKTP.KD.ZG,2016,5.48957315278187
PNG,Papua New Guinea,NY.GDP.MKTP.KD.ZG,2015,6.57835632304275
PNG,Papua New Guinea,NY.GDP.MKTP.KD.ZG,2014,13.5437706216546
PNG,Papua New Guinea,NY.GDP.MKTP.KD.ZG,2013,3.82494632800675
PNG,Papua New Guinea,NY.GDP.MKTP.KD.ZG,2012,4.65711959686239
PNG,Papua New Guinea,NY.GDP.MKTP.KD.ZG,2011,1.10754362619616
PNG,Papua New Guinea,NY.GDP.MKTP.KD.ZG,2010,10.1284540720232
PRY,Paraguay,NY.GDP.MKTP.KD.ZG,2019,-0.40185510068001
PRY,Paraguay,NY.GDP.MKTP.KD.ZG,2018,3.20425034076639
PRY,Paraguay,NY.GDP.MKTP.KD.ZG,2017,4.81007885554041
PRY,Paraguay,NY.GDP.MKTP.KD.ZG,2016,4.26802583314583
PRY,Paraguay,NY.GDP.MKTP.KD.ZG,2015,2.95715168367079
PRY,Paraguay,NY.GDP.MKTP.KD.ZG,2014,5.30123864473624
PRY,Paraguay,NY.GDP.MKTP.KD.ZG,2013,8.29307648940471
PRY,Paraguay,NY.GDP.MKTP.KD.ZG,2012,-0.708043112316886
PRY,Paraguay,NY.GDP.MKTP.KD.ZG,2011,4.28637120702282
PRY,Paraguay,NY.GDP.MKTP.KD.ZG,2010,11.0952312685521
PER,Peru,NY.GDP.MKTP.KD.ZG,2019,2.24063176875049
PER,Peru,NY.GDP.MKTP.KD.ZG,2018,3.969351341365
PER,Peru,NY.GDP.MKTP.KD.ZG,2017,2.51883544233135
PER,Peru,NY.GDP.MKTP.KD.ZG,2016,3.95331871520767
PER,Peru,NY.GDP.MKTP.KD.ZG,2015,3.25224477218451
PER,Peru,NY.GDP.MKTP.KD.ZG,2014,2.38215737180541
PER,Peru,NY.GDP.MKTP.KD.ZG,2013,5.85251821084928
PER,Peru,NY.GDP.MKTP.KD.ZG,2012,6.13972470560435
PER,Peru,NY.GDP.MKTP.KD.ZG,2011,6.32719240161117
PER,Peru,NY.GDP.MKTP.KD.ZG,2010,8.33245910749577
PHL,Philippines,NY.GDP.MKTP.KD.ZG,2019,6.11852566221303
PHL,Philippines,NY.GDP.MKTP.KD.ZG,2018,6.34148557153473
PHL,Philippines,NY.GDP.MKTP.KD.ZG,2017,6.9309883258402
PHL,Philippines,NY.GDP.MKTP.KD.ZG,2016,7.14945675000752
PHL,Philippines,NY.GDP.MKTP.KD.ZG,2015,6.34830971672761
PHL,Philippines,NY.GDP.MKTP.KD.ZG,2014,6.34798748260867
PHL,Philippines,NY.GDP.MKTP.KD.ZG,2013,6.75053130142255
PHL,Philippines,NY.GDP.MKTP.KD.ZG,2012,6.89695171050985
PHL,Philippines,NY.GDP.MKTP.KD.ZG,2011,3.85823282795663
PHL,Philippines,NY.GDP.MKTP.KD.ZG,2010,7.33449996034538
POL,Poland,NY.GDP.MKTP.KD.ZG,2019,4.58045817256199
POL,Poland,NY.GDP.MKTP.KD.ZG,2018,6.2458584723942
POL,Poland,NY.GDP.MKTP.KD.ZG,2017,5.15245773325907
POL,Poland,NY.GDP.MKTP.KD.ZG,2016,3.03117767594847
POL,Poland,NY.GDP.MKTP.KD.ZG,2015,4.43176700264478
POL,Poland,NY.GDP.MKTP.KD.ZG,2014,3.92050862390032
POL,Poland,NY.GDP.MKTP.KD.ZG,2013,0.684240607051805
POL,Poland,NY.GDP.MKTP.KD.ZG,2012,1.51178167644575
POL,Poland,NY.GDP.MKTP.KD.ZG,2011,5.25546256612796
POL,Poland,NY.GDP.MKTP.KD.ZG,2010,3.16892748258036
PRT,Portugal,NY.GDP.MKTP.KD.ZG,2019,2.74568432648596
PRT,Portugal,NY.GDP.MKTP.KD.ZG,2018,2.94628343449202
PRT,Portugal,NY.GDP.MKTP.KD.ZG,2017,3.31472008175986
PRT,Portugal,NY.GDP.MKTP.KD.ZG,2016,2.00414129666575
PRT,Portugal,NY.GDP.MKTP.KD.ZG,2015,1.58979803702681
PRT,Portugal,NY.GDP.MKTP.KD.ZG,2014,0.741391420706506
PRT,Portugal,NY.GDP.MKTP.KD.ZG,2013,-0.984106574148328
PRT,Portugal,NY.GDP.MKTP.KD.ZG,2012,-4.05090267621935
PRT,Portugal,NY.GDP.MKTP.KD.ZG,2011,-1.71352745905065
PRT,Portugal,NY.GDP.MKTP.KD.ZG,2010,1.73762453640036
PRI,Puerto Rico (US),NY.GDP.MKTP.KD.ZG,2019,1.67546379498209
PRI,Puerto Rico (US),NY.GDP.MKTP.KD.ZG,2018,-4.36142703162535
PRI,Puerto Rico (US),NY.GDP.MKTP.KD.ZG,2017,-2.88521838398481
PRI,Puerto Rico (US),NY.GDP.MKTP.KD.ZG,2016,-1.26369434781117
PRI,Puerto Rico (US),NY.GDP.MKTP.KD.ZG,2015,-1.04929003238674
PRI,Puerto Rico (US),NY.GDP.MKTP.KD.ZG,2014,-1.19036347346942
PRI,Puerto Rico (US),NY.GDP.MKTP.KD.ZG,2013,-0.306826666941774
PRI,Puerto Rico (US),NY.GDP.MKTP.KD.ZG,2012,0.0292751500944064
PRI,Puerto Rico (US),NY.GDP.MKTP.KD.ZG,2011,-0.358510636850312
PRI,Puerto Rico (US),NY.GDP.MKTP.KD.ZG,2010,-0.413254119172365
QAT,Qatar,NY.GDP.MKTP.KD.ZG,2019,0.688240954592672
QAT,Qatar,NY.GDP.MKTP.KD.ZG,2018,1.23487220191065
QAT,Qatar,NY.GDP.MKTP.KD.ZG,2017,-1.49760470227838
QAT,Qatar,NY.GDP.MKTP.KD.ZG,2016,3.06419188430156
QAT,Qatar,NY.GDP.MKTP.KD.ZG,2015,4.75334572438737
QAT,Qatar,NY.GDP.MKTP.KD.ZG,2014,4.11911527912761
QAT,Qatar,NY.GDP.MKTP.KD.ZG,2013,4.43070196521455
QAT,Qatar,NY.GDP.MKTP.KD.ZG,2012,4.62623675511804
QAT,Qatar,NY.GDP.MKTP.KD.ZG,2011,13.0214050496923
QAT,Qatar,NY.GDP.MKTP.KD.ZG,2010,16.7315558489187
ROU,Romania,NY.GDP.MKTP.KD.ZG,2019,3.96028958497598
ROU,Romania,NY.GDP.MKTP.KD.ZG,2018,5.39452228185675
ROU,Romania,NY.GDP.MKTP.KD.ZG,2017,8.19547826641261
ROU,Romania,NY.GDP.MKTP.KD.ZG,2016,2.85993252302089
ROU,Romania,NY.GDP.MKTP.KD.ZG,2015,3.1570360543854
ROU,Romania,NY.GDP.MKTP.KD.ZG,2014,4.11600109267832
ROU,Romania,NY.GDP.MKTP.KD.ZG,2013,0.278771877470234
ROU,Romania,NY.GDP.MKTP.KD.ZG,2012,1.90361696799603
ROU,Romania,NY.GDP.MKTP.KD.ZG,2011,4.49558909946313
ROU,Romania,NY.GDP.MKTP.KD.ZG,2010,-3.90581157302972
RUS,Russian Federation,NY.GDP.MKTP.KD.ZG,2019,2.19807571381982
RUS,Russian Federation,NY.GDP.MKTP.KD.ZG,2018,2.80634082046656
RUS,Russian Federation,NY.GDP.MKTP.KD.ZG,2017,1.82670527549192
RUS,Russian Federation,NY.GDP.MKTP.KD.ZG,2016,0.193671130698817
RUS,Russian Federation,NY.GDP.MKTP.KD.ZG,2015,-1.9727192264298
RUS,Russian Federation,NY.GDP.MKTP.KD.ZG,2014,0.736267221403651
RUS,Russian Federation,NY.GDP.MKTP.KD.ZG,2013,1.75542214916291
RUS,Russian Federation,NY.GDP.MKTP.KD.ZG,2012,4.0240861571798
RUS,Russian Federation,NY.GDP.MKTP.KD.ZG,2011,4.30002918604238
RUS,Russian Federation,NY.GDP.MKTP.KD.ZG,2010,4.49999999920672
RWA,Rwanda,NY.GDP.MKTP.KD.ZG,2019,9.28613387454543
RWA,Rwanda,NY.GDP.MKTP.KD.ZG,2018,8.07084254621641
RWA,Rwanda,NY.GDP.MKTP.KD.ZG,2017,4.70393439751061
RWA,Rwanda,NY.GDP.MKTP.KD.ZG,2016,5.65874584202778
RWA,Rwanda,NY.GDP.MKTP.KD.ZG,2015,8.87036752872743
RWA,Rwanda,NY.GDP.MKTP.KD.ZG,2014,5.66845354233575
RWA,Rwanda,NY.GDP.MKTP.KD.ZG,2013,4.71984856950924
RWA,Rwanda,NY.GDP.MKTP.KD.ZG,2012,8.64150815708138
RWA,Rwanda,NY.GDP.MKTP.KD.ZG,2011,7.95838869909085
RWA,Rwanda,NY.GDP.MKTP.KD.ZG,2010,7.33465645016436
WSM,Samoa,NY.GDP.MKTP.KD.ZG,2019,4.45185891688691
WSM,Samoa,NY.GDP.MKTP.KD.ZG,2018,-0.609647103380141
WSM,Samoa,NY.GDP.MKTP.KD.ZG,2017,1.40628239971301
WSM,Samoa,NY.GDP.MKTP.KD.ZG,2016,7.9838628784713
WSM,Samoa,NY.GDP.MKTP.KD.ZG,2015,3.8503618166494
WSM,Samoa,NY.GDP.MKTP.KD.ZG,2014,0.659923768782861
WSM,Samoa,NY.GDP.MKTP.KD.ZG,2013,0.107293276488932
WSM,Samoa,NY.GDP.MKTP.KD.ZG,2012,-3.73213020890266
WSM,Samoa,NY.GDP.MKTP.KD.ZG,2011,3.84907794660396
WSM,Samoa,NY.GDP.MKTP.KD.ZG,2010,6.1247199226125
SMR,San Marino,NY.GDP.MKTP.KD.ZG,2019,2.06569082920953
SMR,San Marino,NY.GDP.MKTP.KD.ZG,2018,1.49390399796074
SMR,San Marino,NY.GDP.MKTP.KD.ZG,2017,0.258259899709444
SMR,San Marino,NY.GDP.MKTP.KD.ZG,2016,2.34441211810459
SMR,San Marino,NY.GDP.MKTP.KD.ZG,2015,2.29150309460655
SMR,San Marino,NY.GDP.MKTP.KD.ZG,2014,-0.702370500438988
SMR,San Marino,NY.GDP.MKTP.KD.ZG,2013,-0.78397212543554
SMR,San Marino,NY.GDP.MKTP.KD.ZG,2012,-7.04453441295546
SMR,San Marino,NY.GDP.MKTP.KD.ZG,2011,-8.3147735708983
SMR,San Marino,NY.GDP.MKTP.KD.ZG,2010,-5.47368421052632
STP,Sao Tome and Principe,NY.GDP.MKTP.KD.ZG,2019,2.01431672129407
STP,Sao Tome and Principe,NY.GDP.MKTP.KD.ZG,2018,4.37812808264972
STP,Sao Tome and Principe,NY.GDP.MKTP.KD.ZG,2017,4.11297966281954
STP,Sao Tome and Principe,NY.GDP.MKTP.KD.ZG,2016,5.17682468684113
STP,Sao Tome and Principe,NY.GDP.MKTP.KD.ZG,2015,1.5397042826735
STP,Sao Tome and Principe,NY.GDP.MKTP.KD.ZG,2014,4.90621048664867
STP,Sao Tome and Principe,NY.GDP.MKTP.KD.ZG,2013,5.11967735428513
STP,Sao Tome and Principe,NY.GDP.MKTP.KD.ZG,2012,2.94294277416023
STP,Sao Tome and Principe,NY.GDP.MKTP.KD.ZG,2011,1.99943210333259
STP,Sao Tome and Principe,NY.GDP.MKTP.KD.ZG,2010,1.44845522890635
SAU,Saudi Arabia,NY.GDP.MKTP.KD.ZG,2019,1.65158925617395
SAU,Saudi Arabia,NY.GDP.MKTP.KD.ZG,2018,3.2269508901591
SAU,Saudi Arabia,NY.GDP.MKTP.KD.ZG,2017,1.18210705878283
SAU,Saudi Arabia,NY.GDP.MKTP.KD.ZG,2016,1.70404739202878
SAU,Saudi Arabia,NY.GDP.MKTP.KD.ZG,2015,4.65512316652699
SAU,Saudi Arabia,NY.GDP.MKTP.KD.ZG,2014,4.02467158380668
SAU,Saudi Arabia,NY.GDP.MKTP.KD.ZG,2013,2.94563789152025
SAU,Saudi Arabia,NY.GDP.MKTP.KD.ZG,2012,5.76157382270968
SAU,Saudi Arabia,NY.GDP.MKTP.KD.ZG,2011,11.758820686671
SAU,Saudi Arabia,NY.GDP.MKTP.KD.ZG,2010,5.0395150823517
SEN,Senegal,NY.GDP.MKTP.KD.ZG,2019,4.6136280976221
SEN,Senegal,NY.GDP.MKTP.KD.ZG,2018,6.20924103388887
SEN,Senegal,NY.GDP.MKTP.KD.ZG,2017,7.40748618589598
SEN,Senegal,NY.GDP.MKTP.KD.ZG,2016,6.35606857208136
SEN,Senegal,NY.GDP.MKTP.KD.ZG,2015,6.36704365066983
SEN,Senegal,NY.GDP.MKTP.KD.ZG,2014,6.22407443790986
SEN,Senegal,NY.GDP.MKTP.KD.ZG,2013,2.41238527605579
SEN,Senegal,NY.GDP.MKTP.KD.ZG,2012,4.00299555090457
SEN,Senegal,NY.GDP.MKTP.KD.ZG,2011,1.33409107961258
SEN,Senegal,NY.GDP.MKTP.KD.ZG,2010,3.39088925336209
SRB,Serbia,NY.GDP.MKTP.KD.ZG,2019,4.75020793899014
SRB,Serbia,NY.GDP.MKTP.KD.ZG,2018,4.64935035491007
SRB,Serbia,NY.GDP.MKTP.KD.ZG,2017,2.3634031250553
SRB,Serbia,NY.GDP.MKTP.KD.ZG,2016,2.97519807160826
SRB,Serbia,NY.GDP.MKTP.KD.ZG,2015,1.2957386351958
SRB,Serbia,NY.GDP.MKTP.KD.ZG,2014,-1.80427041681132
SRB,Serbia,NY.GDP.MKTP.KD.ZG,2013,0.451578805330726
SRB,Serbia,NY.GDP.MKTP.KD.ZG,2012,-0.443956070983248
SRB,Serbia,NY.GDP.MKTP.KD.ZG,2011,0.0542724836581954
SRB,Serbia,NY.GDP.MKTP.KD.ZG,2010,1.61097281449412
SYC,Seychelles,NY.GDP.MKTP.KD.ZG,2019,5.5142920737342
SYC,Seychelles,NY.GDP.MKTP.KD.ZG,2018,4.93947272254312
SYC,Seychelles,NY.GDP.MKTP.KD.ZG,2017,6.95416218794271
SYC,Seychelles,NY.GDP.MKTP.KD.ZG,2016,12.1175272453913
SYC,Seychelles,NY.GDP.MKTP.KD.ZG,2015,8.9140088750469
SYC,Seychelles,NY.GDP.MKTP.KD.ZG,2014,4.0636918123521
SYC,Seychelles,NY.GDP.MKTP.KD.ZG,2013,1.25373496242949
SYC,Seychelles,NY.GDP.MKTP.KD.ZG,2012,3.1106784939243
SYC,Seychelles,NY.GDP.MKTP.KD.ZG,2011,9.5097833517957
SYC,Seychelles,NY.GDP.MKTP.KD.ZG,2010,4.50513204312067
SLE,Sierra Leone,NY.GDP.MKTP.KD.ZG,2019,5.50270937378153
SLE,Sierra Leone,NY.GDP.MKTP.KD.ZG,2018,2.8938564123677
SLE,Sierra Leone,NY.GDP.MKTP.KD.ZG,2017,3.20786087715987
SLE,Sierra Leone,NY.GDP.MKTP.KD.ZG,2016,6.43743652764257
SLE,Sierra Leone,NY.GDP.MKTP.KD.ZG,2015,-4.36333262093788
SLE,Sierra Leone,NY.GDP.MKTP.KD.ZG,2014,-7.81501512457241
SLE,Sierra Leone,NY.GDP.MKTP.KD.ZG,2013,14.6633238075229
SLE,Sierra Leone,NY.GDP.MKTP.KD.ZG,2012,10.578331663387
SLE,Sierra Leone,NY.GDP.MKTP.KD.ZG,2011,8.10065518714917
SLE,Sierra Leone,NY.GDP.MKTP.KD.ZG,2010,6.35566595800495
SGP,Singapore,NY.GDP.MKTP.KD.ZG,2019,1.15877947300108
SGP,Singapore,NY.GDP.MKTP.KD.ZG,2018,3.18660848474074
SGP,Singapore,NY.GDP.MKTP.KD.ZG,2017,4.32679370770501
SGP,Singapore,NY.GDP.MKTP.KD.ZG,2016,3.91095306322606
SGP,Singapore,NY.GDP.MKTP.KD.ZG,2015,2.97679931634806
SGP,Singapore,NY.GDP.MKTP.KD.ZG,2014,3.93554027709007
SGP,Singapore,NY.GDP.MKTP.KD.ZG,2013,4.81763099120676
SGP,Singapore,NY.GDP.MKTP.KD.ZG,2012,4.43549759378537
SGP,Singapore,NY.GDP.MKTP.KD.ZG,2011,6.21493416858989
SGP,Singapore,NY.GDP.MKTP.KD.ZG,2010,14.5197497108994
SXM,Sint Maarten (Dutch part),NY.GDP.MKTP.KD.ZG,2019,10.9650009352392
SXM,Sint Maarten (Dutch part),NY.GDP.MKTP.KD.ZG,2018,-6.85698299227944
SXM,Sint Maarten (Dutch part),NY.GDP.MKTP.KD.ZG,2017,-7.53521399882428
SXM,Sint Maarten (Dutch part),NY.GDP.MKTP.KD.ZG,2016,0.96775836306881
SXM,Sint Maarten (Dutch part),NY.GDP.MKTP.KD.ZG,2015,0.105813149997005
SXM,Sint Maarten (Dutch part),NY.GDP.MKTP.KD.ZG,2014,1.58038221539113
SXM,Sint Maarten (Dutch part),NY.GDP.MKTP.KD.ZG,2013,1.30673103459678
SXM,Sint Maarten (Dutch part),NY.GDP.MKTP.KD.ZG,2012,1.39054456773131
SXM,Sint Maarten (Dutch part),NY.GDP.MKTP.KD.ZG,2011,4.60000341415395
SXM,Sint Maarten (Dutch part),NY.GDP.MKTP.KD.ZG,2010,3.19999269219366
SVK,Slovak Republic,NY.GDP.MKTP.KD.ZG,2019,2.27589910019393
SVK,Slovak Republic,NY.GDP.MKTP.KD.ZG,2018,4.06211981896483
SVK,Slovak Republic,NY.GDP.MKTP.KD.ZG,2017,2.87473327453695
SVK,Slovak Republic,NY.GDP.MKTP.KD.ZG,2016,1.94781841524558
SVK,Slovak Republic,NY.GDP.MKTP.KD.ZG,2015,5.17687909722133
SVK,Slovak Republic,NY.GDP.MKTP.KD.ZG,2014,2.70795151449488
SVK,Slovak Republic,NY.GDP.MKTP.KD.ZG,2013,0.703323545247201
SVK,Slovak Republic,NY.GDP.MKTP.KD.ZG,2012,1.56917104702706
SVK,Slovak Republic,NY.GDP.MKTP.KD.ZG,2011,2.56242473215553
SVK,Slovak Republic,NY.GDP.MKTP.KD.ZG,2010,6.79058159142423
SVN,Slovenia,NY.GDP.MKTP.KD.ZG,2019,3.50525332381912
SVN,Slovenia,NY.GDP.MKTP.KD.ZG,2018,4.37908347331195
SVN,Slovenia,NY.GDP.MKTP.KD.ZG,2017,5.17440215579958
SVN,Slovenia,NY.GDP.MKTP.KD.ZG,2016,3.03441486663654
SVN,Slovenia,NY.GDP.MKTP.KD.ZG,2015,2.39330621338168
SVN,Slovenia,NY.GDP.MKTP.KD.ZG,2014,2.76283327639742
SVN,Slovenia,NY.GDP.MKTP.KD.ZG,2013,-0.823776417691676
SVN,Slovenia,NY.GDP.MKTP.KD.ZG,2012,-2.91553782040462
SVN,Slovenia,NY.GDP.MKTP.KD.ZG,2011,0.655438128379743
SVN,Slovenia,NY.GDP.MKTP.KD.ZG,2010,1.11213719306735
SLB,Solomon Islands,NY.GDP.MKTP.KD.ZG,2019,1.74925244485951
SLB,Solomon Islands,NY.GDP.MKTP.KD.ZG,2018,2.74585244829055
SLB,Solomon Islands,NY.GDP.MKTP.KD.ZG,2017,3.07546176144591
SLB,Solomon Islands,NY.GDP.MKTP.KD.ZG,2016,5.55494348257992
SLB,Solomon Islands,NY.GDP.MKTP.KD.ZG,2015,1.67578612030815
SLB,Solomon Islands,NY.GDP.MKTP.KD.ZG,2014,1.18945509547778
SLB,Solomon Islands,NY.GDP.MKTP.KD.ZG,2013,5.23744704670068
SLB,Solomon Islands,NY.GDP.MKTP.KD.ZG,2012,2.46591837712438
SLB,Solomon Islands,NY.GDP.MKTP.KD.ZG,2011,7.43023752099302
SLB,Solomon Islands,NY.GDP.MKTP.KD.ZG,2010,9.70817235491481
SOM,"Somalia, Fed. Rep.",NY.GDP.MKTP.KD.ZG,2019,2.80033312513012
SOM,"Somalia, Fed. Rep.",NY.GDP.MKTP.KD.ZG,2018,2.05431507261069
SOM,"Somalia, Fed. Rep.",NY.GDP.MKTP.KD.ZG,2017,14.7357956045195
SOM,"Somalia, Fed. Rep.",NY.GDP.MKTP.KD.ZG,2016,7.03487260042162
SOM,"Somalia, Fed. Rep.",NY.GDP.MKTP.KD.ZG,2015,10.4621881235147
SOM,"Somalia, Fed. Rep.",NY.GDP.MKTP.KD.ZG,2014,8.97800590574617
SOM,"Somalia, Fed. Rep.",NY.GDP.MKTP.KD.ZG,2013,10.9592986164311
SOM,"Somalia, Fed. Rep.",NY.GDP.MKTP.KD.ZG,2012,6.69435192556698
SOM,"Somalia, Fed. Rep.",NY.GDP.MKTP.KD.ZG,2011,6.69435192567755
SOM,"Somalia, Fed. Rep.",NY.GDP.MKTP.KD.ZG,2010,6.69435192550543
ZAF,South Africa,NY.GDP.MKTP.KD.ZG,2019,0.25993557687633
ZAF,South Africa,NY.GDP.MKTP.KD.ZG,2018,1.55678384721676
ZAF,South Africa,NY.GDP.MKTP.KD.ZG,2017,1.15794695181735
ZAF,South Africa,NY.GDP.MKTP.KD.ZG,2016,0.664552307858116
ZAF,South Africa,NY.GDP.MKTP.KD.ZG,2015,1.32186223678229
ZAF,South Africa,NY.GDP.MKTP.KD.ZG,2014,1.41382645223793
ZAF,South Africa,NY.GDP.MKTP.KD.ZG,2013,2.48546800826588
ZAF,South Africa,NY.GDP.MKTP.KD.ZG,2012,2.39623238465745
ZAF,South Africa,NY.GDP.MKTP.KD.ZG,2011,3.16855627858818
ZAF,South Africa,NY.GDP.MKTP.KD.ZG,2010,3.03973288127956
SSD,South Sudan,NY.GDP.MKTP.KD.ZG,2015,-10.7933646271143
SSD,South Sudan,NY.GDP.MKTP.KD.ZG,2014,3.37364847715736
SSD,South Sudan,NY.GDP.MKTP.KD.ZG,2013,13.1297311406943
SSD,South Sudan,NY.GDP.MKTP.KD.ZG,2012,-46.0821223743007
SSD,South Sudan,NY.GDP.MKTP.KD.ZG,2011,-4.64031673600859
SSD,South Sudan,NY.GDP.MKTP.KD.ZG,2010,5.49341639529945
ESP,Spain,NY.GDP.MKTP.KD.ZG,2019,1.96117850841711
ESP,Spain,NY.GDP.MKTP.KD.ZG,2018,2.39541124478878
ESP,Spain,NY.GDP.MKTP.KD.ZG,2017,2.89604207865007
ESP,Spain,NY.GDP.MKTP.KD.ZG,2016,2.91515598595787
ESP,Spain,NY.GDP.MKTP.KD.ZG,2015,4.06086672473866
ESP,Spain,NY.GDP.MKTP.KD.ZG,2014,1.52048593647231
ESP,Spain,NY.GDP.MKTP.KD.ZG,2013,-1.42732224757626
ESP,Spain,NY.GDP.MKTP.KD.ZG,2012,-2.86511368637748
ESP,Spain,NY.GDP.MKTP.KD.ZG,2011,-0.639920636520344
ESP,Spain,NY.GDP.MKTP.KD.ZG,2010,0.0941223116369514
LKA,Sri Lanka,NY.GDP.MKTP.KD.ZG,2019,-0.220483886824823
LKA,Sri Lanka,NY.GDP.MKTP.KD.ZG,2018,2.31008425504933
LKA,Sri Lanka,NY.GDP.MKTP.KD.ZG,2017,6.46068127080994
LKA,Sri Lanka,NY.GDP.MKTP.KD.ZG,2016,5.05362488993089
LKA,Sri Lanka,NY.GDP.MKTP.KD.ZG,2015,4.20595547501601
LKA,Sri Lanka,NY.GDP.MKTP.KD.ZG,2014,6.37797889684965
LKA,Sri Lanka,NY.GDP.MKTP.KD.ZG,2013,4.0517463303875
LKA,Sri Lanka,NY.GDP.MKTP.KD.ZG,2012,8.6321813769906
LKA,Sri Lanka,NY.GDP.MKTP.KD.ZG,2011,8.66948301160571
LKA,Sri Lanka,NY.GDP.MKTP.KD.ZG,2010,8.01596737040464
KNA,St. Kitts and Nevis,NY.GDP.MKTP.KD.ZG,2019,2.93824658056356
KNA,St. Kitts and Nevis,NY.GDP.MKTP.KD.ZG,2018,2.00352549800972
KNA,St. Kitts and Nevis,NY.GDP.MKTP.KD.ZG,2017,0.220941147299996
KNA,St. Kitts and Nevis,NY.GDP.MKTP.KD.ZG,2016,3.93270319273282
KNA,St. Kitts and Nevis,NY.GDP.MKTP.KD.ZG,2015,0.694135527876625
KNA,St. Kitts and Nevis,NY.GDP.MKTP.KD.ZG,2014,7.57696602328922
KNA,St. Kitts and Nevis,NY.GDP.MKTP.KD.ZG,2013,5.72728087234704
KNA,St. Kitts and Nevis,NY.GDP.MKTP.KD.ZG,2012,-0.737636737448398
KNA,St. Kitts and Nevis,NY.GDP.MKTP.KD.ZG,2011,1.61660730423688
KNA,St. Kitts and Nevis,NY.GDP.MKTP.KD.ZG,2010,-0.0541942065330545
LCA,St. Lucia,NY.GDP.MKTP.KD.ZG,2019,-1.0293678947917
LCA,St. Lucia,NY.GDP.MKTP.KD.ZG,2018,2.88677902171601
LCA,St. Lucia,NY.GDP.MKTP.KD.ZG,2017,3.37982617272246
LCA,St. Lucia,NY.GDP.MKTP.KD.ZG,2016,3.42787214525211
LCA,St. Lucia,NY.GDP.MKTP.KD.ZG,2015,0.101917836412952
LCA,St. Lucia,NY.GDP.MKTP.KD.ZG,2014,1.32809022110105
LCA,St. Lucia,NY.GDP.MKTP.KD.ZG,2013,-1.81877603735991
LCA,St. Lucia,NY.GDP.MKTP.KD.ZG,2012,-0.108756148262358
LCA,St. Lucia,NY.GDP.MKTP.KD.ZG,2011,4.32694280532142
LCA,St. Lucia,NY.GDP.MKTP.KD.ZG,2010,0.330018546071486
MAF,St. Martin (French part),NY.GDP.MKTP.KD.ZG,2019,6.50000363700821
MAF,St. Martin (French part),NY.GDP.MKTP.KD.ZG,2018,-7.99999506898229
MAF,St. Martin (French part),NY.GDP.MKTP.KD.ZG,2017,-8.00000324038295
MAF,St. Martin (French part),NY.GDP.MKTP.KD.ZG,2016,5
MAF,St. Martin (French part),NY.GDP.MKTP.KD.ZG,2015,1
VCT,St. Vincent and the Grenadines,NY.GDP.MKTP.KD.ZG,2019,0.668428481084234
VCT,St. Vincent and the Grenadines,NY.GDP.MKTP.KD.ZG,2018,3.1756114423991
VCT,St. Vincent and the Grenadines,NY.GDP.MKTP.KD.ZG,2017,1.54810173239956
VCT,St. Vincent and the Grenadines,NY.GDP.MKTP.KD.ZG,2016,4.1496810046981
VCT,St. Vincent and the Grenadines,NY.GDP.MKTP.KD.ZG,2015,2.78509791763551
VCT,St. Vincent and the Grenadines,NY.GDP.MKTP.KD.ZG,2014,1.1457271877622
VCT,St. Vincent and the Grenadines,NY.GDP.MKTP.KD.ZG,2013,2.4624841721544
VCT,St. Vincent and the Grenadines,NY.GDP.MKTP.KD.ZG,2012,1.16911218376478
VCT,St. Vincent and the Grenadines,NY.GDP.MKTP.KD.ZG,2011,-0.60627665148327
VCT,St. Vincent and the Grenadines,NY.GDP.MKTP.KD.ZG,2010,-4.47046793507802
SDN,Sudan,NY.GDP.MKTP.KD.ZG,2019,-2.17825104530091
SDN,Sudan,NY.GDP.MKTP.KD.ZG,2018,-2.6809305497999
SDN,Sudan,NY.GDP.MKTP.KD.ZG,2017,0.70925628476644
SDN,Sudan,NY.GDP.MKTP.KD.ZG,2016,3.46764218409288
SDN,Sudan,NY.GDP.MKTP.KD.ZG,2015,1.91017689052751
SDN,Sudan,NY.GDP.MKTP.KD.ZG,2014,4.66137954229873
SDN,Sudan,NY.GDP.MKTP.KD.ZG,2013,1.95514463302422
SDN,Sudan,NY.GDP.MKTP.KD.ZG,2012,-17.0046884048945
SDN,Sudan,NY.GDP.MKTP.KD.ZG,2011,-3.21353209253371
SDN,Sudan,NY.GDP.MKTP.KD.ZG,2010,3.85824195230107
SUR,Suriname,NY.GDP.MKTP.KD.ZG,2019,1.16758977233877
SUR,Suriname,NY.GDP.MKTP.KD.ZG,2018,4.94827108468886
SUR,Suriname,NY.GDP.MKTP.KD.ZG,2017,1.56603782534897
SUR,Suriname,NY.GDP.MKTP.KD.ZG,2016,-4.91166050905851
SUR,Suriname,NY.GDP.MKTP.KD.ZG,2015,-3.41304268067621
SUR,Suriname,NY.GDP.MKTP.KD.ZG,2014,0.255503031645475
SUR,Suriname,NY.GDP.MKTP.KD.ZG,2013,2.9334416518612
SUR,Suriname,NY.GDP.MKTP.KD.ZG,2012,2.69034974668847
SUR,Suriname,NY.GDP.MKTP.KD.ZG,2011,5.84936767173009
SUR,Suriname,NY.GDP.MKTP.KD.ZG,2010,5.16882515225814
SWE,Sweden,NY.GDP.MKTP.KD.ZG,2019,2.60823012869524
SWE,Sweden,NY.GDP.MKTP.KD.ZG,2018,1.7702553546772
SWE,Sweden,NY.GDP.MKTP.KD.ZG,2017,1.88282184966646
SWE,Sweden,NY.GDP.MKTP.KD.ZG,2016,2.13117914731151
SWE,Sweden,NY.GDP.MKTP.KD.ZG,2015,4.38824673608589
SWE,Sweden,NY.GDP.MKTP.KD.ZG,2014,2.29577238758284
SWE,Sweden,NY.GDP.MKTP.KD.ZG,2013,1.13766671801426
SWE,Sweden,NY.GDP.MKTP.KD.ZG,2012,-0.414397702454409
SWE,Sweden,NY.GDP.MKTP.KD.ZG,2011,3.16388567406926
SWE,Sweden,NY.GDP.MKTP.KD.ZG,2010,5.75076477579255
CHE,Switzerland,NY.GDP.MKTP.KD.ZG,2019,1.11532187197474
CHE,Switzerland,NY.GDP.MKTP.KD.ZG,2018,3.32743256101493
CHE,Switzerland,NY.GDP.MKTP.KD.ZG,2017,1.42034612231261
CHE,Switzerland,NY.GDP.MKTP.KD.ZG,2016,1.91159094214852
CHE,Switzerland,NY.GDP.MKTP.KD.ZG,2015,1.45450336491099
CHE,Switzerland,NY.GDP.MKTP.KD.ZG,2014,2.54342347675991
CHE,Switzerland,NY.GDP.MKTP.KD.ZG,2013,1.83612392927999
CHE,Switzerland,NY.GDP.MKTP.KD.ZG,2012,1.12413575027705
CHE,Switzerland,NY.GDP.MKTP.KD.ZG,2011,1.40766067483813
CHE,Switzerland,NY.GDP.MKTP.KD.ZG,2010,3.26063082122047
SYR,Syrian Arab Republic,NY.GDP.MKTP.KD.ZG,2019,1.22072818348491
SYR,Syrian Arab Republic,NY.GDP.MKTP.KD.ZG,2018,1.39323324059961
SYR,Syrian Arab Republic,NY.GDP.MKTP.KD.ZG,2017,-0.723346297115341
SYR,Syrian Arab Republic,NY.GDP.MKTP.KD.ZG,2016,-6.40568496867387
SYR,Syrian Arab Republic,NY.GDP.MKTP.KD.ZG,2015,-4.17969204561759
SYR,Syrian Arab Republic,NY.GDP.MKTP.KD.ZG,2014,-10.3103412087823
SYR,Syrian Arab Republic,NY.GDP.MKTP.KD.ZG,2013,-26.3002577493205
SYR,Syrian Arab Republic,NY.GDP.MKTP.KD.ZG,2012,-26.338904668983
SYR,Syrian Arab Republic,NY.GDP.MKTP.KD.ZG,2011,2.8502205980333
SYR,Syrian Arab Republic,NY.GDP.MKTP.KD.ZG,2010,5.19150915015936
TJK,Tajikistan,NY.GDP.MKTP.KD.ZG,2019,7.40000016310556
TJK,Tajikistan,NY.GDP.MKTP.KD.ZG,2018,7.5999988895536
TJK,Tajikistan,NY.GDP.MKTP.KD.ZG,2017,7.10000041864309
TJK,Tajikistan,NY.GDP.MKTP.KD.ZG,2016,6.89999999999999
TJK,Tajikistan,NY.GDP.MKTP.KD.ZG,2015,6.01930331771186
TJK,Tajikistan,NY.GDP.MKTP.KD.ZG,2014,6.70000069016253
TJK,Tajikistan,NY.GDP.MKTP.KD.ZG,2013,7.39999974700379
TJK,Tajikistan,NY.GDP.MKTP.KD.ZG,2012,7.49999946321525
TJK,Tajikistan,NY.GDP.MKTP.KD.ZG,2011,7.40000059956711
TJK,Tajikistan,NY.GDP.MKTP.KD.ZG,2010,6.49999908585235
TZA,Tanzania,NY.GDP.MKTP.KD.ZG,2019,5.79999999996723
TZA,Tanzania,NY.GDP.MKTP.KD.ZG,2018,5.50267599384966
TZA,Tanzania,NY.GDP.MKTP.KD.ZG,2017,6.72726996832438
TZA,Tanzania,NY.GDP.MKTP.KD.ZG,2016,6.86711619644551
TZA,Tanzania,NY.GDP.MKTP.KD.ZG,2015,6.16062877406682
TZA,Tanzania,NY.GDP.MKTP.KD.ZG,2014,6.73246186832483
TZA,Tanzania,NY.GDP.MKTP.KD.ZG,2013,6.78158560065316
TZA,Tanzania,NY.GDP.MKTP.KD.ZG,2012,4.50015356010131
TZA,Tanzania,NY.GDP.MKTP.KD.ZG,2011,7.67215543486064
TZA,Tanzania,NY.GDP.MKTP.KD.ZG,2010,6.33652342666889
THA,Thailand,NY.GDP.MKTP.KD.ZG,2019,2.11455779628278
THA,Thailand,NY.GDP.MKTP.KD.ZG,2018,4.22287028746071
THA,Thailand,NY.GDP.MKTP.KD.ZG,2017,4.1776810321001
THA,Thailand,NY.GDP.MKTP.KD.ZG,2016,3.43515771692182
THA,Thailand,NY.GDP.MKTP.KD.ZG,2015,3.13404724911635
THA,Thailand,NY.GDP.MKTP.KD.ZG,2014,0.984468863619426
THA,Thailand,NY.GDP.MKTP.KD.ZG,2013,2.68749556320556
THA,Thailand,NY.GDP.MKTP.KD.ZG,2012,7.24279620249642
THA,Thailand,NY.GDP.MKTP.KD.ZG,2011,0.840132083053334
THA,Thailand,NY.GDP.MKTP.KD.ZG,2010,7.51339053261624
TLS,Timor-Leste,NY.GDP.MKTP.KD.ZG,2019,24.2128840085001
TLS,Timor-Leste,NY.GDP.MKTP.KD.ZG,2018,-0.466502170658785
TLS,Timor-Leste,NY.GDP.MKTP.KD.ZG,2017,-3.18241522489195
TLS,Timor-Leste,NY.GDP.MKTP.KD.ZG,2016,3.00993062553351
TLS,Timor-Leste,NY.GDP.MKTP.KD.ZG,2015,2.48004040218397
TLS,Timor-Leste,NY.GDP.MKTP.KD.ZG,2014,4.47249846569638
TLS,Timor-Leste,NY.GDP.MKTP.KD.ZG,2013,3.10436683211147
TLS,Timor-Leste,NY.GDP.MKTP.KD.ZG,2012,4.86062186827468
TLS,Timor-Leste,NY.GDP.MKTP.KD.ZG,2011,5.95855605611087
TLS,Timor-Leste,NY.GDP.MKTP.KD.ZG,2010,9.33149490201264
TGO,Togo,NY.GDP.MKTP.KD.ZG,2019,4.91949260488683
TGO,Togo,NY.GDP.MKTP.KD.ZG,2018,4.79518333086139
TGO,Togo,NY.GDP.MKTP.KD.ZG,2017,4.00791259566937
TGO,Togo,NY.GDP.MKTP.KD.ZG,2016,4.21490387414525
TGO,Togo,NY.GDP.MKTP.KD.ZG,2015,5.4680413807304
TGO,Togo,NY.GDP.MKTP.KD.ZG,2014,5.63323739145223
TGO,Togo,NY.GDP.MKTP.KD.ZG,2013,5.82425069283059
TGO,Togo,NY.GDP.MKTP.KD.ZG,2012,6.30271426865185
TGO,Togo,NY.GDP.MKTP.KD.ZG,2011,5.82325622135289
TGO,Togo,NY.GDP.MKTP.KD.ZG,2010,5.85433399076879
TON,Tonga,NY.GDP.MKTP.KD.ZG,2019,-0.285210784299821
TON,Tonga,NY.GDP.MKTP.KD.ZG,2018,0.527828083180253
TON,Tonga,NY.GDP.MKTP.KD.ZG,2017,3.20231976224244
TON,Tonga,NY.GDP.MKTP.KD.ZG,2016,6.59869879417958
TON,Tonga,NY.GDP.MKTP.KD.ZG,2015,1.11374402398066
TON,Tonga,NY.GDP.MKTP.KD.ZG,2014,1.99053769890816
TON,Tonga,NY.GDP.MKTP.KD.ZG,2013,0.393922530137331
TON,Tonga,NY.GDP.MKTP.KD.ZG,2012,0.919761024923076
TON,Tonga,NY.GDP.MKTP.KD.ZG,2011,6.70369746238768
TON,Tonga,NY.GDP.MKTP.KD.ZG,2010,0.824396914081831
TTO,Trinidad and Tobago,NY.GDP.MKTP.KD.ZG,2019,0.467734528855885
TTO,Trinidad and Tobago,NY.GDP.MKTP.KD.ZG,2018,-0.945449700943314
TTO,Trinidad and Tobago,NY.GDP.MKTP.KD.ZG,2017,-4.87274946918724
TTO,Trinidad and Tobago,NY.GDP.MKTP.KD.ZG,2016,-7.53636305379372
TTO,Trinidad and Tobago,NY.GDP.MKTP.KD.ZG,2015,-0.406283288730492
TTO,Trinidad and Tobago,NY.GDP.MKTP.KD.ZG,2014,3.67086851032413
TTO,Trinidad and Tobago,NY.GDP.MKTP.KD.ZG,2013,3.36819291689019
TTO,Trinidad and Tobago,NY.GDP.MKTP.KD.ZG,2012,6.71074625448722
TTO,Trinidad and Tobago,NY.GDP.MKTP.KD.ZG,2011,-0.294354409043763
TTO,Trinidad and Tobago,NY.GDP.MKTP.KD.ZG,2010,3.32322471027371
TUN,Tunisia,NY.GDP.MKTP.KD.ZG,2019,1.55009304966742
TUN,Tunisia,NY.GDP.MKTP.KD.ZG,2018,2.60696965356362
TUN,Tunisia,NY.GDP.MKTP.KD.ZG,2017,2.25261437620587
TUN,Tunisia,NY.GDP.MKTP.KD.ZG,2016,1.117231963992
TUN,Tunisia,NY.GDP.MKTP.KD.ZG,2015,0.967834205635981
TUN,Tunisia,NY.GDP.MKTP.KD.ZG,2014,3.09032803070775
TUN,Tunisia,NY.GDP.MKTP.KD.ZG,2013,2.42993096446429
TUN,Tunisia,NY.GDP.MKTP.KD.ZG,2012,4.21667711535632
TUN,Tunisia,NY.GDP.MKTP.KD.ZG,2011,-2.04663389535644
TUN,Tunisia,NY.GDP.MKTP.KD.ZG,2010,2.97113275066512
TUR,Turkiye,NY.GDP.MKTP.KD.ZG,2019,1.30162365464503
TUR,Turkiye,NY.GDP.MKTP.KD.ZG,2018,3.46815306092219
TUR,Turkiye,NY.GDP.MKTP.KD.ZG,2017,7.82585730002594
TUR,Turkiye,NY.GDP.MKTP.KD.ZG,2016,3.32366508200445
TUR,Turkiye,NY.GDP.MKTP.KD.ZG,2015,5.80557386628684
TUR,Turkiye,NY.GDP.MKTP.KD.ZG,2014,4.60079447270559
TUR,Turkiye,NY.GDP.MKTP.KD.ZG,2013,8.48825689298511
TUR,Turkiye,NY.GDP.MKTP.KD.ZG,2012,4.80762696633448
TUR,Turkiye,NY.GDP.MKTP.KD.ZG,2011,10.9799625273598
TUR,Turkiye,NY.GDP.MKTP.KD.ZG,2010,8.54219848467686
TKM,Turkmenistan,NY.GDP.MKTP.KD.ZG,2019,6.33169567608873
TKM,Turkmenistan,NY.GDP.MKTP.KD.ZG,2018,6.20602363832646
TKM,Turkmenistan,NY.GDP.MKTP.KD.ZG,2017,6.45138358820188
TKM,Turkmenistan,NY.GDP.MKTP.KD.ZG,2016,6.22909997062793
TKM,Turkmenistan,NY.GDP.MKTP.KD.ZG,2015,6.45254918531575
TKM,Turkmenistan,NY.GDP.MKTP.KD.ZG,2014,10.3497353947965
TKM,Turkmenistan,NY.GDP.MKTP.KD.ZG,2013,10.1628450365084
TKM,Turkmenistan,NY.GDP.MKTP.KD.ZG,2012,11.0508311776258
TKM,Turkmenistan,NY.GDP.MKTP.KD.ZG,2011,14.7183120474814
TKM,Turkmenistan,NY.GDP.MKTP.KD.ZG,2010,9.20000007329543
TCA,Turks and Caicos Islands,NY.GDP.MKTP.KD.ZG,2019,4.98170549382992
TCA,Turks and Caicos Islands,NY.GDP.MKTP.KD.ZG,2018,6.75264845178367
TCA,Turks and Caicos Islands,NY.GDP.MKTP.KD.ZG,2017,74.5879880544188
TCA,Turks and Caicos Islands,NY.GDP.MKTP.KD.ZG,2016,7.25118627570265
TCA,Turks and Caicos Islands,NY.GDP.MKTP.KD.ZG,2015,11.3148293929929
TCA,Turks and Caicos Islands,NY.GDP.MKTP.KD.ZG,2014,8.71129580824217
TCA,Turks and Caicos Islands,NY.GDP.MKTP.KD.ZG,2013,1.07088049554032
TCA,Turks and Caicos Islands,NY.GDP.MKTP.KD.ZG,2012,-2.66655562053364
TCA,Turks and Caicos Islands,NY.GDP.MKTP.KD.ZG,2011,4.62049892978239
TCA,Turks and Caicos Islands,NY.GDP.MKTP.KD.ZG,2010,0.984924853810682
TUV,Tuvalu,NY.GDP.MKTP.KD.ZG,2019,13.4465048163198
TUV,Tuvalu,NY.GDP.MKTP.KD.ZG,2018,1.38668386152332
TUV,Tuvalu,NY.GDP.MKTP.KD.ZG,2017,3.26802914033142
TUV,Tuvalu,NY.GDP.MKTP.KD.ZG,2016,4.77650497336539
TUV,Tuvalu,NY.GDP.MKTP.KD.ZG,2015,9.37896384662504
TUV,Tuvalu,NY.GDP.MKTP.KD.ZG,2014,1.66722583350807
TUV,Tuvalu,NY.GDP.MKTP.KD.ZG,2013,3.80502330116951
TUV,Tuvalu,NY.GDP.MKTP.KD.ZG,2012,-2.8527626821171
TUV,Tuvalu,NY.GDP.MKTP.KD.ZG,2011,7.52010985962886
TUV,Tuvalu,NY.GDP.MKTP.KD.ZG,2010,-2.46826250374198
UGA,Uganda,NY.GDP.MKTP.KD.ZG,2019,6.43874503276439
UGA,Uganda,NY.GDP.MKTP.KD.ZG,2018,6.30392378262997
UGA,Uganda,NY.GDP.MKTP.KD.ZG,2017,3.13140551723596
UGA,Uganda,NY.GDP.MKTP.KD.ZG,2016,4.78100029254482
UGA,Uganda,NY.GDP.MKTP.KD.ZG,2015,5.18785986002466
UGA,Uganda,NY.GDP.MKTP.KD.ZG,2014,5.10630732539796
UGA,Uganda,NY.GDP.MKTP.KD.ZG,2013,3.58690582623025
UGA,Uganda,NY.GDP.MKTP.KD.ZG,2012,3.83745560605229
UGA,Uganda,NY.GDP.MKTP.KD.ZG,2011,9.3916554927176
UGA,Uganda,NY.GDP.MKTP.KD.ZG,2010,5.63761163749757
UKR,Ukraine,NY.GDP.MKTP.KD.ZG,2019,3.19950386354134
UKR,Ukraine,NY.GDP.MKTP.KD.ZG,2018,3.48836234022659
UKR,Ukraine,NY.GDP.MKTP.KD.ZG,2017,2.35997228099491
UKR,Ukraine,NY.GDP.MKTP.KD.ZG,2016,2.44098194492067
UKR,Ukraine,NY.GDP.MKTP.KD.ZG,2015,-9.7729872128676
UKR,Ukraine,NY.GDP.MKTP.KD.ZG,2014,-10.0788949840953
UKR,Ukraine,NY.GDP.MKTP.KD.ZG,2013,0.045439094492707
UKR,Ukraine,NY.GDP.MKTP.KD.ZG,2012,0.152314967200653
UKR,Ukraine,NY.GDP.MKTP.KD.ZG,2011,5.44528081048476
UKR,Ukraine,NY.GDP.MKTP.KD.ZG,2010,4.09200436668087
ARE,United Arab Emirates,NY.GDP.MKTP.KD.ZG,2019,1.27129120536284
ARE,United Arab Emirates,NY.GDP.MKTP.KD.ZG,2018,1.53720634021511
ARE,United Arab Emirates,NY.GDP.MKTP.KD.ZG,2017,-1.06137114472548
ARE,United Arab Emirates,NY.GDP.MKTP.KD.ZG,2016,5.65790147196586
ARE,United Arab Emirates,NY.GDP.MKTP.KD.ZG,2015,7.08766622657654
ARE,United Arab Emirates,NY.GDP.MKTP.KD.ZG,2014,4.63291785879667
ARE,United Arab Emirates,NY.GDP.MKTP.KD.ZG,2013,4.9184505919085
ARE,United Arab Emirates,NY.GDP.MKTP.KD.ZG,2012,4.68325642918792
ARE,United Arab Emirates,NY.GDP.MKTP.KD.ZG,2011,6.73651167897515
ARE,United Arab Emirates,NY.GDP.MKTP.KD.ZG,2010,1.60285004336325
GBR,United Kingdom,NY.GDP.MKTP.KD.ZG,2019,1.25629899760824
GBR,United Kingdom,NY.GDP.MKTP.KD.ZG,2018,1.55133095078786
GBR,United Kingdom,NY.GDP.MKTP.KD.ZG,2017,3.02322219840339
GBR,United Kingdom,NY.GDP.MKTP.KD.ZG,2016,2.20652020635357
GBR,United Kingdom,NY.GDP.MKTP.KD.ZG,2015,2.14040560033371
GBR,United Kingdom,NY.GDP.MKTP.KD.ZG,2014,3.16017351468152
GBR,United Kingdom,NY.GDP.MKTP.KD.ZG,2013,1.71846961308464
GBR,United Kingdom,NY.GDP.MKTP.KD.ZG,2012,1.52826034721852
GBR,United Kingdom,NY.GDP.MKTP.KD.ZG,2011,0.851437739020326
GBR,United Kingdom,NY.GDP.MKTP.KD.ZG,2010,2.26054460931586
USA,United States,NY.GDP.MKTP.KD.ZG,2019,2.58382533052225
USA,United States,NY.GDP.MKTP.KD.ZG,2018,2.96650506701943
USA,United States,NY.GDP.MKTP.KD.ZG,2017,2.45762230126449
USA,United States,NY.GDP.MKTP.KD.ZG,2016,1.81945147909089
USA,United States,NY.GDP.MKTP.KD.ZG,2015,2.94555045227337
USA,United States,NY.GDP.MKTP.KD.ZG,2014,2.52381981757846
USA,United States,NY.GDP.MKTP.KD.ZG,2013,2.11783009443471
USA,United States,NY.GDP.MKTP.KD.ZG,2012,2.28911339009767
USA,United States,NY.GDP.MKTP.KD.ZG,2011,1.56440685205419
USA,United States,NY.GDP.MKTP.KD.ZG,2010,2.69519258673525
URY,Uruguay,NY.GDP.MKTP.KD.ZG,2019,0.928351027546341
URY,Uruguay,NY.GDP.MKTP.KD.ZG,2018,0.164777608846705
URY,Uruguay,NY.GDP.MKTP.KD.ZG,2017,1.74037649141989
URY,Uruguay,NY.GDP.MKTP.KD.ZG,2016,1.68979822971775
URY,Uruguay,NY.GDP.MKTP.KD.ZG,2015,0.370741257681345
URY,Uruguay,NY.GDP.MKTP.KD.ZG,2014,3.23879122952364
URY,Uruguay,NY.GDP.MKTP.KD.ZG,2013,4.63753862902416
URY,Uruguay,NY.GDP.MKTP.KD.ZG,2012,3.53817872056869
URY,Uruguay,NY.GDP.MKTP.KD.ZG,2011,5.16213302463606
URY,Uruguay,NY.GDP.MKTP.KD.ZG,2010,7.8034096507169
UZB,Uzbekistan,NY.GDP.MKTP.KD.ZG,2019,6.79331098484522
UZB,Uzbekistan,NY.GDP.MKTP.KD.ZG,2018,5.72368380757618
UZB,Uzbekistan,NY.GDP.MKTP.KD.ZG,2017,4.70027401956061
UZB,Uzbekistan,NY.GDP.MKTP.KD.ZG,2016,6.71108022628
UZB,Uzbekistan,NY.GDP.MKTP.KD.ZG,2015,7.94477659311639
UZB,Uzbekistan,NY.GDP.MKTP.KD.ZG,2014,7.71373911707978
UZB,Uzbekistan,NY.GDP.MKTP.KD.ZG,2013,7.9217749261021
UZB,Uzbekistan,NY.GDP.MKTP.KD.ZG,2012,7.35682138899483
UZB,Uzbekistan,NY.GDP.MKTP.KD.ZG,2011,8.12793681625645
UZB,Uzbekistan,NY.GDP.MKTP.KD.ZG,2010,7.5971679610016
VUT,Vanuatu,NY.GDP.MKTP.KD.ZG,2019,3.27677257380314
VUT,Vanuatu,NY.GDP.MKTP.KD.ZG,2018,2.51532789491979
VUT,Vanuatu,NY.GDP.MKTP.KD.ZG,2017,4.22332192519966
VUT,Vanuatu,NY.GDP.MKTP.KD.ZG,2016,3.61980830670927
VUT,Vanuatu,NY.GDP.MKTP.KD.ZG,2015,3.50101268962098
VUT,Vanuatu,NY.GDP.MKTP.KD.ZG,2014,3.10512947273315
VUT,Vanuatu,NY.GDP.MKTP.KD.ZG,2013,0.463390415135436
VUT,Vanuatu,NY.GDP.MKTP.KD.ZG,2012,1.01004768692017
VUT,Vanuatu,NY.GDP.MKTP.KD.ZG,2011,3.13980290023437
VUT,Vanuatu,NY.GDP.MKTP.KD.ZG,2010,1.25886720329254
VEN,"Venezuela, RB",NY.GDP.MKTP.KD.ZG,2019,-27.6190476190476
VEN,"Venezuela, RB",NY.GDP.MKTP.KD.ZG,2018,-19.6428571428571
VEN,"Venezuela, RB",NY.GDP.MKTP.KD.ZG,2017,-15.6989247311828
VEN,"Venezuela, RB",NY.GDP.MKTP.KD.ZG,2016,-17.1122994652406
VEN,"Venezuela, RB",NY.GDP.MKTP.KD.ZG,2015,-6.18729096989966
VEN,"Venezuela, RB",NY.GDP.MKTP.KD.ZG,2014,-3.85852090032154
VEN,"Venezuela, RB",NY.GDP.MKTP.KD.ZG,2013,1.30293159609121
VEN,"Venezuela, RB",NY.GDP.MKTP.KD.ZG,2012,5.67986230636832
VEN,"Venezuela, RB",NY.GDP.MKTP.KD.ZG,2011,4.12186379928315
VEN,"Venezuela, RB",NY.GDP.MKTP.KD.ZG,2010,-1.5873015873016
VNM,Viet Nam,NY.GDP.MKTP.KD.ZG,2019,7.35926270105006
VNM,Viet Nam,NY.GDP.MKTP.KD.ZG,2018,7.46500685572751
VNM,Viet Nam,NY.GDP.MKTP.KD.ZG,2017,6.94019037359206
VNM,Viet Nam,NY.GDP.MKTP.KD.ZG,2016,6.69000892660424
VNM,Viet Nam,NY.GDP.MKTP.KD.ZG,2015,6.98715430598611
VNM,Viet Nam,NY.GDP.MKTP.KD.ZG,2014,6.42224312118567
VNM,Viet Nam,NY.GDP.MKTP.KD.ZG,2013,5.55351081026072
VNM,Viet Nam,NY.GDP.MKTP.KD.ZG,2012,5.5045447041189
VNM,Viet Nam,NY.GDP.MKTP.KD.ZG,2011,6.41316889681683
VNM,Viet Nam,NY.GDP.MKTP.KD.ZG,2010,6.42324482239482
VIR,Virgin Islands (U.S.),NY.GDP.MKTP.KD.ZG,2019,2.90833549727343
VIR,Virgin Islands (U.S.),NY.GDP.MKTP.KD.ZG,2018,1.87830687830687
VIR,Virgin Islands (U.S.),NY.GDP.MKTP.KD.ZG,2017,-0.735294117647058
VIR,Virgin Islands (U.S.),NY.GDP.MKTP.KD.ZG,2016,1.6008537886873
VIR,Virgin Islands (U.S.),NY.GDP.MKTP.KD.ZG,2015,-0.425079702444208
VIR,Virgin Islands (U.S.),NY.GDP.MKTP.KD.ZG,2014,-1.77453027139875
VIR,Virgin Islands (U.S.),NY.GDP.MKTP.KD.ZG,2013,-6.28515529469308
VIR,Virgin Islands (U.S.),NY.GDP.MKTP.KD.ZG,2012,-14.8125
VIR,Virgin Islands (U.S.),NY.GDP.MKTP.KD.ZG,2011,-8.20424555364315
VIR,Virgin Islands (U.S.),NY.GDP.MKTP.KD.ZG,2010,0.596383224317051
PSE,West Bank and Gaza,NY.GDP.MKTP.KD.ZG,2019,1.36268746558062
PSE,West Bank and Gaza,NY.GDP.MKTP.KD.ZG,2018,1.22707737782703
PSE,West Bank and Gaza,NY.GDP.MKTP.KD.ZG,2017,1.41936756294787
PSE,West Bank and Gaza,NY.GDP.MKTP.KD.ZG,2016,8.86461881995935
PSE,West Bank and Gaza,NY.GDP.MKTP.KD.ZG,2015,3.72129967114788
PSE,West Bank and Gaza,NY.GDP.MKTP.KD.ZG,2014,-0.157866650855297
PSE,West Bank and Gaza,NY.GDP.MKTP.KD.ZG,2013,4.69856986552234
PSE,West Bank and Gaza,NY.GDP.MKTP.KD.ZG,2012,6.09645656326154
PSE,West Bank and Gaza,NY.GDP.MKTP.KD.ZG,2011,9.60080848913594
PSE,West Bank and Gaza,NY.GDP.MKTP.KD.ZG,2010,5.77736205629419
YEM,"Yemen, Rep.",NY.GDP.MKTP.KD.ZG,2018,0.752447592962554
YEM,"Yemen, Rep.",NY.GDP.MKTP.KD.ZG,2017,-5.07179568062152
YEM,"Yemen, Rep.",NY.GDP.MKTP.KD.ZG,2016,-9.37512379736752
YEM,"Yemen, Rep.",NY.GDP.MKTP.KD.ZG,2015,-27.9945462502541
YEM,"Yemen, Rep.",NY.GDP.MKTP.KD.ZG,2014,-0.188690241954504
YEM,"Yemen, Rep.",NY.GDP.MKTP.KD.ZG,2013,4.82351908493912
YEM,"Yemen, Rep.",NY.GDP.MKTP.KD.ZG,2012,2.39299021364694
YEM,"Yemen, Rep.",NY.GDP.MKTP.KD.ZG,2011,-12.7148969035133
YEM,"Yemen, Rep.",NY.GDP.MKTP.KD.ZG,2010,7.70128607527964
ZMB,Zambia,NY.GDP.MKTP.KD.ZG,2019,1.44130602603785
ZMB,Zambia,NY.GDP.MKTP.KD.ZG,2018,4.03449389667165
ZMB,Zambia,NY.GDP.MKTP.KD.ZG,2017,3.52586277149926
ZMB,Zambia,NY.GDP.MKTP.KD.ZG,2016,3.75510031678988
ZMB,Zambia,NY.GDP.MKTP.KD.ZG,2015,2.92037511217961
ZMB,Zambia,NY.GDP.MKTP.KD.ZG,2014,4.69328316376705
ZMB,Zambia,NY.GDP.MKTP.KD.ZG,2013,5.05753695047252
ZMB,Zambia,NY.GDP.MKTP.KD.ZG,2012,7.59738104901994
ZMB,Zambia,NY.GDP.MKTP.KD.ZG,2011,5.56925219263019
ZMB,Zambia,NY.GDP.MKTP.KD.ZG,2010,10.2982233241213
ZWE,Zimbabwe,NY.GDP.MKTP.KD.ZG,2019,-6.33244976028571
ZWE,Zimbabwe,NY.GDP.MKTP.KD.ZG,2018,5.00992154297603
ZWE,Zimbabwe,NY.GDP.MKTP.KD.ZG,2017,4.73441117758482
ZWE,Zimbabwe,NY.GDP.MKTP.KD.ZG,2016,0.75579405855224
ZWE,Zimbabwe,NY.GDP.MKTP.KD.ZG,2015,1.77985356392176
ZWE,Zimbabwe,NY.GDP.MKTP.KD.ZG,2014,2.37698561663417
ZWE,Zimbabwe,NY.GDP.MKTP.KD.ZG,2013,1.98948554025198
ZWE,Zimbabwe,NY.GDP.MKTP.KD.ZG,2012,16.6654290410337
ZWE,Zimbabwe,NY.GDP.MKTP.KD.ZG,2011,14.1939156801139
ZWE,Zimbabwe,NY.GDP.MKTP.KD.ZG,2010,19.6754077019323
ALB,Albania,SI.POV.GINI,2019,30.1
ALB,Albania,SI.POV.GINI,2018,30.1
ALB,Albania,SI.POV.GINI,2017,33.1
ALB,Albania,SI.POV.GINI,2016,33.7
ALB,Albania,SI.POV.GINI,2015,32.8
ALB,Albania,SI.POV.GINI,2014,34.6
ALB,Albania,SI.POV.GINI,2012,29
ALB,Albania,SI.POV.GINI,2008,30
ALB,Albania,SI.POV.GINI,2005,30.6
ALB,Albania,SI.POV.GINI,2002,31.7
DZA,Algeria,SI.POV.GINI,2011,27.6
AGO,Angola,SI.POV.GINI,2018,51.3
AGO,Angola,SI.POV.GINI,2008,42.7
AGO,Angola,SI.POV.GINI,2000,51.9
ARG,Argentina,SI.POV.GINI,2019,43.3
ARG,Argentina,SI.POV.GINI,2018,41.7
ARG,Argentina,SI.POV.GINI,2017,41.4
ARG,Argentina,SI.POV.GINI,2016,42.3
ARG,Argentina,SI.POV.GINI,2014,41.8
ARG,Argentina,SI.POV.GINI,2013,41.1
ARG,Argentina,SI.POV.GINI,2012,41.4
ARG,Argentina,SI.POV.GINI,2011,42.7
ARG,Argentina,SI.POV.GINI,2010,43.7
ARG,Argentina,SI.POV.GINI,2009,43.8
ARG,Argentina,SI.POV.GINI,2008,45
ARG,Argentina,SI.POV.GINI,2007,46.3
ARG,Argentina,SI.POV.GINI,2006,46.4
ARG,Argentina,SI.POV.GINI,2005,47.8
ARG,Argentina,SI.POV.GINI,2004,48.5
ARG,Argentina,SI.POV.GINI,2003,51
ARG,Argentina,SI.POV.GINI,2002,53.8
ARG,Argentina,SI.POV.GINI,2001,53.3
ARG,Argentina,SI.POV.GINI,2000,51
ARM,Armenia,SI.POV.GINI,2019,30
ARM,Armenia,SI.POV.GINI,2018,34.4
ARM,Armenia,SI.POV.GINI,2017,33.6
ARM,Armenia,SI.POV.GINI,2016,32.5
ARM,Armenia,SI.POV.GINI,2015,32.4
ARM,Armenia,SI.POV.GINI,2014,31.5
ARM,Armenia,SI.POV.GINI,2013,30.6
ARM,Armenia,SI.POV.GINI,2012,29.6
ARM,Armenia,SI.POV.GINI,2011,29.4
ARM,Armenia,SI.POV.GINI,2010,30
ARM,Armenia,SI.POV.GINI,2009,28
ARM,Armenia,SI.POV.GINI,2008,29.2
ARM,Armenia,SI.POV.GINI,2007,31.2
ARM,Armenia,SI.POV.GINI,2006,29.7
ARM,Armenia,SI.POV.GINI,2005,36
ARM,Armenia,SI.POV.GINI,2004,37.5
ARM,Armenia,SI.POV.GINI,2003,33
ARM,Armenia,SI.POV.GINI,2002,34.8
ARM,Armenia,SI.POV.GINI,2001,35.4
AUS,Australia,SI.POV.GINI,2018,34.3
AUS,Australia,SI.POV.GINI,2016,33.7
AUS,Australia,SI.POV.GINI,2014,34.4
AUS,Australia,SI.POV.GINI,2010,34.7
AUS,Australia,SI.POV.GINI,2008,35.4
AUS,Australia,SI.POV.GINI,2004,33.1
AUS,Australia,SI.POV.GINI,2003,33.5
AUS,Australia,SI.POV.GINI,2001,33.5
AUT,Austria,SI.POV.GINI,2019,30.2
AUT,Austria,SI.POV.GINI,2018,30.8
AUT,Austria,SI.POV.GINI,2017,29.7
AUT,Austria,SI.POV.GINI,2016,30.8
AUT,Austria,SI.POV.GINI,2015,30.5
AUT,Austria,SI.POV.GINI,2014,30.5
AUT,Austria,SI.POV.GINI,2013,30.8
AUT,Austria,SI.POV.GINI,2012,30.5
AUT,Austria,SI.POV.GINI,2011,30.8
AUT,Austria,SI.POV.GINI,2010,30.3
AUT,Austria,SI.POV.GINI,2009,31.5
AUT,Austria,SI.POV.GINI,2008,30.4
AUT,Austria,SI.POV.GINI,2007,30.6
AUT,Austria,SI.POV.GINI,2006,29.6
AUT,Austria,SI.POV.GINI,2005,28.7
AUT,Austria,SI.POV.GINI,2004,29.8
AUT,Austria,SI.POV.GINI,2003,29.5
AUT,Austria,SI.POV.GINI,2000,29
AZE,Azerbaijan,SI.POV.GINI,2005,26.6
AZE,Azerbaijan,SI.POV.GINI,2004,26.6
AZE,Azerbaijan,SI.POV.GINI,2003,26.8
AZE,Azerbaijan,SI.POV.GINI,2002,25.3
AZE,Azerbaijan,SI.POV.GINI,2001,36.5
BGD,Bangladesh,SI.POV.GINI,2016,32.4
BGD,Bangladesh,SI.POV.GINI,2010,32.1
BGD,Bangladesh,SI.POV.GINI,2005,33.2
BGD,Bangladesh,SI.POV.GINI,2000,33.4
BRB,Barbados,SI.POV.GINI,2016,34.1
BLR,Belarus,SI.POV.GINI,2019,25.3
BLR,Belarus,SI.POV.GINI,2018,25.2
BLR,Belarus,SI.POV.GINI,2017,25.4
BLR,Belarus,SI.POV.GINI,2016,25.3
BLR,Belarus,SI.POV.GINI,2015,25.6
BLR,Belarus,SI.POV.GINI,2014,27.2
BLR,Belarus,SI.POV.GINI,2013,26.6
BLR,Belarus,SI.POV.GINI,2012,26.5
BLR,Belarus,SI.POV.GINI,2011,27.2
BLR,Belarus,SI.POV.GINI,2010,28.6
BLR,Belarus,SI.POV.GINI,2009,27.7
BLR,Belarus,SI.POV.GINI,2008,27.8
BLR,Belarus,SI.POV.GINI,2007,29.6
BLR,Belarus,SI.POV.GINI,2006,28.3
BLR,Belarus,SI.POV.GINI,2005,27.6
BLR,Belarus,SI.POV.GINI,2004,26.5
BLR,Belarus,SI.POV.GINI,2003,28.8
BLR,Belarus,SI.POV.GINI,2002,30.3
BLR,Belarus,SI.POV.GINI,2001,30.6
BLR,Belarus,SI.POV.GINI,2000,31.2
BEL,Belgium,SI.POV.GINI,2019,27.2
BEL,Belgium,SI.POV.GINI,2018,27.2
BEL,Belgium,SI.POV.GINI,2017,27.4
BEL,Belgium,SI.POV.GINI,2016,27.6
BEL,Belgium,SI.POV.GINI,2015,27.7
BEL,Belgium,SI.POV.GINI,2014,28.1
BEL,Belgium,SI.POV.GINI,2013,27.7
BEL,Belgium,SI.POV.GINI,2012,27.5
BEL,Belgium,SI.POV.GINI,2011,28.1
BEL,Belgium,SI.POV.GINI,2010,28.4
BEL,Belgium,SI.POV.GINI,2009,28.6
BEL,Belgium,SI.POV.GINI,2008,28.4
BEL,Belgium,SI.POV.GINI,2007,29.2
BEL,Belgium,SI.POV.GINI,2006,28.1
BEL,Belgium,SI.POV.GINI,2005,29.3
BEL,Belgium,SI.POV.GINI,2004,30.5
BEL,Belgium,SI.POV.GINI,2003,28.1
BEL,Belgium,SI.POV.GINI,2000,33.1
BLZ,Belize,SI.POV.GINI,2018,39.9
BEN,Benin,SI.POV.GINI,2018,37.9
BEN,Benin,SI.POV.GINI,2015,47.6
BEN,Benin,SI.POV.GINI,2011,43.4
BEN,Benin,SI.POV.GINI,2003,38.6
BTN,Bhutan,SI.POV.GINI,2017,37.4
BTN,Bhutan,SI.POV.GINI,2012,38.8
BTN,Bhutan,SI.POV.GINI,2007,38.1
BTN,Bhutan,SI.POV.GINI,2003,40.9
BOL,Bolivia,SI.POV.GINI,2019,41.6
BOL,Bolivia,SI.POV.GINI,2018,42.6
BOL,Bolivia,SI.POV.GINI,2017,44.6
BOL,Bolivia,SI.POV.GINI,2016,45.2
BOL,Bolivia,SI.POV.GINI,2015,46.7
BOL,Bolivia,SI.POV.GINI,2014,47.8
BOL,Bolivia,SI.POV.GINI,2013,47.6
BOL,Bolivia,SI.POV.GINI,2012,46.6
BOL,Bolivia,SI.POV.GINI,2011,46.1
BOL,Bolivia,SI.POV.GINI,2009,49.2
BOL,Bolivia,SI.POV.GINI,2008,50.8
BOL,Bolivia,SI.POV.GINI,2007,54.5
BOL,Bolivia,SI.POV.GINI,2006,56.7
BOL,Bolivia,SI.POV.GINI,2005,58.5
BOL,Bolivia,SI.POV.GINI,2004,55
BOL,Bolivia,SI.POV.GINI,2002,59.3
BOL,Bolivia,SI.POV.GINI,2001,57.4
BOL,Bolivia,SI.POV.GINI,2000,61.6
BIH,Bosnia and Herzegovina,SI.POV.GINI,2015,32.9
BIH,Bosnia and Herzegovina,SI.POV.GINI,2011,33.3
BIH,Bosnia and Herzegovina,SI.POV.GINI,2007,34.3
BIH,Bosnia and Herzegovina,SI.POV.GINI,2004,34
BIH,Bosnia and Herzegovina,SI.POV.GINI,2001,30
BWA,Botswana,SI.POV.GINI,2015,54.9
BWA,Botswana,SI.POV.GINI,2009,56.9
BWA,Botswana,SI.POV.GINI,2002,61.5
BRA,Brazil,SI.POV.GINI,2019,53.5
BRA,Brazil,SI.POV.GINI,2018,53.9
BRA,Brazil,SI.POV.GINI,2017,53.3
BRA,Brazil,SI.POV.GINI,2016,53.4
BRA,Brazil,SI.POV.GINI,2015,51.9
BRA,Brazil,SI.POV.GINI,2014,52.1
BRA,Brazil,SI.POV.GINI,2013,52.7
BRA,Brazil,SI.POV.GINI,2012,53.4
BRA,Brazil,SI.POV.GINI,2011,52.9
BRA,Brazil,SI.POV.GINI,2009,53.7
BRA,Brazil,SI.POV.GINI,2008,54
BRA,Brazil,SI.POV.GINI,2007,54.9
BRA,Brazil,SI.POV.GINI,2006,55.6
BRA,Brazil,SI.POV.GINI,2005,56.3
BRA,Brazil,SI.POV.GINI,2004,56.5
BRA,Brazil,SI.POV.GINI,2003,57.6
BRA,Brazil,SI.POV.GINI,2002,58.1
BRA,Brazil,SI.POV.GINI,2001,58.4
BGR,Bulgaria,SI.POV.GINI,2019,40.3
BGR,Bulgaria,SI.POV.GINI,2018,41.3
BGR,Bulgaria,SI.POV.GINI,2017,40.4
BGR,Bulgaria,SI.POV.GINI,2016,40.6
BGR,Bulgaria,SI.POV.GINI,2015,38.6
BGR,Bulgaria,SI.POV.GINI,2014,37.4
BGR,Bulgaria,SI.POV.GINI,2013,36.6
BGR,Bulgaria,SI.POV.GINI,2012,36
BGR,Bulgaria,SI.POV.GINI,2011,34.3
BGR,Bulgaria,SI.POV.GINI,2010,35.7
BGR,Bulgaria,SI.POV.GINI,2009,33.8
BGR,Bulgaria,SI.POV.GINI,2008,33.6
BGR,Bulgaria,SI.POV.GINI,2007,36.1
BGR,Bulgaria,SI.POV.GINI,2006,35.7
BGR,Bulgaria,SI.POV.GINI,2003,28.9
BGR,Bulgaria,SI.POV.GINI,2001,32.7
BFA,Burkina Faso,SI.POV.GINI,2018,43
BFA,Burkina Faso,SI.POV.GINI,2014,35.3
BFA,Burkina Faso,SI.POV.GINI,2009,39.8
BFA,Burkina Faso,SI.POV.GINI,2003,43.3
BDI,Burundi,SI.POV.GINI,2013,38.6
BDI,Burundi,SI.POV.GINI,2006,33.4
CPV,Cabo Verde,SI.POV.GINI,2015,42.4
CPV,Cabo Verde,SI.POV.GINI,2007,47.2
CPV,Cabo Verde,SI.POV.GINI,2001,52.5
CMR,Cameroon,SI.POV.GINI,2014,46.6
CMR,Cameroon,SI.POV.GINI,2007,42.8
CMR,Cameroon,SI.POV.GINI,2001,42.1
CAN,Canada,SI.POV.GINI,2019,31.8
CAN,Canada,SI.POV.GINI,2018,32.5
CAN,Canada,SI.POV.GINI,2017,33.3
CAN,Canada,SI.POV.GINI,2016,32.7
CAN,Canada,SI.POV.GINI,2015,33.7
CAN,Canada,SI.POV.GINI,2014,33.2
CAN,Canada,SI.POV.GINI,2013,33.8
CAN,Canada,SI.POV.GINI,2012,33.5
CAN,Canada,SI.POV.GINI,2011,32.7
CAN,Canada,SI.POV.GINI,2010,33.6
CAN,Canada,SI.POV.GINI,2009,34
CAN,Canada,SI.POV.GINI,2008,33.9
CAN,Canada,SI.POV.GINI,2007,33.8
CAN,Canada,SI.POV.GINI,2006,34.1
CAN,Canada,SI.POV.GINI,2005,33.6
CAN,Canada,SI.POV.GINI,2004,33.8
CAN,Canada,SI.POV.GINI,2003,33.8
CAN,Canada,SI.POV.GINI,2002,33.6
CAN,Canada,SI.POV.GINI,2001,33.6
CAN,Canada,SI.POV.GINI,2000,33.4
CAF,Central African Republic,SI.POV.GINI,2008,56.2
TCD,Chad,SI.POV.GINI,2018,37.5
TCD,Chad,SI.POV.GINI,2011,43.3
TCD,Chad,SI.POV.GINI,2003,39.8
CHL,Chile,SI.POV.GINI,2017,45.3
CHL,Chile,SI.POV.GINI,2015,45.3
CHL,Chile,SI.POV.GINI,2013,46.8
CHL,Chile,SI.POV.GINI,2011,46.9
CHL,Chile,SI.POV.GINI,2009,47.4
CHL,Chile,SI.POV.GINI,2006,47.7
CHL,Chile,SI.POV.GINI,2003,51.5
CHL,Chile,SI.POV.GINI,2000,52.8
CHN,China,SI.POV.GINI,2019,38.2
CHN,China,SI.POV.GINI,2018,38.5
CHN,China,SI.POV.GINI,2017,39.1
CHN,China,SI.POV.GINI,2016,38.5
CHN,China,SI.POV.GINI,2015,38.6
CHN,China,SI.POV.GINI,2014,39.2
CHN,China,SI.POV.GINI,2013,39.7
CHN,China,SI.POV.GINI,2012,42.2
CHN,China,SI.POV.GINI,2011,42.4
CHN,China,SI.POV.GINI,2010,43.7
CHN,China,SI.POV.GINI,2008,43
CHN,China,SI.POV.GINI,2005,40.9
CHN,China,SI.POV.GINI,2002,42
COL,Colombia,SI.POV.GINI,2019,52.5
COL,Colombia,SI.POV.GINI,2018,51.6
COL,Colombia,SI.POV.GINI,2017,50.9
COL,Colombia,SI.POV.GINI,2016,51.7
COL,Colombia,SI.POV.GINI,2015,52
COL,Colombia,SI.POV.GINI,2014,53.6
COL,Colombia,SI.POV.GINI,2013,53.5
COL,Colombia,SI.POV.GINI,2012,53.6
COL,Colombia,SI.POV.GINI,2011,53.3
COL,Colombia,SI.POV.GINI,2010,54.4
COL,Colombia,SI.POV.GINI,2009,54.1
COL,Colombia,SI.POV.GINI,2008,55
COL,Colombia,SI.POV.GINI,2005,53.9
COL,Colombia,SI.POV.GINI,2004,55
COL,Colombia,SI.POV.GINI,2003,53.6
COL,Colombia,SI.POV.GINI,2002,56
COL,Colombia,SI.POV.GINI,2001,57.3
COL,Colombia,SI.POV.GINI,2000,58.4
COM,Comoros,SI.POV.GINI,2014,45.3
COM,Comoros,SI.POV.GINI,2004,55.9
COD,"Congo, Dem. Rep.",SI.POV.GINI,2012,42.1
COD,"Congo, Dem. Rep.",SI.POV.GINI,2004,41.6
COG,"Congo, Rep.",SI.POV.GINI,2011,48.9
COG,"Congo, Rep.",SI.POV.GINI,2005,47.3
CRI,Costa Rica,SI.POV.GINI,2019,48.2
CRI,Costa Rica,SI.POV.GINI,2018,48
CRI,Costa Rica,SI.POV.GINI,2017,48.3
CRI,Costa Rica,SI.POV.GINI,2016,48.7
CRI,Costa Rica,SI.POV.GINI,2015,48.4
CRI,Costa Rica,SI.POV.GINI,2014,48.6
CRI,Costa Rica,SI.POV.GINI,2013,49.2
CRI,Costa Rica,SI.POV.GINI,2012,48.4
CRI,Costa Rica,SI.POV.GINI,2011,48.8
CRI,Costa Rica,SI.POV.GINI,2010,48
CRI,Costa Rica,SI.POV.GINI,2009,50.6
CRI,Costa Rica,SI.POV.GINI,2008,48.6
CRI,Costa Rica,SI.POV.GINI,2007,49.3
CRI,Costa Rica,SI.POV.GINI,2006,49.3
CRI,Costa Rica,SI.POV.GINI,2005,47.5
CRI,Costa Rica,SI.POV.GINI,2004,48.4
CRI,Costa Rica,SI.POV.GINI,2003,49.3
CRI,Costa Rica,SI.POV.GINI,2002,51.8
CRI,Costa Rica,SI.POV.GINI,2001,51.5
CRI,Costa Rica,SI.POV.GINI,2000,47.4
CIV,Cote d'Ivoire,SI.POV.GINI,2018,37.2
CIV,Cote d'Ivoire,SI.POV.GINI,2015,41.5
CIV,Cote d'Ivoire,SI.POV.GINI,2008,43.2
CIV,Cote d'Ivoire,SI.POV.GINI,2002,41.3
HRV,Croatia,SI.POV.GINI,2019,28.9
HRV,Croatia,SI.POV.GINI,2018,29.7
HRV,Croatia,SI.POV.GINI,2017,30.4
HRV,Croatia,SI.POV.GINI,2016,30.9
HRV,Croatia,SI.POV.GINI,2015,31.1
HRV,Croatia,SI.POV.GINI,2014,32.1
HRV,Croatia,SI.POV.GINI,2013,32
HRV,Croatia,SI.POV.GINI,2012,32.5
HRV,Croatia,SI.POV.GINI,2011,32.3
HRV,Croatia,SI.POV.GINI,2010,32.4
HRV,Croatia,SI.POV.GINI,2009,32.6
HRV,Croatia,SI.POV.GINI,2008,33.7
HRV,Croatia,SI.POV.GINI,2004,29.7
HRV,Croatia,SI.POV.GINI,2001,31.1
HRV,Croatia,SI.POV.GINI,2000,31.3
CYP,Cyprus,SI.POV.GINI,2019,31.2
CYP,Cyprus,SI.POV.GINI,2018,32.7
CYP,Cyprus,SI.POV.GINI,2017,31.4
CYP,Cyprus,SI.POV.GINI,2016,32.9
CYP,Cyprus,SI.POV.GINI,2015,34
CYP,Cyprus,SI.POV.GINI,2014,35.6
CYP,Cyprus,SI.POV.GINI,2013,37
CYP,Cyprus,SI.POV.GINI,2012,34.3
CYP,Cyprus,SI.POV.GINI,2011,32.6
CYP,Cyprus,SI.POV.GINI,2010,31.5
CYP,Cyprus,SI.POV.GINI,2009,32.1
CYP,Cyprus,SI.POV.GINI,2008,31.7
CYP,Cyprus,SI.POV.GINI,2007,31.1
CYP,Cyprus,SI.POV.GINI,2006,31.1
CYP,Cyprus,SI.POV.GINI,2005,30.3
CYP,Cyprus,SI.POV.GINI,2004,30.1
CZE,Czechia,SI.POV.GINI,2019,25.3
CZE,Czechia,SI.POV.GINI,2018,25
CZE,Czechia,SI.POV.GINI,2017,24.9
CZE,Czechia,SI.POV.GINI,2016,25.4
CZE,Czechia,SI.POV.GINI,2015,25.9
CZE,Czechia,SI.POV.GINI,2014,25.9
CZE,Czechia,SI.POV.GINI,2013,26.5
CZE,Czechia,SI.POV.GINI,2012,26.1
CZE,Czechia,SI.POV.GINI,2011,26.4
CZE,Czechia,SI.POV.GINI,2010,26.6
CZE,Czechia,SI.POV.GINI,2009,26.2
CZE,Czechia,SI.POV.GINI,2008,26.3
CZE,Czechia,SI.POV.GINI,2007,26
CZE,Czechia,SI.POV.GINI,2006,26.7
CZE,Czechia,SI.POV.GINI,2005,26.9
CZE,Czechia,SI.POV.GINI,2004,27.5
CZE,Czechia,SI.POV.GINI,2002,26.6
DNK,Denmark,SI.POV.GINI,2019,27.7
DNK,Denmark,SI.POV.GINI,2018,28.2
DNK,Denmark,SI.POV.GINI,2017,28.7
DNK,Denmark,SI.POV.GINI,2016,28.2
DNK,Denmark,SI.POV.GINI,2015,28.2
DNK,Denmark,SI.POV.GINI,2014,28.4
DNK,Denmark,SI.POV.GINI,2013,28.5
DNK,Denmark,SI.POV.GINI,2012,27.8
DNK,Denmark,SI.POV.GINI,2011,27.3
DNK,Denmark,SI.POV.GINI,2010,27.2
DNK,Denmark,SI.POV.GINI,2009,26.7
DNK,Denmark,SI.POV.GINI,2008,25.2
DNK,Denmark,SI.POV.GINI,2007,26.2
DNK,Denmark,SI.POV.GINI,2006,25.9
DNK,Denmark,SI.POV.GINI,2005,25.2
DNK,Denmark,SI.POV.GINI,2004,24.9
DNK,Denmark,SI.POV.GINI,2003,25.6
DNK,Denmark,SI.POV.GINI,2000,23.8
DJI,Djibouti,SI.POV.GINI,2017,41.6
DJI,Djibouti,SI.POV.GINI,2013,44.1
DJI,Djibouti,SI.POV.GINI,2012,45.1
DJI,Djibouti,SI.POV.GINI,2002,40
DOM,Dominican Republic,SI.POV.GINI,2019,41.9
DOM,Dominican Republic,SI.POV.GINI,2018,43.7
DOM,Dominican Republic,SI.POV.GINI,2017,42.2
DOM,Dominican Republic,SI.POV.GINI,2016,45.7
DOM,Dominican Republic,SI.POV.GINI,2015,45.2
DOM,Dominican Republic,SI.POV.GINI,2014,44.3
DOM,Dominican Republic,SI.POV.GINI,2013,47.7
DOM,Dominican Republic,SI.POV.GINI,2012,46.1
DOM,Dominican Republic,SI.POV.GINI,2011,47.7
DOM,Dominican Republic,SI.POV.GINI,2010,47.3
DOM,Dominican Republic,SI.POV.GINI,2009,48.9
DOM,Dominican Republic,SI.POV.GINI,2008,48.1
DOM,Dominican Republic,SI.POV.GINI,2007,48.9
DOM,Dominican Republic,SI.POV.GINI,2006,52
DOM,Dominican Republic,SI.POV.GINI,2005,50
DOM,Dominican Republic,SI.POV.GINI,2004,52.1
DOM,Dominican Republic,SI.POV.GINI,2003,52.1
DOM,Dominican Republic,SI.POV.GINI,2002,49.7
DOM,Dominican Republic,SI.POV.GINI,2001,50
DOM,Dominican Republic,SI.POV.GINI,2000,51.5
ECU,Ecuador,SI.POV.GINI,2019,45.7
ECU,Ecuador,SI.POV.GINI,2018,45.4
ECU,Ecuador,SI.POV.GINI,2017,44.7
ECU,Ecuador,SI.POV.GINI,2016,45
ECU,Ecuador,SI.POV.GINI,2015,46
ECU,Ecuador,SI.POV.GINI,2014,45
ECU,Ecuador,SI.POV.GINI,2013,46.9
ECU,Ecuador,SI.POV.GINI,2012,46.1
ECU,Ecuador,SI.POV.GINI,2011,45.9
ECU,Ecuador,SI.POV.GINI,2010,48.8
ECU,Ecuador,SI.POV.GINI,2009,48.5
ECU,Ecuador,SI.POV.GINI,2008,49.8
ECU,Ecuador,SI.POV.GINI,2007,53.4
ECU,Ecuador,SI.POV.GINI,2006,52.3
ECU,Ecuador,SI.POV.GINI,2005,53.1
ECU,Ecuador,SI.POV.GINI,2004,53.9
ECU,Ecuador,SI.POV.GINI,2003,53.5
ECU,Ecuador,SI.POV.GINI,2000,56.3
EGY,"Egypt, Arab Rep.",SI.POV.GINI,2019,31.9
EGY,"Egypt, Arab Rep.",SI.POV.GINI,2017,31.5
EGY,"Egypt, Arab Rep.",SI.POV.GINI,2015,31.8
EGY,"Egypt, Arab Rep.",SI.POV.GINI,2012,28.3
EGY,"Egypt, Arab Rep.",SI.POV.GINI,2010,30.2
EGY,"Egypt, Arab Rep.",SI.POV.GINI,2008,31.1
EGY,"Egypt, Arab Rep.",SI.POV.GINI,2004,31.8
SLV,El Salvador,SI.POV.GINI,2019,38.8
SLV,El Salvador,SI.POV.GINI,2018,38.6
SLV,El Salvador,SI.POV.GINI,2017,38
SLV,El Salvador,SI.POV.GINI,2016,40
SLV,El Salvador,SI.POV.GINI,2015,40.6
SLV,El Salvador,SI.POV.GINI,2014,41.6
SLV,El Salvador,SI.POV.GINI,2013,43.4
SLV,El Salvador,SI.POV.GINI,2012,41.8
SLV,El Salvador,SI.POV.GINI,2011,42.3
SLV,El Salvador,SI.POV.GINI,2010,43.5
SLV,El Salvador,SI.POV.GINI,2009,45.8
SLV,El Salvador,SI.POV.GINI,2008,46.9
SLV,El Salvador,SI.POV.GINI,2007,45.2
SLV,El Salvador,SI.POV.GINI,2006,45.7
SLV,El Salvador,SI.POV.GINI,2005,48.5
SLV,El Salvador,SI.POV.GINI,2004,47.8
SLV,El Salvador,SI.POV.GINI,2003,50.4
SLV,El Salvador,SI.POV.GINI,2002,51.9
SLV,El Salvador,SI.POV.GINI,2001,51.3
SLV,El Salvador,SI.POV.GINI,2000,51.5
EST,Estonia,SI.POV.GINI,2019,30.8
EST,Estonia,SI.POV.GINI,2018,30.3
EST,Estonia,SI.POV.GINI,2017,30.4
EST,Estonia,SI.POV.GINI,2016,31.2
EST,Estonia,SI.POV.GINI,2015,32.7
EST,Estonia,SI.POV.GINI,2014,34.6
EST,Estonia,SI.POV.GINI,2013,35.1
EST,Estonia,SI.POV.GINI,2012,32.9
EST,Estonia,SI.POV.GINI,2011,32.5
EST,Estonia,SI.POV.GINI,2010,32
EST,Estonia,SI.POV.GINI,2009,31.4
EST,Estonia,SI.POV.GINI,2008,31.9
EST,Estonia,SI.POV.GINI,2007,31.2
EST,Estonia,SI.POV.GINI,2006,33.7
EST,Estonia,SI.POV.GINI,2005,33.4
EST,Estonia,SI.POV.GINI,2004,33.6
EST,Estonia,SI.POV.GINI,2003,37.2
EST,Estonia,SI.POV.GINI,2002,35.8
EST,Estonia,SI.POV.GINI,2001,36
EST,Estonia,SI.POV.GINI,2000,35.8
SWZ,Eswatini,SI.POV.GINI,2016,54.6
SWZ,Eswatini,SI.POV.GINI,2009,51.4
SWZ,Eswatini,SI.POV.GINI,2000,53.1
ETH,Ethiopia,SI.POV.GINI,2015,35
ETH,Ethiopia,SI.POV.GINI,2010,33.2
ETH,Ethiopia,SI.POV.GINI,2004,29.8
FJI,Fiji,SI.POV.GINI,2019,30.7
FJI,Fiji,SI.POV.GINI,2013,36.7
FJI,Fiji,SI.POV.GINI,2008,40.4
FJI,Fiji,SI.POV.GINI,2002,38.1
FIN,Finland,SI.POV.GINI,2019,27.7
FIN,Finland,SI.POV.GINI,2018,27.3
FIN,Finland,SI.POV.GINI,2017,27.4
FIN,Finland,SI.POV.GINI,2016,27.1
FIN,Finland,SI.POV.GINI,2015,27.1
FIN,Finland,SI.POV.GINI,2014,26.8
FIN,Finland,SI.POV.GINI,2013,27.2
FIN,Finland,SI.POV.GINI,2012,27.1
FIN,Finland,SI.POV.GINI,2011,27.6
FIN,Finland,SI.POV.GINI,2010,27.7
FIN,Finland,SI.POV.GINI,2009,27.5
FIN,Finland,SI.POV.GINI,2008,27.8
FIN,Finland,SI.POV.GINI,2007,28.3
FIN,Finland,SI.POV.GINI,2006,28
FIN,Finland,SI.POV.GINI,2005,27.6
FIN,Finland,SI.POV.GINI,2004,27.9
FIN,Finland,SI.POV.GINI,2003,27.7
FIN,Finland,SI.POV.GINI,2000,27.2
FRA,France,SI.POV.GINI,2019,31.2
FRA,France,SI.POV.GINI,2018,32.4
FRA,France,SI.POV.GINI,2017,31.6
FRA,France,SI.POV.GINI,2016,31.9
FRA,France,SI.POV.GINI,2015,32.7
FRA,France,SI.POV.GINI,2014,32.3
FRA,France,SI.POV.GINI,2013,32.5
FRA,France,SI.POV.GINI,2012,33.1
FRA,France,SI.POV.GINI,2011,33.3
FRA,France,SI.POV.GINI,2010,33.7
FRA,France,SI.POV.GINI,2009,32.7
FRA,France,SI.POV.GINI,2008,33
FRA,France,SI.POV.GINI,2007,32.4
FRA,France,SI.POV.GINI,2006,29.7
FRA,France,SI.POV.GINI,2005,29.8
FRA,France,SI.POV.GINI,2004,30.6
FRA,France,SI.POV.GINI,2003,31.4
FRA,France,SI.POV.GINI,2002,31.8
FRA,France,SI.POV.GINI,2001,32.5
FRA,France,SI.POV.GINI,2000,32.6
GAB,Gabon,SI.POV.GINI,2017,38
GAB,Gabon,SI.POV.GINI,2005,42.2
GMB,"Gambia, The",SI.POV.GINI,2015,35.9
GMB,"Gambia, The",SI.POV.GINI,2010,43.6
GMB,"Gambia, The",SI.POV.GINI,2003,47.3
GEO,Georgia,SI.POV.GINI,2019,35.9
GEO,Georgia,SI.POV.GINI,2018,36.4
GEO,Georgia,SI.POV.GINI,2017,37.9
GEO,Georgia,SI.POV.GINI,2016,36.6
GEO,Georgia,SI.POV.GINI,2015,36.5
GEO,Georgia,SI.POV.GINI,2014,37.6
GEO,Georgia,SI.POV.GINI,2013,38.6
GEO,Georgia,SI.POV.GINI,2012,39
GEO,Georgia,SI.POV.GINI,2011,39.6
GEO,Georgia,SI.POV.GINI,2010,39.5
GEO,Georgia,SI.POV.GINI,2009,38.2
GEO,Georgia,SI.POV.GINI,2008,38.5
GEO,Georgia,SI.POV.GINI,2007,38.1
GEO,Georgia,SI.POV.GINI,2006,36.9
GEO,Georgia,SI.POV.GINI,2005,37.4
GEO,Georgia,SI.POV.GINI,2004,36.2
GEO,Georgia,SI.POV.GINI,2003,36.6
GEO,Georgia,SI.POV.GINI,2002,37.2
GEO,Georgia,SI.POV.GINI,2001,39.6
GEO,Georgia,SI.POV.GINI,2000,40.5
DEU,Germany,SI.POV.GINI,2019,32.2
DEU,Germany,SI.POV.GINI,2018,31.9
DEU,Germany,SI.POV.GINI,2017,31.3
DEU,Germany,SI.POV.GINI,2016,31.3
DEU,Germany,SI.POV.GINI,2015,31.4
DEU,Germany,SI.POV.GINI,2014,30.8
DEU,Germany,SI.POV.GINI,2013,31.4
DEU,Germany,SI.POV.GINI,2012,30.9
DEU,Germany,SI.POV.GINI,2011,30.4
DEU,Germany,SI.POV.GINI,2010,30.2
DEU,Germany,SI.POV.GINI,2009,30.4
DEU,Germany,SI.POV.GINI,2008,30.6
DEU,Germany,SI.POV.GINI,2007,31.2
DEU,Germany,SI.POV.GINI,2006,31
DEU,Germany,SI.POV.GINI,2005,31.6
DEU,Germany,SI.POV.GINI,2004,30.1
DEU,Germany,SI.POV.GINI,2003,29.9
DEU,Germany,SI.POV.GINI,2002,29.9
DEU,Germany,SI.POV.GINI,2001,29.9
DEU,Germany,SI.POV.GINI,2000,28.7
GHA,Ghana,SI.POV.GINI,2016,43.5
GHA,Ghana,SI.POV.GINI,2012,42.4
GHA,Ghana,SI.POV.GINI,2005,42.8
GRC,Greece,SI.POV.GINI,2019,33.1
GRC,Greece,SI.POV.GINI,2018,32.9
GRC,Greece,SI.POV.GINI,2017,34.4
GRC,Greece,SI.POV.GINI,2016,35
GRC,Greece,SI.POV.GINI,2015,36
GRC,Greece,SI.POV.GINI,2014,35.8
GRC,Greece,SI.POV.GINI,2013,36.1
GRC,Greece,SI.POV.GINI,2012,36.3
GRC,Greece,SI.POV.GINI,2011,34.8
GRC,Greece,SI.POV.GINI,2010,34.1
GRC,Greece,SI.POV.GINI,2009,33.6
GRC,Greece,SI.POV.GINI,2008,33.6
GRC,Greece,SI.POV.GINI,2007,34
GRC,Greece,SI.POV.GINI,2006,35.1
GRC,Greece,SI.POV.GINI,2005,34.6
GRC,Greece,SI.POV.GINI,2004,33.6
GRC,Greece,SI.POV.GINI,2003,32.8
GRC,Greece,SI.POV.GINI,2002,35.5
GRC,Greece,SI.POV.GINI,2000,34.4
GRD,Grenada,SI.POV.GINI,2018,43.8
GTM,Guatemala,SI.POV.GINI,2014,48.3
GTM,Guatemala,SI.POV.GINI,2006,54.5
GTM,Guatemala,SI.POV.GINI,2000,54.2
GIN,Guinea,SI.POV.GINI,2018,29.6
GIN,Guinea,SI.POV.GINI,2012,33.7
GIN,Guinea,SI.POV.GINI,2007,39.4
GIN,Guinea,SI.POV.GINI,2002,43
GNB,Guinea-Bissau,SI.POV.GINI,2018,34.8
GNB,Guinea-Bissau,SI.POV.GINI,2010,50.6
GNB,Guinea-Bissau,SI.POV.GINI,2002,35.6
HTI,Haiti,SI.POV.GINI,2012,41.1
HTI,Haiti,SI.POV.GINI,2001,59
HND,Honduras,SI.POV.GINI,2019,48.2
HND,Honduras,SI.POV.GINI,2018,48.9
HND,Honduras,SI.POV.GINI,2017,49.4
HND,Honduras,SI.POV.GINI,2016,49.8
HND,Honduras,SI.POV.GINI,2015,49.2
HND,Honduras,SI.POV.GINI,2014,49.9
HND,Honduras,SI.POV.GINI,2013,50
HND,Honduras,SI.POV.GINI,2012,53.4
HND,Honduras,SI.POV.GINI,2011,52.6
HND,Honduras,SI.POV.GINI,2010,53.1
HND,Honduras,SI.POV.GINI,2009,51.3
HND,Honduras,SI.POV.GINI,2008,55.5
HND,Honduras,SI.POV.GINI,2007,55.8
HND,Honduras,SI.POV.GINI,2006,57.5
HND,Honduras,SI.POV.GINI,2005,59.5
HND,Honduras,SI.POV.GINI,2004,58.1
HND,Honduras,SI.POV.GINI,2003,58.1
HND,Honduras,SI.POV.GINI,2002,55.7
HND,Honduras,SI.POV.GINI,2001,55.4
HUN,Hungary,SI.POV.GINI,2017,30.6
HUN,Hungary,SI.POV.GINI,2016,30.3
HUN,Hungary,SI.POV.GINI,2015,30.4
HUN,Hungary,SI.POV.GINI,2014,30.9
HUN,Hungary,SI.POV.GINI,2013,31.5
HUN,Hungary,SI.POV.GINI,2012,30.8
HUN,Hungary,SI.POV.GINI,2011,29.2
HUN,Hungary,SI.POV.GINI,2010,29.4
HUN,Hungary,SI.POV.GINI,2009,27
HUN,Hungary,SI.POV.GINI,2008,27.5
HUN,Hungary,SI.POV.GINI,2007,27.9
HUN,Hungary,SI.POV.GINI,2006,28.3
HUN,Hungary,SI.POV.GINI,2005,34.7
HUN,Hungary,SI.POV.GINI,2004,29.9
HUN,Hungary,SI.POV.GINI,2003,30.9
HUN,Hungary,SI.POV.GINI,2002,26.8
HUN,Hungary,SI.POV.GINI,2001,26.9
HUN,Hungary,SI.POV.GINI,2000,27.2
ISL,Iceland,SI.POV.GINI,2019,26.8
ISL,Iceland,SI.POV.GINI,2018,26.6
ISL,Iceland,SI.POV.GINI,2017,26.1
ISL,Iceland,SI.POV.GINI,2016,27.2
ISL,Iceland,SI.POV.GINI,2015,26.8
ISL,Iceland,SI.POV.GINI,2014,27.8
ISL,Iceland,SI.POV.GINI,2013,25.4
ISL,Iceland,SI.POV.GINI,2012,26.8
ISL,Iceland,SI.POV.GINI,2011,26.8
ISL,Iceland,SI.POV.GINI,2010,26.2
ISL,Iceland,SI.POV.GINI,2009,28.7
ISL,Iceland,SI.POV.GINI,2008,31.8
ISL,Iceland,SI.POV.GINI,2007,29.5
ISL,Iceland,SI.POV.GINI,2006,30.2
ISL,Iceland,SI.POV.GINI,2005,29
ISL,Iceland,SI.POV.GINI,2004,28
ISL,Iceland,SI.POV.GINI,2003,26.8
IND,India,SI.POV.GINI,2011,28.8
IND,India,SI.POV.GINI,2009,27.8
IND,India,SI.POV.GINI,2004,27.7
IDN,Indonesia,SI.POV.GINI,2019,35.4
IDN,Indonesia,SI.POV.GINI,2018,36.3
IDN,Indonesia,SI.POV.GINI,2017,36.4
IDN,Indonesia,SI.POV.GINI,2016,36.9
IDN,Indonesia,SI.POV.GINI,2015,38.2
IDN,Indonesia,SI.POV.GINI,2014,38.8
IDN,Indonesia,SI.POV.GINI,2013,38.9
IDN,Indonesia,SI.POV.GINI,2012,37.1
IDN,Indonesia,SI.POV.GINI,2011,37.9
IDN,Indonesia,SI.POV.GINI,2010,34.6
IDN,Indonesia,SI.POV.GINI,2009,33.4
IDN,Indonesia,SI.POV.GINI,2008,32.6
IDN,Indonesia,SI.POV.GINI,2007,33.2
IDN,Indonesia,SI.POV.GINI,2006,31.5
IDN,Indonesia,SI.POV.GINI,2005,29.9
IDN,Indonesia,SI.POV.GINI,2004,30.4
IDN,Indonesia,SI.POV.GINI,2003,29.3
IDN,Indonesia,SI.POV.GINI,2002,30.2
IDN,Indonesia,SI.POV.GINI,2001,31.2
IDN,Indonesia,SI.POV.GINI,2000,30.3
IRN,"Iran, Islamic Rep.",SI.POV.GINI,2019,36.5
IRN,"Iran, Islamic Rep.",SI.POV.GINI,2018,37.4
IRN,"Iran, Islamic Rep.",SI.POV.GINI,2017,36.7
IRN,"Iran, Islamic Rep.",SI.POV.GINI,2016,35.9
IRN,"Iran, Islamic Rep.",SI.POV.GINI,2015,35.3
IRN,"Iran, Islamic Rep.",SI.POV.GINI,2014,34.8
IRN,"Iran, Islamic Rep.",SI.POV.GINI,2013,34
IRN,"Iran, Islamic Rep.",SI.POV.GINI,2012,34.4
IRN,"Iran, Islamic Rep.",SI.POV.GINI,2011,34.7
IRN,"Iran, Islamic Rep.",SI.POV.GINI,2009,42.1
IRN,"Iran, Islamic Rep.",SI.POV.GINI,2006,44.8
IRN,"Iran, Islamic Rep.",SI.POV.GINI,2005,43.6
IRQ,Iraq,SI.POV.GINI,2012,29.5
IRQ,Iraq,SI.POV.GINI,2006,28.6
IRL,Ireland,SI.POV.GINI,2019,30.3
IRL,Ireland,SI.POV.GINI,2018,30.6
IRL,Ireland,SI.POV.GINI,2017,31.4
IRL,Ireland,SI.POV.GINI,2016,32.8
IRL,Ireland,SI.POV.GINI,2015,31.8
IRL,Ireland,SI.POV.GINI,2014,31.9
IRL,Ireland,SI.POV.GINI,2013,33.5
IRL,Ireland,SI.POV.GINI,2012,33.2
IRL,Ireland,SI.POV.GINI,2011,32.9
IRL,Ireland,SI.POV.GINI,2010,32.3
IRL,Ireland,SI.POV.GINI,2009,32.7
IRL,Ireland,SI.POV.GINI,2008,30.9
IRL,Ireland,SI.POV.GINI,2007,31.9
IRL,Ireland,SI.POV.GINI,2006,32.7
IRL,Ireland,SI.POV.GINI,2005,33.8
IRL,Ireland,SI.POV.GINI,2004,33.6
IRL,Ireland,SI.POV.GINI,2003,32.9
IRL,Ireland,SI.POV.GINI,2002,32.3
IRL,Ireland,SI.POV.GINI,2000,33
ISR,Israel,SI.POV.GINI,2019,38.3
ISR,Israel,SI.POV.GINI,2018,38.6
ISR,Israel,SI.POV.GINI,2017,38.2
ISR,Israel,SI.POV.GINI,2016,39
ISR,Israel,SI.POV.GINI,2015,39.7
ISR,Israel,SI.POV.GINI,2014,39.8
ISR,Israel,SI.POV.GINI,2013,39.9
ISR,Israel,SI.POV.GINI,2012,41.3
ISR,Israel,SI.POV.GINI,2011,41.5
ISR,Israel,SI.POV.GINI,2010,42.6
ISR,Israel,SI.POV.GINI,2009,42.6
ISR,Israel,SI.POV.GINI,2008,41.6
ISR,Israel,SI.POV.GINI,2007,41.1
ISR,Israel,SI.POV.GINI,2006,41.6
ISR,Israel,SI.POV.GINI,2005,42.3
ISR,Israel,SI.POV.GINI,2004,41.5
ISR,Israel,SI.POV.GINI,2003,40.7
ISR,Israel,SI.POV.GINI,2002,39.6
ISR,Israel,SI.POV.GINI,2001,38.9
ITA,Italy,SI.POV.GINI,2019,34.6
ITA,Italy,SI.POV.GINI,2018,35.2
ITA,Italy,SI.POV.GINI,2017,35.9
ITA,Italy,SI.POV.GINI,2016,35.2
ITA,Italy,SI.POV.GINI,2015,35.4
ITA,Italy,SI.POV.GINI,2014,34.7
ITA,Italy,SI.POV.GINI,2013,34.9
ITA,Italy,SI.POV.GINI,2012,35.2
ITA,Italy,SI.POV.GINI,2011,35.1
ITA,Italy,SI.POV.GINI,2010,34.7
ITA,Italy,SI.POV.GINI,2009,33.8
ITA,Italy,SI.POV.GINI,2008,33.8
ITA,Italy,SI.POV.GINI,2007,32.9
ITA,Italy,SI.POV.GINI,2006,33.7
ITA,Italy,SI.POV.GINI,2005,33.8
ITA,Italy,SI.POV.GINI,2004,34.3
ITA,Italy,SI.POV.GINI,2003,34.9
ITA,Italy,SI.POV.GINI,2002,34.7
ITA,Italy,SI.POV.GINI,2000,35.2
JAM,Jamaica,SI.POV.GINI,2018,35.3
JAM,Jamaica,SI.POV.GINI,2004,45.5
JAM,Jamaica,SI.POV.GINI,2002,48.3
JPN,Japan,SI.POV.GINI,2019,33
JPN,Japan,SI.POV.GINI,2018,32.9
JPN,Japan,SI.POV.GINI,2017,31.8
JPN,Japan,SI.POV.GINI,2016,31.8
JPN,Japan,SI.POV.GINI,2015,30.7
JPN,Japan,SI.POV.GINI,2014,31.3
JPN,Japan,SI.POV.GINI,2013,31.5
JPN,Japan,SI.POV.GINI,2012,32.5
JPN,Japan,SI.POV.GINI,2011,33
JPN,Japan,SI.POV.GINI,2010,31.5
JPN,Japan,SI.POV.GINI,2009,33
JPN,Japan,SI.POV.GINI,2008,34.6
JOR,Jordan,SI.POV.GINI,2010,33.7
JOR,Jordan,SI.POV.GINI,2008,32.6
JOR,Jordan,SI.POV.GINI,2006,33.9
JOR,Jordan,SI.POV.GINI,2002,37
KAZ,Kazakhstan,SI.POV.GINI,2019,28
KAZ,Kazakhstan,SI.POV.GINI,2018,27.8
KAZ,Kazakhstan,SI.POV.GINI,2017,27.5
KAZ,Kazakhstan,SI.POV.GINI,2016,27.2
KAZ,Kazakhstan,SI.POV.GINI,2015,26.8
KAZ,Kazakhstan,SI.POV.GINI,2014,27
KAZ,Kazakhstan,SI.POV.GINI,2013,27.1
KAZ,Kazakhstan,SI.POV.GINI,2012,28.2
KAZ,Kazakhstan,SI.POV.GINI,2011,28
KAZ,Kazakhstan,SI.POV.GINI,2010,28
KAZ,Kazakhstan,SI.POV.GINI,2009,28.2
KAZ,Kazakhstan,SI.POV.GINI,2008,28.5
KAZ,Kazakhstan,SI.POV.GINI,2007,30.1
KAZ,Kazakhstan,SI.POV.GINI,2006,30.2
KAZ,Kazakhstan,SI.POV.GINI,2005,39.8
KAZ,Kazakhstan,SI.POV.GINI,2004,31.8
KAZ,Kazakhstan,SI.POV.GINI,2003,33.7
KAZ,Kazakhstan,SI.POV.GINI,2002,34.8
KAZ,Kazakhstan,SI.POV.GINI,2001,36
KEN,Kenya,SI.POV.GINI,2015,40.8
KEN,Kenya,SI.POV.GINI,2005,46.4
KIR,Kiribati,SI.POV.GINI,2019,27.8
KIR,Kiribati,SI.POV.GINI,2006,37
KOR,"Korea, Rep.",SI.POV.GINI,2019,33.2
KOR,"Korea, Rep.",SI.POV.GINI,2018,33.7
KOR,"Korea, Rep.",SI.POV.GINI,2017,34.9
KOR,"Korea, Rep.",SI.POV.GINI,2016,35.2
KOR,"Korea, Rep.",SI.POV.GINI,2014,31.2
KOR,"Korea, Rep.",SI.POV.GINI,2012,31.6
KOR,"Korea, Rep.",SI.POV.GINI,2010,32
KOR,"Korea, Rep.",SI.POV.GINI,2008,32.3
KOR,"Korea, Rep.",SI.POV.GINI,2006,31.7
XKX,Kosovo,SI.POV.GINI,2019,40.2
XKX,Kosovo,SI.POV.GINI,2018,44.6
XKX,Kosovo,SI.POV.GINI,2017,44.2
XKX,Kosovo,SI.POV.GINI,2016,26.7
XKX,Kosovo,SI.POV.GINI,2015,26.5
XKX,Kosovo,SI.POV.GINI,2014,27.3
XKX,Kosovo,SI.POV.GINI,2013,26.3
XKX,Kosovo,SI.POV.GINI,2012,29
XKX,Kosovo,SI.POV.GINI,2011,27.8
XKX,Kosovo,SI.POV.GINI,2010,33.3
XKX,Kosovo,SI.POV.GINI,2009,31.8
XKX,Kosovo,SI.POV.GINI,2006,30.3
XKX,Kosovo,SI.POV.GINI,2005,31.2
XKX,Kosovo,SI.POV.GINI,2003,29
KGZ,Kyrgyz Republic,SI.POV.GINI,2019,29.7
KGZ,Kyrgyz Republic,SI.POV.GINI,2018,27.7
KGZ,Kyrgyz Republic,SI.POV.GINI,2017,27.3
KGZ,Kyrgyz Republic,SI.POV.GINI,2016,26.8
KGZ,Kyrgyz Republic,SI.POV.GINI,2015,29
KGZ,Kyrgyz Republic,SI.POV.GINI,2014,26.8
KGZ,Kyrgyz Republic,SI.POV.GINI,2013,28.8
KGZ,Kyrgyz Republic,SI.POV.GINI,2012,27.4
KGZ,Kyrgyz Republic,SI.POV.GINI,2011,27.8
KGZ,Kyrgyz Republic,SI.POV.GINI,2010,30.1
KGZ,Kyrgyz Republic,SI.POV.GINI,2009,29.9
KGZ,Kyrgyz Republic,SI.POV.GINI,2008,31.5
KGZ,Kyrgyz Republic,SI.POV.GINI,2007,33.9
KGZ,Kyrgyz Republic,SI.POV.GINI,2006,37.4
KGZ,Kyrgyz Republic,SI.POV.GINI,2005,32.6
KGZ,Kyrgyz Republic,SI.POV.GINI,2004,34.8
KGZ,Kyrgyz Republic,SI.POV.GINI,2003,28.7
KGZ,Kyrgyz Republic,SI.POV.GINI,2002,30.3
KGZ,Kyrgyz Republic,SI.POV.GINI,2001,30.2
KGZ,Kyrgyz Republic,SI.POV.GINI,2000,31
LAO,Lao PDR,SI.POV.GINI,2018,38.8
LAO,Lao PDR,SI.POV.GINI,2012,36
LAO,Lao PDR,SI.POV.GINI,2007,35.4
LAO,Lao PDR,SI.POV.GINI,2002,32.6
LVA,Latvia,SI.POV.GINI,2019,34.5
LVA,Latvia,SI.POV.GINI,2018,35.1
LVA,Latvia,SI.POV.GINI,2017,35.6
LVA,Latvia,SI.POV.GINI,2016,34.3
LVA,Latvia,SI.POV.GINI,2015,34.2
LVA,Latvia,SI.POV.GINI,2014,35.1
LVA,Latvia,SI.POV.GINI,2013,35.5
LVA,Latvia,SI.POV.GINI,2012,35.2
LVA,Latvia,SI.POV.GINI,2011,35.8
LVA,Latvia,SI.POV.GINI,2010,35
LVA,Latvia,SI.POV.GINI,2009,35.9
LVA,Latvia,SI.POV.GINI,2008,37.2
LVA,Latvia,SI.POV.GINI,2007,37.5
LVA,Latvia,SI.POV.GINI,2006,35.6
LVA,Latvia,SI.POV.GINI,2005,39
LVA,Latvia,SI.POV.GINI,2004,36.4
LVA,Latvia,SI.POV.GINI,2003,36.5
LVA,Latvia,SI.POV.GINI,2002,35.1
LBN,Lebanon,SI.POV.GINI,2011,31.8
LSO,Lesotho,SI.POV.GINI,2017,44.9
LSO,Lesotho,SI.POV.GINI,2002,51.2
LBR,Liberia,SI.POV.GINI,2016,35.3
LBR,Liberia,SI.POV.GINI,2014,33.2
LBR,Liberia,SI.POV.GINI,2007,36.4
LTU,Lithuania,SI.POV.GINI,2019,35.3
LTU,Lithuania,SI.POV.GINI,2018,35.7
LTU,Lithuania,SI.POV.GINI,2017,37.3
LTU,Lithuania,SI.POV.GINI,2016,38.4
LTU,Lithuania,SI.POV.GINI,2015,37.4
LTU,Lithuania,SI.POV.GINI,2014,37.7
LTU,Lithuania,SI.POV.GINI,2013,35.3
LTU,Lithuania,SI.POV.GINI,2012,35.1
LTU,Lithuania,SI.POV.GINI,2011,32.5
LTU,Lithuania,SI.POV.GINI,2010,33.6
LTU,Lithuania,SI.POV.GINI,2009,37.2
LTU,Lithuania,SI.POV.GINI,2008,35.7
LTU,Lithuania,SI.POV.GINI,2007,34.8
LTU,Lithuania,SI.POV.GINI,2006,34.4
LTU,Lithuania,SI.POV.GINI,2005,35.3
LTU,Lithuania,SI.POV.GINI,2004,37
LTU,Lithuania,SI.POV.GINI,2003,35.5
LTU,Lithuania,SI.POV.GINI,2002,31.9
LTU,Lithuania,SI.POV.GINI,2001,32
LTU,Lithuania,SI.POV.GINI,2000,31.7
LUX,Luxembourg,SI.POV.GINI,2019,34.2
LUX,Luxembourg,SI.POV.GINI,2018,35.4
LUX,Luxembourg,SI.POV.GINI,2017,34.5
LUX,Luxembourg,SI.POV.GINI,2016,31.7
LUX,Luxembourg,SI.POV.GINI,2015,32.9
LUX,Luxembourg,SI.POV.GINI,2014,31.2
LUX,Luxembourg,SI.POV.GINI,2013,32
LUX,Luxembourg,SI.POV.GINI,2012,34.3
LUX,Luxembourg,SI.POV.GINI,2011,32.1
LUX,Luxembourg,SI.POV.GINI,2010,30.5
LUX,Luxembourg,SI.POV.GINI,2009,31.2
LUX,Luxembourg,SI.POV.GINI,2008,32.6
LUX,Luxembourg,SI.POV.GINI,2007,31.1
LUX,Luxembourg,SI.POV.GINI,2006,30.9
LUX,Luxembourg,SI.POV.GINI,2005,30.8
LUX,Luxembourg,SI.POV.GINI,2004,30.2
LUX,Luxembourg,SI.POV.GINI,2003,30.2
LUX,Luxembourg,SI.POV.GINI,2002,31.1
LUX,Luxembourg,SI.POV.GINI,2001,30.9
LUX,Luxembourg,SI.POV.GINI,2000,30.1
MDG,Madagascar,SI.POV.GINI,2012,42.6
MDG,Madagascar,SI.POV.GINI,2010,42.4
MDG,Madagascar,SI.POV.GINI,2005,39.9
MDG,Madagascar,SI.POV.GINI,2001,47.4
MWI,Malawi,SI.POV.GINI,2019,38.5
MWI,Malawi,SI.POV.GINI,2016,44.7
MWI,Malawi,SI.POV.GINI,2010,45.5
MWI,Malawi,SI.POV.GINI,2004,39.9
MYS,Malaysia,SI.POV.GINI,2018,41.2
MYS,Malaysia,SI.POV.GINI,2015,41.1
MYS,Malaysia,SI.POV.GINI,2013,41.3
MYS,Malaysia,SI.POV.GINI,2011,43.6
MYS,Malaysia,SI.POV.GINI,2008,45.5
MYS,Malaysia,SI.POV.GINI,2006,44.8
MYS,Malaysia,SI.POV.GINI,2003,46.4
MDV,Maldives,SI.POV.GINI,2019,29.3
MDV,Maldives,SI.POV.GINI,2016,31.3
MDV,Maldives,SI.POV.GINI,2009,38.4
MDV,Maldives,SI.POV.GINI,2002,41.3
MLI,Mali,SI.POV.GINI,2018,36
MLI,Mali,SI.POV.GINI,2009,33
MLI,Mali,SI.POV.GINI,2006,38.9
MLI,Mali,SI.POV.GINI,2001,39.9
MLT,Malta,SI.POV.GINI,2019,31
MLT,Malta,SI.POV.GINI,2018,28.7
MLT,Malta,SI.POV.GINI,2017,29.2
MLT,Malta,SI.POV.GINI,2016,29.1
MLT,Malta,SI.POV.GINI,2015,29.4
MLT,Malta,SI.POV.GINI,2014,29
MLT,Malta,SI.POV.GINI,2013,28.8
MLT,Malta,SI.POV.GINI,2012,29.4
MLT,Malta,SI.POV.GINI,2011,29.1
MLT,Malta,SI.POV.GINI,2010,29
MLT,Malta,SI.POV.GINI,2009,30.2
MLT,Malta,SI.POV.GINI,2008,29
MLT,Malta,SI.POV.GINI,2007,29.2
MLT,Malta,SI.POV.GINI,2006,28
MHL,Marshall Islands,SI.POV.GINI,2019,35.5
MRT,Mauritania,SI.POV.GINI,2019,32
MRT,Mauritania,SI.POV.GINI,2014,32.6
MRT,Mauritania,SI.POV.GINI,2008,35.7
MRT,Mauritania,SI.POV.GINI,2004,40.2
MRT,Mauritania,SI.POV.GINI,2000,39
MUS,Mauritius,SI.POV.GINI,2017,36.8
MUS,Mauritius,SI.POV.GINI,2012,38.5
MUS,Mauritius,SI.POV.GINI,2006,35.7
MEX,Mexico,SI.POV.GINI,2018,46
MEX,Mexico,SI.POV.GINI,2016,46.9
MEX,Mexico,SI.POV.GINI,2014,48.9
MEX,Mexico,SI.POV.GINI,2012,49.6
MEX,Mexico,SI.POV.GINI,2010,47.7
MEX,Mexico,SI.POV.GINI,2008,50.8
MEX,Mexico,SI.POV.GINI,2006,49.7
MEX,Mexico,SI.POV.GINI,2005,50.9
MEX,Mexico,SI.POV.GINI,2004,50.3
MEX,Mexico,SI.POV.GINI,2002,50.6
MEX,Mexico,SI.POV.GINI,2000,53.4
FSM,"Micronesia, Fed. Sts.",SI.POV.GINI,2013,40.1
FSM,"Micronesia, Fed. Sts.",SI.POV.GINI,2005,42.4
MDA,Moldova,SI.POV.GINI,2019,26
MDA,Moldova,SI.POV.GINI,2018,25.7
MDA,Moldova,SI.POV.GINI,2017,25.9
MDA,Moldova,SI.POV.GINI,2016,26.3
MDA,Moldova,SI.POV.GINI,2015,27
MDA,Moldova,SI.POV.GINI,2014,26.8
MDA,Moldova,SI.POV.GINI,2013,28.5
MDA,Moldova,SI.POV.GINI,2012,29.2
MDA,Moldova,SI.POV.GINI,2011,30.6
MDA,Moldova,SI.POV.GINI,2010,32.1
MDA,Moldova,SI.POV.GINI,2009,32.9
MDA,Moldova,SI.POV.GINI,2008,34.7
MDA,Moldova,SI.POV.GINI,2007,34.4
MDA,Moldova,SI.POV.GINI,2006,35.4
MDA,Moldova,SI.POV.GINI,2005,36.3
MDA,Moldova,SI.POV.GINI,2004,35
MDA,Moldova,SI.POV.GINI,2003,34.9
MDA,Moldova,SI.POV.GINI,2002,35.8
MDA,Moldova,SI.POV.GINI,2001,38
MDA,Moldova,SI.POV.GINI,2000,36.4
MNG,Mongolia,SI.POV.GINI,2018,32.7
MNG,Mongolia,SI.POV.GINI,2016,32.3
MNG,Mongolia,SI.POV.GINI,2014,32
MNG,Mongolia,SI.POV.GINI,2012,33.8
MNG,Mongolia,SI.POV.GINI,2011,33.9
MNG,Mongolia,SI.POV.GINI,2010,33.1
MNG,Mongolia,SI.POV.GINI,2007,35.8
MNG,Mongolia,SI.POV.GINI,2002,32.9
MNE,Montenegro,SI.POV.GINI,2019,35.7
MNE,Montenegro,SI.POV.GINI,2018,36.8
MNE,Montenegro,SI.POV.GINI,2017,36.9
MNE,Montenegro,SI.POV.GINI,2016,38.5
MNE,Montenegro,SI.POV.GINI,2015,39
MNE,Montenegro,SI.POV.GINI,2014,38.8
MNE,Montenegro,SI.POV.GINI,2013,39
MNE,Montenegro,SI.POV.GINI,2012,41.2
MNE,Montenegro,SI.POV.GINI,2011,30.8
MNE,Montenegro,SI.POV.GINI,2010,28.9
MNE,Montenegro,SI.POV.GINI,2009,31
MNE,Montenegro,SI.POV.GINI,2008,30.5
MNE,Montenegro,SI.POV.GINI,2007,31.4
MNE,Montenegro,SI.POV.GINI,2006,30
MNE,Montenegro,SI.POV.GINI,2005,30.2
MAR,Morocco,SI.POV.GINI,2013,39.5
MAR,Morocco,SI.POV.GINI,2006,40.7
MAR,Morocco,SI.POV.GINI,2000,40.6
MOZ,Mozambique,SI.POV.GINI,2019,50.7
MOZ,Mozambique,SI.POV.GINI,2014,54
MOZ,Mozambique,SI.POV.GINI,2008,45.5
MOZ,Mozambique,SI.POV.GINI,2002,46.9
MMR,Myanmar,SI.POV.GINI,2017,30.7
MMR,Myanmar,SI.POV.GINI,2015,38.1
NAM,Namibia,SI.POV.GINI,2015,59.1
NAM,Namibia,SI.POV.GINI,2009,61
NAM,Namibia,SI.POV.GINI,2003,63.3
NRU,Naoero,SI.POV.GINI,2012,32.4
NPL,Nepal,SI.POV.GINI,2010,32.8
NPL,Nepal,SI.POV.GINI,2003,43.8
NLD,Netherlands,SI.POV.GINI,2019,29.2
NLD,Netherlands,SI.POV.GINI,2018,28.1
NLD,Netherlands,SI.POV.GINI,2017,28.5
NLD,Netherlands,SI.POV.GINI,2016,28.2
NLD,Netherlands,SI.POV.GINI,2015,28.2
NLD,Netherlands,SI.POV.GINI,2014,28.6
NLD,Netherlands,SI.POV.GINI,2013,28.1
NLD,Netherlands,SI.POV.GINI,2012,27.6
NLD,Netherlands,SI.POV.GINI,2011,27.8
NLD,Netherlands,SI.POV.GINI,2010,27.8
NLD,Netherlands,SI.POV.GINI,2009,27.9
NLD,Netherlands,SI.POV.GINI,2008,29.3
NLD,Netherlands,SI.POV.GINI,2007,29.6
NLD,Netherlands,SI.POV.GINI,2006,30
NLD,Netherlands,SI.POV.GINI,2005,29
NLD,Netherlands,SI.POV.GINI,2004,29.8
NIC,Nicaragua,SI.POV.GINI,2014,46.2
NIC,Nicaragua,SI.POV.GINI,2009,43.9
NIC,Nicaragua,SI.POV.GINI,2005,48.8
NIC,Nicaragua,SI.POV.GINI,2001,52.9
NER,Niger,SI.POV.GINI,2018,37.3
NER,Niger,SI.POV.GINI,2014,34.3
NER,Niger,SI.POV.GINI,2011,31.5
NER,Niger,SI.POV.GINI,2007,37.3
NER,Niger,SI.POV.GINI,2005,44.4
NGA,Nigeria,SI.POV.GINI,2018,35.1
NGA,Nigeria,SI.POV.GINI,2015,35.9
NGA,Nigeria,SI.POV.GINI,2012,35.5
NGA,Nigeria,SI.POV.GINI,2010,35.7
NGA,Nigeria,SI.POV.GINI,2003,40.1
MKD,North Macedonia,SI.POV.GINI,2019,33.5
MKD,North Macedonia,SI.POV.GINI,2018,33
MKD,North Macedonia,SI.POV.GINI,2017,34.2
MKD,North Macedonia,SI.POV.GINI,2016,34.5
MKD,North Macedonia,SI.POV.GINI,2015,35.6
MKD,North Macedonia,SI.POV.GINI,2014,35.2
MKD,North Macedonia,SI.POV.GINI,2013,36.2
MKD,North Macedonia,SI.POV.GINI,2012,38.1
MKD,North Macedonia,SI.POV.GINI,2011,39.4
MKD,North Macedonia,SI.POV.GINI,2010,40.1
MKD,North Macedonia,SI.POV.GINI,2009,42.8
MKD,North Macedonia,SI.POV.GINI,2008,46.1
MKD,North Macedonia,SI.POV.GINI,2006,42.6
MKD,North Macedonia,SI.POV.GINI,2005,39.3
MKD,North Macedonia,SI.POV.GINI,2004,38.4
MKD,North Macedonia,SI.POV.GINI,2003,38.7
MKD,North Macedonia,SI.POV.GINI,2002,38.5
MKD,North Macedonia,SI.POV.GINI,2000,34.3
NOR,Norway,SI.POV.GINI,2019,27.7
NOR,Norway,SI.POV.GINI,2018,27.6
NOR,Norway,SI.POV.GINI,2017,27
NOR,Norway,SI.POV.GINI,2016,28.5
NOR,Norway,SI.POV.GINI,2015,27.5
NOR,Norway,SI.POV.GINI,2014,26.8
NOR,Norway,SI.POV.GINI,2013,26.4
NOR,Norway,SI.POV.GINI,2012,25.7
NOR,Norway,SI.POV.GINI,2011,25.3
NOR,Norway,SI.POV.GINI,2010,25.7
NOR,Norway,SI.POV.GINI,2009,26.2
NOR,Norway,SI.POV.GINI,2008,27
NOR,Norway,SI.POV.GINI,2007,27.1
NOR,Norway,SI.POV.GINI,2006,26.4
NOR,Norway,SI.POV.GINI,2005,30.6
NOR,Norway,SI.POV.GINI,2004,31.6
NOR,Norway,SI.POV.GINI,2003,27.6
NOR,Norway,SI.POV.GINI,2000,27.4
PAK,Pakistan,SI.POV.GINI,2018,29.6
PAK,Pakistan,SI.POV.GINI,2015,31.3
PAK,Pakistan,SI.POV.GINI,2013,29.5
PAK,Pakistan,SI.POV.GINI,2011,29.7
PAK,Pakistan,SI.POV.GINI,2010,28.8
PAK,Pakistan,SI.POV.GINI,2007,29.7
PAK,Pakistan,SI.POV.GINI,2005,31.3
PAK,Pakistan,SI.POV.GINI,2004,30.9
PAK,Pakistan,SI.POV.GINI,2001,28.7
PAN,Panama,SI.POV.GINI,2019,49.8
PAN,Panama,SI.POV.GINI,2018,49.2
PAN,Panama,SI.POV.GINI,2017,49.9
PAN,Panama,SI.POV.GINI,2016,50.4
PAN,Panama,SI.POV.GINI,2015,50.8
PAN,Panama,SI.POV.GINI,2014,50.5
PAN,Panama,SI.POV.GINI,2013,51.5
PAN,Panama,SI.POV.GINI,2012,51.7
PAN,Panama,SI.POV.GINI,2011,51.3
PAN,Panama,SI.POV.GINI,2010,51.6
PAN,Panama,SI.POV.GINI,2009,51.8
PAN,Panama,SI.POV.GINI,2008,52.7
PAN,Panama,SI.POV.GINI,2007,52.7
PAN,Panama,SI.POV.GINI,2006,54.6
PAN,Panama,SI.POV.GINI,2005,53.8
PAN,Panama,SI.POV.GINI,2004,54.8
PAN,Panama,SI.POV.GINI,2003,55.6
PAN,Panama,SI.POV.GINI,2002,56.1
PAN,Panama,SI.POV.GINI,2001,56.7
PAN,Panama,SI.POV.GINI,2000,56.6
PNG,Papua New Guinea,SI.POV.GINI,2009,41.9
PRY,Paraguay,SI.POV.GINI,2019,45.7
PRY,Paraguay,SI.POV.GINI,2018,46
PRY,Paraguay,SI.POV.GINI,2017,48.5
PRY,Paraguay,SI.POV.GINI,2016,47.9
PRY,Paraguay,SI.POV.GINI,2015,47.6
PRY,Paraguay,SI.POV.GINI,2014,50.7
PRY,Paraguay,SI.POV.GINI,2013,47.9
PRY,Paraguay,SI.POV.GINI,2012,47.6
PRY,Paraguay,SI.POV.GINI,2011,52.3
PRY,Paraguay,SI.POV.GINI,2010,51
PRY,Paraguay,SI.POV.GINI,2009,49.1
PRY,Paraguay,SI.POV.GINI,2008,50.7
PRY,Paraguay,SI.POV.GINI,2007,53
PRY,Paraguay,SI.POV.GINI,2006,53
PRY,Paraguay,SI.POV.GINI,2005,51.4
PRY,Paraguay,SI.POV.GINI,2004,52.3
PRY,Paraguay,SI.POV.GINI,2003,54.9
PRY,Paraguay,SI.POV.GINI,2002,57.3
PRY,Paraguay,SI.POV.GINI,2001,54.6
PER,Peru,SI.POV.GINI,2019,41.5
PER,Peru,SI.POV.GINI,2018,42.4
PER,Peru,SI.POV.GINI,2017,43.3
PER,Peru,SI.POV.GINI,2016,43.6
PER,Peru,SI.POV.GINI,2015,43.4
PER,Peru,SI.POV.GINI,2014,43.1
PER,Peru,SI.POV.GINI,2013,43.9
PER,Peru,SI.POV.GINI,2012,44.4
PER,Peru,SI.POV.GINI,2011,44.7
PER,Peru,SI.POV.GINI,2010,45.5
PER,Peru,SI.POV.GINI,2009,47
PER,Peru,SI.POV.GINI,2008,47.5
PER,Peru,SI.POV.GINI,2007,50
PER,Peru,SI.POV.GINI,2006,50.3
PER,Peru,SI.POV.GINI,2005,50.4
PER,Peru,SI.POV.GINI,2004,49.9
PER,Peru,SI.POV.GINI,2003,53.1
PER,Peru,SI.POV.GINI,2002,53.6
PER,Peru,SI.POV.GINI,2001,51.3
PER,Peru,SI.POV.GINI,2000,49.1
PHL,Philippines,SI.POV.GINI,2018,42.3
PHL,Philippines,SI.POV.GINI,2015,44.6
PHL,Philippines,SI.POV.GINI,2012,46.5
PHL,Philippines,SI.POV.GINI,2009,46.3
PHL,Philippines,SI.POV.GINI,2006,47.2
PHL,Philippines,SI.POV.GINI,2003,46.6
PHL,Philippines,SI.POV.GINI,2000,47.7
POL,Poland,SI.POV.GINI,2019,28.8
POL,Poland,SI.POV.GINI,2018,30.2
POL,Poland,SI.POV.GINI,2017,29.7
POL,Poland,SI.POV.GINI,2016,31.2
POL,Poland,SI.POV.GINI,2015,31.8
POL,Poland,SI.POV.GINI,2014,32.8
POL,Poland,SI.POV.GINI,2013,33.1
POL,Poland,SI.POV.GINI,2012,33
POL,Poland,SI.POV.GINI,2011,33.2
POL,Poland,SI.POV.GINI,2010,33.2
POL,Poland,SI.POV.GINI,2009,33.4
POL,Poland,SI.POV.GINI,2008,33.5
POL,Poland,SI.POV.GINI,2007,34
POL,Poland,SI.POV.GINI,2006,34.7
POL,Poland,SI.POV.GINI,2005,35.8
POL,Poland,SI.POV.GINI,2004,38
POL,Poland,SI.POV.GINI,2003,34.9
POL,Poland,SI.POV.GINI,2002,34.1
POL,Poland,SI.POV.GINI,2001,32.8
POL,Poland,SI.POV.GINI,2000,33
PRT,Portugal,SI.POV.GINI,2019,32.8
PRT,Portugal,SI.POV.GINI,2018,33.5
PRT,Portugal,SI.POV.GINI,2017,33.8
PRT,Portugal,SI.POV.GINI,2016,35.2
PRT,Portugal,SI.POV.GINI,2015,35.5
PRT,Portugal,SI.POV.GINI,2014,35.6
PRT,Portugal,SI.POV.GINI,2013,36.2
PRT,Portugal,SI.POV.GINI,2012,36
PRT,Portugal,SI.POV.GINI,2011,36.3
PRT,Portugal,SI.POV.GINI,2010,35.8
PRT,Portugal,SI.POV.GINI,2009,34.9
PRT,Portugal,SI.POV.GINI,2008,36.6
PRT,Portugal,SI.POV.GINI,2007,36.8
PRT,Portugal,SI.POV.GINI,2006,38.1
PRT,Portugal,SI.POV.GINI,2005,38.5
PRT,Portugal,SI.POV.GINI,2004,38.9
PRT,Portugal,SI.POV.GINI,2003,38.8
QAT,Qatar,SI.POV.GINI,2017,35.1
ROU,Romania,SI.POV.GINI,2019,34.8
ROU,Romania,SI.POV.GINI,2018,35.8
ROU,Romania,SI.POV.GINI,2017,36
ROU,Romania,SI.POV.GINI,2016,34.4
ROU,Romania,SI.POV.GINI,2015,35.9
ROU,Romania,SI.POV.GINI,2014,36
ROU,Romania,SI.POV.GINI,2013,36.9
ROU,Romania,SI.POV.GINI,2012,36.5
ROU,Romania,SI.POV.GINI,2011,35.9
ROU,Romania,SI.POV.GINI,2010,35.5
ROU,Romania,SI.POV.GINI,2009,35.6
ROU,Romania,SI.POV.GINI,2008,36.4
ROU,Romania,SI.POV.GINI,2007,37.5
ROU,Romania,SI.POV.GINI,2006,39.6
ROU,Romania,SI.POV.GINI,2005,29.8
ROU,Romania,SI.POV.GINI,2004,30
ROU,Romania,SI.POV.GINI,2003,29.9
ROU,Romania,SI.POV.GINI,2002,30.2
ROU,Romania,SI.POV.GINI,2001,29.4
ROU,Romania,SI.POV.GINI,2000,29.3
RUS,Russian Federation,SI.POV.GINI,2019,35.7
RUS,Russian Federation,SI.POV.GINI,2018,35.3
RUS,Russian Federation,SI.POV.GINI,2017,35.5
RUS,Russian Federation,SI.POV.GINI,2016,36.7
RUS,Russian Federation,SI.POV.GINI,2015,36.5
RUS,Russian Federation,SI.POV.GINI,2014,36.9
RUS,Russian Federation,SI.POV.GINI,2013,40.9
RUS,Russian Federation,SI.POV.GINI,2012,40.7
RUS,Russian Federation,SI.POV.GINI,2011,39.7
RUS,Russian Federation,SI.POV.GINI,2010,39.5
RUS,Russian Federation,SI.POV.GINI,2009,39.8
RUS,Russian Federation,SI.POV.GINI,2008,41.6
RUS,Russian Federation,SI.POV.GINI,2007,42.3
RUS,Russian Federation,SI.POV.GINI,2006,41
RUS,Russian Federation,SI.POV.GINI,2005,41.3
RUS,Russian Federation,SI.POV.GINI,2004,40.3
RUS,Russian Federation,SI.POV.GINI,2003,40
RUS,Russian Federation,SI.POV.GINI,2002,37.3
RUS,Russian Federation,SI.POV.GINI,2001,36.9
RUS,Russian Federation,SI.POV.GINI,2000,37.1
RWA,Rwanda,SI.POV.GINI,2016,43.7
RWA,Rwanda,SI.POV.GINI,2013,45.1
RWA,Rwanda,SI.POV.GINI,2010,47.2
RWA,Rwanda,SI.POV.GINI,2005,52
RWA,Rwanda,SI.POV.GINI,2000,48.5
WSM,Samoa,SI.POV.GINI,2013,38.7
WSM,Samoa,SI.POV.GINI,2008,42
WSM,Samoa,SI.POV.GINI,2002,40.7
STP,Sao Tome and Principe,SI.POV.GINI,2017,40.7
STP,Sao Tome and Principe,SI.POV.GINI,2010,30.8
STP,Sao Tome and Principe,SI.POV.GINI,2000,32.1
SEN,Senegal,SI.POV.GINI,2018,38.3
SEN,Senegal,SI.POV.GINI,2011,40.3
SEN,Senegal,SI.POV.GINI,2005,39.2
SEN,Senegal,SI.POV.GINI,2001,41.2
SRB,Serbia,SI.POV.GINI,2019,34.5
SRB,Serbia,SI.POV.GINI,2018,35
SRB,Serbia,SI.POV.GINI,2017,36.1
SRB,Serbia,SI.POV.GINI,2016,38.8
SRB,Serbia,SI.POV.GINI,2015,40.5
SRB,Serbia,SI.POV.GINI,2014,40.4
SRB,Serbia,SI.POV.GINI,2013,39.4
SRB,Serbia,SI.POV.GINI,2012,39.9
SRB,Serbia,SI.POV.GINI,2010,29
SRB,Serbia,SI.POV.GINI,2009,28
SRB,Serbia,SI.POV.GINI,2008,27.6
SRB,Serbia,SI.POV.GINI,2007,28.7
SRB,Serbia,SI.POV.GINI,2006,29.7
SRB,Serbia,SI.POV.GINI,2005,36.5
SRB,Serbia,SI.POV.GINI,2004,35.5
SRB,Serbia,SI.POV.GINI,2003,32.8
SRB,Serbia,SI.POV.GINI,2002,32.7
SYC,Seychelles,SI.POV.GINI,2018,32.1
SYC,Seychelles,SI.POV.GINI,2013,46.8
SYC,Seychelles,SI.POV.GINI,2006,42.8
SLE,Sierra Leone,SI.POV.GINI,2018,35.7
SLE,Sierra Leone,SI.POV.GINI,2011,34
SLE,Sierra Leone,SI.POV.GINI,2003,40.2
SVK,Slovak Republic,SI.POV.GINI,2019,23.2
SVK,Slovak Republic,SI.POV.GINI,2018,25
SVK,Slovak Republic,SI.POV.GINI,2017,23.2
SVK,Slovak Republic,SI.POV.GINI,2016,25.2
SVK,Slovak Republic,SI.POV.GINI,2015,26.5
SVK,Slovak Republic,SI.POV.GINI,2014,26.1
SVK,Slovak Republic,SI.POV.GINI,2013,28.1
SVK,Slovak Republic,SI.POV.GINI,2012,26.1
SVK,Slovak Republic,SI.POV.GINI,2011,26.5
SVK,Slovak Republic,SI.POV.GINI,2010,27.3
SVK,Slovak Republic,SI.POV.GINI,2009,27.2
SVK,Slovak Republic,SI.POV.GINI,2008,26
SVK,Slovak Republic,SI.POV.GINI,2007,24.7
SVK,Slovak Republic,SI.POV.GINI,2006,25.8
SVK,Slovak Republic,SI.POV.GINI,2005,29.3
SVK,Slovak Republic,SI.POV.GINI,2004,27.1
SVN,Slovenia,SI.POV.GINI,2019,24.4
SVN,Slovenia,SI.POV.GINI,2018,24.6
SVN,Slovenia,SI.POV.GINI,2017,24.2
SVN,Slovenia,SI.POV.GINI,2016,24.8
SVN,Slovenia,SI.POV.GINI,2015,25.4
SVN,Slovenia,SI.POV.GINI,2014,25.7
SVN,Slovenia,SI.POV.GINI,2013,26.2
SVN,Slovenia,SI.POV.GINI,2012,25.6
SVN,Slovenia,SI.POV.GINI,2011,24.9
SVN,Slovenia,SI.POV.GINI,2010,24.9
SVN,Slovenia,SI.POV.GINI,2009,24.8
SVN,Slovenia,SI.POV.GINI,2008,23.7
SVN,Slovenia,SI.POV.GINI,2007,24.4
SVN,Slovenia,SI.POV.GINI,2006,24.4
SVN,Slovenia,SI.POV.GINI,2005,24.6
SVN,Slovenia,SI.POV.GINI,2004,24.8
SVN,Slovenia,SI.POV.GINI,2003,30.9
SVN,Slovenia,SI.POV.GINI,2002,29.1
SLB,Solomon Islands,SI.POV.GINI,2012,37.1
SLB,Solomon Islands,SI.POV.GINI,2005,46.1
ZAF,South Africa,SI.POV.GINI,2014,59.6
ZAF,South Africa,SI.POV.GINI,2010,60.9
ZAF,South Africa,SI.POV.GINI,2008,62.5
ZAF,South Africa,SI.POV.GINI,2005,65
ZAF,South Africa,SI.POV.GINI,2000,57.8
SSD,South Sudan,SI.POV.GINI,2016,44
SSD,South Sudan,SI.POV.GINI,2009,46.3
ESP,Spain,SI.POV.GINI,2019,34.3
ESP,Spain,SI.POV.GINI,2018,34.7
ESP,Spain,SI.POV.GINI,2017,34.7
ESP,Spain,SI.POV.GINI,2016,35.8
ESP,Spain,SI.POV.GINI,2015,36.2
ESP,Spain,SI.POV.GINI,2014,36.1
ESP,Spain,SI.POV.GINI,2013,36.2
ESP,Spain,SI.POV.GINI,2012,35.4
ESP,Spain,SI.POV.GINI,2011,35.7
ESP,Spain,SI.POV.GINI,2010,35.2
ESP,Spain,SI.POV.GINI,2009,34.9
ESP,Spain,SI.POV.GINI,2008,34.2
ESP,Spain,SI.POV.GINI,2007,34.1
ESP,Spain,SI.POV.GINI,2006,33.5
ESP,Spain,SI.POV.GINI,2005,32.4
ESP,Spain,SI.POV.GINI,2004,33.3
ESP,Spain,SI.POV.GINI,2003,31.8
ESP,Spain,SI.POV.GINI,2000,34.1
LKA,Sri Lanka,SI.POV.GINI,2019,37.7
LKA,Sri Lanka,SI.POV.GINI,2016,39.3
LKA,Sri Lanka,SI.POV.GINI,2012,38.7
LKA,Sri Lanka,SI.POV.GINI,2009,36.1
LKA,Sri Lanka,SI.POV.GINI,2006,39.7
LKA,Sri Lanka,SI.POV.GINI,2002,40.2
LCA,St. Lucia,SI.POV.GINI,2015,43.7
SDN,Sudan,SI.POV.GINI,2014,34.2
SDN,Sudan,SI.POV.GINI,2009,35.4
SWE,Sweden,SI.POV.GINI,2019,29.3
SWE,Sweden,SI.POV.GINI,2018,30
SWE,Sweden,SI.POV.GINI,2017,28.8
SWE,Sweden,SI.POV.GINI,2016,29.6
SWE,Sweden,SI.POV.GINI,2015,29.2
SWE,Sweden,SI.POV.GINI,2014,28.4
SWE,Sweden,SI.POV.GINI,2013,28.8
SWE,Sweden,SI.POV.GINI,2012,27.6
SWE,Sweden,SI.POV.GINI,2011,27.6
SWE,Sweden,SI.POV.GINI,2010,27.7
SWE,Sweden,SI.POV.GINI,2009,27.3
SWE,Sweden,SI.POV.GINI,2008,28.1
SWE,Sweden,SI.POV.GINI,2007,27.1
SWE,Sweden,SI.POV.GINI,2006,26.4
SWE,Sweden,SI.POV.GINI,2005,26.8
SWE,Sweden,SI.POV.GINI,2004,26.1
SWE,Sweden,SI.POV.GINI,2003,25.3
SWE,Sweden,SI.POV.GINI,2002,26.2
SWE,Sweden,SI.POV.GINI,2001,26.5
SWE,Sweden,SI.POV.GINI,2000,27
CHE,Switzerland,SI.POV.GINI,2019,34
CHE,Switzerland,SI.POV.GINI,2018,33.1
CHE,Switzerland,SI.POV.GINI,2017,32.7
CHE,Switzerland,SI.POV.GINI,2016,33
CHE,Switzerland,SI.POV.GINI,2015,32.3
CHE,Switzerland,SI.POV.GINI,2014,32.5
CHE,Switzerland,SI.POV.GINI,2013,32.5
CHE,Switzerland,SI.POV.GINI,2012,31.6
CHE,Switzerland,SI.POV.GINI,2011,31.7
CHE,Switzerland,SI.POV.GINI,2010,32.6
CHE,Switzerland,SI.POV.GINI,2009,32.9
CHE,Switzerland,SI.POV.GINI,2008,33.8
CHE,Switzerland,SI.POV.GINI,2007,34.3
CHE,Switzerland,SI.POV.GINI,2006,33.9
CHE,Switzerland,SI.POV.GINI,2004,31.6
CHE,Switzerland,SI.POV.GINI,2002,31.7
CHE,Switzerland,SI.POV.GINI,2000,33.4
SYR,Syrian Arab Republic,SI.POV.GINI,2009,40.4
SYR,Syrian Arab Republic,SI.POV.GINI,2006,40.1
SYR,Syrian Arab Republic,SI.POV.GINI,2003,37.5
TJK,Tajikistan,SI.POV.GINI,2015,34
TJK,Tajikistan,SI.POV.GINI,2009,30.8
TJK,Tajikistan,SI.POV.GINI,2007,32.2
TJK,Tajikistan,SI.POV.GINI,2004,33.6
TJK,Tajikistan,SI.POV.GINI,2003,32.7
TZA,Tanzania,SI.POV.GINI,2018,40.5
TZA,Tanzania,SI.POV.GINI,2011,37.8
TZA,Tanzania,SI.POV.GINI,2007,40.3
TZA,Tanzania,SI.POV.GINI,2000,37.3
THA,Thailand,SI.POV.GINI,2019,34.9
THA,Thailand,SI.POV.GINI,2018,36.4
THA,Thailand,SI.POV.GINI,2017,36.4
THA,Thailand,SI.POV.GINI,2016,36.7
THA,Thailand,SI.POV.GINI,2015,36
THA,Thailand,SI.POV.GINI,2014,37
THA,Thailand,SI.POV.GINI,2013,37.8
THA,Thailand,SI.POV.GINI,2012,39.3
THA,Thailand,SI.POV.GINI,2011,37.5
THA,Thailand,SI.POV.GINI,2010,39.4
THA,Thailand,SI.POV.GINI,2009,39.6
THA,Thailand,SI.POV.GINI,2008,40.3
THA,Thailand,SI.POV.GINI,2007,39.8
THA,Thailand,SI.POV.GINI,2006,41.8
THA,Thailand,SI.POV.GINI,2004,42.5
THA,Thailand,SI.POV.GINI,2002,41.9
THA,Thailand,SI.POV.GINI,2000,42.8
TLS,Timor-Leste,SI.POV.GINI,2014,28.7
TLS,Timor-Leste,SI.POV.GINI,2007,27.8
TLS,Timor-Leste,SI.POV.GINI,2001,35.9
TGO,Togo,SI.POV.GINI,2018,42.5
TGO,Togo,SI.POV.GINI,2015,43
TGO,Togo,SI.POV.GINI,2011,46
TGO,Togo,SI.POV.GINI,2006,42.2
TON,Tonga,SI.POV.GINI,2015,33.5
TON,Tonga,SI.POV.GINI,2009,37.5
TON,Tonga,SI.POV.GINI,2000,37.7
TUN,Tunisia,SI.POV.GINI,2015,32.8
TUN,Tunisia,SI.POV.GINI,2010,38.5
TUN,Tunisia,SI.POV.GINI,2005,37.7
TUN,Tunisia,SI.POV.GINI,2000,40.8
TUR,Turkiye,SI.POV.GINI,2019,43.8
TUR,Turkiye,SI.POV.GINI,2018,42.4
TUR,Turkiye,SI.POV.GINI,2017,43.5
TUR,Turkiye,SI.POV.GINI,2016,41.9
TUR,Turkiye,SI.POV.GINI,2015,42.9
TUR,Turkiye,SI.POV.GINI,2014,41.2
TUR,Turkiye,SI.POV.GINI,2013,40.2
TUR,Turkiye,SI.POV.GINI,2012,40.2
TUR,Turkiye,SI.POV.GINI,2011,40
TUR,Turkiye,SI.POV.GINI,2010,38.8
TUR,Turkiye,SI.POV.GINI,2009,39
TUR,Turkiye,SI.POV.GINI,2008,39
TUR,Turkiye,SI.POV.GINI,2007,38.4
TUR,Turkiye,SI.POV.GINI,2006,39.6
TUR,Turkiye,SI.POV.GINI,2005,42.6
TUR,Turkiye,SI.POV.GINI,2004,41.3
TUR,Turkiye,SI.POV.GINI,2003,42.2
TUR,Turkiye,SI.POV.GINI,2002,41.4
TUV,Tuvalu,SI.POV.GINI,2010,39.1
UGA,Uganda,SI.POV.GINI,2019,42.7
UGA,Uganda,SI.POV.GINI,2016,42.8
UGA,Uganda,SI.POV.GINI,2012,41
UGA,Uganda,SI.POV.GINI,2009,44.2
UGA,Uganda,SI.POV.GINI,2005,42.9
UGA,Uganda,SI.POV.GINI,2002,45.2
UKR,Ukraine,SI.POV.GINI,2019,26.6
UKR,Ukraine,SI.POV.GINI,2018,26.1
UKR,Ukraine,SI.POV.GINI,2017,26
UKR,Ukraine,SI.POV.GINI,2016,25
UKR,Ukraine,SI.POV.GINI,2015,25.5
UKR,Ukraine,SI.POV.GINI,2014,24
UKR,Ukraine,SI.POV.GINI,2013,24.6
UKR,Ukraine,SI.POV.GINI,2012,24.7
UKR,Ukraine,SI.POV.GINI,2011,24.6
UKR,Ukraine,SI.POV.GINI,2010,24.8
UKR,Ukraine,SI.POV.GINI,2009,25.3
UKR,Ukraine,SI.POV.GINI,2008,26.6
UKR,Ukraine,SI.POV.GINI,2007,27
UKR,Ukraine,SI.POV.GINI,2006,29.8
UKR,Ukraine,SI.POV.GINI,2005,29
UKR,Ukraine,SI.POV.GINI,2004,28.9
UKR,Ukraine,SI.POV.GINI,2003,28.7
UKR,Ukraine,SI.POV.GINI,2002,29
ARE,United Arab Emirates,SI.POV.GINI,2018,26.4
ARE,United Arab Emirates,SI.POV.GINI,2013,32.5
GBR,United Kingdom,SI.POV.GINI,2019,32.8
GBR,United Kingdom,SI.POV.GINI,2018,33.7
GBR,United Kingdom,SI.POV.GINI,2017,32.6
GBR,United Kingdom,SI.POV.GINI,2016,33.1
GBR,United Kingdom,SI.POV.GINI,2015,33.3
GBR,United Kingdom,SI.POV.GINI,2014,33.1
GBR,United Kingdom,SI.POV.GINI,2013,32.7
GBR,United Kingdom,SI.POV.GINI,2012,33.1
GBR,United Kingdom,SI.POV.GINI,2011,33.2
GBR,United Kingdom,SI.POV.GINI,2010,33.7
GBR,United Kingdom,SI.POV.GINI,2009,35.1
GBR,United Kingdom,SI.POV.GINI,2008,35.4
GBR,United Kingdom,SI.POV.GINI,2007,34.4
GBR,United Kingdom,SI.POV.GINI,2006,35.9
GBR,United Kingdom,SI.POV.GINI,2005,35.5
GBR,United Kingdom,SI.POV.GINI,2004,34.8
GBR,United Kingdom,SI.POV.GINI,2003,34.9
GBR,United Kingdom,SI.POV.GINI,2002,35.1
GBR,United Kingdom,SI.POV.GINI,2001,37.1
GBR,United Kingdom,SI.POV.GINI,2000,38.9
USA,United States,SI.POV.GINI,2019,41.9
USA,United States,SI.POV.GINI,2018,41.8
USA,United States,SI.POV.GINI,2017,41.4
USA,United States,SI.POV.GINI,2016,41.3
USA,United States,SI.POV.GINI,2015,41.5
USA,United States,SI.POV.GINI,2014,41.7
USA,United States,SI.POV.GINI,2013,40.9
USA,United States,SI.POV.GINI,2012,41.2
USA,United States,SI.POV.GINI,2011,41.2
USA,United States,SI.POV.GINI,2010,40.2
USA,United States,SI.POV.GINI,2009,40.9
USA,United States,SI.POV.GINI,2008,41.1
USA,United States,SI.POV.GINI,2007,41.1
USA,United States,SI.POV.GINI,2006,41.7
USA,United States,SI.POV.GINI,2005,41.3
USA,United States,SI.POV.GINI,2004,40.5
USA,United States,SI.POV.GINI,2003,40.8
USA,United States,SI.POV.GINI,2002,40.4
USA,United States,SI.POV.GINI,2001,40.6
USA,United States,SI.POV.GINI,2000,40.1
URY,Uruguay,SI.POV.GINI,2019,39.7
URY,Uruguay,SI.POV.GINI,2018,39.7
URY,Uruguay,SI.POV.GINI,2017,39.5
URY,Uruguay,SI.POV.GINI,2016,39.7
URY,Uruguay,SI.POV.GINI,2015,40.1
URY,Uruguay,SI.POV.GINI,2014,40.1
URY,Uruguay,SI.POV.GINI,2013,40.5
URY,Uruguay,SI.POV.GINI,2012,39.9
URY,Uruguay,SI.POV.GINI,2011,42.2
URY,Uruguay,SI.POV.GINI,2010,44.5
URY,Uruguay,SI.POV.GINI,2009,45.5
URY,Uruguay,SI.POV.GINI,2008,45.1
URY,Uruguay,SI.POV.GINI,2007,46.4
URY,Uruguay,SI.POV.GINI,2006,45.9
URY,Uruguay,SI.POV.GINI,2005,44.7
URY,Uruguay,SI.POV.GINI,2004,45.9
URY,Uruguay,SI.POV.GINI,2003,45
URY,Uruguay,SI.POV.GINI,2002,45.5
URY,Uruguay,SI.POV.GINI,2001,45
URY,Uruguay,SI.POV.GINI,2000,43.4
UZB,Uzbekistan,SI.POV.GINI,2003,35.2
UZB,Uzbekistan,SI.POV.GINI,2002,33
UZB,Uzbekistan,SI.POV.GINI,2000,35.9
VUT,Vanuatu,SI.POV.GINI,2019,32.3
VUT,Vanuatu,SI.POV.GINI,2010,37.4
VEN,"Venezuela, RB",SI.POV.GINI,2006,44.7
VEN,"Venezuela, RB",SI.POV.GINI,2005,49.3
VEN,"Venezuela, RB",SI.POV.GINI,2004,47.3
VEN,"Venezuela, RB",SI.POV.GINI,2003,47.9
VEN,"Venezuela, RB",SI.POV.GINI,2002,48.9
VEN,"Venezuela, RB",SI.POV.GINI,2001,47.2
VNM,Viet Nam,SI.POV.GINI,2018,35.7
VNM,Viet Nam,SI.POV.GINI,2016,35.3
VNM,Viet Nam,SI.POV.GINI,2014,34.8
VNM,Viet Nam,SI.POV.GINI,2012,35.6
VNM,Viet Nam,SI.POV.GINI,2010,39.3
VNM,Viet Nam,SI.POV.GINI,2008,35.6
VNM,Viet Nam,SI.POV.GINI,2006,35.8
VNM,Viet Nam,SI.POV.GINI,2004,36.8
VNM,Viet Nam,SI.POV.GINI,2002,37
PSE,West Bank and Gaza,SI.POV.GINI,2016,33.7
PSE,West Bank and Gaza,SI.POV.GINI,2011,34.4
PSE,West Bank and Gaza,SI.POV.GINI,2010,35.3
PSE,West Bank and Gaza,SI.POV.GINI,2009,34.5
PSE,West Bank and Gaza,SI.POV.GINI,2007,35.6
PSE,West Bank and Gaza,SI.POV.GINI,2006,34
PSE,West Bank and Gaza,SI.POV.GINI,2005,34.7
PSE,West Bank and Gaza,SI.POV.GINI,2004,34
YEM,"Yemen, Rep.",SI.POV.GINI,2014,36.7
YEM,"Yemen, Rep.",SI.POV.GINI,2005,34.7
ZMB,Zambia,SI.POV.GINI,2015,55.8
ZMB,Zambia,SI.POV.GINI,2010,52
ZMB,Zambia,SI.POV.GINI,2006,54.6
ZMB,Zambia,SI.POV.GINI,2004,54.3
ZMB,Zambia,SI.POV.GINI,2002,42.1
ZWE,Zimbabwe,SI.POV.GINI,2019,50.3
ZWE,Zimbabwe,SI.POV.GINI,2017,44.3
ZWE,Zimbabwe,SI.POV.GINI,2011,43.2
AFE,Africa Eastern and Southern,SP.DYN.CDRT.IN,2019,7.46246664270849
AFE,Africa Eastern and Southern,SP.DYN.CDRT.IN,2018,7.67376094327817
AFE,Africa Eastern and Southern,SP.DYN.CDRT.IN,2017,8.07878715791181
AFE,Africa Eastern and Southern,SP.DYN.CDRT.IN,2016,8.24213180696689
AFE,Africa Eastern and Southern,SP.DYN.CDRT.IN,2015,8.41492537639502
AFE,Africa Eastern and Southern,SP.DYN.CDRT.IN,2014,8.60162251286315
AFE,Africa Eastern and Southern,SP.DYN.CDRT.IN,2013,8.72936607027465
AFE,Africa Eastern and Southern,SP.DYN.CDRT.IN,2012,9.06568314572228
AFE,Africa Eastern and Southern,SP.DYN.CDRT.IN,2011,9.78032115864408
AFE,Africa Eastern and Southern,SP.DYN.CDRT.IN,2010,9.80778558922546
AFW,Africa Western and Central,SP.DYN.CDRT.IN,2019,10.7191791238898
AFW,Africa Western and Central,SP.DYN.CDRT.IN,2018,10.7612745998113
AFW,Africa Western and Central,SP.DYN.CDRT.IN,2017,11.047781094398
AFW,Africa Western and Central,SP.DYN.CDRT.IN,2016,11.2279359403066
AFW,Africa Western and Central,SP.DYN.CDRT.IN,2015,11.4864765263751
AFW,Africa Western and Central,SP.DYN.CDRT.IN,2014,11.7526106920211
AFW,Africa Western and Central,SP.DYN.CDRT.IN,2013,11.8498354386347
AFW,Africa Western and Central,SP.DYN.CDRT.IN,2012,12.0376030927752
AFW,Africa Western and Central,SP.DYN.CDRT.IN,2011,12.2548767515611
AFW,Africa Western and Central,SP.DYN.CDRT.IN,2010,12.484898821444
ARB,Arab World,SP.DYN.CDRT.IN,2019,5.15505260686536
ARB,Arab World,SP.DYN.CDRT.IN,2018,5.28924539210564
ARB,Arab World,SP.DYN.CDRT.IN,2017,5.39805245312802
ARB,Arab World,SP.DYN.CDRT.IN,2016,5.4088022918749
ARB,Arab World,SP.DYN.CDRT.IN,2015,5.48082717395682
ARB,Arab World,SP.DYN.CDRT.IN,2014,5.49346165918509
ARB,Arab World,SP.DYN.CDRT.IN,2013,5.59650495446039
ARB,Arab World,SP.DYN.CDRT.IN,2012,5.72895771797623
ARB,Arab World,SP.DYN.CDRT.IN,2011,6.19255854640541
ARB,Arab World,SP.DYN.CDRT.IN,2010,5.68661995464932
CSS,Caribbean small states,SP.DYN.CDRT.IN,2019,7.88444768827589
CSS,Caribbean small states,SP.DYN.CDRT.IN,2018,7.69129888208205
CSS,Caribbean small states,SP.DYN.CDRT.IN,2017,7.63948845845529
CSS,Caribbean small states,SP.DYN.CDRT.IN,2016,7.53200742744222
CSS,Caribbean small states,SP.DYN.CDRT.IN,2015,7.48082882932165
CSS,Caribbean small states,SP.DYN.CDRT.IN,2014,7.38861741551356
CSS,Caribbean small states,SP.DYN.CDRT.IN,2013,7.3887330075379
CSS,Caribbean small states,SP.DYN.CDRT.IN,2012,7.34328323556296
CSS,Caribbean small states,SP.DYN.CDRT.IN,2011,7.28487735613494
CSS,Caribbean small states,SP.DYN.CDRT.IN,2010,7.25826053264356
CEB,Central Europe and the Baltics,SP.DYN.CDRT.IN,2019,12.042112339602
CEB,Central Europe and the Baltics,SP.DYN.CDRT.IN,2018,12.1770825548759
CEB,Central Europe and the Baltics,SP.DYN.CDRT.IN,2017,12.0201007634533
CEB,Central Europe and the Baltics,SP.DYN.CDRT.IN,2016,11.6538761640407
CEB,Central Europe and the Baltics,SP.DYN.CDRT.IN,2015,11.8724843346811
CEB,Central Europe and the Baltics,SP.DYN.CDRT.IN,2014,11.3937337693189
CEB,Central Europe and the Baltics,SP.DYN.CDRT.IN,2013,11.4251762203251
CEB,Central Europe and the Baltics,SP.DYN.CDRT.IN,2012,11.4967160842715
CEB,Central Europe and the Baltics,SP.DYN.CDRT.IN,2011,11.3167231657085
CEB,Central Europe and the Baltics,SP.DYN.CDRT.IN,2010,11.4294836462092
EAR,Early-demographic dividend,SP.DYN.CDRT.IN,2019,6.45731181271963
EAR,Early-demographic dividend,SP.DYN.CDRT.IN,2018,6.47431766838799
EAR,Early-demographic dividend,SP.DYN.CDRT.IN,2017,6.49011582390743
EAR,Early-demographic dividend,SP.DYN.CDRT.IN,2016,6.53052228786174
EAR,Early-demographic dividend,SP.DYN.CDRT.IN,2015,6.565776513756
EAR,Early-demographic dividend,SP.DYN.CDRT.IN,2014,6.60512911526787
EAR,Early-demographic dividend,SP.DYN.CDRT.IN,2013,6.67910840499969
EAR,Early-demographic dividend,SP.DYN.CDRT.IN,2012,6.75045558833195
EAR,Early-demographic dividend,SP.DYN.CDRT.IN,2011,6.82641179195621
EAR,Early-demographic dividend,SP.DYN.CDRT.IN,2010,6.95631192266088
EAS,East Asia & Pacific,SP.DYN.CDRT.IN,2019,7.26817662986159
EAS,East Asia & Pacific,SP.DYN.CDRT.IN,2018,7.23033863142703
EAS,East Asia & Pacific,SP.DYN.CDRT.IN,2017,7.18435134428408
EAS,East Asia & Pacific,SP.DYN.CDRT.IN,2016,7.15434639140188
EAS,East Asia & Pacific,SP.DYN.CDRT.IN,2015,7.14822462202852
EAS,East Asia & Pacific,SP.DYN.CDRT.IN,2014,7.16110940124922
EAS,East Asia & Pacific,SP.DYN.CDRT.IN,2013,7.15999055748426
EAS,East Asia & Pacific,SP.DYN.CDRT.IN,2012,7.15629440212304
EAS,East Asia & Pacific,SP.DYN.CDRT.IN,2011,7.15466461683349
EAS,East Asia & Pacific,SP.DYN.CDRT.IN,2010,7.11441086278106
EAP,East Asia & Pacific (excluding high income),SP.DYN.CDRT.IN,2019,7.08774437953649
EAP,East Asia & Pacific (excluding high income),SP.DYN.CDRT.IN,2018,7.06047592688486
EAP,East Asia & Pacific (excluding high income),SP.DYN.CDRT.IN,2017,7.02271649175657
EAP,East Asia & Pacific (excluding high income),SP.DYN.CDRT.IN,2016,7.00741982873175
EAP,East Asia & Pacific (excluding high income),SP.DYN.CDRT.IN,2015,7.01777567209406
EAP,East Asia & Pacific (excluding high income),SP.DYN.CDRT.IN,2014,7.04588589843085
EAP,East Asia & Pacific (excluding high income),SP.DYN.CDRT.IN,2013,7.05033408282492
EAP,East Asia & Pacific (excluding high income),SP.DYN.CDRT.IN,2012,7.04865056059238
EAP,East Asia & Pacific (excluding high income),SP.DYN.CDRT.IN,2011,7.0570968604646
EAP,East Asia & Pacific (excluding high income),SP.DYN.CDRT.IN,2010,7.04161590768694
TEA,East Asia & Pacific (IDA & IBRD countries),SP.DYN.CDRT.IN,2019,7.0598429737917
TEA,East Asia & Pacific (IDA & IBRD countries),SP.DYN.CDRT.IN,2018,7.03547908734764
TEA,East Asia & Pacific (IDA & IBRD countries),SP.DYN.CDRT.IN,2017,7.00024908786374
TEA,East Asia & Pacific (IDA & IBRD countries),SP.DYN.CDRT.IN,2016,6.98754273011111
TEA,East Asia & Pacific (IDA & IBRD countries),SP.DYN.CDRT.IN,2015,6.99984927160779
TEA,East Asia & Pacific (IDA & IBRD countries),SP.DYN.CDRT.IN,2014,7.02857700467762
TEA,East Asia & Pacific (IDA & IBRD countries),SP.DYN.CDRT.IN,2013,7.03172871374546
TEA,East Asia & Pacific (IDA & IBRD countries),SP.DYN.CDRT.IN,2012,7.02886967103304
TEA,East Asia & Pacific (IDA & IBRD countries),SP.DYN.CDRT.IN,2011,7.03614007796096
TEA,East Asia & Pacific (IDA & IBRD countries),SP.DYN.CDRT.IN,2010,7.0191719576702
EMU,Euro area,SP.DYN.CDRT.IN,2019,10.1898923579851
EMU,Euro area,SP.DYN.CDRT.IN,2018,10.2979021084493
EMU,Euro area,SP.DYN.CDRT.IN,2017,10.2781055081602
EMU,Euro area,SP.DYN.CDRT.IN,2016,10.0008619867418
EMU,Euro area,SP.DYN.CDRT.IN,2015,10.2249631339517
EMU,Euro area,SP.DYN.CDRT.IN,2014,9.64022338909552
EMU,Euro area,SP.DYN.CDRT.IN,2013,9.79081304651108
EMU,Euro area,SP.DYN.CDRT.IN,2012,9.82375214087467
EMU,Euro area,SP.DYN.CDRT.IN,2011,9.54288025877578
EMU,Euro area,SP.DYN.CDRT.IN,2010,9.5470575338085
ECS,Europe & Central Asia,SP.DYN.CDRT.IN,2019,9.88733635710868
ECS,Europe & Central Asia,SP.DYN.CDRT.IN,2018,9.99591645334227
ECS,Europe & Central Asia,SP.DYN.CDRT.IN,2017,9.94185097303207
ECS,Europe & Central Asia,SP.DYN.CDRT.IN,2016,9.90701129239913
ECS,Europe & Central Asia,SP.DYN.CDRT.IN,2015,10.0710549340618
ECS,Europe & Central Asia,SP.DYN.CDRT.IN,2014,9.82714554293551
ECS,Europe & Central Asia,SP.DYN.CDRT.IN,2013,9.91160720399705
ECS,Europe & Central Asia,SP.DYN.CDRT.IN,2012,10.020748861258
ECS,Europe & Central Asia,SP.DYN.CDRT.IN,2011,9.95638221389702
ECS,Europe & Central Asia,SP.DYN.CDRT.IN,2010,10.1302609525398
ECA,Europe & Central Asia (excluding high income),SP.DYN.CDRT.IN,2019,7.88800496309235
ECA,Europe & Central Asia (excluding high income),SP.DYN.CDRT.IN,2018,7.88527960709688
ECA,Europe & Central Asia (excluding high income),SP.DYN.CDRT.IN,2017,7.82002665736161
ECA,Europe & Central Asia (excluding high income),SP.DYN.CDRT.IN,2016,7.92019505962365
ECA,Europe & Central Asia (excluding high income),SP.DYN.CDRT.IN,2015,8.02223995686099
ECA,Europe & Central Asia (excluding high income),SP.DYN.CDRT.IN,2014,8.16362124693625
ECA,Europe & Central Asia (excluding high income),SP.DYN.CDRT.IN,2013,8.19933729066958
ECA,Europe & Central Asia (excluding high income),SP.DYN.CDRT.IN,2012,8.36550926726951
ECA,Europe & Central Asia (excluding high income),SP.DYN.CDRT.IN,2011,8.52945224812023
ECA,Europe & Central Asia (excluding high income),SP.DYN.CDRT.IN,2010,8.63941707056526
TEC,Europe & Central Asia (IDA & IBRD countries),SP.DYN.CDRT.IN,2019,9.9127889699642
TEC,Europe & Central Asia (IDA & IBRD countries),SP.DYN.CDRT.IN,2018,10.0023518612779
TEC,Europe & Central Asia (IDA & IBRD countries),SP.DYN.CDRT.IN,2017,9.91252962606029
TEC,Europe & Central Asia (IDA & IBRD countries),SP.DYN.CDRT.IN,2016,10.0761589626649
TEC,Europe & Central Asia (IDA & IBRD countries),SP.DYN.CDRT.IN,2015,10.2007622587661
TEC,Europe & Central Asia (IDA & IBRD countries),SP.DYN.CDRT.IN,2014,10.2415491234316
TEC,Europe & Central Asia (IDA & IBRD countries),SP.DYN.CDRT.IN,2013,10.2297352779072
TEC,Europe & Central Asia (IDA & IBRD countries),SP.DYN.CDRT.IN,2012,10.4347804509011
TEC,Europe & Central Asia (IDA & IBRD countries),SP.DYN.CDRT.IN,2011,10.5589489842815
TEC,Europe & Central Asia (IDA & IBRD countries),SP.DYN.CDRT.IN,2010,10.8663678624647
EUU,European Union,SP.DYN.CDRT.IN,2019,10.4097628589144
EUU,European Union,SP.DYN.CDRT.IN,2018,10.5325165061584
EUU,European Union,SP.DYN.CDRT.IN,2017,10.4801521108725
EUU,European Union,SP.DYN.CDRT.IN,2016,10.197548670084
EUU,European Union,SP.DYN.CDRT.IN,2015,10.4158645474974
EUU,European Union,SP.DYN.CDRT.IN,2014,9.86672498293199
EUU,European Union,SP.DYN.CDRT.IN,2013,10.010766268898
EUU,European Union,SP.DYN.CDRT.IN,2012,10.0526176339888
EUU,European Union,SP.DYN.CDRT.IN,2011,9.79738992869638
EUU,European Union,SP.DYN.CDRT.IN,2010,9.82428101645122
HPC,Heavily indebted poor countries (HIPC),SP.DYN.CDRT.IN,2019,7.75382626376643
HPC,Heavily indebted poor countries (HIPC),SP.DYN.CDRT.IN,2018,7.83747887201163
HPC,Heavily indebted poor countries (HIPC),SP.DYN.CDRT.IN,2017,8.07455875897174
HPC,Heavily indebted poor countries (HIPC),SP.DYN.CDRT.IN,2016,8.20608937095474
HPC,Heavily indebted poor countries (HIPC),SP.DYN.CDRT.IN,2015,8.43252052774384
HPC,Heavily indebted poor countries (HIPC),SP.DYN.CDRT.IN,2014,8.70923608509408
HPC,Heavily indebted poor countries (HIPC),SP.DYN.CDRT.IN,2013,8.90555291739516
HPC,Heavily indebted poor countries (HIPC),SP.DYN.CDRT.IN,2012,9.20569018705236
HPC,Heavily indebted poor countries (HIPC),SP.DYN.CDRT.IN,2011,9.79268877258215
HPC,Heavily indebted poor countries (HIPC),SP.DYN.CDRT.IN,2010,9.95447239542106
IBD,IBRD only,SP.DYN.CDRT.IN,2019,7.00485415610666
IBD,IBRD only,SP.DYN.CDRT.IN,2018,6.9985429739314
IBD,IBRD only,SP.DYN.CDRT.IN,2017,6.98078162268068
IBD,IBRD only,SP.DYN.CDRT.IN,2016,7.00568634668646
IBD,IBRD only,SP.DYN.CDRT.IN,2015,7.01471138301731
IBD,IBRD only,SP.DYN.CDRT.IN,2014,7.05009372640924
IBD,IBRD only,SP.DYN.CDRT.IN,2013,7.08353101648002
IBD,IBRD only,SP.DYN.CDRT.IN,2012,7.13255642197999
IBD,IBRD only,SP.DYN.CDRT.IN,2011,7.18876449347996
IBD,IBRD only,SP.DYN.CDRT.IN,2010,7.25546330847024
IBT,IDA & IBRD total,SP.DYN.CDRT.IN,2019,7.22828738057747
IBT,IDA & IBRD total,SP.DYN.CDRT.IN,2018,7.253241643363
IBT,IDA & IBRD total,SP.DYN.CDRT.IN,2017,7.29935646594178
IBT,IDA & IBRD total,SP.DYN.CDRT.IN,2016,7.34297505195383
IBT,IDA & IBRD total,SP.DYN.CDRT.IN,2015,7.38817350887292
IBT,IDA & IBRD total,SP.DYN.CDRT.IN,2014,7.43802358053464
IBT,IDA & IBRD total,SP.DYN.CDRT.IN,2013,7.47802921490487
IBT,IDA & IBRD total,SP.DYN.CDRT.IN,2012,7.55437253314375
IBT,IDA & IBRD total,SP.DYN.CDRT.IN,2011,7.66089364833836
IBT,IDA & IBRD total,SP.DYN.CDRT.IN,2010,7.73745885016214
IDB,IDA blend,SP.DYN.CDRT.IN,2019,8.97482954250514
IDB,IDA blend,SP.DYN.CDRT.IN,2018,9.1029381373359
IDB,IDA blend,SP.DYN.CDRT.IN,2017,9.23958121614882
IDB,IDA blend,SP.DYN.CDRT.IN,2016,9.37753270660368
IDB,IDA blend,SP.DYN.CDRT.IN,2015,9.53670276335277
IDB,IDA blend,SP.DYN.CDRT.IN,2014,9.63785985940226
IDB,IDA blend,SP.DYN.CDRT.IN,2013,9.75420846908746
IDB,IDA blend,SP.DYN.CDRT.IN,2012,9.87975215699674
IDB,IDA blend,SP.DYN.CDRT.IN,2011,10.019264249188
IDB,IDA blend,SP.DYN.CDRT.IN,2010,10.1780521765295
IDX,IDA only,SP.DYN.CDRT.IN,2019,7.2372301380882
IDX,IDA only,SP.DYN.CDRT.IN,2018,7.35330581739186
IDX,IDA only,SP.DYN.CDRT.IN,2017,7.64405656240772
IDX,IDA only,SP.DYN.CDRT.IN,2016,7.73526104607438
IDX,IDA only,SP.DYN.CDRT.IN,2015,7.89753081750553
IDX,IDA only,SP.DYN.CDRT.IN,2014,8.00330367912164
IDX,IDA only,SP.DYN.CDRT.IN,2013,8.05003305409987
IDX,IDA only,SP.DYN.CDRT.IN,2012,8.24505525153907
IDX,IDA only,SP.DYN.CDRT.IN,2011,8.59345439731088
IDX,IDA only,SP.DYN.CDRT.IN,2010,8.70150456689663
IDA,IDA total,SP.DYN.CDRT.IN,2019,7.84748991867026
IDA,IDA total,SP.DYN.CDRT.IN,2018,7.96910966743564
IDA,IDA total,SP.DYN.CDRT.IN,2017,8.20658705221669
IDA,IDA total,SP.DYN.CDRT.IN,2016,8.31525830237033
IDA,IDA total,SP.DYN.CDRT.IN,2015,8.4773488087895
IDA,IDA total,SP.DYN.CDRT.IN,2014,8.58185736931954
IDA,IDA total,SP.DYN.CDRT.IN,2013,8.65329618367282
IDA,IDA total,SP.DYN.CDRT.IN,2012,8.8234240206268
IDA,IDA total,SP.DYN.CDRT.IN,2011,9.09769667575724
IDA,IDA total,SP.DYN.CDRT.IN,2010,9.22300342760424
LTE,Late-demographic dividend,SP.DYN.CDRT.IN,2019,7.3626732411265
LTE,Late-demographic dividend,SP.DYN.CDRT.IN,2018,7.35091129326118
LTE,Late-demographic dividend,SP.DYN.CDRT.IN,2017,7.31382708406479
LTE,Late-demographic dividend,SP.DYN.CDRT.IN,2016,7.317503480086
LTE,Late-demographic dividend,SP.DYN.CDRT.IN,2015,7.32650734826546
LTE,Late-demographic dividend,SP.DYN.CDRT.IN,2014,7.34463031144587
LTE,Late-demographic dividend,SP.DYN.CDRT.IN,2013,7.3381527505666
LTE,Late-demographic dividend,SP.DYN.CDRT.IN,2012,7.36415561393796
LTE,Late-demographic dividend,SP.DYN.CDRT.IN,2011,7.37946117231855
LTE,Late-demographic dividend,SP.DYN.CDRT.IN,2010,7.41345925902632
LCN,Latin America & Caribbean,SP.DYN.CDRT.IN,2019,6.38409505313831
LCN,Latin America & Caribbean,SP.DYN.CDRT.IN,2018,6.31033173247129
LCN,Latin America & Caribbean,SP.DYN.CDRT.IN,2017,6.28634306866715
LCN,Latin America & Caribbean,SP.DYN.CDRT.IN,2016,6.24486709683189
LCN,Latin America & Caribbean,SP.DYN.CDRT.IN,2015,6.08970520765849
LCN,Latin America & Caribbean,SP.DYN.CDRT.IN,2014,6.05587575807062
LCN,Latin America & Caribbean,SP.DYN.CDRT.IN,2013,6.02479758381254
LCN,Latin America & Caribbean,SP.DYN.CDRT.IN,2012,6.00519823653669
LCN,Latin America & Caribbean,SP.DYN.CDRT.IN,2011,5.99076304397922
LCN,Latin America & Caribbean,SP.DYN.CDRT.IN,2010,6.15049881228664
LAC,Latin America & Caribbean (excluding high income),SP.DYN.CDRT.IN,2019,6.35990264369496
LAC,Latin America & Caribbean (excluding high income),SP.DYN.CDRT.IN,2018,6.29348270539212
LAC,Latin America & Caribbean (excluding high income),SP.DYN.CDRT.IN,2017,6.27215497085544
LAC,Latin America & Caribbean (excluding high income),SP.DYN.CDRT.IN,2016,6.22909662868875
LAC,Latin America & Caribbean (excluding high income),SP.DYN.CDRT.IN,2015,6.07150850097826
LAC,Latin America & Caribbean (excluding high income),SP.DYN.CDRT.IN,2014,6.03406652353969
LAC,Latin America & Caribbean (excluding high income),SP.DYN.CDRT.IN,2013,6.00610578589501
LAC,Latin America & Caribbean (excluding high income),SP.DYN.CDRT.IN,2012,5.98350104447407
LAC,Latin America & Caribbean (excluding high income),SP.DYN.CDRT.IN,2011,5.97501930302537
LAC,Latin America & Caribbean (excluding high income),SP.DYN.CDRT.IN,2010,6.15139342720019
TLA,Latin America & the Caribbean (IDA & IBRD countries),SP.DYN.CDRT.IN,2019,6.30102482505453
TLA,Latin America & the Caribbean (IDA & IBRD countries),SP.DYN.CDRT.IN,2018,6.2294166981041
TLA,Latin America & the Caribbean (IDA & IBRD countries),SP.DYN.CDRT.IN,2017,6.20187779040032
TLA,Latin America & the Caribbean (IDA & IBRD countries),SP.DYN.CDRT.IN,2016,6.16885347319242
TLA,Latin America & the Caribbean (IDA & IBRD countries),SP.DYN.CDRT.IN,2015,6.01954790668061
TLA,Latin America & the Caribbean (IDA & IBRD countries),SP.DYN.CDRT.IN,2014,5.98616906486209
TLA,Latin America & the Caribbean (IDA & IBRD countries),SP.DYN.CDRT.IN,2013,5.96321983867678
TLA,Latin America & the Caribbean (IDA & IBRD countries),SP.DYN.CDRT.IN,2012,5.94750430569756
TLA,Latin America & the Caribbean (IDA & IBRD countries),SP.DYN.CDRT.IN,2011,5.93406638544175
TLA,Latin America & the Caribbean (IDA & IBRD countries),SP.DYN.CDRT.IN,2010,6.09902616270027
LDC,Least developed countries: UN classification,SP.DYN.CDRT.IN,2019,7.37765839665875
LDC,Least developed countries: UN classification,SP.DYN.CDRT.IN,2018,7.48325586211507
LDC,Least developed countries: UN classification,SP.DYN.CDRT.IN,2017,7.78653608057568
LDC,Least developed countries: UN classification,SP.DYN.CDRT.IN,2016,7.88809863970739
LDC,Least developed countries: UN classification,SP.DYN.CDRT.IN,2015,8.04890935971232
LDC,Least developed countries: UN classification,SP.DYN.CDRT.IN,2014,8.18855863838486
LDC,Least developed countries: UN classification,SP.DYN.CDRT.IN,2013,8.24369566183386
LDC,Least developed countries: UN classification,SP.DYN.CDRT.IN,2012,8.47877790028109
LDC,Least developed countries: UN classification,SP.DYN.CDRT.IN,2011,8.92935267312038
LDC,Least developed countries: UN classification,SP.DYN.CDRT.IN,2010,9.06967063978342
LMY,Low & middle income,SP.DYN.CDRT.IN,2019,7.07426601945283
LMY,Low & middle income,SP.DYN.CDRT.IN,2018,7.09181540101211
LMY,Low & middle income,SP.DYN.CDRT.IN,2017,7.14171713988968
LMY,Low & middle income,SP.DYN.CDRT.IN,2016,7.17542108287576
LMY,Low & middle income,SP.DYN.CDRT.IN,2015,7.21457564186796
LMY,Low & middle income,SP.DYN.CDRT.IN,2014,7.26711596195012
LMY,Low & middle income,SP.DYN.CDRT.IN,2013,7.3089178589323
LMY,Low & middle income,SP.DYN.CDRT.IN,2012,7.37706199151953
LMY,Low & middle income,SP.DYN.CDRT.IN,2011,7.48349121602402
LMY,Low & middle income,SP.DYN.CDRT.IN,2010,7.54234924295278
MEA,"Middle East, North Africa, Afghanistan & Pakistan",SP.DYN.CDRT.IN,2019,5.47939645694138
MEA,"Middle East, North Africa, Afghanistan & Pakistan",SP.DYN.CDRT.IN,2018,5.55563178463691
MEA,"Middle East, North Africa, Afghanistan & Pakistan",SP.DYN.CDRT.IN,2017,5.61154353692807
MEA,"Middle East, North Africa, Afghanistan & Pakistan",SP.DYN.CDRT.IN,2016,5.68103870175183
MEA,"Middle East, North Africa, Afghanistan & Pakistan",SP.DYN.CDRT.IN,2015,5.76548409396423
MEA,"Middle East, North Africa, Afghanistan & Pakistan",SP.DYN.CDRT.IN,2014,5.79209068095591
MEA,"Middle East, North Africa, Afghanistan & Pakistan",SP.DYN.CDRT.IN,2013,5.87102420338753
MEA,"Middle East, North Africa, Afghanistan & Pakistan",SP.DYN.CDRT.IN,2012,5.93283755217467
MEA,"Middle East, North Africa, Afghanistan & Pakistan",SP.DYN.CDRT.IN,2011,5.92026897359686
MEA,"Middle East, North Africa, Afghanistan & Pakistan",SP.DYN.CDRT.IN,2010,5.96483170395813
MNA,"Middle East, North Africa, Afghanistan & Pakistan (excluding high income)",SP.DYN.CDRT.IN,2019,5.76039002544217
MNA,"Middle East, North Africa, Afghanistan & Pakistan (excluding high income)",SP.DYN.CDRT.IN,2018,5.85027561810575
MNA,"Middle East, North Africa, Afghanistan & Pakistan (excluding high income)",SP.DYN.CDRT.IN,2017,5.91817819647849
MNA,"Middle East, North Africa, Afghanistan & Pakistan (excluding high income)",SP.DYN.CDRT.IN,2016,5.99397995523691
MNA,"Middle East, North Africa, Afghanistan & Pakistan (excluding high income)",SP.DYN.CDRT.IN,2015,6.07202491769587
MNA,"Middle East, North Africa, Afghanistan & Pakistan (excluding high income)",SP.DYN.CDRT.IN,2014,6.08567756645915
MNA,"Middle East, North Africa, Afghanistan & Pakistan (excluding high income)",SP.DYN.CDRT.IN,2013,6.16006628385174
MNA,"Middle East, North Africa, Afghanistan & Pakistan (excluding high income)",SP.DYN.CDRT.IN,2012,6.21157969358684
MNA,"Middle East, North Africa, Afghanistan & Pakistan (excluding high income)",SP.DYN.CDRT.IN,2011,6.18760176470549
MNA,"Middle East, North Africa, Afghanistan & Pakistan (excluding high income)",SP.DYN.CDRT.IN,2010,6.22798969380528
TMN,"Middle East, North Africa, Afghanistan & Pakistan (IDA & IBRD)",SP.DYN.CDRT.IN,2019,5.77859857430233
TMN,"Middle East, North Africa, Afghanistan & Pakistan (IDA & IBRD)",SP.DYN.CDRT.IN,2018,5.8683989165756
TMN,"Middle East, North Africa, Afghanistan & Pakistan (IDA & IBRD)",SP.DYN.CDRT.IN,2017,5.93661837910958
TMN,"Middle East, North Africa, Afghanistan & Pakistan (IDA & IBRD)",SP.DYN.CDRT.IN,2016,6.01257908145837
TMN,"Middle East, North Africa, Afghanistan & Pakistan (IDA & IBRD)",SP.DYN.CDRT.IN,2015,6.09065946708871
TMN,"Middle East, North Africa, Afghanistan & Pakistan (IDA & IBRD)",SP.DYN.CDRT.IN,2014,6.10068344232853
TMN,"Middle East, North Africa, Afghanistan & Pakistan (IDA & IBRD)",SP.DYN.CDRT.IN,2013,6.17893508985375
TMN,"Middle East, North Africa, Afghanistan & Pakistan (IDA & IBRD)",SP.DYN.CDRT.IN,2012,6.23013863444885
TMN,"Middle East, North Africa, Afghanistan & Pakistan (IDA & IBRD)",SP.DYN.CDRT.IN,2011,6.20587510237181
TMN,"Middle East, North Africa, Afghanistan & Pakistan (IDA & IBRD)",SP.DYN.CDRT.IN,2010,6.24624024450855
MIC,Middle income,SP.DYN.CDRT.IN,2019,6.98533510747071
MIC,Middle income,SP.DYN.CDRT.IN,2018,6.99103020276297
MIC,Middle income,SP.DYN.CDRT.IN,2017,6.99968138429207
MIC,Middle income,SP.DYN.CDRT.IN,2016,7.02934381268474
MIC,Middle income,SP.DYN.CDRT.IN,2015,7.05360440432535
MIC,Middle income,SP.DYN.CDRT.IN,2014,7.09960827516928
MIC,Middle income,SP.DYN.CDRT.IN,2013,7.14633481894568
MIC,Middle income,SP.DYN.CDRT.IN,2012,7.19534373210306
MIC,Middle income,SP.DYN.CDRT.IN,2011,7.26072557291469
MIC,Middle income,SP.DYN.CDRT.IN,2010,7.33579727462573
NAC,North America,SP.DYN.CDRT.IN,2019,8.58483368893004
NAC,North America,SP.DYN.CDRT.IN,2018,8.57884854090137
NAC,North America,SP.DYN.CDRT.IN,2017,8.53357099239408
NAC,North America,SP.DYN.CDRT.IN,2016,8.38354638110472
NAC,North America,SP.DYN.CDRT.IN,2015,8.3361474511813
NAC,North America,SP.DYN.CDRT.IN,2014,8.14339551071781
NAC,North America,SP.DYN.CDRT.IN,2013,8.11376122607349
NAC,North America,SP.DYN.CDRT.IN,2012,8.00231585828143
NAC,North America,SP.DYN.CDRT.IN,2011,7.97642751190665
NAC,North America,SP.DYN.CDRT.IN,2010,7.90630536205068
OED,OECD members,SP.DYN.CDRT.IN,2019,8.55822060985299
OED,OECD members,SP.DYN.CDRT.IN,2018,8.57534117569014
OED,OECD members,SP.DYN.CDRT.IN,2017,8.53111919774223
OED,OECD members,SP.DYN.CDRT.IN,2016,8.36406198627353
OED,OECD members,SP.DYN.CDRT.IN,2015,8.39322454496879
OED,OECD members,SP.DYN.CDRT.IN,2014,8.11428883063971
OED,OECD members,SP.DYN.CDRT.IN,2013,8.16058392738424
OED,OECD members,SP.DYN.CDRT.IN,2012,8.13900130676999
OED,OECD members,SP.DYN.CDRT.IN,2011,8.03607922017984
OED,OECD members,SP.DYN.CDRT.IN,2010,7.99393943263496
OSS,Other small states,SP.DYN.CDRT.IN,2019,7.82588761232274
OSS,Other small states,SP.DYN.CDRT.IN,2018,7.8962215532629
OSS,Other small states,SP.DYN.CDRT.IN,2017,7.90732258450342
OSS,Other small states,SP.DYN.CDRT.IN,2016,7.96335208436305
OSS,Other small states,SP.DYN.CDRT.IN,2015,7.99219999576878
OSS,Other small states,SP.DYN.CDRT.IN,2014,8.06780506237491
OSS,Other small states,SP.DYN.CDRT.IN,2013,8.12563125668845
OSS,Other small states,SP.DYN.CDRT.IN,2012,8.24551384856905
OSS,Other small states,SP.DYN.CDRT.IN,2011,8.33821437868546
OSS,Other small states,SP.DYN.CDRT.IN,2010,8.44357764379212
PSS,Pacific island small states,SP.DYN.CDRT.IN,2019,7.16709275200728
PSS,Pacific island small states,SP.DYN.CDRT.IN,2018,7.07857601881032
PSS,Pacific island small states,SP.DYN.CDRT.IN,2017,6.9952321749929
PSS,Pacific island small states,SP.DYN.CDRT.IN,2016,7.03979426941868
PSS,Pacific island small states,SP.DYN.CDRT.IN,2015,7.05890769868548
PSS,Pacific island small states,SP.DYN.CDRT.IN,2014,7.00220905523584
PSS,Pacific island small states,SP.DYN.CDRT.IN,2013,6.94161187126274
PSS,Pacific island small states,SP.DYN.CDRT.IN,2012,7.09137422000031
PSS,Pacific island small states,SP.DYN.CDRT.IN,2011,6.77281050618747
PSS,Pacific island small states,SP.DYN.CDRT.IN,2010,6.77017531500625
PST,Post-demographic dividend,SP.DYN.CDRT.IN,2019,9.48876759909846
PST,Post-demographic dividend,SP.DYN.CDRT.IN,2018,9.5103851467651
PST,Post-demographic dividend,SP.DYN.CDRT.IN,2017,9.43042220705426
PST,Post-demographic dividend,SP.DYN.CDRT.IN,2016,9.25557910867464
PST,Post-demographic dividend,SP.DYN.CDRT.IN,2015,9.31768976259542
PST,Post-demographic dividend,SP.DYN.CDRT.IN,2014,9.03512516218987
PST,Post-demographic dividend,SP.DYN.CDRT.IN,2013,9.10391122891636
PST,Post-demographic dividend,SP.DYN.CDRT.IN,2012,9.08550361985412
PST,Post-demographic dividend,SP.DYN.CDRT.IN,2011,8.97192880033457
PST,Post-demographic dividend,SP.DYN.CDRT.IN,2010,8.93577581433726
PRE,Pre-demographic dividend,SP.DYN.CDRT.IN,2019,8.90351391067352
PRE,Pre-demographic dividend,SP.DYN.CDRT.IN,2018,9.05278484330479
PRE,Pre-demographic dividend,SP.DYN.CDRT.IN,2017,9.46194548671297
PRE,Pre-demographic dividend,SP.DYN.CDRT.IN,2016,9.62533358990592
PRE,Pre-demographic dividend,SP.DYN.CDRT.IN,2015,9.80774104672862
PRE,Pre-demographic dividend,SP.DYN.CDRT.IN,2014,9.99524464064676
PRE,Pre-demographic dividend,SP.DYN.CDRT.IN,2013,10.0639235647216
PRE,Pre-demographic dividend,SP.DYN.CDRT.IN,2012,10.3281824428071
PRE,Pre-demographic dividend,SP.DYN.CDRT.IN,2011,10.8383057589908
PRE,Pre-demographic dividend,SP.DYN.CDRT.IN,2010,10.8607978284986
SST,Small states,SP.DYN.CDRT.IN,2019,7.75166507704563
SST,Small states,SP.DYN.CDRT.IN,2018,7.73998882233494
SST,Small states,SP.DYN.CDRT.IN,2017,7.72398547672138
SST,Small states,SP.DYN.CDRT.IN,2016,7.74049381338859
SST,Small states,SP.DYN.CDRT.IN,2015,7.74932394371608
SST,Small states,SP.DYN.CDRT.IN,2014,7.76799898103464
SST,Small states,SP.DYN.CDRT.IN,2013,7.79654038393121
SST,Small states,SP.DYN.CDRT.IN,2012,7.88127659847451
SST,Small states,SP.DYN.CDRT.IN,2011,7.88417866011352
SST,Small states,SP.DYN.CDRT.IN,2010,7.94413462156903
SAS,South Asia,SP.DYN.CDRT.IN,2019,6.54194290208949
SAS,South Asia,SP.DYN.CDRT.IN,2018,6.54951355817355
SAS,South Asia,SP.DYN.CDRT.IN,2017,6.55826548351985
SAS,South Asia,SP.DYN.CDRT.IN,2016,6.58621785424306
SAS,South Asia,SP.DYN.CDRT.IN,2015,6.62207288681925
SAS,South Asia,SP.DYN.CDRT.IN,2014,6.65802987623666
SAS,South Asia,SP.DYN.CDRT.IN,2013,6.74103295952171
SAS,South Asia,SP.DYN.CDRT.IN,2012,6.82170475134596
SAS,South Asia,SP.DYN.CDRT.IN,2011,6.9193795820485
SAS,South Asia,SP.DYN.CDRT.IN,2010,7.03176592598332
TSA,South Asia (IDA & IBRD),SP.DYN.CDRT.IN,2019,6.54194290208949
TSA,South Asia (IDA & IBRD),SP.DYN.CDRT.IN,2018,6.54951355817355
TSA,South Asia (IDA & IBRD),SP.DYN.CDRT.IN,2017,6.55826548351985
TSA,South Asia (IDA & IBRD),SP.DYN.CDRT.IN,2016,6.58621785424306
TSA,South Asia (IDA & IBRD),SP.DYN.CDRT.IN,2015,6.62207288681925
TSA,South Asia (IDA & IBRD),SP.DYN.CDRT.IN,2014,6.65802987623666
TSA,South Asia (IDA & IBRD),SP.DYN.CDRT.IN,2013,6.74103295952171
TSA,South Asia (IDA & IBRD),SP.DYN.CDRT.IN,2012,6.82170475134596
TSA,South Asia (IDA & IBRD),SP.DYN.CDRT.IN,2011,6.91937958204849
TSA,South Asia (IDA & IBRD),SP.DYN.CDRT.IN,2010,7.03176592598332
SSF,Sub-Saharan Africa,SP.DYN.CDRT.IN,2019,8.78555712993412
SSF,Sub-Saharan Africa,SP.DYN.CDRT.IN,2018,8.93024649518435
SSF,Sub-Saharan Africa,SP.DYN.CDRT.IN,2017,9.28855606548131
SSF,Sub-Saharan Africa,SP.DYN.CDRT.IN,2016,9.45895877621921
SSF,Sub-Saharan Africa,SP.DYN.CDRT.IN,2015,9.66654481359519
SSF,Sub-Saharan Africa,SP.DYN.CDRT.IN,2014,9.88566931443976
SSF,Sub-Saharan Africa,SP.DYN.CDRT.IN,2013,10.0008431935552
SSF,Sub-Saharan Africa,SP.DYN.CDRT.IN,2012,10.2768037353091
SSF,Sub-Saharan Africa,SP.DYN.CDRT.IN,2011,10.7882610623753
SSF,Sub-Saharan Africa,SP.DYN.CDRT.IN,2010,10.8973338736759
SSA,Sub-Saharan Africa (excluding high income),SP.DYN.CDRT.IN,2019,8.7856159220928
SSA,Sub-Saharan Africa (excluding high income),SP.DYN.CDRT.IN,2018,8.93029275587033
SSA,Sub-Saharan Africa (excluding high income),SP.DYN.CDRT.IN,2017,9.28868815135786
SSA,Sub-Saharan Africa (excluding high income),SP.DYN.CDRT.IN,2016,9.45909906845335
SSA,Sub-Saharan Africa (excluding high income),SP.DYN.CDRT.IN,2015,9.66674235718881
SSA,Sub-Saharan Africa (excluding high income),SP.DYN.CDRT.IN,2014,9.8858512079722
SSA,Sub-Saharan Africa (excluding high income),SP.DYN.CDRT.IN,2013,10.0010286081378
SSA,Sub-Saharan Africa (excluding high income),SP.DYN.CDRT.IN,2012,10.2770727113669
SSA,Sub-Saharan Africa (excluding high income),SP.DYN.CDRT.IN,2011,10.7885358671874
SSA,Sub-Saharan Africa (excluding high income),SP.DYN.CDRT.IN,2010,10.8976849877057
TSS,Sub-Saharan Africa (IDA & IBRD countries),SP.DYN.CDRT.IN,2019,8.78555712993413
TSS,Sub-Saharan Africa (IDA & IBRD countries),SP.DYN.CDRT.IN,2018,8.93024649518435
TSS,Sub-Saharan Africa (IDA & IBRD countries),SP.DYN.CDRT.IN,2017,9.28855606548131
TSS,Sub-Saharan Africa (IDA & IBRD countries),SP.DYN.CDRT.IN,2016,9.45895877621921
TSS,Sub-Saharan Africa (IDA & IBRD countries),SP.DYN.CDRT.IN,2015,9.66654481359519
TSS,Sub-Saharan Africa (IDA & IBRD countries),SP.DYN.CDRT.IN,2014,9.88566931443976
TSS,Sub-Saharan Africa (IDA & IBRD countries),SP.DYN.CDRT.IN,2013,10.0008431935552
TSS,Sub-Saharan Africa (IDA & IBRD countries),SP.DYN.CDRT.IN,2012,10.2768037353091
TSS,Sub-Saharan Africa (IDA & IBRD countries),SP.DYN.CDRT.IN,2011,10.7882610623753
TSS,Sub-Saharan Africa (IDA & IBRD countries),SP.DYN.CDRT.IN,2010,10.8973338736759
WLD,World,SP.DYN.CDRT.IN,2019,7.46946655243651
WLD,World,SP.DYN.CDRT.IN,2018,7.4939220648592
WLD,World,SP.DYN.CDRT.IN,2017,7.52649450759098
WLD,World,SP.DYN.CDRT.IN,2016,7.53742665553239
WLD,World,SP.DYN.CDRT.IN,2015,7.58281572695444
WLD,World,SP.DYN.CDRT.IN,2014,7.58282331702091
WLD,World,SP.DYN.CDRT.IN,2013,7.62677448242537
WLD,World,SP.DYN.CDRT.IN,2012,7.6891465005044
WLD,World,SP.DYN.CDRT.IN,2011,7.76162151146208
WLD,World,SP.DYN.CDRT.IN,2010,7.81971464630986
AFG,Afghanistan,SP.DYN.CDRT.IN,2019,7.064
AFG,Afghanistan,SP.DYN.CDRT.IN,2018,7.271
AFG,Afghanistan,SP.DYN.CDRT.IN,2017,7.315
AFG,Afghanistan,SP.DYN.CDRT.IN,2016,7.32
AFG,Afghanistan,SP.DYN.CDRT.IN,2015,7.528
AFG,Afghanistan,SP.DYN.CDRT.IN,2014,7.511
AFG,Afghanistan,SP.DYN.CDRT.IN,2013,7.597
AFG,Afghanistan,SP.DYN.CDRT.IN,2012,7.822
AFG,Afghanistan,SP.DYN.CDRT.IN,2011,8.032
AFG,Afghanistan,SP.DYN.CDRT.IN,2010,8.402
ALB,Albania,SP.DYN.CDRT.IN,2019,7.473
ALB,Albania,SP.DYN.CDRT.IN,2018,7.375
ALB,Albania,SP.DYN.CDRT.IN,2017,7.373
ALB,Albania,SP.DYN.CDRT.IN,2016,7.288
ALB,Albania,SP.DYN.CDRT.IN,2015,7.245
ALB,Albania,SP.DYN.CDRT.IN,2014,7.236
ALB,Albania,SP.DYN.CDRT.IN,2013,7.019
ALB,Albania,SP.DYN.CDRT.IN,2012,6.728
ALB,Albania,SP.DYN.CDRT.IN,2011,6.36
ALB,Albania,SP.DYN.CDRT.IN,2010,6.055
DZA,Algeria,SP.DYN.CDRT.IN,2019,4.681
DZA,Algeria,SP.DYN.CDRT.IN,2018,4.667
DZA,Algeria,SP.DYN.CDRT.IN,2017,4.66
DZA,Algeria,SP.DYN.CDRT.IN,2016,4.647
DZA,Algeria,SP.DYN.CDRT.IN,2015,4.645
DZA,Algeria,SP.DYN.CDRT.IN,2014,4.646
DZA,Algeria,SP.DYN.CDRT.IN,2013,4.641
DZA,Algeria,SP.DYN.CDRT.IN,2012,4.654
DZA,Algeria,SP.DYN.CDRT.IN,2011,4.658
DZA,Algeria,SP.DYN.CDRT.IN,2010,4.678
ASM,American Samoa,SP.DYN.CDRT.IN,2019,6.191
ASM,American Samoa,SP.DYN.CDRT.IN,2018,6.011
ASM,American Samoa,SP.DYN.CDRT.IN,2017,5.846
ASM,American Samoa,SP.DYN.CDRT.IN,2016,5.75
ASM,American Samoa,SP.DYN.CDRT.IN,2015,5.574
ASM,American Samoa,SP.DYN.CDRT.IN,2014,5.39
ASM,American Samoa,SP.DYN.CDRT.IN,2013,5.188
ASM,American Samoa,SP.DYN.CDRT.IN,2012,5.055
ASM,American Samoa,SP.DYN.CDRT.IN,2011,4.923
ASM,American Samoa,SP.DYN.CDRT.IN,2010,4.827
AND,Andorra,SP.DYN.CDRT.IN,2019,5.56
AND,Andorra,SP.DYN.CDRT.IN,2018,5.48
AND,Andorra,SP.DYN.CDRT.IN,2017,5.436
AND,Andorra,SP.DYN.CDRT.IN,2016,5.412
AND,Andorra,SP.DYN.CDRT.IN,2015,5.673
AND,Andorra,SP.DYN.CDRT.IN,2014,5.812
AND,Andorra,SP.DYN.CDRT.IN,2013,5.926
AND,Andorra,SP.DYN.CDRT.IN,2012,5.996
AND,Andorra,SP.DYN.CDRT.IN,2011,5.952
AND,Andorra,SP.DYN.CDRT.IN,2010,6.266
AGO,Angola,SP.DYN.CDRT.IN,2019,7.701
AGO,Angola,SP.DYN.CDRT.IN,2018,7.928
AGO,Angola,SP.DYN.CDRT.IN,2017,8.192
AGO,Angola,SP.DYN.CDRT.IN,2016,8.476
AGO,Angola,SP.DYN.CDRT.IN,2015,8.809
AGO,Angola,SP.DYN.CDRT.IN,2014,9.179
AGO,Angola,SP.DYN.CDRT.IN,2013,9.578
AGO,Angola,SP.DYN.CDRT.IN,2012,10.043
AGO,Angola,SP.DYN.CDRT.IN,2011,10.546
AGO,Angola,SP.DYN.CDRT.IN,2010,11.078
ATG,Antigua and Barbuda,SP.DYN.CDRT.IN,2019,6.448
ATG,Antigua and Barbuda,SP.DYN.CDRT.IN,2018,6.312
ATG,Antigua and Barbuda,SP.DYN.CDRT.IN,2017,6.228
ATG,Antigua and Barbuda,SP.DYN.CDRT.IN,2016,6.142
ATG,Antigua and Barbuda,SP.DYN.CDRT.IN,2015,6.069
ATG,Antigua and Barbuda,SP.DYN.CDRT.IN,2014,5.954
ATG,Antigua and Barbuda,SP.DYN.CDRT.IN,2013,5.786
ATG,Antigua and Barbuda,SP.DYN.CDRT.IN,2012,5.692
ATG,Antigua and Barbuda,SP.DYN.CDRT.IN,2011,5.664
ATG,Antigua and Barbuda,SP.DYN.CDRT.IN,2010,5.767
ARG,Argentina,SP.DYN.CDRT.IN,2019,7.676
ARG,Argentina,SP.DYN.CDRT.IN,2018,7.583
ARG,Argentina,SP.DYN.CDRT.IN,2017,7.682
ARG,Argentina,SP.DYN.CDRT.IN,2016,7.865
ARG,Argentina,SP.DYN.CDRT.IN,2015,7.449
ARG,Argentina,SP.DYN.CDRT.IN,2014,7.549
ARG,Argentina,SP.DYN.CDRT.IN,2013,7.78
ARG,Argentina,SP.DYN.CDRT.IN,2012,7.719
ARG,Argentina,SP.DYN.CDRT.IN,2011,7.419
ARG,Argentina,SP.DYN.CDRT.IN,2010,7.625
ARM,Armenia,SP.DYN.CDRT.IN,2019,8.8
ARM,Armenia,SP.DYN.CDRT.IN,2018,8.7
ARM,Armenia,SP.DYN.CDRT.IN,2017,9.1
ARM,Armenia,SP.DYN.CDRT.IN,2016,9.4
ARM,Armenia,SP.DYN.CDRT.IN,2015,9.3
ARM,Armenia,SP.DYN.CDRT.IN,2014,9.2
ARM,Armenia,SP.DYN.CDRT.IN,2013,9
ARM,Armenia,SP.DYN.CDRT.IN,2012,9.1
ARM,Armenia,SP.DYN.CDRT.IN,2011,9.2
ARM,Armenia,SP.DYN.CDRT.IN,2010,9.2
ABW,Aruba,SP.DYN.CDRT.IN,2019,6.145
ABW,Aruba,SP.DYN.CDRT.IN,2018,6.703
ABW,Aruba,SP.DYN.CDRT.IN,2017,6.594
ABW,Aruba,SP.DYN.CDRT.IN,2016,7.257
ABW,Aruba,SP.DYN.CDRT.IN,2015,6.367
ABW,Aruba,SP.DYN.CDRT.IN,2014,6.114
ABW,Aruba,SP.DYN.CDRT.IN,2013,5.422
ABW,Aruba,SP.DYN.CDRT.IN,2012,5.85
ABW,Aruba,SP.DYN.CDRT.IN,2011,6.258
ABW,Aruba,SP.DYN.CDRT.IN,2010,6.078
AUS,Australia,SP.DYN.CDRT.IN,2019,6.7
AUS,Australia,SP.DYN.CDRT.IN,2018,6.3
AUS,Australia,SP.DYN.CDRT.IN,2017,6.5
AUS,Australia,SP.DYN.CDRT.IN,2016,6.6
AUS,Australia,SP.DYN.CDRT.IN,2015,6.6
AUS,Australia,SP.DYN.CDRT.IN,2014,6.6
AUS,Australia,SP.DYN.CDRT.IN,2013,6.4
AUS,Australia,SP.DYN.CDRT.IN,2012,6.6
AUS,Australia,SP.DYN.CDRT.IN,2011,6.6
AUS,Australia,SP.DYN.CDRT.IN,2010,6.5
AUT,Austria,SP.DYN.CDRT.IN,2019,9.4
AUT,Austria,SP.DYN.CDRT.IN,2018,9.5
AUT,Austria,SP.DYN.CDRT.IN,2017,9.5
AUT,Austria,SP.DYN.CDRT.IN,2016,9.2
AUT,Austria,SP.DYN.CDRT.IN,2015,9.6
AUT,Austria,SP.DYN.CDRT.IN,2014,9.2
AUT,Austria,SP.DYN.CDRT.IN,2013,9.4
AUT,Austria,SP.DYN.CDRT.IN,2012,9.4
AUT,Austria,SP.DYN.CDRT.IN,2011,9.1
AUT,Austria,SP.DYN.CDRT.IN,2010,9.2
AZE,Azerbaijan,SP.DYN.CDRT.IN,2019,5.6
AZE,Azerbaijan,SP.DYN.CDRT.IN,2018,5.8
AZE,Azerbaijan,SP.DYN.CDRT.IN,2017,5.8
AZE,Azerbaijan,SP.DYN.CDRT.IN,2016,5.8
AZE,Azerbaijan,SP.DYN.CDRT.IN,2015,5.7
AZE,Azerbaijan,SP.DYN.CDRT.IN,2014,5.8
AZE,Azerbaijan,SP.DYN.CDRT.IN,2013,5.8
AZE,Azerbaijan,SP.DYN.CDRT.IN,2012,5.9
AZE,Azerbaijan,SP.DYN.CDRT.IN,2011,5.9
AZE,Azerbaijan,SP.DYN.CDRT.IN,2010,5.9
BHS,"Bahamas, The",SP.DYN.CDRT.IN,2019,9.321
BHS,"Bahamas, The",SP.DYN.CDRT.IN,2018,8.276
BHS,"Bahamas, The",SP.DYN.CDRT.IN,2017,8.12
BHS,"Bahamas, The",SP.DYN.CDRT.IN,2016,7.94
BHS,"Bahamas, The",SP.DYN.CDRT.IN,2015,7.832
BHS,"Bahamas, The",SP.DYN.CDRT.IN,2014,7.596
BHS,"Bahamas, The",SP.DYN.CDRT.IN,2013,7.486
BHS,"Bahamas, The",SP.DYN.CDRT.IN,2012,7.457
BHS,"Bahamas, The",SP.DYN.CDRT.IN,2011,7.39
BHS,"Bahamas, The",SP.DYN.CDRT.IN,2010,7.322
BHR,Bahrain,SP.DYN.CDRT.IN,2019,2.104
BHR,Bahrain,SP.DYN.CDRT.IN,2018,2.035
BHR,Bahrain,SP.DYN.CDRT.IN,2017,1.987
BHR,Bahrain,SP.DYN.CDRT.IN,2016,1.983
BHR,Bahrain,SP.DYN.CDRT.IN,2015,2.084
BHR,Bahrain,SP.DYN.CDRT.IN,2014,2.065
BHR,Bahrain,SP.DYN.CDRT.IN,2013,1.984
BHR,Bahrain,SP.DYN.CDRT.IN,2012,2.022
BHR,Bahrain,SP.DYN.CDRT.IN,2011,2.061
BHR,Bahrain,SP.DYN.CDRT.IN,2010,2.077
BGD,Bangladesh,SP.DYN.CDRT.IN,2019,5.372
BGD,Bangladesh,SP.DYN.CDRT.IN,2018,5.442
BGD,Bangladesh,SP.DYN.CDRT.IN,2017,5.512
BGD,Bangladesh,SP.DYN.CDRT.IN,2016,5.575
BGD,Bangladesh,SP.DYN.CDRT.IN,2015,5.638
BGD,Bangladesh,SP.DYN.CDRT.IN,2014,5.703
BGD,Bangladesh,SP.DYN.CDRT.IN,2013,5.778
BGD,Bangladesh,SP.DYN.CDRT.IN,2012,5.847
BGD,Bangladesh,SP.DYN.CDRT.IN,2011,5.93
BGD,Bangladesh,SP.DYN.CDRT.IN,2010,6.049
BRB,Barbados,SP.DYN.CDRT.IN,2019,9.517
BRB,Barbados,SP.DYN.CDRT.IN,2018,9.459
BRB,Barbados,SP.DYN.CDRT.IN,2017,9.427
BRB,Barbados,SP.DYN.CDRT.IN,2016,9.36
BRB,Barbados,SP.DYN.CDRT.IN,2015,9.324
BRB,Barbados,SP.DYN.CDRT.IN,2014,9.283
BRB,Barbados,SP.DYN.CDRT.IN,2013,9.252
BRB,Barbados,SP.DYN.CDRT.IN,2012,9.208
BRB,Barbados,SP.DYN.CDRT.IN,2011,9.21
BRB,Barbados,SP.DYN.CDRT.IN,2010,9.203
BLR,Belarus,SP.DYN.CDRT.IN,2019,12.8
BLR,Belarus,SP.DYN.CDRT.IN,2018,12.7
BLR,Belarus,SP.DYN.CDRT.IN,2017,12.6
BLR,Belarus,SP.DYN.CDRT.IN,2016,12.6
BLR,Belarus,SP.DYN.CDRT.IN,2015,12.6
BLR,Belarus,SP.DYN.CDRT.IN,2014,12.8
BLR,Belarus,SP.DYN.CDRT.IN,2013,13.2
BLR,Belarus,SP.DYN.CDRT.IN,2012,13.4
BLR,Belarus,SP.DYN.CDRT.IN,2011,14.3
BLR,Belarus,SP.DYN.CDRT.IN,2010,14.5
BEL,Belgium,SP.DYN.CDRT.IN,2019,9.5
BEL,Belgium,SP.DYN.CDRT.IN,2018,9.7
BEL,Belgium,SP.DYN.CDRT.IN,2017,9.6
BEL,Belgium,SP.DYN.CDRT.IN,2016,9.5
BEL,Belgium,SP.DYN.CDRT.IN,2015,9.8
BEL,Belgium,SP.DYN.CDRT.IN,2014,9.3
BEL,Belgium,SP.DYN.CDRT.IN,2013,9.8
BEL,Belgium,SP.DYN.CDRT.IN,2012,9.8
BEL,Belgium,SP.DYN.CDRT.IN,2011,9.4
BEL,Belgium,SP.DYN.CDRT.IN,2010,9.7
BLZ,Belize,SP.DYN.CDRT.IN,2019,5.04
BLZ,Belize,SP.DYN.CDRT.IN,2018,5.07
BLZ,Belize,SP.DYN.CDRT.IN,2017,5.094
BLZ,Belize,SP.DYN.CDRT.IN,2016,5.113
BLZ,Belize,SP.DYN.CDRT.IN,2015,5.143
BLZ,Belize,SP.DYN.CDRT.IN,2014,5.167
BLZ,Belize,SP.DYN.CDRT.IN,2013,5.173
BLZ,Belize,SP.DYN.CDRT.IN,2012,5.173
BLZ,Belize,SP.DYN.CDRT.IN,2011,5.181
BLZ,Belize,SP.DYN.CDRT.IN,2010,5.173
BEN,Benin,SP.DYN.CDRT.IN,2019,9.335
BEN,Benin,SP.DYN.CDRT.IN,2018,9.477
BEN,Benin,SP.DYN.CDRT.IN,2017,9.62
BEN,Benin,SP.DYN.CDRT.IN,2016,9.783
BEN,Benin,SP.DYN.CDRT.IN,2015,9.898
BEN,Benin,SP.DYN.CDRT.IN,2014,9.99
BEN,Benin,SP.DYN.CDRT.IN,2013,10.092
BEN,Benin,SP.DYN.CDRT.IN,2012,10.259
BEN,Benin,SP.DYN.CDRT.IN,2011,10.331
BEN,Benin,SP.DYN.CDRT.IN,2010,10.405
BMU,Bermuda,SP.DYN.CDRT.IN,2019,8.705
BMU,Bermuda,SP.DYN.CDRT.IN,2018,8.689
BMU,Bermuda,SP.DYN.CDRT.IN,2017,8.691
BMU,Bermuda,SP.DYN.CDRT.IN,2016,8.62
BMU,Bermuda,SP.DYN.CDRT.IN,2015,8.389
BMU,Bermuda,SP.DYN.CDRT.IN,2014,8.159
BMU,Bermuda,SP.DYN.CDRT.IN,2013,7.967
BMU,Bermuda,SP.DYN.CDRT.IN,2012,7.811
BMU,Bermuda,SP.DYN.CDRT.IN,2011,7.674
BMU,Bermuda,SP.DYN.CDRT.IN,2010,7.576
BTN,Bhutan,SP.DYN.CDRT.IN,2019,6.35
BTN,Bhutan,SP.DYN.CDRT.IN,2018,6.48
BTN,Bhutan,SP.DYN.CDRT.IN,2017,6.643
BTN,Bhutan,SP.DYN.CDRT.IN,2016,6.568
BTN,Bhutan,SP.DYN.CDRT.IN,2015,6.526
BTN,Bhutan,SP.DYN.CDRT.IN,2014,6.478
BTN,Bhutan,SP.DYN.CDRT.IN,2013,6.463
BTN,Bhutan,SP.DYN.CDRT.IN,2012,6.482
BTN,Bhutan,SP.DYN.CDRT.IN,2011,6.549
BTN,Bhutan,SP.DYN.CDRT.IN,2010,6.647
BOL,Bolivia,SP.DYN.CDRT.IN,2019,7.555
BOL,Bolivia,SP.DYN.CDRT.IN,2018,7.561
BOL,Bolivia,SP.DYN.CDRT.IN,2017,7.591
BOL,Bolivia,SP.DYN.CDRT.IN,2016,7.614
BOL,Bolivia,SP.DYN.CDRT.IN,2015,7.659
BOL,Bolivia,SP.DYN.CDRT.IN,2014,7.729
BOL,Bolivia,SP.DYN.CDRT.IN,2013,7.781
BOL,Bolivia,SP.DYN.CDRT.IN,2012,7.835
BOL,Bolivia,SP.DYN.CDRT.IN,2011,7.94
BOL,Bolivia,SP.DYN.CDRT.IN,2010,8.036
BIH,Bosnia and Herzegovina,SP.DYN.CDRT.IN,2019,13.102
BIH,Bosnia and Herzegovina,SP.DYN.CDRT.IN,2018,11.98
BIH,Bosnia and Herzegovina,SP.DYN.CDRT.IN,2017,12.304
BIH,Bosnia and Herzegovina,SP.DYN.CDRT.IN,2016,12.228
BIH,Bosnia and Herzegovina,SP.DYN.CDRT.IN,2015,11.909
BIH,Bosnia and Herzegovina,SP.DYN.CDRT.IN,2014,11.487
BIH,Bosnia and Herzegovina,SP.DYN.CDRT.IN,2013,11.052
BIH,Bosnia and Herzegovina,SP.DYN.CDRT.IN,2012,10.712
BIH,Bosnia and Herzegovina,SP.DYN.CDRT.IN,2011,10.296
BIH,Bosnia and Herzegovina,SP.DYN.CDRT.IN,2010,9.961
BWA,Botswana,SP.DYN.CDRT.IN,2019,6.408
BWA,Botswana,SP.DYN.CDRT.IN,2018,6.685
BWA,Botswana,SP.DYN.CDRT.IN,2017,7.035
BWA,Botswana,SP.DYN.CDRT.IN,2016,7.463
BWA,Botswana,SP.DYN.CDRT.IN,2015,7.913
BWA,Botswana,SP.DYN.CDRT.IN,2014,8.358
BWA,Botswana,SP.DYN.CDRT.IN,2013,8.776
BWA,Botswana,SP.DYN.CDRT.IN,2012,9.151
BWA,Botswana,SP.DYN.CDRT.IN,2011,9.416
BWA,Botswana,SP.DYN.CDRT.IN,2010,9.625
BRA,Brazil,SP.DYN.CDRT.IN,2019,6.452
BRA,Brazil,SP.DYN.CDRT.IN,2018,6.337
BRA,Brazil,SP.DYN.CDRT.IN,2017,6.256
BRA,Brazil,SP.DYN.CDRT.IN,2016,6.226
BRA,Brazil,SP.DYN.CDRT.IN,2015,6.045
BRA,Brazil,SP.DYN.CDRT.IN,2014,5.998
BRA,Brazil,SP.DYN.CDRT.IN,2013,5.924
BRA,Brazil,SP.DYN.CDRT.IN,2012,5.881
BRA,Brazil,SP.DYN.CDRT.IN,2011,5.843
BRA,Brazil,SP.DYN.CDRT.IN,2010,5.801
VGB,British Virgin Islands,SP.DYN.CDRT.IN,2019,5.724
VGB,British Virgin Islands,SP.DYN.CDRT.IN,2018,5.326
VGB,British Virgin Islands,SP.DYN.CDRT.IN,2017,5.639
VGB,British Virgin Islands,SP.DYN.CDRT.IN,2016,5.788
VGB,British Virgin Islands,SP.DYN.CDRT.IN,2015,5.279
VGB,British Virgin Islands,SP.DYN.CDRT.IN,2014,5.319
VGB,British Virgin Islands,SP.DYN.CDRT.IN,2013,5.185
VGB,British Virgin Islands,SP.DYN.CDRT.IN,2012,5.127
VGB,British Virgin Islands,SP.DYN.CDRT.IN,2011,4.916
VGB,British Virgin Islands,SP.DYN.CDRT.IN,2010,5.047
BRN,Brunei Darussalam,SP.DYN.CDRT.IN,2019,4.779
BRN,Brunei Darussalam,SP.DYN.CDRT.IN,2018,4.641
BRN,Brunei Darussalam,SP.DYN.CDRT.IN,2017,4.509
BRN,Brunei Darussalam,SP.DYN.CDRT.IN,2016,4.381
BRN,Brunei Darussalam,SP.DYN.CDRT.IN,2015,4.256
BRN,Brunei Darussalam,SP.DYN.CDRT.IN,2014,4.135
BRN,Brunei Darussalam,SP.DYN.CDRT.IN,2013,4.018
BRN,Brunei Darussalam,SP.DYN.CDRT.IN,2012,3.908
BRN,Brunei Darussalam,SP.DYN.CDRT.IN,2011,3.843
BRN,Brunei Darussalam,SP.DYN.CDRT.IN,2010,3.825
BGR,Bulgaria,SP.DYN.CDRT.IN,2019,16.3
BGR,Bulgaria,SP.DYN.CDRT.IN,2018,16.2
BGR,Bulgaria,SP.DYN.CDRT.IN,2017,16.1
BGR,Bulgaria,SP.DYN.CDRT.IN,2016,15.6
BGR,Bulgaria,SP.DYN.CDRT.IN,2015,15.8
BGR,Bulgaria,SP.DYN.CDRT.IN,2014,15.4
BGR,Bulgaria,SP.DYN.CDRT.IN,2013,14.6
BGR,Bulgaria,SP.DYN.CDRT.IN,2012,15
BGR,Bulgaria,SP.DYN.CDRT.IN,2011,14.7
BGR,Bulgaria,SP.DYN.CDRT.IN,2010,14.9
BFA,Burkina Faso,SP.DYN.CDRT.IN,2019,8.564
BFA,Burkina Faso,SP.DYN.CDRT.IN,2018,8.778
BFA,Burkina Faso,SP.DYN.CDRT.IN,2017,9.077
BFA,Burkina Faso,SP.DYN.CDRT.IN,2016,9.366
BFA,Burkina Faso,SP.DYN.CDRT.IN,2015,9.658
BFA,Burkina Faso,SP.DYN.CDRT.IN,2014,9.966
BFA,Burkina Faso,SP.DYN.CDRT.IN,2013,10.277
BFA,Burkina Faso,SP.DYN.CDRT.IN,2012,10.584
BFA,Burkina Faso,SP.DYN.CDRT.IN,2011,10.905
BFA,Burkina Faso,SP.DYN.CDRT.IN,2010,11.334
BDI,Burundi,SP.DYN.CDRT.IN,2019,7.394
BDI,Burundi,SP.DYN.CDRT.IN,2018,7.559
BDI,Burundi,SP.DYN.CDRT.IN,2017,7.864
BDI,Burundi,SP.DYN.CDRT.IN,2016,8.209
BDI,Burundi,SP.DYN.CDRT.IN,2015,8.688
BDI,Burundi,SP.DYN.CDRT.IN,2014,8.845
BDI,Burundi,SP.DYN.CDRT.IN,2013,9.201
BDI,Burundi,SP.DYN.CDRT.IN,2012,9.601
BDI,Burundi,SP.DYN.CDRT.IN,2011,10.072
BDI,Burundi,SP.DYN.CDRT.IN,2010,10.509
CPV,Cabo Verde,SP.DYN.CDRT.IN,2019,5.004
CPV,Cabo Verde,SP.DYN.CDRT.IN,2018,5.162
CPV,Cabo Verde,SP.DYN.CDRT.IN,2017,5.115
CPV,Cabo Verde,SP.DYN.CDRT.IN,2016,5.15
CPV,Cabo Verde,SP.DYN.CDRT.IN,2015,5.136
CPV,Cabo Verde,SP.DYN.CDRT.IN,2014,5.154
CPV,Cabo Verde,SP.DYN.CDRT.IN,2013,5.165
CPV,Cabo Verde,SP.DYN.CDRT.IN,2012,5.129
CPV,Cabo Verde,SP.DYN.CDRT.IN,2011,5.182
CPV,Cabo Verde,SP.DYN.CDRT.IN,2010,5.224
KHM,Cambodia,SP.DYN.CDRT.IN,2019,6.189
KHM,Cambodia,SP.DYN.CDRT.IN,2018,6.126
KHM,Cambodia,SP.DYN.CDRT.IN,2017,6.067
KHM,Cambodia,SP.DYN.CDRT.IN,2016,6.033
KHM,Cambodia,SP.DYN.CDRT.IN,2015,6.015
KHM,Cambodia,SP.DYN.CDRT.IN,2014,6.01
KHM,Cambodia,SP.DYN.CDRT.IN,2013,6.036
KHM,Cambodia,SP.DYN.CDRT.IN,2012,6.067
KHM,Cambodia,SP.DYN.CDRT.IN,2011,6.145
KHM,Cambodia,SP.DYN.CDRT.IN,2010,6.26
CMR,Cameroon,SP.DYN.CDRT.IN,2019,8.163
CMR,Cameroon,SP.DYN.CDRT.IN,2018,8.431
CMR,Cameroon,SP.DYN.CDRT.IN,2017,8.65
CMR,Cameroon,SP.DYN.CDRT.IN,2016,8.908
CMR,Cameroon,SP.DYN.CDRT.IN,2015,9.2
CMR,Cameroon,SP.DYN.CDRT.IN,2014,9.477
CMR,Cameroon,SP.DYN.CDRT.IN,2013,9.758
CMR,Cameroon,SP.DYN.CDRT.IN,2012,10.105
CMR,Cameroon,SP.DYN.CDRT.IN,2011,10.52
CMR,Cameroon,SP.DYN.CDRT.IN,2010,10.86
CAN,Canada,SP.DYN.CDRT.IN,2019,7.6
CAN,Canada,SP.DYN.CDRT.IN,2018,7.7
CAN,Canada,SP.DYN.CDRT.IN,2017,7.6
CAN,Canada,SP.DYN.CDRT.IN,2016,7.4
CAN,Canada,SP.DYN.CDRT.IN,2015,7.4
CAN,Canada,SP.DYN.CDRT.IN,2014,7.3
CAN,Canada,SP.DYN.CDRT.IN,2013,7.2
CAN,Canada,SP.DYN.CDRT.IN,2012,7.1
CAN,Canada,SP.DYN.CDRT.IN,2011,7.1
CAN,Canada,SP.DYN.CDRT.IN,2010,7.1
CYM,Cayman Islands,SP.DYN.CDRT.IN,2019,4.809
CYM,Cayman Islands,SP.DYN.CDRT.IN,2018,4.767
CYM,Cayman Islands,SP.DYN.CDRT.IN,2017,4.735
CYM,Cayman Islands,SP.DYN.CDRT.IN,2016,4.723
CYM,Cayman Islands,SP.DYN.CDRT.IN,2015,4.722
CYM,Cayman Islands,SP.DYN.CDRT.IN,2014,4.73
CYM,Cayman Islands,SP.DYN.CDRT.IN,2013,4.731
CYM,Cayman Islands,SP.DYN.CDRT.IN,2012,4.872
CYM,Cayman Islands,SP.DYN.CDRT.IN,2011,5.04
CYM,Cayman Islands,SP.DYN.CDRT.IN,2010,5.169
CAF,Central African Republic,SP.DYN.CDRT.IN,2019,30.25
CAF,Central African Republic,SP.DYN.CDRT.IN,2018,12.403
CAF,Central African Republic,SP.DYN.CDRT.IN,2017,16.943
CAF,Central African Republic,SP.DYN.CDRT.IN,2016,13.177
CAF,Central African Republic,SP.DYN.CDRT.IN,2015,12.683
CAF,Central African Republic,SP.DYN.CDRT.IN,2014,21.406
CAF,Central African Republic,SP.DYN.CDRT.IN,2013,14.395
CAF,Central African Republic,SP.DYN.CDRT.IN,2012,13.311
CAF,Central African Republic,SP.DYN.CDRT.IN,2011,14.008
CAF,Central African Republic,SP.DYN.CDRT.IN,2010,15.907
TCD,Chad,SP.DYN.CDRT.IN,2019,12.519
TCD,Chad,SP.DYN.CDRT.IN,2018,12.857
TCD,Chad,SP.DYN.CDRT.IN,2017,13.277
TCD,Chad,SP.DYN.CDRT.IN,2016,13.548
TCD,Chad,SP.DYN.CDRT.IN,2015,13.876
TCD,Chad,SP.DYN.CDRT.IN,2014,14.071
TCD,Chad,SP.DYN.CDRT.IN,2013,14.231
TCD,Chad,SP.DYN.CDRT.IN,2012,14.55
TCD,Chad,SP.DYN.CDRT.IN,2011,14.857
TCD,Chad,SP.DYN.CDRT.IN,2010,15.178
CHI,Channel Islands,SP.DYN.CDRT.IN,2019,9.7
CHI,Channel Islands,SP.DYN.CDRT.IN,2018,9.6
CHI,Channel Islands,SP.DYN.CDRT.IN,2017,9.5
CHI,Channel Islands,SP.DYN.CDRT.IN,2016,9.2
CHI,Channel Islands,SP.DYN.CDRT.IN,2015,8.9
CHI,Channel Islands,SP.DYN.CDRT.IN,2014,8.5
CHI,Channel Islands,SP.DYN.CDRT.IN,2013,8.4
CHI,Channel Islands,SP.DYN.CDRT.IN,2012,8.4
CHI,Channel Islands,SP.DYN.CDRT.IN,2011,8.2
CHI,Channel Islands,SP.DYN.CDRT.IN,2010,8.2
CHL,Chile,SP.DYN.CDRT.IN,2019,6.46
CHL,Chile,SP.DYN.CDRT.IN,2018,6.196
CHL,Chile,SP.DYN.CDRT.IN,2017,6.037
CHL,Chile,SP.DYN.CDRT.IN,2016,6.086
CHL,Chile,SP.DYN.CDRT.IN,2015,6.106
CHL,Chile,SP.DYN.CDRT.IN,2014,6.119
CHL,Chile,SP.DYN.CDRT.IN,2013,6.058
CHL,Chile,SP.DYN.CDRT.IN,2012,6.092
CHL,Chile,SP.DYN.CDRT.IN,2011,5.888
CHL,Chile,SP.DYN.CDRT.IN,2010,5.76
CHN,China,SP.DYN.CDRT.IN,2019,7.09
CHN,China,SP.DYN.CDRT.IN,2018,7.08
CHN,China,SP.DYN.CDRT.IN,2017,7.06
CHN,China,SP.DYN.CDRT.IN,2016,7.04
CHN,China,SP.DYN.CDRT.IN,2015,7.07
CHN,China,SP.DYN.CDRT.IN,2014,7.12
CHN,China,SP.DYN.CDRT.IN,2013,7.13
CHN,China,SP.DYN.CDRT.IN,2012,7.13
CHN,China,SP.DYN.CDRT.IN,2011,7.14
CHN,China,SP.DYN.CDRT.IN,2010,7.11
COL,Colombia,SP.DYN.CDRT.IN,2019,5.38
COL,Colombia,SP.DYN.CDRT.IN,2018,5.35
COL,Colombia,SP.DYN.CDRT.IN,2017,5.315
COL,Colombia,SP.DYN.CDRT.IN,2016,5.31
COL,Colombia,SP.DYN.CDRT.IN,2015,5.252
COL,Colombia,SP.DYN.CDRT.IN,2014,5.145
COL,Colombia,SP.DYN.CDRT.IN,2013,5.033
COL,Colombia,SP.DYN.CDRT.IN,2012,4.977
COL,Colombia,SP.DYN.CDRT.IN,2011,5.019
COL,Colombia,SP.DYN.CDRT.IN,2010,5.012
COM,Comoros,SP.DYN.CDRT.IN,2019,7.644
COM,Comoros,SP.DYN.CDRT.IN,2018,7.733
COM,Comoros,SP.DYN.CDRT.IN,2017,7.828
COM,Comoros,SP.DYN.CDRT.IN,2016,7.943
COM,Comoros,SP.DYN.CDRT.IN,2015,8.063
COM,Comoros,SP.DYN.CDRT.IN,2014,8.198
COM,Comoros,SP.DYN.CDRT.IN,2013,8.323
COM,Comoros,SP.DYN.CDRT.IN,2012,8.471
COM,Comoros,SP.DYN.CDRT.IN,2011,8.596
COM,Comoros,SP.DYN.CDRT.IN,2010,8.706
COD,"Congo, Dem. Rep.",SP.DYN.CDRT.IN,2019,9.46
COD,"Congo, Dem. Rep.",SP.DYN.CDRT.IN,2018,9.647
COD,"Congo, Dem. Rep.",SP.DYN.CDRT.IN,2017,9.867
COD,"Congo, Dem. Rep.",SP.DYN.CDRT.IN,2016,10.076
COD,"Congo, Dem. Rep.",SP.DYN.CDRT.IN,2015,10.349
COD,"Congo, Dem. Rep.",SP.DYN.CDRT.IN,2014,10.595
COD,"Congo, Dem. Rep.",SP.DYN.CDRT.IN,2013,10.844
COD,"Congo, Dem. Rep.",SP.DYN.CDRT.IN,2012,11.113
COD,"Congo, Dem. Rep.",SP.DYN.CDRT.IN,2011,11.367
COD,"Congo, Dem. Rep.",SP.DYN.CDRT.IN,2010,11.654
COG,"Congo, Rep.",SP.DYN.CDRT.IN,2019,7.344
COG,"Congo, Rep.",SP.DYN.CDRT.IN,2018,6.758
COG,"Congo, Rep.",SP.DYN.CDRT.IN,2017,6.881
COG,"Congo, Rep.",SP.DYN.CDRT.IN,2016,7.026
COG,"Congo, Rep.",SP.DYN.CDRT.IN,2015,7.166
COG,"Congo, Rep.",SP.DYN.CDRT.IN,2014,7.347
COG,"Congo, Rep.",SP.DYN.CDRT.IN,2013,7.572
COG,"Congo, Rep.",SP.DYN.CDRT.IN,2012,7.767
COG,"Congo, Rep.",SP.DYN.CDRT.IN,2011,7.952
COG,"Congo, Rep.",SP.DYN.CDRT.IN,2010,8.23
CRI,Costa Rica,SP.DYN.CDRT.IN,2019,5.124
CRI,Costa Rica,SP.DYN.CDRT.IN,2018,5.056
CRI,Costa Rica,SP.DYN.CDRT.IN,2017,4.964
CRI,Costa Rica,SP.DYN.CDRT.IN,2016,4.822
CRI,Costa Rica,SP.DYN.CDRT.IN,2015,4.518
CRI,Costa Rica,SP.DYN.CDRT.IN,2014,4.452
CRI,Costa Rica,SP.DYN.CDRT.IN,2013,4.332
CRI,Costa Rica,SP.DYN.CDRT.IN,2012,4.304
CRI,Costa Rica,SP.DYN.CDRT.IN,2011,4.287
CRI,Costa Rica,SP.DYN.CDRT.IN,2010,4.256
CIV,Cote d'Ivoire,SP.DYN.CDRT.IN,2019,8.492
CIV,Cote d'Ivoire,SP.DYN.CDRT.IN,2018,8.776
CIV,Cote d'Ivoire,SP.DYN.CDRT.IN,2017,9.103
CIV,Cote d'Ivoire,SP.DYN.CDRT.IN,2016,9.437
CIV,Cote d'Ivoire,SP.DYN.CDRT.IN,2015,9.798
CIV,Cote d'Ivoire,SP.DYN.CDRT.IN,2014,10.12
CIV,Cote d'Ivoire,SP.DYN.CDRT.IN,2013,10.366
CIV,Cote d'Ivoire,SP.DYN.CDRT.IN,2012,10.482
CIV,Cote d'Ivoire,SP.DYN.CDRT.IN,2011,10.647
CIV,Cote d'Ivoire,SP.DYN.CDRT.IN,2010,10.851
HRV,Croatia,SP.DYN.CDRT.IN,2019,13.1
HRV,Croatia,SP.DYN.CDRT.IN,2018,13.2
HRV,Croatia,SP.DYN.CDRT.IN,2017,13.2
HRV,Croatia,SP.DYN.CDRT.IN,2016,12.6
HRV,Croatia,SP.DYN.CDRT.IN,2015,13.1
HRV,Croatia,SP.DYN.CDRT.IN,2014,12.1
HRV,Croatia,SP.DYN.CDRT.IN,2013,11.9
HRV,Croatia,SP.DYN.CDRT.IN,2012,12.1
HRV,Croatia,SP.DYN.CDRT.IN,2011,11.9
HRV,Croatia,SP.DYN.CDRT.IN,2010,11.8
CUB,Cuba,SP.DYN.CDRT.IN,2019,10.047
CUB,Cuba,SP.DYN.CDRT.IN,2018,9.866
CUB,Cuba,SP.DYN.CDRT.IN,2017,9.91
CUB,Cuba,SP.DYN.CDRT.IN,2016,9.44
CUB,Cuba,SP.DYN.CDRT.IN,2015,9.123
CUB,Cuba,SP.DYN.CDRT.IN,2014,8.884
CUB,Cuba,SP.DYN.CDRT.IN,2013,8.516
CUB,Cuba,SP.DYN.CDRT.IN,2012,8.245
CUB,Cuba,SP.DYN.CDRT.IN,2011,8.165
CUB,Cuba,SP.DYN.CDRT.IN,2010,8.151
CUW,Curacao,SP.DYN.CDRT.IN,2019,8.8
CUW,Curacao,SP.DYN.CDRT.IN,2018,8.8
CUW,Curacao,SP.DYN.CDRT.IN,2017,8.9
CUW,Curacao,SP.DYN.CDRT.IN,2016,9.3
CUW,Curacao,SP.DYN.CDRT.IN,2015,8.8
CUW,Curacao,SP.DYN.CDRT.IN,2014,8.8
CUW,Curacao,SP.DYN.CDRT.IN,2013,8.1
CUW,Curacao,SP.DYN.CDRT.IN,2012,8.2
CUW,Curacao,SP.DYN.CDRT.IN,2011,8.5
CUW,Curacao,SP.DYN.CDRT.IN,2010,8.4
CYP,Cyprus,SP.DYN.CDRT.IN,2019,6.6
CYP,Cyprus,SP.DYN.CDRT.IN,2018,6.382
CYP,Cyprus,SP.DYN.CDRT.IN,2017,6.309
CYP,Cyprus,SP.DYN.CDRT.IN,2016,6.135
CYP,Cyprus,SP.DYN.CDRT.IN,2015,6.043
CYP,Cyprus,SP.DYN.CDRT.IN,2014,5.988
CYP,Cyprus,SP.DYN.CDRT.IN,2013,5.861
CYP,Cyprus,SP.DYN.CDRT.IN,2012,5.838
CYP,Cyprus,SP.DYN.CDRT.IN,2011,5.874
CYP,Cyprus,SP.DYN.CDRT.IN,2010,5.883
CZE,Czechia,SP.DYN.CDRT.IN,2019,10.5
CZE,Czechia,SP.DYN.CDRT.IN,2018,10.6
CZE,Czechia,SP.DYN.CDRT.IN,2017,10.5
CZE,Czechia,SP.DYN.CDRT.IN,2016,10.2
CZE,Czechia,SP.DYN.CDRT.IN,2015,10.5
CZE,Czechia,SP.DYN.CDRT.IN,2014,10
CZE,Czechia,SP.DYN.CDRT.IN,2013,10.4
CZE,Czechia,SP.DYN.CDRT.IN,2012,10.3
CZE,Czechia,SP.DYN.CDRT.IN,2011,10.2
CZE,Czechia,SP.DYN.CDRT.IN,2010,10.2
DNK,Denmark,SP.DYN.CDRT.IN,2019,9.3
DNK,Denmark,SP.DYN.CDRT.IN,2018,9.5
DNK,Denmark,SP.DYN.CDRT.IN,2017,9.2
DNK,Denmark,SP.DYN.CDRT.IN,2016,9.2
DNK,Denmark,SP.DYN.CDRT.IN,2015,9.2
DNK,Denmark,SP.DYN.CDRT.IN,2014,9.1
DNK,Denmark,SP.DYN.CDRT.IN,2013,9.3
DNK,Denmark,SP.DYN.CDRT.IN,2012,9.4
DNK,Denmark,SP.DYN.CDRT.IN,2011,9.4
DNK,Denmark,SP.DYN.CDRT.IN,2010,9.8
DJI,Djibouti,SP.DYN.CDRT.IN,2019,7.797
DJI,Djibouti,SP.DYN.CDRT.IN,2018,7.83
DJI,Djibouti,SP.DYN.CDRT.IN,2017,7.921
DJI,Djibouti,SP.DYN.CDRT.IN,2016,8.007
DJI,Djibouti,SP.DYN.CDRT.IN,2015,8.162
DJI,Djibouti,SP.DYN.CDRT.IN,2014,8.28
DJI,Djibouti,SP.DYN.CDRT.IN,2013,8.359
DJI,Djibouti,SP.DYN.CDRT.IN,2012,8.484
DJI,Djibouti,SP.DYN.CDRT.IN,2011,8.612
DJI,Djibouti,SP.DYN.CDRT.IN,2010,8.85
DMA,Dominica,SP.DYN.CDRT.IN,2019,12.611
DMA,Dominica,SP.DYN.CDRT.IN,2018,12.517
DMA,Dominica,SP.DYN.CDRT.IN,2017,13.626
DMA,Dominica,SP.DYN.CDRT.IN,2016,10.374
DMA,Dominica,SP.DYN.CDRT.IN,2015,10.873
DMA,Dominica,SP.DYN.CDRT.IN,2014,10.027
DMA,Dominica,SP.DYN.CDRT.IN,2013,11.718
DMA,Dominica,SP.DYN.CDRT.IN,2012,11.447
DMA,Dominica,SP.DYN.CDRT.IN,2011,11.963
DMA,Dominica,SP.DYN.CDRT.IN,2010,11.51
DOM,Dominican Republic,SP.DYN.CDRT.IN,2019,6.132
DOM,Dominican Republic,SP.DYN.CDRT.IN,2018,5.857
DOM,Dominican Republic,SP.DYN.CDRT.IN,2017,5.8
DOM,Dominican Republic,SP.DYN.CDRT.IN,2016,5.876
DOM,Dominican Republic,SP.DYN.CDRT.IN,2015,5.755
DOM,Dominican Republic,SP.DYN.CDRT.IN,2014,5.599
DOM,Dominican Republic,SP.DYN.CDRT.IN,2013,5.549
DOM,Dominican Republic,SP.DYN.CDRT.IN,2012,5.543
DOM,Dominican Republic,SP.DYN.CDRT.IN,2011,5.573
DOM,Dominican Republic,SP.DYN.CDRT.IN,2010,5.663
ECU,Ecuador,SP.DYN.CDRT.IN,2019,4.753
ECU,Ecuador,SP.DYN.CDRT.IN,2018,4.648
ECU,Ecuador,SP.DYN.CDRT.IN,2017,5.066
ECU,Ecuador,SP.DYN.CDRT.IN,2016,5.005
ECU,Ecuador,SP.DYN.CDRT.IN,2015,4.869
ECU,Ecuador,SP.DYN.CDRT.IN,2014,4.815
ECU,Ecuador,SP.DYN.CDRT.IN,2013,4.846
ECU,Ecuador,SP.DYN.CDRT.IN,2012,4.901
ECU,Ecuador,SP.DYN.CDRT.IN,2011,4.935
ECU,Ecuador,SP.DYN.CDRT.IN,2010,4.814
EGY,"Egypt, Arab Rep.",SP.DYN.CDRT.IN,2019,5.477
EGY,"Egypt, Arab Rep.",SP.DYN.CDRT.IN,2018,5.533
EGY,"Egypt, Arab Rep.",SP.DYN.CDRT.IN,2017,5.628
EGY,"Egypt, Arab Rep.",SP.DYN.CDRT.IN,2016,5.707
EGY,"Egypt, Arab Rep.",SP.DYN.CDRT.IN,2015,5.818
EGY,"Egypt, Arab Rep.",SP.DYN.CDRT.IN,2014,5.879
EGY,"Egypt, Arab Rep.",SP.DYN.CDRT.IN,2013,5.966
EGY,"Egypt, Arab Rep.",SP.DYN.CDRT.IN,2012,5.999
EGY,"Egypt, Arab Rep.",SP.DYN.CDRT.IN,2011,6.049
EGY,"Egypt, Arab Rep.",SP.DYN.CDRT.IN,2010,6.076
SLV,El Salvador,SP.DYN.CDRT.IN,2019,7.439
SLV,El Salvador,SP.DYN.CDRT.IN,2018,7.437
SLV,El Salvador,SP.DYN.CDRT.IN,2017,7.494
SLV,El Salvador,SP.DYN.CDRT.IN,2016,7.449
SLV,El Salvador,SP.DYN.CDRT.IN,2015,7.378
SLV,El Salvador,SP.DYN.CDRT.IN,2014,7.237
SLV,El Salvador,SP.DYN.CDRT.IN,2013,7.152
SLV,El Salvador,SP.DYN.CDRT.IN,2012,7.042
SLV,El Salvador,SP.DYN.CDRT.IN,2011,7.109
SLV,El Salvador,SP.DYN.CDRT.IN,2010,7.216
GNQ,Equatorial Guinea,SP.DYN.CDRT.IN,2019,8.496
GNQ,Equatorial Guinea,SP.DYN.CDRT.IN,2018,8.686
GNQ,Equatorial Guinea,SP.DYN.CDRT.IN,2017,8.915
GNQ,Equatorial Guinea,SP.DYN.CDRT.IN,2016,9.14
GNQ,Equatorial Guinea,SP.DYN.CDRT.IN,2015,9.397
GNQ,Equatorial Guinea,SP.DYN.CDRT.IN,2014,9.644
GNQ,Equatorial Guinea,SP.DYN.CDRT.IN,2013,9.918
GNQ,Equatorial Guinea,SP.DYN.CDRT.IN,2012,10.219
GNQ,Equatorial Guinea,SP.DYN.CDRT.IN,2011,10.517
GNQ,Equatorial Guinea,SP.DYN.CDRT.IN,2010,10.797
ERI,Eritrea,SP.DYN.CDRT.IN,2019,6.413
ERI,Eritrea,SP.DYN.CDRT.IN,2018,6.484
ERI,Eritrea,SP.DYN.CDRT.IN,2017,6.604
ERI,Eritrea,SP.DYN.CDRT.IN,2016,6.729
ERI,Eritrea,SP.DYN.CDRT.IN,2015,6.828
ERI,Eritrea,SP.DYN.CDRT.IN,2014,6.989
ERI,Eritrea,SP.DYN.CDRT.IN,2013,7.124
ERI,Eritrea,SP.DYN.CDRT.IN,2012,7.248
ERI,Eritrea,SP.DYN.CDRT.IN,2011,7.417
ERI,Eritrea,SP.DYN.CDRT.IN,2010,7.615
EST,Estonia,SP.DYN.CDRT.IN,2019,11.6
EST,Estonia,SP.DYN.CDRT.IN,2018,11.9
EST,Estonia,SP.DYN.CDRT.IN,2017,11.8
EST,Estonia,SP.DYN.CDRT.IN,2016,11.7
EST,Estonia,SP.DYN.CDRT.IN,2015,11.6
EST,Estonia,SP.DYN.CDRT.IN,2014,11.8
EST,Estonia,SP.DYN.CDRT.IN,2013,11.6
EST,Estonia,SP.DYN.CDRT.IN,2012,11.7
EST,Estonia,SP.DYN.CDRT.IN,2011,11.5
EST,Estonia,SP.DYN.CDRT.IN,2010,11.9
SWZ,Eswatini,SP.DYN.CDRT.IN,2019,9.372
SWZ,Eswatini,SP.DYN.CDRT.IN,2018,9.822
SWZ,Eswatini,SP.DYN.CDRT.IN,2017,10.281
SWZ,Eswatini,SP.DYN.CDRT.IN,2016,10.891
SWZ,Eswatini,SP.DYN.CDRT.IN,2015,11.487
SWZ,Eswatini,SP.DYN.CDRT.IN,2014,12.205
SWZ,Eswatini,SP.DYN.CDRT.IN,2013,12.917
SWZ,Eswatini,SP.DYN.CDRT.IN,2012,13.661
SWZ,Eswatini,SP.DYN.CDRT.IN,2011,14.617
SWZ,Eswatini,SP.DYN.CDRT.IN,2010,14.988
ETH,Ethiopia,SP.DYN.CDRT.IN,2019,6.481
ETH,Ethiopia,SP.DYN.CDRT.IN,2018,6.631
ETH,Ethiopia,SP.DYN.CDRT.IN,2017,6.786
ETH,Ethiopia,SP.DYN.CDRT.IN,2016,6.999
ETH,Ethiopia,SP.DYN.CDRT.IN,2015,7.206
ETH,Ethiopia,SP.DYN.CDRT.IN,2014,7.461
ETH,Ethiopia,SP.DYN.CDRT.IN,2013,7.78
ETH,Ethiopia,SP.DYN.CDRT.IN,2012,8.118
ETH,Ethiopia,SP.DYN.CDRT.IN,2011,8.534
ETH,Ethiopia,SP.DYN.CDRT.IN,2010,8.98
FRO,Faroe Islands,SP.DYN.CDRT.IN,2019,7.974
FRO,Faroe Islands,SP.DYN.CDRT.IN,2018,7.748
FRO,Faroe Islands,SP.DYN.CDRT.IN,2017,8.938
FRO,Faroe Islands,SP.DYN.CDRT.IN,2016,7.666
FRO,Faroe Islands,SP.DYN.CDRT.IN,2015,7.759
FRO,Faroe Islands,SP.DYN.CDRT.IN,2014,8.148
FRO,Faroe Islands,SP.DYN.CDRT.IN,2013,7.572
FRO,Faroe Islands,SP.DYN.CDRT.IN,2012,8.482
FRO,Faroe Islands,SP.DYN.CDRT.IN,2011,7.97
FRO,Faroe Islands,SP.DYN.CDRT.IN,2010,7.223
FJI,Fiji,SP.DYN.CDRT.IN,2019,9.092
FJI,Fiji,SP.DYN.CDRT.IN,2018,8.939
FJI,Fiji,SP.DYN.CDRT.IN,2017,8.695
FJI,Fiji,SP.DYN.CDRT.IN,2016,8.792
FJI,Fiji,SP.DYN.CDRT.IN,2015,8.791
FJI,Fiji,SP.DYN.CDRT.IN,2014,8.562
FJI,Fiji,SP.DYN.CDRT.IN,2013,8.43
FJI,Fiji,SP.DYN.CDRT.IN,2012,8.777
FJI,Fiji,SP.DYN.CDRT.IN,2011,7.897
FJI,Fiji,SP.DYN.CDRT.IN,2010,7.799
FIN,Finland,SP.DYN.CDRT.IN,2019,9.8
FIN,Finland,SP.DYN.CDRT.IN,2018,9.9
FIN,Finland,SP.DYN.CDRT.IN,2017,9.8
FIN,Finland,SP.DYN.CDRT.IN,2016,9.8
FIN,Finland,SP.DYN.CDRT.IN,2015,9.6
FIN,Finland,SP.DYN.CDRT.IN,2014,9.6
FIN,Finland,SP.DYN.CDRT.IN,2013,9.5
FIN,Finland,SP.DYN.CDRT.IN,2012,9.6
FIN,Finland,SP.DYN.CDRT.IN,2011,9.4
FIN,Finland,SP.DYN.CDRT.IN,2010,9.5
FRA,France,SP.DYN.CDRT.IN,2019,9.1
FRA,France,SP.DYN.CDRT.IN,2018,9.1
FRA,France,SP.DYN.CDRT.IN,2017,9.1
FRA,France,SP.DYN.CDRT.IN,2016,8.9
FRA,France,SP.DYN.CDRT.IN,2015,8.9
FRA,France,SP.DYN.CDRT.IN,2014,8.4
FRA,France,SP.DYN.CDRT.IN,2013,8.7
FRA,France,SP.DYN.CDRT.IN,2012,8.7
FRA,France,SP.DYN.CDRT.IN,2011,8.4
FRA,France,SP.DYN.CDRT.IN,2010,8.5
PYF,French Polynesia,SP.DYN.CDRT.IN,2019,3.369
PYF,French Polynesia,SP.DYN.CDRT.IN,2018,3.292
PYF,French Polynesia,SP.DYN.CDRT.IN,2017,3.225
PYF,French Polynesia,SP.DYN.CDRT.IN,2016,3.175
PYF,French Polynesia,SP.DYN.CDRT.IN,2015,3.124
PYF,French Polynesia,SP.DYN.CDRT.IN,2014,3.059
PYF,French Polynesia,SP.DYN.CDRT.IN,2013,2.996
PYF,French Polynesia,SP.DYN.CDRT.IN,2012,2.972
PYF,French Polynesia,SP.DYN.CDRT.IN,2011,2.957
PYF,French Polynesia,SP.DYN.CDRT.IN,2010,2.947
GAB,Gabon,SP.DYN.CDRT.IN,2019,6.693
GAB,Gabon,SP.DYN.CDRT.IN,2018,6.817
GAB,Gabon,SP.DYN.CDRT.IN,2017,6.918
GAB,Gabon,SP.DYN.CDRT.IN,2016,7.024
GAB,Gabon,SP.DYN.CDRT.IN,2015,7.138
GAB,Gabon,SP.DYN.CDRT.IN,2014,7.272
GAB,Gabon,SP.DYN.CDRT.IN,2013,7.44
GAB,Gabon,SP.DYN.CDRT.IN,2012,7.615
GAB,Gabon,SP.DYN.CDRT.IN,2011,7.802
GAB,Gabon,SP.DYN.CDRT.IN,2010,7.994
GMB,"Gambia, The",SP.DYN.CDRT.IN,2019,6.807
GMB,"Gambia, The",SP.DYN.CDRT.IN,2018,6.964
GMB,"Gambia, The",SP.DYN.CDRT.IN,2017,7.123
GMB,"Gambia, The",SP.DYN.CDRT.IN,2016,7.288
GMB,"Gambia, The",SP.DYN.CDRT.IN,2015,7.501
GMB,"Gambia, The",SP.DYN.CDRT.IN,2014,7.716
GMB,"Gambia, The",SP.DYN.CDRT.IN,2013,7.909
GMB,"Gambia, The",SP.DYN.CDRT.IN,2012,8.103
GMB,"Gambia, The",SP.DYN.CDRT.IN,2011,8.275
GMB,"Gambia, The",SP.DYN.CDRT.IN,2010,8.48
GEO,Georgia,SP.DYN.CDRT.IN,2019,12.081
GEO,Georgia,SP.DYN.CDRT.IN,2018,12.078
GEO,Georgia,SP.DYN.CDRT.IN,2017,12.654
GEO,Georgia,SP.DYN.CDRT.IN,2016,12.774
GEO,Georgia,SP.DYN.CDRT.IN,2015,12.503
GEO,Georgia,SP.DYN.CDRT.IN,2014,12.571
GEO,Georgia,SP.DYN.CDRT.IN,2013,12.336
GEO,Georgia,SP.DYN.CDRT.IN,2012,12.554
GEO,Georgia,SP.DYN.CDRT.IN,2011,12.594
GEO,Georgia,SP.DYN.CDRT.IN,2010,12.865
DEU,Germany,SP.DYN.CDRT.IN,2019,11.3
DEU,Germany,SP.DYN.CDRT.IN,2018,11.5
DEU,Germany,SP.DYN.CDRT.IN,2017,11.3
DEU,Germany,SP.DYN.CDRT.IN,2016,11.1
DEU,Germany,SP.DYN.CDRT.IN,2015,11.3
DEU,Germany,SP.DYN.CDRT.IN,2014,10.7
DEU,Germany,SP.DYN.CDRT.IN,2013,11.1
DEU,Germany,SP.DYN.CDRT.IN,2012,10.8
DEU,Germany,SP.DYN.CDRT.IN,2011,10.6
DEU,Germany,SP.DYN.CDRT.IN,2010,10.5
GHA,Ghana,SP.DYN.CDRT.IN,2019,7.34
GHA,Ghana,SP.DYN.CDRT.IN,2018,7.448
GHA,Ghana,SP.DYN.CDRT.IN,2017,7.558
GHA,Ghana,SP.DYN.CDRT.IN,2016,7.693
GHA,Ghana,SP.DYN.CDRT.IN,2015,7.845
GHA,Ghana,SP.DYN.CDRT.IN,2014,7.981
GHA,Ghana,SP.DYN.CDRT.IN,2013,8.169
GHA,Ghana,SP.DYN.CDRT.IN,2012,8.333
GHA,Ghana,SP.DYN.CDRT.IN,2011,8.485
GHA,Ghana,SP.DYN.CDRT.IN,2010,8.604
GIB,Gibraltar,SP.DYN.CDRT.IN,2019,6.811
GIB,Gibraltar,SP.DYN.CDRT.IN,2018,6.909
GIB,Gibraltar,SP.DYN.CDRT.IN,2017,7.008
GIB,Gibraltar,SP.DYN.CDRT.IN,2016,7.074
GIB,Gibraltar,SP.DYN.CDRT.IN,2015,7.019
GIB,Gibraltar,SP.DYN.CDRT.IN,2014,6.919
GIB,Gibraltar,SP.DYN.CDRT.IN,2013,6.844
GIB,Gibraltar,SP.DYN.CDRT.IN,2012,6.739
GIB,Gibraltar,SP.DYN.CDRT.IN,2011,6.841
GIB,Gibraltar,SP.DYN.CDRT.IN,2010,6.993
GRC,Greece,SP.DYN.CDRT.IN,2019,11.7
GRC,Greece,SP.DYN.CDRT.IN,2018,11.2
GRC,Greece,SP.DYN.CDRT.IN,2017,11.6
GRC,Greece,SP.DYN.CDRT.IN,2016,11
GRC,Greece,SP.DYN.CDRT.IN,2015,11.2
GRC,Greece,SP.DYN.CDRT.IN,2014,10.4
GRC,Greece,SP.DYN.CDRT.IN,2013,10.2
GRC,Greece,SP.DYN.CDRT.IN,2012,10.6
GRC,Greece,SP.DYN.CDRT.IN,2011,10
GRC,Greece,SP.DYN.CDRT.IN,2010,9.8
GRL,Greenland,SP.DYN.CDRT.IN,2019,9.7
GRL,Greenland,SP.DYN.CDRT.IN,2018,8.7
GRL,Greenland,SP.DYN.CDRT.IN,2017,8.9
GRL,Greenland,SP.DYN.CDRT.IN,2016,8.7
GRL,Greenland,SP.DYN.CDRT.IN,2015,8.4
GRL,Greenland,SP.DYN.CDRT.IN,2014,8.2
GRL,Greenland,SP.DYN.CDRT.IN,2013,7.9
GRL,Greenland,SP.DYN.CDRT.IN,2012,8.1
GRL,Greenland,SP.DYN.CDRT.IN,2011,8.4
GRL,Greenland,SP.DYN.CDRT.IN,2010,9
GRD,Grenada,SP.DYN.CDRT.IN,2019,8.481
GRD,Grenada,SP.DYN.CDRT.IN,2018,8.332
GRD,Grenada,SP.DYN.CDRT.IN,2017,8.166
GRD,Grenada,SP.DYN.CDRT.IN,2016,8.023
GRD,Grenada,SP.DYN.CDRT.IN,2015,7.888
GRD,Grenada,SP.DYN.CDRT.IN,2014,7.767
GRD,Grenada,SP.DYN.CDRT.IN,2013,7.666
GRD,Grenada,SP.DYN.CDRT.IN,2012,7.577
GRD,Grenada,SP.DYN.CDRT.IN,2011,7.502
GRD,Grenada,SP.DYN.CDRT.IN,2010,7.399
GUM,Guam,SP.DYN.CDRT.IN,2019,6.534
GUM,Guam,SP.DYN.CDRT.IN,2018,6.412
GUM,Guam,SP.DYN.CDRT.IN,2017,6.291
GUM,Guam,SP.DYN.CDRT.IN,2016,6.132
GUM,Guam,SP.DYN.CDRT.IN,2015,5.939
GUM,Guam,SP.DYN.CDRT.IN,2014,5.764
GUM,Guam,SP.DYN.CDRT.IN,2013,5.594
GUM,Guam,SP.DYN.CDRT.IN,2012,5.472
GUM,Guam,SP.DYN.CDRT.IN,2011,5.309
GUM,Guam,SP.DYN.CDRT.IN,2010,5.187
GTM,Guatemala,SP.DYN.CDRT.IN,2019,5.117
GTM,Guatemala,SP.DYN.CDRT.IN,2018,5.135
GTM,Guatemala,SP.DYN.CDRT.IN,2017,5.081
GTM,Guatemala,SP.DYN.CDRT.IN,2016,5.174
GTM,Guatemala,SP.DYN.CDRT.IN,2015,5.243
GTM,Guatemala,SP.DYN.CDRT.IN,2014,5.197
GTM,Guatemala,SP.DYN.CDRT.IN,2013,5.184
GTM,Guatemala,SP.DYN.CDRT.IN,2012,5.205
GTM,Guatemala,SP.DYN.CDRT.IN,2011,5.305
GTM,Guatemala,SP.DYN.CDRT.IN,2010,5.421
GIN,Guinea,SP.DYN.CDRT.IN,2019,9.945
GIN,Guinea,SP.DYN.CDRT.IN,2018,10.151
GIN,Guinea,SP.DYN.CDRT.IN,2017,10.365
GIN,Guinea,SP.DYN.CDRT.IN,2016,10.527
GIN,Guinea,SP.DYN.CDRT.IN,2015,10.861
GIN,Guinea,SP.DYN.CDRT.IN,2014,11.066
GIN,Guinea,SP.DYN.CDRT.IN,2013,11.178
GIN,Guinea,SP.DYN.CDRT.IN,2012,11.406
GIN,Guinea,SP.DYN.CDRT.IN,2011,11.641
GIN,Guinea,SP.DYN.CDRT.IN,2010,11.883
GNB,Guinea-Bissau,SP.DYN.CDRT.IN,2019,7.863
GNB,Guinea-Bissau,SP.DYN.CDRT.IN,2018,8.1
GNB,Guinea-Bissau,SP.DYN.CDRT.IN,2017,8.36
GNB,Guinea-Bissau,SP.DYN.CDRT.IN,2016,8.662
GNB,Guinea-Bissau,SP.DYN.CDRT.IN,2015,8.976
GNB,Guinea-Bissau,SP.DYN.CDRT.IN,2014,9.323
GNB,Guinea-Bissau,SP.DYN.CDRT.IN,2013,9.681
GNB,Guinea-Bissau,SP.DYN.CDRT.IN,2012,10.037
GNB,Guinea-Bissau,SP.DYN.CDRT.IN,2011,10.405
GNB,Guinea-Bissau,SP.DYN.CDRT.IN,2010,10.813
GUY,Guyana,SP.DYN.CDRT.IN,2019,7.503
GUY,Guyana,SP.DYN.CDRT.IN,2018,7.407
GUY,Guyana,SP.DYN.CDRT.IN,2017,7.59
GUY,Guyana,SP.DYN.CDRT.IN,2016,7.705
GUY,Guyana,SP.DYN.CDRT.IN,2015,7.757
GUY,Guyana,SP.DYN.CDRT.IN,2014,7.832
GUY,Guyana,SP.DYN.CDRT.IN,2013,8.046
GUY,Guyana,SP.DYN.CDRT.IN,2012,8.07
GUY,Guyana,SP.DYN.CDRT.IN,2011,7.894
GUY,Guyana,SP.DYN.CDRT.IN,2010,7.842
HTI,Haiti,SP.DYN.CDRT.IN,2019,7.876
HTI,Haiti,SP.DYN.CDRT.IN,2018,7.927
HTI,Haiti,SP.DYN.CDRT.IN,2017,7.977
HTI,Haiti,SP.DYN.CDRT.IN,2016,8.15
HTI,Haiti,SP.DYN.CDRT.IN,2015,8.143
HTI,Haiti,SP.DYN.CDRT.IN,2014,8.205
HTI,Haiti,SP.DYN.CDRT.IN,2013,8.314
HTI,Haiti,SP.DYN.CDRT.IN,2012,8.442
HTI,Haiti,SP.DYN.CDRT.IN,2011,8.728
HTI,Haiti,SP.DYN.CDRT.IN,2010,17.931
HND,Honduras,SP.DYN.CDRT.IN,2019,4.486
HND,Honduras,SP.DYN.CDRT.IN,2018,4.452
HND,Honduras,SP.DYN.CDRT.IN,2017,4.446
HND,Honduras,SP.DYN.CDRT.IN,2016,4.442
HND,Honduras,SP.DYN.CDRT.IN,2015,4.479
HND,Honduras,SP.DYN.CDRT.IN,2014,4.519
HND,Honduras,SP.DYN.CDRT.IN,2013,4.554
HND,Honduras,SP.DYN.CDRT.IN,2012,4.608
HND,Honduras,SP.DYN.CDRT.IN,2011,4.681
HND,Honduras,SP.DYN.CDRT.IN,2010,4.762
HKG,"Hong Kong SAR, China",SP.DYN.CDRT.IN,2019,6.5
HKG,"Hong Kong SAR, China",SP.DYN.CDRT.IN,2018,6.4
HKG,"Hong Kong SAR, China",SP.DYN.CDRT.IN,2017,6.3
HKG,"Hong Kong SAR, China",SP.DYN.CDRT.IN,2016,6.4
HKG,"Hong Kong SAR, China",SP.DYN.CDRT.IN,2015,6.3
HKG,"Hong Kong SAR, China",SP.DYN.CDRT.IN,2014,6.2
HKG,"Hong Kong SAR, China",SP.DYN.CDRT.IN,2013,6
HKG,"Hong Kong SAR, China",SP.DYN.CDRT.IN,2012,6.1
HKG,"Hong Kong SAR, China",SP.DYN.CDRT.IN,2011,6
HKG,"Hong Kong SAR, China",SP.DYN.CDRT.IN,2010,6
HUN,Hungary,SP.DYN.CDRT.IN,2019,13.4
HUN,Hungary,SP.DYN.CDRT.IN,2018,13.5
HUN,Hungary,SP.DYN.CDRT.IN,2017,13.6
HUN,Hungary,SP.DYN.CDRT.IN,2016,13
HUN,Hungary,SP.DYN.CDRT.IN,2015,13.4
HUN,Hungary,SP.DYN.CDRT.IN,2014,12.8
HUN,Hungary,SP.DYN.CDRT.IN,2013,12.8
HUN,Hungary,SP.DYN.CDRT.IN,2012,13
HUN,Hungary,SP.DYN.CDRT.IN,2011,12.9
HUN,Hungary,SP.DYN.CDRT.IN,2010,13
ISL,Iceland,SP.DYN.CDRT.IN,2019,6.3
ISL,Iceland,SP.DYN.CDRT.IN,2018,6.4
ISL,Iceland,SP.DYN.CDRT.IN,2017,6.5
ISL,Iceland,SP.DYN.CDRT.IN,2016,6.9
ISL,Iceland,SP.DYN.CDRT.IN,2015,6.6
ISL,Iceland,SP.DYN.CDRT.IN,2014,6.3
ISL,Iceland,SP.DYN.CDRT.IN,2013,6.7
ISL,Iceland,SP.DYN.CDRT.IN,2012,6.1
ISL,Iceland,SP.DYN.CDRT.IN,2011,6.2
ISL,Iceland,SP.DYN.CDRT.IN,2010,6.4
IND,India,SP.DYN.CDRT.IN,2019,6.67
IND,India,SP.DYN.CDRT.IN,2018,6.67
IND,India,SP.DYN.CDRT.IN,2017,6.673
IND,India,SP.DYN.CDRT.IN,2016,6.7
IND,India,SP.DYN.CDRT.IN,2015,6.729
IND,India,SP.DYN.CDRT.IN,2014,6.77
IND,India,SP.DYN.CDRT.IN,2013,6.859
IND,India,SP.DYN.CDRT.IN,2012,6.945
IND,India,SP.DYN.CDRT.IN,2011,7.048
IND,India,SP.DYN.CDRT.IN,2010,7.164
IDN,Indonesia,SP.DYN.CDRT.IN,2019,7.558
IDN,Indonesia,SP.DYN.CDRT.IN,2018,7.562
IDN,Indonesia,SP.DYN.CDRT.IN,2017,7.506
IDN,Indonesia,SP.DYN.CDRT.IN,2016,7.502
IDN,Indonesia,SP.DYN.CDRT.IN,2015,7.495
IDN,Indonesia,SP.DYN.CDRT.IN,2014,7.499
IDN,Indonesia,SP.DYN.CDRT.IN,2013,7.51
IDN,Indonesia,SP.DYN.CDRT.IN,2012,7.51
IDN,Indonesia,SP.DYN.CDRT.IN,2011,7.517
IDN,Indonesia,SP.DYN.CDRT.IN,2010,7.528
IRN,"Iran, Islamic Rep.",SP.DYN.CDRT.IN,2019,4.659
IRN,"Iran, Islamic Rep.",SP.DYN.CDRT.IN,2018,4.645
IRN,"Iran, Islamic Rep.",SP.DYN.CDRT.IN,2017,4.631
IRN,"Iran, Islamic Rep.",SP.DYN.CDRT.IN,2016,4.625
IRN,"Iran, Islamic Rep.",SP.DYN.CDRT.IN,2015,4.617
IRN,"Iran, Islamic Rep.",SP.DYN.CDRT.IN,2014,4.613
IRN,"Iran, Islamic Rep.",SP.DYN.CDRT.IN,2013,4.609
IRN,"Iran, Islamic Rep.",SP.DYN.CDRT.IN,2012,4.609
IRN,"Iran, Islamic Rep.",SP.DYN.CDRT.IN,2011,4.61
IRN,"Iran, Islamic Rep.",SP.DYN.CDRT.IN,2010,4.613
IRQ,Iraq,SP.DYN.CDRT.IN,2019,4.36
IRQ,Iraq,SP.DYN.CDRT.IN,2018,4.361
IRQ,Iraq,SP.DYN.CDRT.IN,2017,4.802
IRQ,Iraq,SP.DYN.CDRT.IN,2016,5.2
IRQ,Iraq,SP.DYN.CDRT.IN,2015,4.737
IRQ,Iraq,SP.DYN.CDRT.IN,2014,4.855
IRQ,Iraq,SP.DYN.CDRT.IN,2013,5.059
IRQ,Iraq,SP.DYN.CDRT.IN,2012,5.12
IRQ,Iraq,SP.DYN.CDRT.IN,2011,5.299
IRQ,Iraq,SP.DYN.CDRT.IN,2010,5.409
IRL,Ireland,SP.DYN.CDRT.IN,2019,6.2
IRL,Ireland,SP.DYN.CDRT.IN,2018,6.4
IRL,Ireland,SP.DYN.CDRT.IN,2017,6.3
IRL,Ireland,SP.DYN.CDRT.IN,2016,6.4
IRL,Ireland,SP.DYN.CDRT.IN,2015,6.4
IRL,Ireland,SP.DYN.CDRT.IN,2014,6.3
IRL,Ireland,SP.DYN.CDRT.IN,2013,6.4
IRL,Ireland,SP.DYN.CDRT.IN,2012,6.3
IRL,Ireland,SP.DYN.CDRT.IN,2011,6.2
IRL,Ireland,SP.DYN.CDRT.IN,2010,6.1
IMN,Isle of Man,SP.DYN.CDRT.IN,2019,10.085
IMN,Isle of Man,SP.DYN.CDRT.IN,2018,10.032
IMN,Isle of Man,SP.DYN.CDRT.IN,2017,9.974
IMN,Isle of Man,SP.DYN.CDRT.IN,2016,9.922
IMN,Isle of Man,SP.DYN.CDRT.IN,2015,9.854
IMN,Isle of Man,SP.DYN.CDRT.IN,2014,9.707
IMN,Isle of Man,SP.DYN.CDRT.IN,2013,9.568
IMN,Isle of Man,SP.DYN.CDRT.IN,2012,9.458
IMN,Isle of Man,SP.DYN.CDRT.IN,2011,9.411
IMN,Isle of Man,SP.DYN.CDRT.IN,2010,9.492
ISR,Israel,SP.DYN.CDRT.IN,2019,5.1
ISR,Israel,SP.DYN.CDRT.IN,2018,5
ISR,Israel,SP.DYN.CDRT.IN,2017,5.2
ISR,Israel,SP.DYN.CDRT.IN,2016,5.2
ISR,Israel,SP.DYN.CDRT.IN,2015,5.3
ISR,Israel,SP.DYN.CDRT.IN,2014,5.2
ISR,Israel,SP.DYN.CDRT.IN,2013,5.2
ISR,Israel,SP.DYN.CDRT.IN,2012,5.3
ISR,Israel,SP.DYN.CDRT.IN,2011,5.3
ISR,Israel,SP.DYN.CDRT.IN,2010,5.2
ITA,Italy,SP.DYN.CDRT.IN,2019,10.6
ITA,Italy,SP.DYN.CDRT.IN,2018,10.6
ITA,Italy,SP.DYN.CDRT.IN,2017,10.8
ITA,Italy,SP.DYN.CDRT.IN,2016,10.2
ITA,Italy,SP.DYN.CDRT.IN,2015,10.8
ITA,Italy,SP.DYN.CDRT.IN,2014,9.9
ITA,Italy,SP.DYN.CDRT.IN,2013,10
ITA,Italy,SP.DYN.CDRT.IN,2012,10.2
ITA,Italy,SP.DYN.CDRT.IN,2011,9.9
ITA,Italy,SP.DYN.CDRT.IN,2010,9.8
JAM,Jamaica,SP.DYN.CDRT.IN,2019,7.531
JAM,Jamaica,SP.DYN.CDRT.IN,2018,7.366
JAM,Jamaica,SP.DYN.CDRT.IN,2017,7.117
JAM,Jamaica,SP.DYN.CDRT.IN,2016,6.911
JAM,Jamaica,SP.DYN.CDRT.IN,2015,6.721
JAM,Jamaica,SP.DYN.CDRT.IN,2014,6.55
JAM,Jamaica,SP.DYN.CDRT.IN,2013,6.422
JAM,Jamaica,SP.DYN.CDRT.IN,2012,6.358
JAM,Jamaica,SP.DYN.CDRT.IN,2011,6.371
JAM,Jamaica,SP.DYN.CDRT.IN,2010,6.448
JPN,Japan,SP.DYN.CDRT.IN,2019,11.2
JPN,Japan,SP.DYN.CDRT.IN,2018,11
JPN,Japan,SP.DYN.CDRT.IN,2017,10.8
JPN,Japan,SP.DYN.CDRT.IN,2016,10.5
JPN,Japan,SP.DYN.CDRT.IN,2015,10.3
JPN,Japan,SP.DYN.CDRT.IN,2014,10.1
JPN,Japan,SP.DYN.CDRT.IN,2013,10.1
JPN,Japan,SP.DYN.CDRT.IN,2012,10
JPN,Japan,SP.DYN.CDRT.IN,2011,9.9
JPN,Japan,SP.DYN.CDRT.IN,2010,9.5
JOR,Jordan,SP.DYN.CDRT.IN,2019,3.033
JOR,Jordan,SP.DYN.CDRT.IN,2018,3.051
JOR,Jordan,SP.DYN.CDRT.IN,2017,3.098
JOR,Jordan,SP.DYN.CDRT.IN,2016,3.172
JOR,Jordan,SP.DYN.CDRT.IN,2015,3.171
JOR,Jordan,SP.DYN.CDRT.IN,2014,3.376
JOR,Jordan,SP.DYN.CDRT.IN,2013,3.595
JOR,Jordan,SP.DYN.CDRT.IN,2012,3.772
JOR,Jordan,SP.DYN.CDRT.IN,2011,3.726
JOR,Jordan,SP.DYN.CDRT.IN,2010,3.711
KAZ,Kazakhstan,SP.DYN.CDRT.IN,2019,6.911
KAZ,Kazakhstan,SP.DYN.CDRT.IN,2018,6.97
KAZ,Kazakhstan,SP.DYN.CDRT.IN,2017,7.063
KAZ,Kazakhstan,SP.DYN.CDRT.IN,2016,7.208
KAZ,Kazakhstan,SP.DYN.CDRT.IN,2015,7.388
KAZ,Kazakhstan,SP.DYN.CDRT.IN,2014,7.615
KAZ,Kazakhstan,SP.DYN.CDRT.IN,2013,7.88
KAZ,Kazakhstan,SP.DYN.CDRT.IN,2012,8.198
KAZ,Kazakhstan,SP.DYN.CDRT.IN,2011,8.55
KAZ,Kazakhstan,SP.DYN.CDRT.IN,2010,8.926
KEN,Kenya,SP.DYN.CDRT.IN,2019,7.294
KEN,Kenya,SP.DYN.CDRT.IN,2018,7.186
KEN,Kenya,SP.DYN.CDRT.IN,2017,7.126
KEN,Kenya,SP.DYN.CDRT.IN,2016,7.169
KEN,Kenya,SP.DYN.CDRT.IN,2015,7.14
KEN,Kenya,SP.DYN.CDRT.IN,2014,7.149
KEN,Kenya,SP.DYN.CDRT.IN,2013,7.175
KEN,Kenya,SP.DYN.CDRT.IN,2012,7.208
KEN,Kenya,SP.DYN.CDRT.IN,2011,7.275
KEN,Kenya,SP.DYN.CDRT.IN,2010,7.424
KIR,Kiribati,SP.DYN.CDRT.IN,2019,7.171
KIR,Kiribati,SP.DYN.CDRT.IN,2018,7.137
KIR,Kiribati,SP.DYN.CDRT.IN,2017,7.083
KIR,Kiribati,SP.DYN.CDRT.IN,2016,7.019
KIR,Kiribati,SP.DYN.CDRT.IN,2015,6.99
KIR,Kiribati,SP.DYN.CDRT.IN,2014,6.963
KIR,Kiribati,SP.DYN.CDRT.IN,2013,6.95
KIR,Kiribati,SP.DYN.CDRT.IN,2012,6.947
KIR,Kiribati,SP.DYN.CDRT.IN,2011,6.943
KIR,Kiribati,SP.DYN.CDRT.IN,2010,6.926
PRK,"Korea, Dem. People's Rep.",SP.DYN.CDRT.IN,2019,9.326
PRK,"Korea, Dem. People's Rep.",SP.DYN.CDRT.IN,2018,9.063
PRK,"Korea, Dem. People's Rep.",SP.DYN.CDRT.IN,2017,8.819
PRK,"Korea, Dem. People's Rep.",SP.DYN.CDRT.IN,2016,8.592
PRK,"Korea, Dem. People's Rep.",SP.DYN.CDRT.IN,2015,8.443
PRK,"Korea, Dem. People's Rep.",SP.DYN.CDRT.IN,2014,8.418
PRK,"Korea, Dem. People's Rep.",SP.DYN.CDRT.IN,2013,8.52
PRK,"Korea, Dem. People's Rep.",SP.DYN.CDRT.IN,2012,8.605
PRK,"Korea, Dem. People's Rep.",SP.DYN.CDRT.IN,2011,8.699
PRK,"Korea, Dem. People's Rep.",SP.DYN.CDRT.IN,2010,8.794
KOR,"Korea, Rep.",SP.DYN.CDRT.IN,2019,5.7
KOR,"Korea, Rep.",SP.DYN.CDRT.IN,2018,5.8
KOR,"Korea, Rep.",SP.DYN.CDRT.IN,2017,5.6
KOR,"Korea, Rep.",SP.DYN.CDRT.IN,2016,5.5
KOR,"Korea, Rep.",SP.DYN.CDRT.IN,2015,5.4
KOR,"Korea, Rep.",SP.DYN.CDRT.IN,2014,5.3
KOR,"Korea, Rep.",SP.DYN.CDRT.IN,2013,5.3
KOR,"Korea, Rep.",SP.DYN.CDRT.IN,2012,5.3
KOR,"Korea, Rep.",SP.DYN.CDRT.IN,2011,5.1
KOR,"Korea, Rep.",SP.DYN.CDRT.IN,2010,5.1
XKX,Kosovo,SP.DYN.CDRT.IN,2019,5.702
XKX,Kosovo,SP.DYN.CDRT.IN,2018,5.568
XKX,Kosovo,SP.DYN.CDRT.IN,2017,5.39
XKX,Kosovo,SP.DYN.CDRT.IN,2016,5.401
XKX,Kosovo,SP.DYN.CDRT.IN,2015,5.589
XKX,Kosovo,SP.DYN.CDRT.IN,2014,5.324
XKX,Kosovo,SP.DYN.CDRT.IN,2013,5.101
XKX,Kosovo,SP.DYN.CDRT.IN,2012,5.22
XKX,Kosovo,SP.DYN.CDRT.IN,2011,5.293
XKX,Kosovo,SP.DYN.CDRT.IN,2010,5.587
KWT,Kuwait,SP.DYN.CDRT.IN,2019,1.64463780206516
KWT,Kuwait,SP.DYN.CDRT.IN,2018,1.903
KWT,Kuwait,SP.DYN.CDRT.IN,2017,1.861
KWT,Kuwait,SP.DYN.CDRT.IN,2016,1.826
KWT,Kuwait,SP.DYN.CDRT.IN,2015,1.797
KWT,Kuwait,SP.DYN.CDRT.IN,2014,1.798
KWT,Kuwait,SP.DYN.CDRT.IN,2013,1.804
KWT,Kuwait,SP.DYN.CDRT.IN,2012,1.818
KWT,Kuwait,SP.DYN.CDRT.IN,2011,1.864
KWT,Kuwait,SP.DYN.CDRT.IN,2010,1.944
KGZ,Kyrgyz Republic,SP.DYN.CDRT.IN,2019,5.2
KGZ,Kyrgyz Republic,SP.DYN.CDRT.IN,2018,5.2
KGZ,Kyrgyz Republic,SP.DYN.CDRT.IN,2017,5.4
KGZ,Kyrgyz Republic,SP.DYN.CDRT.IN,2016,5.5
KGZ,Kyrgyz Republic,SP.DYN.CDRT.IN,2015,5.8
KGZ,Kyrgyz Republic,SP.DYN.CDRT.IN,2014,6.1
KGZ,Kyrgyz Republic,SP.DYN.CDRT.IN,2013,6.1
KGZ,Kyrgyz Republic,SP.DYN.CDRT.IN,2012,6.5
KGZ,Kyrgyz Republic,SP.DYN.CDRT.IN,2011,6.5
KGZ,Kyrgyz Republic,SP.DYN.CDRT.IN,2010,6.6
LAO,Lao PDR,SP.DYN.CDRT.IN,2019,6.599
LAO,Lao PDR,SP.DYN.CDRT.IN,2018,6.766
LAO,Lao PDR,SP.DYN.CDRT.IN,2017,6.945
LAO,Lao PDR,SP.DYN.CDRT.IN,2016,7.201
LAO,Lao PDR,SP.DYN.CDRT.IN,2015,7.507
LAO,Lao PDR,SP.DYN.CDRT.IN,2014,7.43
LAO,Lao PDR,SP.DYN.CDRT.IN,2013,7.496
LAO,Lao PDR,SP.DYN.CDRT.IN,2012,7.563
LAO,Lao PDR,SP.DYN.CDRT.IN,2011,7.659
LAO,Lao PDR,SP.DYN.CDRT.IN,2010,7.853
LVA,Latvia,SP.DYN.CDRT.IN,2019,14.5
LVA,Latvia,SP.DYN.CDRT.IN,2018,15
LVA,Latvia,SP.DYN.CDRT.IN,2017,14.8
LVA,Latvia,SP.DYN.CDRT.IN,2016,14.6
LVA,Latvia,SP.DYN.CDRT.IN,2015,14.4
LVA,Latvia,SP.DYN.CDRT.IN,2014,14.3
LVA,Latvia,SP.DYN.CDRT.IN,2013,14.3
LVA,Latvia,SP.DYN.CDRT.IN,2012,14.3
LVA,Latvia,SP.DYN.CDRT.IN,2011,13.9
LVA,Latvia,SP.DYN.CDRT.IN,2010,14.3
LBN,Lebanon,SP.DYN.CDRT.IN,2019,5.458
LBN,Lebanon,SP.DYN.CDRT.IN,2018,5.195
LBN,Lebanon,SP.DYN.CDRT.IN,2017,4.984
LBN,Lebanon,SP.DYN.CDRT.IN,2016,4.718
LBN,Lebanon,SP.DYN.CDRT.IN,2015,4.509
LBN,Lebanon,SP.DYN.CDRT.IN,2014,4.272
LBN,Lebanon,SP.DYN.CDRT.IN,2013,4.049
LBN,Lebanon,SP.DYN.CDRT.IN,2012,4.208
LBN,Lebanon,SP.DYN.CDRT.IN,2011,4.213
LBN,Lebanon,SP.DYN.CDRT.IN,2010,4.203
LSO,Lesotho,SP.DYN.CDRT.IN,2019,11.83
LSO,Lesotho,SP.DYN.CDRT.IN,2018,12.197
LSO,Lesotho,SP.DYN.CDRT.IN,2017,12.664
LSO,Lesotho,SP.DYN.CDRT.IN,2016,13.259
LSO,Lesotho,SP.DYN.CDRT.IN,2015,13.932
LSO,Lesotho,SP.DYN.CDRT.IN,2014,14.634
LSO,Lesotho,SP.DYN.CDRT.IN,2013,15.503
LSO,Lesotho,SP.DYN.CDRT.IN,2012,16.464
LSO,Lesotho,SP.DYN.CDRT.IN,2011,17.475
LSO,Lesotho,SP.DYN.CDRT.IN,2010,18.204
LBR,Liberia,SP.DYN.CDRT.IN,2019,8.513
LBR,Liberia,SP.DYN.CDRT.IN,2018,8.64
LBR,Liberia,SP.DYN.CDRT.IN,2017,8.765
LBR,Liberia,SP.DYN.CDRT.IN,2016,8.934
LBR,Liberia,SP.DYN.CDRT.IN,2015,9.559
LBR,Liberia,SP.DYN.CDRT.IN,2014,9.66
LBR,Liberia,SP.DYN.CDRT.IN,2013,9.359
LBR,Liberia,SP.DYN.CDRT.IN,2012,9.534
LBR,Liberia,SP.DYN.CDRT.IN,2011,9.569
LBR,Liberia,SP.DYN.CDRT.IN,2010,9.819
LBY,Libya,SP.DYN.CDRT.IN,2019,5.165
LBY,Libya,SP.DYN.CDRT.IN,2018,5.007
LBY,Libya,SP.DYN.CDRT.IN,2017,5.094
LBY,Libya,SP.DYN.CDRT.IN,2016,5.38
LBY,Libya,SP.DYN.CDRT.IN,2015,5.372
LBY,Libya,SP.DYN.CDRT.IN,2014,5.443
LBY,Libya,SP.DYN.CDRT.IN,2013,4.97
LBY,Libya,SP.DYN.CDRT.IN,2012,4.971
LBY,Libya,SP.DYN.CDRT.IN,2011,5.827
LBY,Libya,SP.DYN.CDRT.IN,2010,4.627
LIE,Liechtenstein,SP.DYN.CDRT.IN,2019,6.8
LIE,Liechtenstein,SP.DYN.CDRT.IN,2018,7.2
LIE,Liechtenstein,SP.DYN.CDRT.IN,2017,6.6
LIE,Liechtenstein,SP.DYN.CDRT.IN,2016,7.2
LIE,Liechtenstein,SP.DYN.CDRT.IN,2015,6.7
LIE,Liechtenstein,SP.DYN.CDRT.IN,2014,7.2
LIE,Liechtenstein,SP.DYN.CDRT.IN,2013,6.7
LIE,Liechtenstein,SP.DYN.CDRT.IN,2012,6.1
LIE,Liechtenstein,SP.DYN.CDRT.IN,2011,6.8
LIE,Liechtenstein,SP.DYN.CDRT.IN,2010,6.6
LTU,Lithuania,SP.DYN.CDRT.IN,2019,13.6
LTU,Lithuania,SP.DYN.CDRT.IN,2018,14
LTU,Lithuania,SP.DYN.CDRT.IN,2017,14.1
LTU,Lithuania,SP.DYN.CDRT.IN,2016,14.3
LTU,Lithuania,SP.DYN.CDRT.IN,2015,14.4
LTU,Lithuania,SP.DYN.CDRT.IN,2014,13.7
LTU,Lithuania,SP.DYN.CDRT.IN,2013,14
LTU,Lithuania,SP.DYN.CDRT.IN,2012,13.7
LTU,Lithuania,SP.DYN.CDRT.IN,2011,13.6
LTU,Lithuania,SP.DYN.CDRT.IN,2010,13.6
LUX,Luxembourg,SP.DYN.CDRT.IN,2019,6.9
LUX,Luxembourg,SP.DYN.CDRT.IN,2018,7.1
LUX,Luxembourg,SP.DYN.CDRT.IN,2017,7.1
LUX,Luxembourg,SP.DYN.CDRT.IN,2016,6.8
LUX,Luxembourg,SP.DYN.CDRT.IN,2015,7
LUX,Luxembourg,SP.DYN.CDRT.IN,2014,6.9
LUX,Luxembourg,SP.DYN.CDRT.IN,2013,7
LUX,Luxembourg,SP.DYN.CDRT.IN,2012,7.3
LUX,Luxembourg,SP.DYN.CDRT.IN,2011,7.4
LUX,Luxembourg,SP.DYN.CDRT.IN,2010,7.4
MAC,"Macao SAR, China",SP.DYN.CDRT.IN,2019,3.4
MAC,"Macao SAR, China",SP.DYN.CDRT.IN,2018,3.1
MAC,"Macao SAR, China",SP.DYN.CDRT.IN,2017,3.3
MAC,"Macao SAR, China",SP.DYN.CDRT.IN,2016,3.4
MAC,"Macao SAR, China",SP.DYN.CDRT.IN,2015,3.1
MAC,"Macao SAR, China",SP.DYN.CDRT.IN,2014,3.1
MAC,"Macao SAR, China",SP.DYN.CDRT.IN,2013,3.2
MAC,"Macao SAR, China",SP.DYN.CDRT.IN,2012,3.2
MAC,"Macao SAR, China",SP.DYN.CDRT.IN,2011,3.4
MAC,"Macao SAR, China",SP.DYN.CDRT.IN,2010,3.3
MDG,Madagascar,SP.DYN.CDRT.IN,2019,7.518
MDG,Madagascar,SP.DYN.CDRT.IN,2018,7.491
MDG,Madagascar,SP.DYN.CDRT.IN,2017,7.48
MDG,Madagascar,SP.DYN.CDRT.IN,2016,7.452
MDG,Madagascar,SP.DYN.CDRT.IN,2015,7.461
MDG,Madagascar,SP.DYN.CDRT.IN,2014,7.495
MDG,Madagascar,SP.DYN.CDRT.IN,2013,7.536
MDG,Madagascar,SP.DYN.CDRT.IN,2012,7.602
MDG,Madagascar,SP.DYN.CDRT.IN,2011,7.683
MDG,Madagascar,SP.DYN.CDRT.IN,2010,7.826
MWI,Malawi,SP.DYN.CDRT.IN,2019,6.301
MWI,Malawi,SP.DYN.CDRT.IN,2018,6.546
MWI,Malawi,SP.DYN.CDRT.IN,2017,6.816
MWI,Malawi,SP.DYN.CDRT.IN,2016,7.184
MWI,Malawi,SP.DYN.CDRT.IN,2015,7.642
MWI,Malawi,SP.DYN.CDRT.IN,2014,8.081
MWI,Malawi,SP.DYN.CDRT.IN,2013,8.623
MWI,Malawi,SP.DYN.CDRT.IN,2012,9.239
MWI,Malawi,SP.DYN.CDRT.IN,2011,9.939
MWI,Malawi,SP.DYN.CDRT.IN,2010,10.708
MYS,Malaysia,SP.DYN.CDRT.IN,2019,4.98
MYS,Malaysia,SP.DYN.CDRT.IN,2018,4.946
MYS,Malaysia,SP.DYN.CDRT.IN,2017,4.931
MYS,Malaysia,SP.DYN.CDRT.IN,2016,4.915
MYS,Malaysia,SP.DYN.CDRT.IN,2015,4.864
MYS,Malaysia,SP.DYN.CDRT.IN,2014,4.749
MYS,Malaysia,SP.DYN.CDRT.IN,2013,4.607
MYS,Malaysia,SP.DYN.CDRT.IN,2012,4.478
MYS,Malaysia,SP.DYN.CDRT.IN,2011,4.401
MYS,Malaysia,SP.DYN.CDRT.IN,2010,4.334
MDV,Maldives,SP.DYN.CDRT.IN,2019,2.579
MDV,Maldives,SP.DYN.CDRT.IN,2018,2.642
MDV,Maldives,SP.DYN.CDRT.IN,2017,2.685
MDV,Maldives,SP.DYN.CDRT.IN,2016,2.763
MDV,Maldives,SP.DYN.CDRT.IN,2015,2.851
MDV,Maldives,SP.DYN.CDRT.IN,2014,2.958
MDV,Maldives,SP.DYN.CDRT.IN,2013,3.037
MDV,Maldives,SP.DYN.CDRT.IN,2012,3.112
MDV,Maldives,SP.DYN.CDRT.IN,2011,3.196
MDV,Maldives,SP.DYN.CDRT.IN,2010,3.288
MLI,Mali,SP.DYN.CDRT.IN,2019,9.475
MLI,Mali,SP.DYN.CDRT.IN,2018,9.774
MLI,Mali,SP.DYN.CDRT.IN,2017,10.033
MLI,Mali,SP.DYN.CDRT.IN,2016,10.268
MLI,Mali,SP.DYN.CDRT.IN,2015,10.59
MLI,Mali,SP.DYN.CDRT.IN,2014,10.887
MLI,Mali,SP.DYN.CDRT.IN,2013,11.217
MLI,Mali,SP.DYN.CDRT.IN,2012,11.559
MLI,Mali,SP.DYN.CDRT.IN,2011,11.812
MLI,Mali,SP.DYN.CDRT.IN,2010,12.12
MLT,Malta,SP.DYN.CDRT.IN,2019,7.3
MLT,Malta,SP.DYN.CDRT.IN,2018,7.6
MLT,Malta,SP.DYN.CDRT.IN,2017,7.6
MLT,Malta,SP.DYN.CDRT.IN,2016,7.4
MLT,Malta,SP.DYN.CDRT.IN,2015,7.7
MLT,Malta,SP.DYN.CDRT.IN,2014,7.5
MLT,Malta,SP.DYN.CDRT.IN,2013,7.6
MLT,Malta,SP.DYN.CDRT.IN,2012,8.1
MLT,Malta,SP.DYN.CDRT.IN,2011,7.8
MLT,Malta,SP.DYN.CDRT.IN,2010,7.3
MHL,Marshall Islands,SP.DYN.CDRT.IN,2019,6.787
MHL,Marshall Islands,SP.DYN.CDRT.IN,2018,6.714
MHL,Marshall Islands,SP.DYN.CDRT.IN,2017,6.639
MHL,Marshall Islands,SP.DYN.CDRT.IN,2016,6.563
MHL,Marshall Islands,SP.DYN.CDRT.IN,2015,6.493
MHL,Marshall Islands,SP.DYN.CDRT.IN,2014,6.436
MHL,Marshall Islands,SP.DYN.CDRT.IN,2013,6.385
MHL,Marshall Islands,SP.DYN.CDRT.IN,2012,6.376
MHL,Marshall Islands,SP.DYN.CDRT.IN,2011,6.381
MHL,Marshall Islands,SP.DYN.CDRT.IN,2010,6.465
MRT,Mauritania,SP.DYN.CDRT.IN,2019,6.115
MRT,Mauritania,SP.DYN.CDRT.IN,2018,6.286
MRT,Mauritania,SP.DYN.CDRT.IN,2017,6.513
MRT,Mauritania,SP.DYN.CDRT.IN,2016,6.731
MRT,Mauritania,SP.DYN.CDRT.IN,2015,6.993
MRT,Mauritania,SP.DYN.CDRT.IN,2014,7.26
MRT,Mauritania,SP.DYN.CDRT.IN,2013,7.564
MRT,Mauritania,SP.DYN.CDRT.IN,2012,7.381
MRT,Mauritania,SP.DYN.CDRT.IN,2011,7.205
MRT,Mauritania,SP.DYN.CDRT.IN,2010,7.054
MUS,Mauritius,SP.DYN.CDRT.IN,2019,8.9
MUS,Mauritius,SP.DYN.CDRT.IN,2018,8.6
MUS,Mauritius,SP.DYN.CDRT.IN,2017,8.1
MUS,Mauritius,SP.DYN.CDRT.IN,2016,8.1
MUS,Mauritius,SP.DYN.CDRT.IN,2015,7.8
MUS,Mauritius,SP.DYN.CDRT.IN,2014,7.7
MUS,Mauritius,SP.DYN.CDRT.IN,2013,7.5
MUS,Mauritius,SP.DYN.CDRT.IN,2012,7.5
MUS,Mauritius,SP.DYN.CDRT.IN,2011,7.3
MUS,Mauritius,SP.DYN.CDRT.IN,2010,7.3
MEX,Mexico,SP.DYN.CDRT.IN,2019,6.083
MEX,Mexico,SP.DYN.CDRT.IN,2018,6.071
MEX,Mexico,SP.DYN.CDRT.IN,2017,5.997
MEX,Mexico,SP.DYN.CDRT.IN,2016,5.868
MEX,Mexico,SP.DYN.CDRT.IN,2015,5.768
MEX,Mexico,SP.DYN.CDRT.IN,2014,5.705
MEX,Mexico,SP.DYN.CDRT.IN,2013,5.677
MEX,Mexico,SP.DYN.CDRT.IN,2012,5.674
MEX,Mexico,SP.DYN.CDRT.IN,2011,5.698
MEX,Mexico,SP.DYN.CDRT.IN,2010,5.733
FSM,"Micronesia, Fed. Sts.",SP.DYN.CDRT.IN,2019,7.6
FSM,"Micronesia, Fed. Sts.",SP.DYN.CDRT.IN,2018,7.582
FSM,"Micronesia, Fed. Sts.",SP.DYN.CDRT.IN,2017,7.531
FSM,"Micronesia, Fed. Sts.",SP.DYN.CDRT.IN,2016,7.488
FSM,"Micronesia, Fed. Sts.",SP.DYN.CDRT.IN,2015,7.482
FSM,"Micronesia, Fed. Sts.",SP.DYN.CDRT.IN,2014,7.372
FSM,"Micronesia, Fed. Sts.",SP.DYN.CDRT.IN,2013,7.31
FSM,"Micronesia, Fed. Sts.",SP.DYN.CDRT.IN,2012,7.249
FSM,"Micronesia, Fed. Sts.",SP.DYN.CDRT.IN,2011,7.206
FSM,"Micronesia, Fed. Sts.",SP.DYN.CDRT.IN,2010,7.161
MDA,Moldova,SP.DYN.CDRT.IN,2019,13.919
MDA,Moldova,SP.DYN.CDRT.IN,2018,13.63
MDA,Moldova,SP.DYN.CDRT.IN,2017,13.253
MDA,Moldova,SP.DYN.CDRT.IN,2016,13.246
MDA,Moldova,SP.DYN.CDRT.IN,2015,13.094
MDA,Moldova,SP.DYN.CDRT.IN,2014,12.759
MDA,Moldova,SP.DYN.CDRT.IN,2013,12.558
MDA,Moldova,SP.DYN.CDRT.IN,2012,12.3
MDA,Moldova,SP.DYN.CDRT.IN,2011,12.185
MDA,Moldova,SP.DYN.CDRT.IN,2010,12.18
MCO,Monaco,SP.DYN.CDRT.IN,2019,22.362
MCO,Monaco,SP.DYN.CDRT.IN,2018,21.274
MCO,Monaco,SP.DYN.CDRT.IN,2017,21.068
MCO,Monaco,SP.DYN.CDRT.IN,2016,20.841
MCO,Monaco,SP.DYN.CDRT.IN,2015,19.5
MCO,Monaco,SP.DYN.CDRT.IN,2014,18.028
MCO,Monaco,SP.DYN.CDRT.IN,2013,16.242
MCO,Monaco,SP.DYN.CDRT.IN,2012,14.423
MCO,Monaco,SP.DYN.CDRT.IN,2011,12.874
MCO,Monaco,SP.DYN.CDRT.IN,2010,11.875
MNG,Mongolia,SP.DYN.CDRT.IN,2019,5.6
MNG,Mongolia,SP.DYN.CDRT.IN,2018,5.6
MNG,Mongolia,SP.DYN.CDRT.IN,2017,5.5
MNG,Mongolia,SP.DYN.CDRT.IN,2016,5.8
MNG,Mongolia,SP.DYN.CDRT.IN,2015,5.8
MNG,Mongolia,SP.DYN.CDRT.IN,2014,5.7
MNG,Mongolia,SP.DYN.CDRT.IN,2013,5.9
MNG,Mongolia,SP.DYN.CDRT.IN,2012,6.3
MNG,Mongolia,SP.DYN.CDRT.IN,2011,6.9
MNG,Mongolia,SP.DYN.CDRT.IN,2010,6.7
MNE,Montenegro,SP.DYN.CDRT.IN,2019,10.5
MNE,Montenegro,SP.DYN.CDRT.IN,2018,10.4
MNE,Montenegro,SP.DYN.CDRT.IN,2017,10.4
MNE,Montenegro,SP.DYN.CDRT.IN,2016,10.3
MNE,Montenegro,SP.DYN.CDRT.IN,2015,10.1
MNE,Montenegro,SP.DYN.CDRT.IN,2014,9.6
MNE,Montenegro,SP.DYN.CDRT.IN,2013,9.5
MNE,Montenegro,SP.DYN.CDRT.IN,2012,9.5
MNE,Montenegro,SP.DYN.CDRT.IN,2011,9.4
MNE,Montenegro,SP.DYN.CDRT.IN,2010,9.1
MAR,Morocco,SP.DYN.CDRT.IN,2019,5.629
MAR,Morocco,SP.DYN.CDRT.IN,2018,5.616
MAR,Morocco,SP.DYN.CDRT.IN,2017,5.63
MAR,Morocco,SP.DYN.CDRT.IN,2016,5.672
MAR,Morocco,SP.DYN.CDRT.IN,2015,5.686
MAR,Morocco,SP.DYN.CDRT.IN,2014,5.716
MAR,Morocco,SP.DYN.CDRT.IN,2013,5.771
MAR,Morocco,SP.DYN.CDRT.IN,2012,5.847
MAR,Morocco,SP.DYN.CDRT.IN,2011,5.91
MAR,Morocco,SP.DYN.CDRT.IN,2010,5.984
MOZ,Mozambique,SP.DYN.CDRT.IN,2019,8.078
MOZ,Mozambique,SP.DYN.CDRT.IN,2018,8.324
MOZ,Mozambique,SP.DYN.CDRT.IN,2017,8.633
MOZ,Mozambique,SP.DYN.CDRT.IN,2016,8.984
MOZ,Mozambique,SP.DYN.CDRT.IN,2015,9.371
MOZ,Mozambique,SP.DYN.CDRT.IN,2014,9.779
MOZ,Mozambique,SP.DYN.CDRT.IN,2013,10.233
MOZ,Mozambique,SP.DYN.CDRT.IN,2012,10.665
MOZ,Mozambique,SP.DYN.CDRT.IN,2011,11.108
MOZ,Mozambique,SP.DYN.CDRT.IN,2010,11.543
MMR,Myanmar,SP.DYN.CDRT.IN,2019,8.847
MMR,Myanmar,SP.DYN.CDRT.IN,2018,8.827
MMR,Myanmar,SP.DYN.CDRT.IN,2017,8.855
MMR,Myanmar,SP.DYN.CDRT.IN,2016,8.861
MMR,Myanmar,SP.DYN.CDRT.IN,2015,8.904
MMR,Myanmar,SP.DYN.CDRT.IN,2014,8.92
MMR,Myanmar,SP.DYN.CDRT.IN,2013,8.982
MMR,Myanmar,SP.DYN.CDRT.IN,2012,9.043
MMR,Myanmar,SP.DYN.CDRT.IN,2011,9.125
MMR,Myanmar,SP.DYN.CDRT.IN,2010,9.212
NAM,Namibia,SP.DYN.CDRT.IN,2019,7.722
NAM,Namibia,SP.DYN.CDRT.IN,2018,8.127
NAM,Namibia,SP.DYN.CDRT.IN,2017,8.52
NAM,Namibia,SP.DYN.CDRT.IN,2016,8.898
NAM,Namibia,SP.DYN.CDRT.IN,2015,9.253
NAM,Namibia,SP.DYN.CDRT.IN,2014,9.567
NAM,Namibia,SP.DYN.CDRT.IN,2013,9.956
NAM,Namibia,SP.DYN.CDRT.IN,2012,10.299
NAM,Namibia,SP.DYN.CDRT.IN,2011,10.848
NAM,Namibia,SP.DYN.CDRT.IN,2010,11.077
NRU,Naoero,SP.DYN.CDRT.IN,2019,7.573
NRU,Naoero,SP.DYN.CDRT.IN,2018,7.578
NRU,Naoero,SP.DYN.CDRT.IN,2017,7.608
NRU,Naoero,SP.DYN.CDRT.IN,2016,7.628
NRU,Naoero,SP.DYN.CDRT.IN,2015,7.64
NRU,Naoero,SP.DYN.CDRT.IN,2014,7.642
NRU,Naoero,SP.DYN.CDRT.IN,2013,7.692
NRU,Naoero,SP.DYN.CDRT.IN,2012,7.783
NRU,Naoero,SP.DYN.CDRT.IN,2011,8.021
NRU,Naoero,SP.DYN.CDRT.IN,2010,8.156
NPL,Nepal,SP.DYN.CDRT.IN,2019,7.024
NPL,Nepal,SP.DYN.CDRT.IN,2018,7.07
NPL,Nepal,SP.DYN.CDRT.IN,2017,7.07
NPL,Nepal,SP.DYN.CDRT.IN,2016,7.065
NPL,Nepal,SP.DYN.CDRT.IN,2015,7.385
NPL,Nepal,SP.DYN.CDRT.IN,2014,7.098
NPL,Nepal,SP.DYN.CDRT.IN,2013,7.061
NPL,Nepal,SP.DYN.CDRT.IN,2012,7.029
NPL,Nepal,SP.DYN.CDRT.IN,2011,6.998
NPL,Nepal,SP.DYN.CDRT.IN,2010,7.028
NLD,Netherlands,SP.DYN.CDRT.IN,2019,8.8
NLD,Netherlands,SP.DYN.CDRT.IN,2018,8.9
NLD,Netherlands,SP.DYN.CDRT.IN,2017,8.8
NLD,Netherlands,SP.DYN.CDRT.IN,2016,8.7
NLD,Netherlands,SP.DYN.CDRT.IN,2015,8.7
NLD,Netherlands,SP.DYN.CDRT.IN,2014,8.3
NLD,Netherlands,SP.DYN.CDRT.IN,2013,8.4
NLD,Netherlands,SP.DYN.CDRT.IN,2012,8.4
NLD,Netherlands,SP.DYN.CDRT.IN,2011,8.1
NLD,Netherlands,SP.DYN.CDRT.IN,2010,8.2
NCL,New Caledonia,SP.DYN.CDRT.IN,2019,6.278
NCL,New Caledonia,SP.DYN.CDRT.IN,2018,6.07
NCL,New Caledonia,SP.DYN.CDRT.IN,2017,5.933
NCL,New Caledonia,SP.DYN.CDRT.IN,2016,5.813
NCL,New Caledonia,SP.DYN.CDRT.IN,2015,5.69
NCL,New Caledonia,SP.DYN.CDRT.IN,2014,5.559
NCL,New Caledonia,SP.DYN.CDRT.IN,2013,5.484
NCL,New Caledonia,SP.DYN.CDRT.IN,2012,5.476
NCL,New Caledonia,SP.DYN.CDRT.IN,2011,5.501
NCL,New Caledonia,SP.DYN.CDRT.IN,2010,5.549
NZL,New Zealand,SP.DYN.CDRT.IN,2019,6.88
NZL,New Zealand,SP.DYN.CDRT.IN,2018,6.78
NZL,New Zealand,SP.DYN.CDRT.IN,2017,6.92
NZL,New Zealand,SP.DYN.CDRT.IN,2016,6.61
NZL,New Zealand,SP.DYN.CDRT.IN,2015,6.85
NZL,New Zealand,SP.DYN.CDRT.IN,2014,6.87
NZL,New Zealand,SP.DYN.CDRT.IN,2013,6.65
NZL,New Zealand,SP.DYN.CDRT.IN,2012,6.82
NZL,New Zealand,SP.DYN.CDRT.IN,2011,6.86
NZL,New Zealand,SP.DYN.CDRT.IN,2010,6.53
NIC,Nicaragua,SP.DYN.CDRT.IN,2019,4.95
NIC,Nicaragua,SP.DYN.CDRT.IN,2018,4.832
NIC,Nicaragua,SP.DYN.CDRT.IN,2017,4.949
NIC,Nicaragua,SP.DYN.CDRT.IN,2016,4.959
NIC,Nicaragua,SP.DYN.CDRT.IN,2015,4.993
NIC,Nicaragua,SP.DYN.CDRT.IN,2014,4.964
NIC,Nicaragua,SP.DYN.CDRT.IN,2013,4.982
NIC,Nicaragua,SP.DYN.CDRT.IN,2012,4.964
NIC,Nicaragua,SP.DYN.CDRT.IN,2011,5.051
NIC,Nicaragua,SP.DYN.CDRT.IN,2010,5.09
NER,Niger,SP.DYN.CDRT.IN,2019,9.573
NER,Niger,SP.DYN.CDRT.IN,2018,9.769
NER,Niger,SP.DYN.CDRT.IN,2017,9.957
NER,Niger,SP.DYN.CDRT.IN,2016,10.156
NER,Niger,SP.DYN.CDRT.IN,2015,10.386
NER,Niger,SP.DYN.CDRT.IN,2014,10.532
NER,Niger,SP.DYN.CDRT.IN,2013,10.751
NER,Niger,SP.DYN.CDRT.IN,2012,10.99
NER,Niger,SP.DYN.CDRT.IN,2011,11.261
NER,Niger,SP.DYN.CDRT.IN,2010,11.605
NGA,Nigeria,SP.DYN.CDRT.IN,2019,12.679
NGA,Nigeria,SP.DYN.CDRT.IN,2018,12.952
NGA,Nigeria,SP.DYN.CDRT.IN,2017,13.192
NGA,Nigeria,SP.DYN.CDRT.IN,2016,13.408
NGA,Nigeria,SP.DYN.CDRT.IN,2015,13.656
NGA,Nigeria,SP.DYN.CDRT.IN,2014,13.736
NGA,Nigeria,SP.DYN.CDRT.IN,2013,13.864
NGA,Nigeria,SP.DYN.CDRT.IN,2012,14.019
NGA,Nigeria,SP.DYN.CDRT.IN,2011,14.203
NGA,Nigeria,SP.DYN.CDRT.IN,2010,14.36
MKD,North Macedonia,SP.DYN.CDRT.IN,2019,9.8
MKD,North Macedonia,SP.DYN.CDRT.IN,2018,9.5
MKD,North Macedonia,SP.DYN.CDRT.IN,2017,9.8
MKD,North Macedonia,SP.DYN.CDRT.IN,2016,9.853364793075
MKD,North Macedonia,SP.DYN.CDRT.IN,2015,9.9
MKD,North Macedonia,SP.DYN.CDRT.IN,2014,9.5
MKD,North Macedonia,SP.DYN.CDRT.IN,2013,9.3
MKD,North Macedonia,SP.DYN.CDRT.IN,2012,9.8
MKD,North Macedonia,SP.DYN.CDRT.IN,2011,9.5
MKD,North Macedonia,SP.DYN.CDRT.IN,2010,9.3
MNP,Northern Mariana Islands,SP.DYN.CDRT.IN,2019,4.142
MNP,Northern Mariana Islands,SP.DYN.CDRT.IN,2018,4.133
MNP,Northern Mariana Islands,SP.DYN.CDRT.IN,2017,4.016
MNP,Northern Mariana Islands,SP.DYN.CDRT.IN,2016,3.9
MNP,Northern Mariana Islands,SP.DYN.CDRT.IN,2015,3.765
MNP,Northern Mariana Islands,SP.DYN.CDRT.IN,2014,3.615
MNP,Northern Mariana Islands,SP.DYN.CDRT.IN,2013,3.447
MNP,Northern Mariana Islands,SP.DYN.CDRT.IN,2012,3.259
MNP,Northern Mariana Islands,SP.DYN.CDRT.IN,2011,3.081
MNP,Northern Mariana Islands,SP.DYN.CDRT.IN,2010,2.918
NOR,Norway,SP.DYN.CDRT.IN,2019,7.6
NOR,Norway,SP.DYN.CDRT.IN,2018,7.7
NOR,Norway,SP.DYN.CDRT.IN,2017,7.7
NOR,Norway,SP.DYN.CDRT.IN,2016,7.8
NOR,Norway,SP.DYN.CDRT.IN,2015,7.8
NOR,Norway,SP.DYN.CDRT.IN,2014,7.9
NOR,Norway,SP.DYN.CDRT.IN,2013,8.1
NOR,Norway,SP.DYN.CDRT.IN,2012,8.4
NOR,Norway,SP.DYN.CDRT.IN,2011,8.4
NOR,Norway,SP.DYN.CDRT.IN,2010,8.5
OMN,Oman,SP.DYN.CDRT.IN,2019,2.001
OMN,Oman,SP.DYN.CDRT.IN,2018,1.992
OMN,Oman,SP.DYN.CDRT.IN,2017,1.993
OMN,Oman,SP.DYN.CDRT.IN,2016,2.017
OMN,Oman,SP.DYN.CDRT.IN,2015,2.057
OMN,Oman,SP.DYN.CDRT.IN,2014,2.113
OMN,Oman,SP.DYN.CDRT.IN,2013,2.192
OMN,Oman,SP.DYN.CDRT.IN,2012,2.2
OMN,Oman,SP.DYN.CDRT.IN,2011,2.182
OMN,Oman,SP.DYN.CDRT.IN,2010,2.456
PAK,Pakistan,SP.DYN.CDRT.IN,2019,6.772
PAK,Pakistan,SP.DYN.CDRT.IN,2018,6.852
PAK,Pakistan,SP.DYN.CDRT.IN,2017,6.94
PAK,Pakistan,SP.DYN.CDRT.IN,2016,7.039
PAK,Pakistan,SP.DYN.CDRT.IN,2015,7.164
PAK,Pakistan,SP.DYN.CDRT.IN,2014,7.272
PAK,Pakistan,SP.DYN.CDRT.IN,2013,7.377
PAK,Pakistan,SP.DYN.CDRT.IN,2012,7.482
PAK,Pakistan,SP.DYN.CDRT.IN,2011,7.575
PAK,Pakistan,SP.DYN.CDRT.IN,2010,7.691
PLW,Palau,SP.DYN.CDRT.IN,2019,10.631
PLW,Palau,SP.DYN.CDRT.IN,2018,10.341
PLW,Palau,SP.DYN.CDRT.IN,2017,10.047
PLW,Palau,SP.DYN.CDRT.IN,2016,9.774
PLW,Palau,SP.DYN.CDRT.IN,2015,9.503
PLW,Palau,SP.DYN.CDRT.IN,2014,9.241
PLW,Palau,SP.DYN.CDRT.IN,2013,9.053
PLW,Palau,SP.DYN.CDRT.IN,2012,9.143
PLW,Palau,SP.DYN.CDRT.IN,2011,9.195
PLW,Palau,SP.DYN.CDRT.IN,2010,9.261
PAN,Panama,SP.DYN.CDRT.IN,2019,4.719
PAN,Panama,SP.DYN.CDRT.IN,2018,4.722
PAN,Panama,SP.DYN.CDRT.IN,2017,4.782
PAN,Panama,SP.DYN.CDRT.IN,2016,4.739
PAN,Panama,SP.DYN.CDRT.IN,2015,4.714
PAN,Panama,SP.DYN.CDRT.IN,2014,4.673
PAN,Panama,SP.DYN.CDRT.IN,2013,4.658
PAN,Panama,SP.DYN.CDRT.IN,2012,4.646
PAN,Panama,SP.DYN.CDRT.IN,2011,4.624
PAN,Panama,SP.DYN.CDRT.IN,2010,4.609
PNG,Papua New Guinea,SP.DYN.CDRT.IN,2019,6.624
PNG,Papua New Guinea,SP.DYN.CDRT.IN,2018,6.661
PNG,Papua New Guinea,SP.DYN.CDRT.IN,2017,6.692
PNG,Papua New Guinea,SP.DYN.CDRT.IN,2016,6.744
PNG,Papua New Guinea,SP.DYN.CDRT.IN,2015,6.804
PNG,Papua New Guinea,SP.DYN.CDRT.IN,2014,6.89
PNG,Papua New Guinea,SP.DYN.CDRT.IN,2013,6.977
PNG,Papua New Guinea,SP.DYN.CDRT.IN,2012,7.076
PNG,Papua New Guinea,SP.DYN.CDRT.IN,2011,7.167
PNG,Papua New Guinea,SP.DYN.CDRT.IN,2010,7.285
PRY,Paraguay,SP.DYN.CDRT.IN,2019,5.584
PRY,Paraguay,SP.DYN.CDRT.IN,2018,5.514
PRY,Paraguay,SP.DYN.CDRT.IN,2017,5.501
PRY,Paraguay,SP.DYN.CDRT.IN,2016,5.396
PRY,Paraguay,SP.DYN.CDRT.IN,2015,5.319
PRY,Paraguay,SP.DYN.CDRT.IN,2014,5.24
PRY,Paraguay,SP.DYN.CDRT.IN,2013,5.193
PRY,Paraguay,SP.DYN.CDRT.IN,2012,5.176
PRY,Paraguay,SP.DYN.CDRT.IN,2011,5.209
PRY,Paraguay,SP.DYN.CDRT.IN,2010,5.211
PER,Peru,SP.DYN.CDRT.IN,2019,6.16
PER,Peru,SP.DYN.CDRT.IN,2018,6.173
PER,Peru,SP.DYN.CDRT.IN,2017,6.102
PER,Peru,SP.DYN.CDRT.IN,2016,6.036
PER,Peru,SP.DYN.CDRT.IN,2015,6.037
PER,Peru,SP.DYN.CDRT.IN,2014,6.123
PER,Peru,SP.DYN.CDRT.IN,2013,6.321
PER,Peru,SP.DYN.CDRT.IN,2012,6.469
PER,Peru,SP.DYN.CDRT.IN,2011,6.671
PER,Peru,SP.DYN.CDRT.IN,2010,6.733
PHL,Philippines,SP.DYN.CDRT.IN,2019,5.896
PHL,Philippines,SP.DYN.CDRT.IN,2018,5.753
PHL,Philippines,SP.DYN.CDRT.IN,2017,5.565
PHL,Philippines,SP.DYN.CDRT.IN,2016,5.662
PHL,Philippines,SP.DYN.CDRT.IN,2015,5.583
PHL,Philippines,SP.DYN.CDRT.IN,2014,5.558
PHL,Philippines,SP.DYN.CDRT.IN,2013,5.508
PHL,Philippines,SP.DYN.CDRT.IN,2012,5.459
PHL,Philippines,SP.DYN.CDRT.IN,2011,5.463
PHL,Philippines,SP.DYN.CDRT.IN,2010,5.482
POL,Poland,SP.DYN.CDRT.IN,2019,10.8
POL,Poland,SP.DYN.CDRT.IN,2018,10.9
POL,Poland,SP.DYN.CDRT.IN,2017,10.6
POL,Poland,SP.DYN.CDRT.IN,2016,10.2
POL,Poland,SP.DYN.CDRT.IN,2015,10.4
POL,Poland,SP.DYN.CDRT.IN,2014,9.9
POL,Poland,SP.DYN.CDRT.IN,2013,10.2
POL,Poland,SP.DYN.CDRT.IN,2012,10.1
POL,Poland,SP.DYN.CDRT.IN,2011,9.9
POL,Poland,SP.DYN.CDRT.IN,2010,9.9
PRT,Portugal,SP.DYN.CDRT.IN,2019,10.8
PRT,Portugal,SP.DYN.CDRT.IN,2018,10.9
PRT,Portugal,SP.DYN.CDRT.IN,2017,10.6
PRT,Portugal,SP.DYN.CDRT.IN,2016,10.7
PRT,Portugal,SP.DYN.CDRT.IN,2015,10.5
PRT,Portugal,SP.DYN.CDRT.IN,2014,10.1
PRT,Portugal,SP.DYN.CDRT.IN,2013,10.2
PRT,Portugal,SP.DYN.CDRT.IN,2012,10.2
PRT,Portugal,SP.DYN.CDRT.IN,2011,9.7
PRT,Portugal,SP.DYN.CDRT.IN,2010,10
PRI,Puerto Rico (US),SP.DYN.CDRT.IN,2019,9.194
PRI,Puerto Rico (US),SP.DYN.CDRT.IN,2018,9.063
PRI,Puerto Rico (US),SP.DYN.CDRT.IN,2017,9.222
PRI,Puerto Rico (US),SP.DYN.CDRT.IN,2016,8.86
PRI,Puerto Rico (US),SP.DYN.CDRT.IN,2015,8.084
PRI,Puerto Rico (US),SP.DYN.CDRT.IN,2014,8.5
PRI,Puerto Rico (US),SP.DYN.CDRT.IN,2013,8.1
PRI,Puerto Rico (US),SP.DYN.CDRT.IN,2012,8.1
PRI,Puerto Rico (US),SP.DYN.CDRT.IN,2011,8
PRI,Puerto Rico (US),SP.DYN.CDRT.IN,2010,7.833
QAT,Qatar,SP.DYN.CDRT.IN,2019,0.841
QAT,Qatar,SP.DYN.CDRT.IN,2018,0.877
QAT,Qatar,SP.DYN.CDRT.IN,2017,0.901
QAT,Qatar,SP.DYN.CDRT.IN,2016,0.92
QAT,Qatar,SP.DYN.CDRT.IN,2015,0.97
QAT,Qatar,SP.DYN.CDRT.IN,2014,1.047
QAT,Qatar,SP.DYN.CDRT.IN,2013,1.104
QAT,Qatar,SP.DYN.CDRT.IN,2012,1.132
QAT,Qatar,SP.DYN.CDRT.IN,2011,1.148
QAT,Qatar,SP.DYN.CDRT.IN,2010,1.188
ROU,Romania,SP.DYN.CDRT.IN,2019,13.4
ROU,Romania,SP.DYN.CDRT.IN,2018,13.6
ROU,Romania,SP.DYN.CDRT.IN,2017,13.4
ROU,Romania,SP.DYN.CDRT.IN,2016,13.1
ROU,Romania,SP.DYN.CDRT.IN,2015,13.2
ROU,Romania,SP.DYN.CDRT.IN,2014,12.8
ROU,Romania,SP.DYN.CDRT.IN,2013,12.4
ROU,Romania,SP.DYN.CDRT.IN,2012,12.7
ROU,Romania,SP.DYN.CDRT.IN,2011,12.5
ROU,Romania,SP.DYN.CDRT.IN,2010,12.8
RUS,Russian Federation,SP.DYN.CDRT.IN,2019,12.3
RUS,Russian Federation,SP.DYN.CDRT.IN,2018,12.5
RUS,Russian Federation,SP.DYN.CDRT.IN,2017,12.4
RUS,Russian Federation,SP.DYN.CDRT.IN,2016,12.9
RUS,Russian Federation,SP.DYN.CDRT.IN,2015,13
RUS,Russian Federation,SP.DYN.CDRT.IN,2014,13.1
RUS,Russian Federation,SP.DYN.CDRT.IN,2013,13
RUS,Russian Federation,SP.DYN.CDRT.IN,2012,13.3
RUS,Russian Federation,SP.DYN.CDRT.IN,2011,13.5
RUS,Russian Federation,SP.DYN.CDRT.IN,2010,14.2
RWA,Rwanda,SP.DYN.CDRT.IN,2019,6.132
RWA,Rwanda,SP.DYN.CDRT.IN,2018,6.206
RWA,Rwanda,SP.DYN.CDRT.IN,2017,6.234
RWA,Rwanda,SP.DYN.CDRT.IN,2016,6.336
RWA,Rwanda,SP.DYN.CDRT.IN,2015,6.401
RWA,Rwanda,SP.DYN.CDRT.IN,2014,6.478
RWA,Rwanda,SP.DYN.CDRT.IN,2013,6.598
RWA,Rwanda,SP.DYN.CDRT.IN,2012,6.759
RWA,Rwanda,SP.DYN.CDRT.IN,2011,7.043
RWA,Rwanda,SP.DYN.CDRT.IN,2010,7.347
WSM,Samoa,SP.DYN.CDRT.IN,2019,6.529
WSM,Samoa,SP.DYN.CDRT.IN,2018,6.147
WSM,Samoa,SP.DYN.CDRT.IN,2017,6.1
WSM,Samoa,SP.DYN.CDRT.IN,2016,6.087
WSM,Samoa,SP.DYN.CDRT.IN,2015,6.056
WSM,Samoa,SP.DYN.CDRT.IN,2014,6.007
WSM,Samoa,SP.DYN.CDRT.IN,2013,5.946
WSM,Samoa,SP.DYN.CDRT.IN,2012,5.94
WSM,Samoa,SP.DYN.CDRT.IN,2011,5.829
WSM,Samoa,SP.DYN.CDRT.IN,2010,5.781
SMR,San Marino,SP.DYN.CDRT.IN,2019,7.2
SMR,San Marino,SP.DYN.CDRT.IN,2018,7.1
SMR,San Marino,SP.DYN.CDRT.IN,2017,8.2
SMR,San Marino,SP.DYN.CDRT.IN,2016,7.6
SMR,San Marino,SP.DYN.CDRT.IN,2015,7.1
SMR,San Marino,SP.DYN.CDRT.IN,2014,7.7
SMR,San Marino,SP.DYN.CDRT.IN,2013,7.5
SMR,San Marino,SP.DYN.CDRT.IN,2012,7.1
SMR,San Marino,SP.DYN.CDRT.IN,2011,6.8
SMR,San Marino,SP.DYN.CDRT.IN,2010,6.5
STP,Sao Tome and Principe,SP.DYN.CDRT.IN,2019,6.117
STP,Sao Tome and Principe,SP.DYN.CDRT.IN,2018,6.219
STP,Sao Tome and Principe,SP.DYN.CDRT.IN,2017,6.371
STP,Sao Tome and Principe,SP.DYN.CDRT.IN,2016,6.53
STP,Sao Tome and Principe,SP.DYN.CDRT.IN,2015,6.719
STP,Sao Tome and Principe,SP.DYN.CDRT.IN,2014,6.925
STP,Sao Tome and Principe,SP.DYN.CDRT.IN,2013,7.148
STP,Sao Tome and Principe,SP.DYN.CDRT.IN,2012,7.324
STP,Sao Tome and Principe,SP.DYN.CDRT.IN,2011,7.516
STP,Sao Tome and Principe,SP.DYN.CDRT.IN,2010,7.67
SAU,Saudi Arabia,SP.DYN.CDRT.IN,2019,2.295
SAU,Saudi Arabia,SP.DYN.CDRT.IN,2018,2.228
SAU,Saudi Arabia,SP.DYN.CDRT.IN,2017,2.174
SAU,Saudi Arabia,SP.DYN.CDRT.IN,2016,2.178
SAU,Saudi Arabia,SP.DYN.CDRT.IN,2015,2.266
SAU,Saudi Arabia,SP.DYN.CDRT.IN,2014,2.392
SAU,Saudi Arabia,SP.DYN.CDRT.IN,2013,2.506
SAU,Saudi Arabia,SP.DYN.CDRT.IN,2012,2.593
SAU,Saudi Arabia,SP.DYN.CDRT.IN,2011,2.642
SAU,Saudi Arabia,SP.DYN.CDRT.IN,2010,2.668
SEN,Senegal,SP.DYN.CDRT.IN,2019,5.979
SEN,Senegal,SP.DYN.CDRT.IN,2018,6.119
SEN,Senegal,SP.DYN.CDRT.IN,2017,6.283
SEN,Senegal,SP.DYN.CDRT.IN,2016,6.459
SEN,Senegal,SP.DYN.CDRT.IN,2015,6.615
SEN,Senegal,SP.DYN.CDRT.IN,2014,6.861
SEN,Senegal,SP.DYN.CDRT.IN,2013,7.094
SEN,Senegal,SP.DYN.CDRT.IN,2012,7.316
SEN,Senegal,SP.DYN.CDRT.IN,2011,7.505
SEN,Senegal,SP.DYN.CDRT.IN,2010,7.739
SRB,Serbia,SP.DYN.CDRT.IN,2019,14.6
SRB,Serbia,SP.DYN.CDRT.IN,2018,14.6
SRB,Serbia,SP.DYN.CDRT.IN,2017,14.8
SRB,Serbia,SP.DYN.CDRT.IN,2016,14.3
SRB,Serbia,SP.DYN.CDRT.IN,2015,14.6
SRB,Serbia,SP.DYN.CDRT.IN,2014,14.2
SRB,Serbia,SP.DYN.CDRT.IN,2013,14
SRB,Serbia,SP.DYN.CDRT.IN,2012,14.2
SRB,Serbia,SP.DYN.CDRT.IN,2011,14.2
SRB,Serbia,SP.DYN.CDRT.IN,2010,14.2
SYC,Seychelles,SP.DYN.CDRT.IN,2019,8.1
SYC,Seychelles,SP.DYN.CDRT.IN,2018,8.4
SYC,Seychelles,SP.DYN.CDRT.IN,2017,7.8
SYC,Seychelles,SP.DYN.CDRT.IN,2016,7.9
SYC,Seychelles,SP.DYN.CDRT.IN,2015,7.5
SYC,Seychelles,SP.DYN.CDRT.IN,2014,7.9
SYC,Seychelles,SP.DYN.CDRT.IN,2013,8
SYC,Seychelles,SP.DYN.CDRT.IN,2012,7.4
SYC,Seychelles,SP.DYN.CDRT.IN,2011,7.9
SYC,Seychelles,SP.DYN.CDRT.IN,2010,7.4
SLE,Sierra Leone,SP.DYN.CDRT.IN,2019,9.39
SLE,Sierra Leone,SP.DYN.CDRT.IN,2018,9.676
SLE,Sierra Leone,SP.DYN.CDRT.IN,2017,10.329
SLE,Sierra Leone,SP.DYN.CDRT.IN,2016,10.769
SLE,Sierra Leone,SP.DYN.CDRT.IN,2015,11.6
SLE,Sierra Leone,SP.DYN.CDRT.IN,2014,12.332
SLE,Sierra Leone,SP.DYN.CDRT.IN,2013,12.581
SLE,Sierra Leone,SP.DYN.CDRT.IN,2012,13.212
SLE,Sierra Leone,SP.DYN.CDRT.IN,2011,13.647
SLE,Sierra Leone,SP.DYN.CDRT.IN,2010,14.152
SGP,Singapore,SP.DYN.CDRT.IN,2019,5
SGP,Singapore,SP.DYN.CDRT.IN,2018,5
SGP,Singapore,SP.DYN.CDRT.IN,2017,5
SGP,Singapore,SP.DYN.CDRT.IN,2016,4.8
SGP,Singapore,SP.DYN.CDRT.IN,2015,4.8
SGP,Singapore,SP.DYN.CDRT.IN,2014,4.7
SGP,Singapore,SP.DYN.CDRT.IN,2013,4.6
SGP,Singapore,SP.DYN.CDRT.IN,2012,4.5
SGP,Singapore,SP.DYN.CDRT.IN,2011,4.5
SGP,Singapore,SP.DYN.CDRT.IN,2010,4.4
SXM,Sint Maarten (Dutch part),SP.DYN.CDRT.IN,2019,6.879
SXM,Sint Maarten (Dutch part),SP.DYN.CDRT.IN,2018,6.475
SXM,Sint Maarten (Dutch part),SP.DYN.CDRT.IN,2017,6.185
SXM,Sint Maarten (Dutch part),SP.DYN.CDRT.IN,2016,5.69
SXM,Sint Maarten (Dutch part),SP.DYN.CDRT.IN,2015,5.459
SXM,Sint Maarten (Dutch part),SP.DYN.CDRT.IN,2014,5.312
SXM,Sint Maarten (Dutch part),SP.DYN.CDRT.IN,2013,5.272
SXM,Sint Maarten (Dutch part),SP.DYN.CDRT.IN,2012,5.222
SXM,Sint Maarten (Dutch part),SP.DYN.CDRT.IN,2011,5.205
SXM,Sint Maarten (Dutch part),SP.DYN.CDRT.IN,2010,4.993
SVK,Slovak Republic,SP.DYN.CDRT.IN,2019,9.8
SVK,Slovak Republic,SP.DYN.CDRT.IN,2018,10
SVK,Slovak Republic,SP.DYN.CDRT.IN,2017,9.9
SVK,Slovak Republic,SP.DYN.CDRT.IN,2016,9.6
SVK,Slovak Republic,SP.DYN.CDRT.IN,2015,9.9
SVK,Slovak Republic,SP.DYN.CDRT.IN,2014,9.5
SVK,Slovak Republic,SP.DYN.CDRT.IN,2013,9.6
SVK,Slovak Republic,SP.DYN.CDRT.IN,2012,9.7
SVK,Slovak Republic,SP.DYN.CDRT.IN,2011,9.6
SVK,Slovak Republic,SP.DYN.CDRT.IN,2010,9.9
SVN,Slovenia,SP.DYN.CDRT.IN,2019,9.9
SVN,Slovenia,SP.DYN.CDRT.IN,2018,9.9
SVN,Slovenia,SP.DYN.CDRT.IN,2017,9.9
SVN,Slovenia,SP.DYN.CDRT.IN,2016,9.5
SVN,Slovenia,SP.DYN.CDRT.IN,2015,9.6
SVN,Slovenia,SP.DYN.CDRT.IN,2014,9.2
SVN,Slovenia,SP.DYN.CDRT.IN,2013,9.4
SVN,Slovenia,SP.DYN.CDRT.IN,2012,9.4
SVN,Slovenia,SP.DYN.CDRT.IN,2011,9.1
SVN,Slovenia,SP.DYN.CDRT.IN,2010,9.1
SLB,Solomon Islands,SP.DYN.CDRT.IN,2019,5.547
SLB,Solomon Islands,SP.DYN.CDRT.IN,2018,5.47
SLB,Solomon Islands,SP.DYN.CDRT.IN,2017,5.44
SLB,Solomon Islands,SP.DYN.CDRT.IN,2016,5.431
SLB,Solomon Islands,SP.DYN.CDRT.IN,2015,5.451
SLB,Solomon Islands,SP.DYN.CDRT.IN,2014,5.56
SLB,Solomon Islands,SP.DYN.CDRT.IN,2013,5.529
SLB,Solomon Islands,SP.DYN.CDRT.IN,2012,5.564
SLB,Solomon Islands,SP.DYN.CDRT.IN,2011,5.663
SLB,Solomon Islands,SP.DYN.CDRT.IN,2010,5.802
SOM,"Somalia, Fed. Rep.",SP.DYN.CDRT.IN,2019,10.908
SOM,"Somalia, Fed. Rep.",SP.DYN.CDRT.IN,2018,12.391
SOM,"Somalia, Fed. Rep.",SP.DYN.CDRT.IN,2017,14.073
SOM,"Somalia, Fed. Rep.",SP.DYN.CDRT.IN,2016,12.054
SOM,"Somalia, Fed. Rep.",SP.DYN.CDRT.IN,2015,12.292
SOM,"Somalia, Fed. Rep.",SP.DYN.CDRT.IN,2014,12.637
SOM,"Somalia, Fed. Rep.",SP.DYN.CDRT.IN,2013,12.893
SOM,"Somalia, Fed. Rep.",SP.DYN.CDRT.IN,2012,16.102
SOM,"Somalia, Fed. Rep.",SP.DYN.CDRT.IN,2011,32.124
SOM,"Somalia, Fed. Rep.",SP.DYN.CDRT.IN,2010,16.617
ZAF,South Africa,SP.DYN.CDRT.IN,2019,8.75
ZAF,South Africa,SP.DYN.CDRT.IN,2018,8.789
ZAF,South Africa,SP.DYN.CDRT.IN,2017,8.83
ZAF,South Africa,SP.DYN.CDRT.IN,2016,9.069
ZAF,South Africa,SP.DYN.CDRT.IN,2015,9.217
ZAF,South Africa,SP.DYN.CDRT.IN,2014,9.647
ZAF,South Africa,SP.DYN.CDRT.IN,2013,9.962
ZAF,South Africa,SP.DYN.CDRT.IN,2012,10.149
ZAF,South Africa,SP.DYN.CDRT.IN,2011,10.721
ZAF,South Africa,SP.DYN.CDRT.IN,2010,11.349
SSD,South Sudan,SP.DYN.CDRT.IN,2019,9.302
SSD,South Sudan,SP.DYN.CDRT.IN,2018,12.423
SSD,South Sudan,SP.DYN.CDRT.IN,2017,25.765
SSD,South Sudan,SP.DYN.CDRT.IN,2016,24.844
SSD,South Sudan,SP.DYN.CDRT.IN,2015,22.034
SSD,South Sudan,SP.DYN.CDRT.IN,2014,17.932
SSD,South Sudan,SP.DYN.CDRT.IN,2013,9.997
SSD,South Sudan,SP.DYN.CDRT.IN,2012,10.044
SSD,South Sudan,SP.DYN.CDRT.IN,2011,10.322
SSD,South Sudan,SP.DYN.CDRT.IN,2010,10.388
ESP,Spain,SP.DYN.CDRT.IN,2019,8.8
ESP,Spain,SP.DYN.CDRT.IN,2018,9.1
ESP,Spain,SP.DYN.CDRT.IN,2017,9.1
ESP,Spain,SP.DYN.CDRT.IN,2016,8.8
ESP,Spain,SP.DYN.CDRT.IN,2015,9.1
ESP,Spain,SP.DYN.CDRT.IN,2014,8.5
ESP,Spain,SP.DYN.CDRT.IN,2013,8.3
ESP,Spain,SP.DYN.CDRT.IN,2012,8.6
ESP,Spain,SP.DYN.CDRT.IN,2011,8.3
ESP,Spain,SP.DYN.CDRT.IN,2010,8.2
LKA,Sri Lanka,SP.DYN.CDRT.IN,2019,6.7
LKA,Sri Lanka,SP.DYN.CDRT.IN,2018,6.677
LKA,Sri Lanka,SP.DYN.CDRT.IN,2017,6.608
LKA,Sri Lanka,SP.DYN.CDRT.IN,2016,6.493
LKA,Sri Lanka,SP.DYN.CDRT.IN,2015,6.398
LKA,Sri Lanka,SP.DYN.CDRT.IN,2014,6.341
LKA,Sri Lanka,SP.DYN.CDRT.IN,2013,6.291
LKA,Sri Lanka,SP.DYN.CDRT.IN,2012,6.324
LKA,Sri Lanka,SP.DYN.CDRT.IN,2011,6.407
LKA,Sri Lanka,SP.DYN.CDRT.IN,2010,6.403
KNA,St. Kitts and Nevis,SP.DYN.CDRT.IN,2019,9.985
KNA,St. Kitts and Nevis,SP.DYN.CDRT.IN,2018,9.916
KNA,St. Kitts and Nevis,SP.DYN.CDRT.IN,2017,9.785
KNA,St. Kitts and Nevis,SP.DYN.CDRT.IN,2016,9.672
KNA,St. Kitts and Nevis,SP.DYN.CDRT.IN,2015,9.551
KNA,St. Kitts and Nevis,SP.DYN.CDRT.IN,2014,9.437
KNA,St. Kitts and Nevis,SP.DYN.CDRT.IN,2013,9.316
KNA,St. Kitts and Nevis,SP.DYN.CDRT.IN,2012,9.208
KNA,St. Kitts and Nevis,SP.DYN.CDRT.IN,2011,9.362
KNA,St. Kitts and Nevis,SP.DYN.CDRT.IN,2010,9.109
LCA,St. Lucia,SP.DYN.CDRT.IN,2019,8.425
LCA,St. Lucia,SP.DYN.CDRT.IN,2018,8.058
LCA,St. Lucia,SP.DYN.CDRT.IN,2017,7.991
LCA,St. Lucia,SP.DYN.CDRT.IN,2016,7.84
LCA,St. Lucia,SP.DYN.CDRT.IN,2015,7.501
LCA,St. Lucia,SP.DYN.CDRT.IN,2014,7.501
LCA,St. Lucia,SP.DYN.CDRT.IN,2013,7.343
LCA,St. Lucia,SP.DYN.CDRT.IN,2012,7.143
LCA,St. Lucia,SP.DYN.CDRT.IN,2011,6.96
LCA,St. Lucia,SP.DYN.CDRT.IN,2010,6.907
MAF,St. Martin (French part),SP.DYN.CDRT.IN,2019,6.886
MAF,St. Martin (French part),SP.DYN.CDRT.IN,2018,4.476
MAF,St. Martin (French part),SP.DYN.CDRT.IN,2017,4.687
MAF,St. Martin (French part),SP.DYN.CDRT.IN,2016,4.169
MAF,St. Martin (French part),SP.DYN.CDRT.IN,2015,4.036
MAF,St. Martin (French part),SP.DYN.CDRT.IN,2014,3.931
MAF,St. Martin (French part),SP.DYN.CDRT.IN,2013,3.841
MAF,St. Martin (French part),SP.DYN.CDRT.IN,2012,3.776
MAF,St. Martin (French part),SP.DYN.CDRT.IN,2011,3.712
MAF,St. Martin (French part),SP.DYN.CDRT.IN,2010,3.662
VCT,St. Vincent and the Grenadines,SP.DYN.CDRT.IN,2019,11.288
VCT,St. Vincent and the Grenadines,SP.DYN.CDRT.IN,2018,11.1
VCT,St. Vincent and the Grenadines,SP.DYN.CDRT.IN,2017,10.916
VCT,St. Vincent and the Grenadines,SP.DYN.CDRT.IN,2016,10.979
VCT,St. Vincent and the Grenadines,SP.DYN.CDRT.IN,2015,10.821
VCT,St. Vincent and the Grenadines,SP.DYN.CDRT.IN,2014,10.726
VCT,St. Vincent and the Grenadines,SP.DYN.CDRT.IN,2013,10.658
VCT,St. Vincent and the Grenadines,SP.DYN.CDRT.IN,2012,10.338
VCT,St. Vincent and the Grenadines,SP.DYN.CDRT.IN,2011,9.906
VCT,St. Vincent and the Grenadines,SP.DYN.CDRT.IN,2010,9.54
SDN,Sudan,SP.DYN.CDRT.IN,2019,6.549
SDN,Sudan,SP.DYN.CDRT.IN,2018,6.646
SDN,Sudan,SP.DYN.CDRT.IN,2017,6.741
SDN,Sudan,SP.DYN.CDRT.IN,2016,6.948
SDN,Sudan,SP.DYN.CDRT.IN,2015,7.069
SDN,Sudan,SP.DYN.CDRT.IN,2014,7.21
SDN,Sudan,SP.DYN.CDRT.IN,2013,7.474
SDN,Sudan,SP.DYN.CDRT.IN,2012,7.528
SDN,Sudan,SP.DYN.CDRT.IN,2011,7.686
SDN,Sudan,SP.DYN.CDRT.IN,2010,7.819
SUR,Suriname,SP.DYN.CDRT.IN,2019,7.034
SUR,Suriname,SP.DYN.CDRT.IN,2018,7.061
SUR,Suriname,SP.DYN.CDRT.IN,2017,7.041
SUR,Suriname,SP.DYN.CDRT.IN,2016,7.069
SUR,Suriname,SP.DYN.CDRT.IN,2015,7.186
SUR,Suriname,SP.DYN.CDRT.IN,2014,7.199
SUR,Suriname,SP.DYN.CDRT.IN,2013,7.206
SUR,Suriname,SP.DYN.CDRT.IN,2012,7.17
SUR,Suriname,SP.DYN.CDRT.IN,2011,7.118
SUR,Suriname,SP.DYN.CDRT.IN,2010,7.1
SWE,Sweden,SP.DYN.CDRT.IN,2019,8.6
SWE,Sweden,SP.DYN.CDRT.IN,2018,9.1
SWE,Sweden,SP.DYN.CDRT.IN,2017,9.1
SWE,Sweden,SP.DYN.CDRT.IN,2016,9.2
SWE,Sweden,SP.DYN.CDRT.IN,2015,9.3
SWE,Sweden,SP.DYN.CDRT.IN,2014,9.2
SWE,Sweden,SP.DYN.CDRT.IN,2013,9.4
SWE,Sweden,SP.DYN.CDRT.IN,2012,9.7
SWE,Sweden,SP.DYN.CDRT.IN,2011,9.5
SWE,Sweden,SP.DYN.CDRT.IN,2010,9.6
CHE,Switzerland,SP.DYN.CDRT.IN,2019,7.9
CHE,Switzerland,SP.DYN.CDRT.IN,2018,7.9
CHE,Switzerland,SP.DYN.CDRT.IN,2017,7.9
CHE,Switzerland,SP.DYN.CDRT.IN,2016,7.8
CHE,Switzerland,SP.DYN.CDRT.IN,2015,8.2
CHE,Switzerland,SP.DYN.CDRT.IN,2014,7.8
CHE,Switzerland,SP.DYN.CDRT.IN,2013,8
CHE,Switzerland,SP.DYN.CDRT.IN,2012,8
CHE,Switzerland,SP.DYN.CDRT.IN,2011,7.8
CHE,Switzerland,SP.DYN.CDRT.IN,2010,8
SYR,Syrian Arab Republic,SP.DYN.CDRT.IN,2019,5.284
SYR,Syrian Arab Republic,SP.DYN.CDRT.IN,2018,6.544
SYR,Syrian Arab Republic,SP.DYN.CDRT.IN,2017,7.246
SYR,Syrian Arab Republic,SP.DYN.CDRT.IN,2016,7.323
SYR,Syrian Arab Republic,SP.DYN.CDRT.IN,2015,8.223
SYR,Syrian Arab Republic,SP.DYN.CDRT.IN,2014,7.353
SYR,Syrian Arab Republic,SP.DYN.CDRT.IN,2013,7.514
SYR,Syrian Arab Republic,SP.DYN.CDRT.IN,2012,6.829
SYR,Syrian Arab Republic,SP.DYN.CDRT.IN,2011,4.334
SYR,Syrian Arab Republic,SP.DYN.CDRT.IN,2010,3.824
TJK,Tajikistan,SP.DYN.CDRT.IN,2019,4.843
TJK,Tajikistan,SP.DYN.CDRT.IN,2018,4.898
TJK,Tajikistan,SP.DYN.CDRT.IN,2017,4.953
TJK,Tajikistan,SP.DYN.CDRT.IN,2016,5.162
TJK,Tajikistan,SP.DYN.CDRT.IN,2015,5.281
TJK,Tajikistan,SP.DYN.CDRT.IN,2014,5.255
TJK,Tajikistan,SP.DYN.CDRT.IN,2013,5.286
TJK,Tajikistan,SP.DYN.CDRT.IN,2012,5.424
TJK,Tajikistan,SP.DYN.CDRT.IN,2011,5.568
TJK,Tajikistan,SP.DYN.CDRT.IN,2010,5.666
TZA,Tanzania,SP.DYN.CDRT.IN,2019,6.183
TZA,Tanzania,SP.DYN.CDRT.IN,2018,6.382
TZA,Tanzania,SP.DYN.CDRT.IN,2017,6.581
TZA,Tanzania,SP.DYN.CDRT.IN,2016,6.8
TZA,Tanzania,SP.DYN.CDRT.IN,2015,7.002
TZA,Tanzania,SP.DYN.CDRT.IN,2014,7.261
TZA,Tanzania,SP.DYN.CDRT.IN,2013,7.501
TZA,Tanzania,SP.DYN.CDRT.IN,2012,7.72
TZA,Tanzania,SP.DYN.CDRT.IN,2011,8.021
TZA,Tanzania,SP.DYN.CDRT.IN,2010,8.293
THA,Thailand,SP.DYN.CDRT.IN,2019,7.422
THA,Thailand,SP.DYN.CDRT.IN,2018,7.167
THA,Thailand,SP.DYN.CDRT.IN,2017,7.029
THA,Thailand,SP.DYN.CDRT.IN,2016,6.918
THA,Thailand,SP.DYN.CDRT.IN,2015,6.818
THA,Thailand,SP.DYN.CDRT.IN,2014,6.754
THA,Thailand,SP.DYN.CDRT.IN,2013,6.713
THA,Thailand,SP.DYN.CDRT.IN,2012,6.696
THA,Thailand,SP.DYN.CDRT.IN,2011,6.644
THA,Thailand,SP.DYN.CDRT.IN,2010,6.607
TLS,Timor-Leste,SP.DYN.CDRT.IN,2019,7.477
TLS,Timor-Leste,SP.DYN.CDRT.IN,2018,7.513
TLS,Timor-Leste,SP.DYN.CDRT.IN,2017,7.559
TLS,Timor-Leste,SP.DYN.CDRT.IN,2016,7.606
TLS,Timor-Leste,SP.DYN.CDRT.IN,2015,7.65
TLS,Timor-Leste,SP.DYN.CDRT.IN,2014,7.715
TLS,Timor-Leste,SP.DYN.CDRT.IN,2013,7.785
TLS,Timor-Leste,SP.DYN.CDRT.IN,2012,7.862
TLS,Timor-Leste,SP.DYN.CDRT.IN,2011,7.948
TLS,Timor-Leste,SP.DYN.CDRT.IN,2010,7.965
TGO,Togo,SP.DYN.CDRT.IN,2019,9.58
TGO,Togo,SP.DYN.CDRT.IN,2018,9.757
TGO,Togo,SP.DYN.CDRT.IN,2017,9.881
TGO,Togo,SP.DYN.CDRT.IN,2016,10.032
TGO,Togo,SP.DYN.CDRT.IN,2015,10.207
TGO,Togo,SP.DYN.CDRT.IN,2014,10.439
TGO,Togo,SP.DYN.CDRT.IN,2013,10.708
TGO,Togo,SP.DYN.CDRT.IN,2012,11.035
TGO,Togo,SP.DYN.CDRT.IN,2011,11.376
TGO,Togo,SP.DYN.CDRT.IN,2010,11.501
TON,Tonga,SP.DYN.CDRT.IN,2019,6.426
TON,Tonga,SP.DYN.CDRT.IN,2018,6.401
TON,Tonga,SP.DYN.CDRT.IN,2017,6.363
TON,Tonga,SP.DYN.CDRT.IN,2016,6.386
TON,Tonga,SP.DYN.CDRT.IN,2015,6.376
TON,Tonga,SP.DYN.CDRT.IN,2014,6.368
TON,Tonga,SP.DYN.CDRT.IN,2013,6.328
TON,Tonga,SP.DYN.CDRT.IN,2012,6.294
TON,Tonga,SP.DYN.CDRT.IN,2011,6.292
TON,Tonga,SP.DYN.CDRT.IN,2010,6.302
TTO,Trinidad and Tobago,SP.DYN.CDRT.IN,2019,7.948
TTO,Trinidad and Tobago,SP.DYN.CDRT.IN,2018,7.742
TTO,Trinidad and Tobago,SP.DYN.CDRT.IN,2017,7.494
TTO,Trinidad and Tobago,SP.DYN.CDRT.IN,2016,7.312
TTO,Trinidad and Tobago,SP.DYN.CDRT.IN,2015,7.131
TTO,Trinidad and Tobago,SP.DYN.CDRT.IN,2014,6.918
TTO,Trinidad and Tobago,SP.DYN.CDRT.IN,2013,6.781
TTO,Trinidad and Tobago,SP.DYN.CDRT.IN,2012,6.727
TTO,Trinidad and Tobago,SP.DYN.CDRT.IN,2011,6.698
TTO,Trinidad and Tobago,SP.DYN.CDRT.IN,2010,6.727
TUN,Tunisia,SP.DYN.CDRT.IN,2019,6.099
TUN,Tunisia,SP.DYN.CDRT.IN,2018,6.087
TUN,Tunisia,SP.DYN.CDRT.IN,2017,6.068
TUN,Tunisia,SP.DYN.CDRT.IN,2016,6.041
TUN,Tunisia,SP.DYN.CDRT.IN,2015,5.996
TUN,Tunisia,SP.DYN.CDRT.IN,2014,5.931
TUN,Tunisia,SP.DYN.CDRT.IN,2013,5.871
TUN,Tunisia,SP.DYN.CDRT.IN,2012,5.791
TUN,Tunisia,SP.DYN.CDRT.IN,2011,5.719
TUN,Tunisia,SP.DYN.CDRT.IN,2010,5.604
TUR,Turkiye,SP.DYN.CDRT.IN,2019,5.3
TUR,Turkiye,SP.DYN.CDRT.IN,2018,5.2
TUR,Turkiye,SP.DYN.CDRT.IN,2017,5.3
TUR,Turkiye,SP.DYN.CDRT.IN,2016,5.3
TUR,Turkiye,SP.DYN.CDRT.IN,2015,5.2
TUR,Turkiye,SP.DYN.CDRT.IN,2014,5.1
TUR,Turkiye,SP.DYN.CDRT.IN,2013,4.9
TUR,Turkiye,SP.DYN.CDRT.IN,2012,5
TUR,Turkiye,SP.DYN.CDRT.IN,2011,5.1
TUR,Turkiye,SP.DYN.CDRT.IN,2010,5
TKM,Turkmenistan,SP.DYN.CDRT.IN,2019,5.986
TKM,Turkmenistan,SP.DYN.CDRT.IN,2018,6.039
TKM,Turkmenistan,SP.DYN.CDRT.IN,2017,6.076
TKM,Turkmenistan,SP.DYN.CDRT.IN,2016,6.095
TKM,Turkmenistan,SP.DYN.CDRT.IN,2015,6.123
TKM,Turkmenistan,SP.DYN.CDRT.IN,2014,6.121
TKM,Turkmenistan,SP.DYN.CDRT.IN,2013,6.1
TKM,Turkmenistan,SP.DYN.CDRT.IN,2012,6.052
TKM,Turkmenistan,SP.DYN.CDRT.IN,2011,6.029
TKM,Turkmenistan,SP.DYN.CDRT.IN,2010,6.067
TCA,Turks and Caicos Islands,SP.DYN.CDRT.IN,2019,7.04
TCA,Turks and Caicos Islands,SP.DYN.CDRT.IN,2018,6.92
TCA,Turks and Caicos Islands,SP.DYN.CDRT.IN,2017,6.796
TCA,Turks and Caicos Islands,SP.DYN.CDRT.IN,2016,6.662
TCA,Turks and Caicos Islands,SP.DYN.CDRT.IN,2015,6.454
TCA,Turks and Caicos Islands,SP.DYN.CDRT.IN,2014,6.403
TCA,Turks and Caicos Islands,SP.DYN.CDRT.IN,2013,6.209
TCA,Turks and Caicos Islands,SP.DYN.CDRT.IN,2012,6.051
TCA,Turks and Caicos Islands,SP.DYN.CDRT.IN,2011,5.673
TCA,Turks and Caicos Islands,SP.DYN.CDRT.IN,2010,5.291
TUV,Tuvalu,SP.DYN.CDRT.IN,2019,9.19
TUV,Tuvalu,SP.DYN.CDRT.IN,2018,9.18
TUV,Tuvalu,SP.DYN.CDRT.IN,2017,9.255
TUV,Tuvalu,SP.DYN.CDRT.IN,2016,9.335
TUV,Tuvalu,SP.DYN.CDRT.IN,2015,9.394
TUV,Tuvalu,SP.DYN.CDRT.IN,2014,9.395
TUV,Tuvalu,SP.DYN.CDRT.IN,2013,9.386
TUV,Tuvalu,SP.DYN.CDRT.IN,2012,9.344
TUV,Tuvalu,SP.DYN.CDRT.IN,2011,9.368
TUV,Tuvalu,SP.DYN.CDRT.IN,2010,9.406
UGA,Uganda,SP.DYN.CDRT.IN,2019,5.42
UGA,Uganda,SP.DYN.CDRT.IN,2018,5.613
UGA,Uganda,SP.DYN.CDRT.IN,2017,5.82
UGA,Uganda,SP.DYN.CDRT.IN,2016,6.073
UGA,Uganda,SP.DYN.CDRT.IN,2015,6.372
UGA,Uganda,SP.DYN.CDRT.IN,2014,6.699
UGA,Uganda,SP.DYN.CDRT.IN,2013,7.038
UGA,Uganda,SP.DYN.CDRT.IN,2012,7.419
UGA,Uganda,SP.DYN.CDRT.IN,2011,7.824
UGA,Uganda,SP.DYN.CDRT.IN,2010,8.263
UKR,Ukraine,SP.DYN.CDRT.IN,2019,13.079
UKR,Ukraine,SP.DYN.CDRT.IN,2018,13.157
UKR,Ukraine,SP.DYN.CDRT.IN,2017,12.265
UKR,Ukraine,SP.DYN.CDRT.IN,2016,12.589
UKR,Ukraine,SP.DYN.CDRT.IN,2015,13.015
UKR,Ukraine,SP.DYN.CDRT.IN,2014,13.682
UKR,Ukraine,SP.DYN.CDRT.IN,2013,13.983
UKR,Ukraine,SP.DYN.CDRT.IN,2012,14.242
UKR,Ukraine,SP.DYN.CDRT.IN,2011,14.474
UKR,Ukraine,SP.DYN.CDRT.IN,2010,14.798
ARE,United Arab Emirates,SP.DYN.CDRT.IN,2019,0.958
ARE,United Arab Emirates,SP.DYN.CDRT.IN,2018,0.957
ARE,United Arab Emirates,SP.DYN.CDRT.IN,2017,0.97
ARE,United Arab Emirates,SP.DYN.CDRT.IN,2016,1.007
ARE,United Arab Emirates,SP.DYN.CDRT.IN,2015,1.021
ARE,United Arab Emirates,SP.DYN.CDRT.IN,2014,1.014
ARE,United Arab Emirates,SP.DYN.CDRT.IN,2013,1.033
ARE,United Arab Emirates,SP.DYN.CDRT.IN,2012,1.033
ARE,United Arab Emirates,SP.DYN.CDRT.IN,2011,1.027
ARE,United Arab Emirates,SP.DYN.CDRT.IN,2010,1.073
GBR,United Kingdom,SP.DYN.CDRT.IN,2019,9.019
GBR,United Kingdom,SP.DYN.CDRT.IN,2018,9.2
GBR,United Kingdom,SP.DYN.CDRT.IN,2017,9.2
GBR,United Kingdom,SP.DYN.CDRT.IN,2016,9.1
GBR,United Kingdom,SP.DYN.CDRT.IN,2015,9.2
GBR,United Kingdom,SP.DYN.CDRT.IN,2014,8.8
GBR,United Kingdom,SP.DYN.CDRT.IN,2013,9
GBR,United Kingdom,SP.DYN.CDRT.IN,2012,8.9
GBR,United Kingdom,SP.DYN.CDRT.IN,2011,8.7
GBR,United Kingdom,SP.DYN.CDRT.IN,2010,8.9
USA,United States,SP.DYN.CDRT.IN,2019,8.697
USA,United States,SP.DYN.CDRT.IN,2018,8.678
USA,United States,SP.DYN.CDRT.IN,2017,8.638
USA,United States,SP.DYN.CDRT.IN,2016,8.493
USA,United States,SP.DYN.CDRT.IN,2015,8.44
USA,United States,SP.DYN.CDRT.IN,2014,8.237
USA,United States,SP.DYN.CDRT.IN,2013,8.215
USA,United States,SP.DYN.CDRT.IN,2012,8.102
USA,United States,SP.DYN.CDRT.IN,2011,8.073
USA,United States,SP.DYN.CDRT.IN,2010,7.995
URY,Uruguay,SP.DYN.CDRT.IN,2019,9.754
URY,Uruguay,SP.DYN.CDRT.IN,2018,9.53
URY,Uruguay,SP.DYN.CDRT.IN,2017,9.488
URY,Uruguay,SP.DYN.CDRT.IN,2016,9.581
URY,Uruguay,SP.DYN.CDRT.IN,2015,9.494
URY,Uruguay,SP.DYN.CDRT.IN,2014,9.397
URY,Uruguay,SP.DYN.CDRT.IN,2013,9.458
URY,Uruguay,SP.DYN.CDRT.IN,2012,9.555
URY,Uruguay,SP.DYN.CDRT.IN,2011,9.563
URY,Uruguay,SP.DYN.CDRT.IN,2010,9.355
UZB,Uzbekistan,SP.DYN.CDRT.IN,2019,5.97
UZB,Uzbekistan,SP.DYN.CDRT.IN,2018,5.933
UZB,Uzbekistan,SP.DYN.CDRT.IN,2017,5.962
UZB,Uzbekistan,SP.DYN.CDRT.IN,2016,5.963
UZB,Uzbekistan,SP.DYN.CDRT.IN,2015,6.005
UZB,Uzbekistan,SP.DYN.CDRT.IN,2014,6.082
UZB,Uzbekistan,SP.DYN.CDRT.IN,2013,6.109
UZB,Uzbekistan,SP.DYN.CDRT.IN,2012,6.125
UZB,Uzbekistan,SP.DYN.CDRT.IN,2011,6.148
UZB,Uzbekistan,SP.DYN.CDRT.IN,2010,6.198
VUT,Vanuatu,SP.DYN.CDRT.IN,2019,5.494
VUT,Vanuatu,SP.DYN.CDRT.IN,2018,5.56
VUT,Vanuatu,SP.DYN.CDRT.IN,2017,5.619
VUT,Vanuatu,SP.DYN.CDRT.IN,2016,5.621
VUT,Vanuatu,SP.DYN.CDRT.IN,2015,5.654
VUT,Vanuatu,SP.DYN.CDRT.IN,2014,5.638
VUT,Vanuatu,SP.DYN.CDRT.IN,2013,5.586
VUT,Vanuatu,SP.DYN.CDRT.IN,2012,5.539
VUT,Vanuatu,SP.DYN.CDRT.IN,2011,5.513
VUT,Vanuatu,SP.DYN.CDRT.IN,2010,5.468
VEN,"Venezuela, RB",SP.DYN.CDRT.IN,2019,6.802
VEN,"Venezuela, RB",SP.DYN.CDRT.IN,2018,6.685
VEN,"Venezuela, RB",SP.DYN.CDRT.IN,2017,6.8
VEN,"Venezuela, RB",SP.DYN.CDRT.IN,2016,6.572
VEN,"Venezuela, RB",SP.DYN.CDRT.IN,2015,6.026
VEN,"Venezuela, RB",SP.DYN.CDRT.IN,2014,5.996
VEN,"Venezuela, RB",SP.DYN.CDRT.IN,2013,5.804
VEN,"Venezuela, RB",SP.DYN.CDRT.IN,2012,5.703
VEN,"Venezuela, RB",SP.DYN.CDRT.IN,2011,5.602
VEN,"Venezuela, RB",SP.DYN.CDRT.IN,2010,5.512
VNM,Viet Nam,SP.DYN.CDRT.IN,2019,6.3
VNM,Viet Nam,SP.DYN.CDRT.IN,2018,6.263
VNM,Viet Nam,SP.DYN.CDRT.IN,2017,6.238
VNM,Viet Nam,SP.DYN.CDRT.IN,2016,6.195
VNM,Viet Nam,SP.DYN.CDRT.IN,2015,6.153
VNM,Viet Nam,SP.DYN.CDRT.IN,2014,6.114
VNM,Viet Nam,SP.DYN.CDRT.IN,2013,6.057
VNM,Viet Nam,SP.DYN.CDRT.IN,2012,6.008
VNM,Viet Nam,SP.DYN.CDRT.IN,2011,5.947
VNM,Viet Nam,SP.DYN.CDRT.IN,2010,5.911
VIR,Virgin Islands (U.S.),SP.DYN.CDRT.IN,2019,8.2
VIR,Virgin Islands (U.S.),SP.DYN.CDRT.IN,2018,7.9
VIR,Virgin Islands (U.S.),SP.DYN.CDRT.IN,2017,7.7
VIR,Virgin Islands (U.S.),SP.DYN.CDRT.IN,2016,7.5
VIR,Virgin Islands (U.S.),SP.DYN.CDRT.IN,2015,7.3
VIR,Virgin Islands (U.S.),SP.DYN.CDRT.IN,2014,7.1
VIR,Virgin Islands (U.S.),SP.DYN.CDRT.IN,2013,6.9
VIR,Virgin Islands (U.S.),SP.DYN.CDRT.IN,2012,6.7
VIR,Virgin Islands (U.S.),SP.DYN.CDRT.IN,2011,6.6
VIR,Virgin Islands (U.S.),SP.DYN.CDRT.IN,2010,6.6
PSE,West Bank and Gaza,SP.DYN.CDRT.IN,2019,3.134
PSE,West Bank and Gaza,SP.DYN.CDRT.IN,2018,3.217
PSE,West Bank and Gaza,SP.DYN.CDRT.IN,2017,3.218
PSE,West Bank and Gaza,SP.DYN.CDRT.IN,2016,3.262
PSE,West Bank and Gaza,SP.DYN.CDRT.IN,2015,3.318
PSE,West Bank and Gaza,SP.DYN.CDRT.IN,2014,3.855
PSE,West Bank and Gaza,SP.DYN.CDRT.IN,2013,3.341
PSE,West Bank and Gaza,SP.DYN.CDRT.IN,2012,3.425
PSE,West Bank and Gaza,SP.DYN.CDRT.IN,2011,3.431
PSE,West Bank and Gaza,SP.DYN.CDRT.IN,2010,3.463
YEM,"Yemen, Rep.",SP.DYN.CDRT.IN,2019,5.859
YEM,"Yemen, Rep.",SP.DYN.CDRT.IN,2018,6.114
YEM,"Yemen, Rep.",SP.DYN.CDRT.IN,2017,5.644
YEM,"Yemen, Rep.",SP.DYN.CDRT.IN,2016,5.647
YEM,"Yemen, Rep.",SP.DYN.CDRT.IN,2015,5.773
YEM,"Yemen, Rep.",SP.DYN.CDRT.IN,2014,5.29
YEM,"Yemen, Rep.",SP.DYN.CDRT.IN,2013,5.294
YEM,"Yemen, Rep.",SP.DYN.CDRT.IN,2012,5.425
YEM,"Yemen, Rep.",SP.DYN.CDRT.IN,2011,5.474
YEM,"Yemen, Rep.",SP.DYN.CDRT.IN,2010,5.586
ZMB,Zambia,SP.DYN.CDRT.IN,2019,6.482
ZMB,Zambia,SP.DYN.CDRT.IN,2018,6.775
ZMB,Zambia,SP.DYN.CDRT.IN,2017,7.005
ZMB,Zambia,SP.DYN.CDRT.IN,2016,7.203
ZMB,Zambia,SP.DYN.CDRT.IN,2015,7.402
ZMB,Zambia,SP.DYN.CDRT.IN,2014,7.686
ZMB,Zambia,SP.DYN.CDRT.IN,2013,8.017
ZMB,Zambia,SP.DYN.CDRT.IN,2012,8.389
ZMB,Zambia,SP.DYN.CDRT.IN,2011,8.818
ZMB,Zambia,SP.DYN.CDRT.IN,2010,9.29
ZWE,Zimbabwe,SP.DYN.CDRT.IN,2019,8.281
ZWE,Zimbabwe,SP.DYN.CDRT.IN,2018,8.321
ZWE,Zimbabwe,SP.DYN.CDRT.IN,2017,8.587
ZWE,Zimbabwe,SP.DYN.CDRT.IN,2016,8.816
ZWE,Zimbabwe,SP.DYN.CDRT.IN,2015,9.18
ZWE,Zimbabwe,SP.DYN.CDRT.IN,2014,9.621
ZWE,Zimbabwe,SP.DYN.CDRT.IN,2013,10.233
ZWE,Zimbabwe,SP.DYN.CDRT.IN,2012,10.946
ZWE,Zimbabwe,SP.DYN.CDRT.IN,2011,11.694
ZWE,Zimbabwe,SP.DYN.CDRT.IN,2010,12.745
AFE,Africa Eastern and Southern,SH.DTH.INJR.ZS,2019,9.57951195790287
AFE,Africa Eastern and Southern,SH.DTH.INJR.ZS,2015,8.80871052868103
AFE,Africa Eastern and Southern,SH.DTH.INJR.ZS,2010,7.58961038836881
AFW,Africa Western and Central,SH.DTH.INJR.ZS,2019,8.12148726049523
AFW,Africa Western and Central,SH.DTH.INJR.ZS,2015,7.54132012652121
AFW,Africa Western and Central,SH.DTH.INJR.ZS,2010,6.51425035926301
ARB,Arab World,SH.DTH.INJR.ZS,2019,11.6548127720115
ARB,Arab World,SH.DTH.INJR.ZS,2015,14.9730400993373
ARB,Arab World,SH.DTH.INJR.ZS,2010,9.70902288397797
CSS,Caribbean small states,SH.DTH.INJR.ZS,2019,11.9526360071795
CSS,Caribbean small states,SH.DTH.INJR.ZS,2015,11.2306267460144
CSS,Caribbean small states,SH.DTH.INJR.ZS,2010,12.0537868915684
CEB,Central Europe and the Baltics,SH.DTH.INJR.ZS,2019,4.37210293543481
CEB,Central Europe and the Baltics,SH.DTH.INJR.ZS,2015,4.52242041981237
CEB,Central Europe and the Baltics,SH.DTH.INJR.ZS,2010,5.34670160002511
EAR,Early-demographic dividend,SH.DTH.INJR.ZS,2019,9.51414523877341
EAR,Early-demographic dividend,SH.DTH.INJR.ZS,2015,9.94174357326607
EAR,Early-demographic dividend,SH.DTH.INJR.ZS,2010,10.1902897054186
EAS,East Asia & Pacific,SH.DTH.INJR.ZS,2019,6.51115623360281
EAS,East Asia & Pacific,SH.DTH.INJR.ZS,2015,7.05773541880919
EAS,East Asia & Pacific,SH.DTH.INJR.ZS,2010,7.77901357728255
EAP,East Asia & Pacific (excluding high income),SH.DTH.INJR.ZS,2019,6.59991251863661
EAP,East Asia & Pacific (excluding high income),SH.DTH.INJR.ZS,2015,7.15578076475396
EAP,East Asia & Pacific (excluding high income),SH.DTH.INJR.ZS,2010,7.8229670031421
TEA,East Asia & Pacific (IDA & IBRD countries),SH.DTH.INJR.ZS,2019,6.59274073722883
TEA,East Asia & Pacific (IDA & IBRD countries),SH.DTH.INJR.ZS,2015,7.15082483169557
TEA,East Asia & Pacific (IDA & IBRD countries),SH.DTH.INJR.ZS,2010,7.82479226468848
EMU,Euro area,SH.DTH.INJR.ZS,2019,4.72947680266747
EMU,Euro area,SH.DTH.INJR.ZS,2015,4.50054136186344
EMU,Euro area,SH.DTH.INJR.ZS,2010,4.67710704540574
ECS,Europe & Central Asia,SH.DTH.INJR.ZS,2019,5.12769181532343
ECS,Europe & Central Asia,SH.DTH.INJR.ZS,2015,5.49133785910908
ECS,Europe & Central Asia,SH.DTH.INJR.ZS,2010,6.03794349787338
ECA,Europe & Central Asia (excluding high income),SH.DTH.INJR.ZS,2019,5.19534352761209
ECA,Europe & Central Asia (excluding high income),SH.DTH.INJR.ZS,2015,5.73822068982141
ECA,Europe & Central Asia (excluding high income),SH.DTH.INJR.ZS,2010,6.00953439049591
TEC,Europe & Central Asia (IDA & IBRD countries),SH.DTH.INJR.ZS,2019,5.5912534765431
TEC,Europe & Central Asia (IDA & IBRD countries),SH.DTH.INJR.ZS,2015,6.49928392010392
TEC,Europe & Central Asia (IDA & IBRD countries),SH.DTH.INJR.ZS,2010,7.26470921871528
EUU,European Union,SH.DTH.INJR.ZS,2019,4.65250406428287
EUU,European Union,SH.DTH.INJR.ZS,2015,4.49254436691676
EUU,European Union,SH.DTH.INJR.ZS,2010,4.81224594446825
HPC,Heavily indebted poor countries (HIPC),SH.DTH.INJR.ZS,2019,10.1499746382396
HPC,Heavily indebted poor countries (HIPC),SH.DTH.INJR.ZS,2015,9.14447909951592
HPC,Heavily indebted poor countries (HIPC),SH.DTH.INJR.ZS,2010,10.1762177614686
IBD,IBRD only,SH.DTH.INJR.ZS,2019,8.09877202580898
IBD,IBRD only,SH.DTH.INJR.ZS,2015,8.64072301927867
IBD,IBRD only,SH.DTH.INJR.ZS,2010,9.08080642769358
IBT,IDA & IBRD total,SH.DTH.INJR.ZS,2019,8.48476695248976
IBT,IDA & IBRD total,SH.DTH.INJR.ZS,2015,8.8577899743423
IBT,IDA & IBRD total,SH.DTH.INJR.ZS,2010,9.05083873813993
IDB,IDA blend,SH.DTH.INJR.ZS,2019,8.02443041265202
IDB,IDA blend,SH.DTH.INJR.ZS,2015,7.73326524967316
IDB,IDA blend,SH.DTH.INJR.ZS,2010,6.87137106011195
IDX,IDA only,SH.DTH.INJR.ZS,2019,10.5385787733473
IDX,IDA only,SH.DTH.INJR.ZS,2015,10.5167332392346
IDX,IDA only,SH.DTH.INJR.ZS,2010,10.2293166151564
IDA,IDA total,SH.DTH.INJR.ZS,2019,9.61118075590368
IDA,IDA total,SH.DTH.INJR.ZS,2015,9.464152059434
IDA,IDA total,SH.DTH.INJR.ZS,2010,8.970406031774
LTE,Late-demographic dividend,SH.DTH.INJR.ZS,2019,7.09439767560207
LTE,Late-demographic dividend,SH.DTH.INJR.ZS,2015,7.78443768601873
LTE,Late-demographic dividend,SH.DTH.INJR.ZS,2010,8.68260017388143
LCN,Latin America & Caribbean,SH.DTH.INJR.ZS,2019,11.2649782430717
LCN,Latin America & Caribbean,SH.DTH.INJR.ZS,2015,11.6774190606309
LCN,Latin America & Caribbean,SH.DTH.INJR.ZS,2010,16.6269279025816
LAC,Latin America & Caribbean (excluding high income),SH.DTH.INJR.ZS,2019,11.479311901556
LAC,Latin America & Caribbean (excluding high income),SH.DTH.INJR.ZS,2015,11.9101403669014
LAC,Latin America & Caribbean (excluding high income),SH.DTH.INJR.ZS,2010,17.1642298946459
TLA,Latin America & the Caribbean (IDA & IBRD countries),SH.DTH.INJR.ZS,2019,11.4071353136905
TLA,Latin America & the Caribbean (IDA & IBRD countries),SH.DTH.INJR.ZS,2015,11.8307445620915
TLA,Latin America & the Caribbean (IDA & IBRD countries),SH.DTH.INJR.ZS,2010,16.9738521396485
LDC,Least developed countries: UN classification,SH.DTH.INJR.ZS,2019,10.139061851529
LDC,Least developed countries: UN classification,SH.DTH.INJR.ZS,2015,9.34496106995844
LDC,Least developed countries: UN classification,SH.DTH.INJR.ZS,2010,10.0448065733838
LMY,Low & middle income,SH.DTH.INJR.ZS,2019,8.62664702881289
LMY,Low & middle income,SH.DTH.INJR.ZS,2015,8.96144381241813
LMY,Low & middle income,SH.DTH.INJR.ZS,2010,9.09914855621689
MEA,"Middle East, North Africa, Afghanistan & Pakistan",SH.DTH.INJR.ZS,2019,11.2370048074935
MEA,"Middle East, North Africa, Afghanistan & Pakistan",SH.DTH.INJR.ZS,2015,12.9415079289398
MEA,"Middle East, North Africa, Afghanistan & Pakistan",SH.DTH.INJR.ZS,2010,9.76604140052719
MNA,"Middle East, North Africa, Afghanistan & Pakistan (excluding high income)",SH.DTH.INJR.ZS,2019,11.2206308612897
MNA,"Middle East, North Africa, Afghanistan & Pakistan (excluding high income)",SH.DTH.INJR.ZS,2015,12.8076801864706
MNA,"Middle East, North Africa, Afghanistan & Pakistan (excluding high income)",SH.DTH.INJR.ZS,2010,9.54929939999618
TMN,"Middle East, North Africa, Afghanistan & Pakistan (IDA & IBRD)",SH.DTH.INJR.ZS,2019,11.2364223958102
TMN,"Middle East, North Africa, Afghanistan & Pakistan (IDA & IBRD)",SH.DTH.INJR.ZS,2015,12.8278903635735
TMN,"Middle East, North Africa, Afghanistan & Pakistan (IDA & IBRD)",SH.DTH.INJR.ZS,2010,9.54723144394782
MIC,Middle income,SH.DTH.INJR.ZS,2019,8.27214949851785
MIC,Middle income,SH.DTH.INJR.ZS,2015,8.66900312624237
MIC,Middle income,SH.DTH.INJR.ZS,2010,9.23171049903901
NAC,North America,SH.DTH.INJR.ZS,2019,6.59461172438951
NAC,North America,SH.DTH.INJR.ZS,2015,6.38213031416884
NAC,North America,SH.DTH.INJR.ZS,2010,6.25704936147708
OED,OECD members,SH.DTH.INJR.ZS,2019,6.0338915138253
OED,OECD members,SH.DTH.INJR.ZS,2015,5.92221498970404
OED,OECD members,SH.DTH.INJR.ZS,2010,6.37152796742791
OSS,Other small states,SH.DTH.INJR.ZS,2019,6.97048815078239
OSS,Other small states,SH.DTH.INJR.ZS,2015,6.68719759627827
OSS,Other small states,SH.DTH.INJR.ZS,2010,6.94021237679424
PSS,Pacific island small states,SH.DTH.INJR.ZS,2019,6.8051502072194
PSS,Pacific island small states,SH.DTH.INJR.ZS,2015,7.43729073324995
PSS,Pacific island small states,SH.DTH.INJR.ZS,2010,7.33245724793555
PST,Post-demographic dividend,SH.DTH.INJR.ZS,2019,5.44727748682535
PST,Post-demographic dividend,SH.DTH.INJR.ZS,2015,5.39232727450769
PST,Post-demographic dividend,SH.DTH.INJR.ZS,2010,5.64997854926894
PRE,Pre-demographic dividend,SH.DTH.INJR.ZS,2019,9.44051060321347
PRE,Pre-demographic dividend,SH.DTH.INJR.ZS,2015,8.90370021251505
PRE,Pre-demographic dividend,SH.DTH.INJR.ZS,2010,7.29581331126332
SST,Small states,SH.DTH.INJR.ZS,2019,8.05438566293248
SST,Small states,SH.DTH.INJR.ZS,2015,7.75198913270258
SST,Small states,SH.DTH.INJR.ZS,2010,8.02813642458815
SAS,South Asia,SH.DTH.INJR.ZS,2019,10.1679098728317
SAS,South Asia,SH.DTH.INJR.ZS,2015,10.4499933985262
SAS,South Asia,SH.DTH.INJR.ZS,2010,10.5745852289842
TSA,South Asia (IDA & IBRD),SH.DTH.INJR.ZS,2019,10.1679098728317
TSA,South Asia (IDA & IBRD),SH.DTH.INJR.ZS,2015,10.4499933985262
TSA,South Asia (IDA & IBRD),SH.DTH.INJR.ZS,2010,10.5745852289842
SSF,Sub-Saharan Africa,SH.DTH.INJR.ZS,2019,8.94662236096527
SSF,Sub-Saharan Africa,SH.DTH.INJR.ZS,2015,8.24968501885494
SSF,Sub-Saharan Africa,SH.DTH.INJR.ZS,2010,7.13508756971998
SSA,Sub-Saharan Africa (excluding high income),SH.DTH.INJR.ZS,2019,8.94680416396448
SSA,Sub-Saharan Africa (excluding high income),SH.DTH.INJR.ZS,2015,8.24966064776905
SSA,Sub-Saharan Africa (excluding high income),SH.DTH.INJR.ZS,2010,7.13501746454038
TSS,Sub-Saharan Africa (IDA & IBRD countries),SH.DTH.INJR.ZS,2019,8.94662236096527
TSS,Sub-Saharan Africa (IDA & IBRD countries),SH.DTH.INJR.ZS,2015,8.24968501885495
TSS,Sub-Saharan Africa (IDA & IBRD countries),SH.DTH.INJR.ZS,2010,7.13508756971998
WLD,World,SH.DTH.INJR.ZS,2019,7.98656056406488
WLD,World,SH.DTH.INJR.ZS,2015,8.28911550166463
WLD,World,SH.DTH.INJR.ZS,2010,8.51584777500384
AFG,Afghanistan,SH.DTH.INJR.ZS,2019,24.6255286740885
AFG,Afghanistan,SH.DTH.INJR.ZS,2015,20.4329889448183
AFG,Afghanistan,SH.DTH.INJR.ZS,2010,13.5420724067665
ALB,Albania,SH.DTH.INJR.ZS,2019,2.94089570421108
ALB,Albania,SH.DTH.INJR.ZS,2015,4.02127015670731
ALB,Albania,SH.DTH.INJR.ZS,2010,6.22981565837523
DZA,Algeria,SH.DTH.INJR.ZS,2019,7.04953683686787
DZA,Algeria,SH.DTH.INJR.ZS,2015,8.17410092294842
DZA,Algeria,SH.DTH.INJR.ZS,2010,8.97902117986893
AGO,Angola,SH.DTH.INJR.ZS,2019,7.56255506594867
AGO,Angola,SH.DTH.INJR.ZS,2015,7.05751549873995
AGO,Angola,SH.DTH.INJR.ZS,2010,6.32329173058803
ATG,Antigua and Barbuda,SH.DTH.INJR.ZS,2019,3.12103338600145
ATG,Antigua and Barbuda,SH.DTH.INJR.ZS,2015,5.07483030388343
ATG,Antigua and Barbuda,SH.DTH.INJR.ZS,2010,6.87562934209633
ARG,Argentina,SH.DTH.INJR.ZS,2019,5.6336661008953
ARG,Argentina,SH.DTH.INJR.ZS,2015,6.00770255322193
ARG,Argentina,SH.DTH.INJR.ZS,2010,5.98152608587921
ARM,Armenia,SH.DTH.INJR.ZS,2019,4.45730005993317
ARM,Armenia,SH.DTH.INJR.ZS,2015,5.0257740158428
ARM,Armenia,SH.DTH.INJR.ZS,2010,4.60285623001319
AUS,Australia,SH.DTH.INJR.ZS,2019,6.20068111560223
AUS,Australia,SH.DTH.INJR.ZS,2015,5.9528177447002
AUS,Australia,SH.DTH.INJR.ZS,2010,5.67336538881164
AUT,Austria,SH.DTH.INJR.ZS,2019,5.50348645683951
AUT,Austria,SH.DTH.INJR.ZS,2015,5.41981649470043
AUT,Austria,SH.DTH.INJR.ZS,2010,5.4369353718338
AZE,Azerbaijan,SH.DTH.INJR.ZS,2019,6.46535376234576
AZE,Azerbaijan,SH.DTH.INJR.ZS,2015,6.44940305856947
AZE,Azerbaijan,SH.DTH.INJR.ZS,2010,6.07805227622564
BHS,"Bahamas, The",SH.DTH.INJR.ZS,2019,19.9775504167941
BHS,"Bahamas, The",SH.DTH.INJR.ZS,2015,11.1253541743806
BHS,"Bahamas, The",SH.DTH.INJR.ZS,2010,9.91996908934197
BHR,Bahrain,SH.DTH.INJR.ZS,2019,7.3087196719956
BHR,Bahrain,SH.DTH.INJR.ZS,2015,8.81246469967342
BHR,Bahrain,SH.DTH.INJR.ZS,2010,8.8902100575716
BGD,Bangladesh,SH.DTH.INJR.ZS,2019,7.37240595477841
BGD,Bangladesh,SH.DTH.INJR.ZS,2015,8.62035032017872
BGD,Bangladesh,SH.DTH.INJR.ZS,2010,8.95225228500298
BRB,Barbados,SH.DTH.INJR.ZS,2019,4.29438398901244
BRB,Barbados,SH.DTH.INJR.ZS,2015,5.17987401384958
BRB,Barbados,SH.DTH.INJR.ZS,2010,5.07512914847529
BLR,Belarus,SH.DTH.INJR.ZS,2019,4.94309753983871
BLR,Belarus,SH.DTH.INJR.ZS,2015,5.87820743697728
BLR,Belarus,SH.DTH.INJR.ZS,2010,7.93728435141734
BEL,Belgium,SH.DTH.INJR.ZS,2019,6.44738148523127
BEL,Belgium,SH.DTH.INJR.ZS,2015,6.24089175147456
BEL,Belgium,SH.DTH.INJR.ZS,2010,6.25944276872134
BLZ,Belize,SH.DTH.INJR.ZS,2019,20.730332876048
BLZ,Belize,SH.DTH.INJR.ZS,2015,19.787328456827
BLZ,Belize,SH.DTH.INJR.ZS,2010,19.2093930888354
BEN,Benin,SH.DTH.INJR.ZS,2019,8.56281641105625
BEN,Benin,SH.DTH.INJR.ZS,2015,8.05164621876351
BEN,Benin,SH.DTH.INJR.ZS,2010,7.18838038485285
BTN,Bhutan,SH.DTH.INJR.ZS,2019,13.0544411405376
BTN,Bhutan,SH.DTH.INJR.ZS,2015,10.6006996598183
BTN,Bhutan,SH.DTH.INJR.ZS,2010,10.8364980577102
BOL,Bolivia,SH.DTH.INJR.ZS,2019,9.70258655666103
BOL,Bolivia,SH.DTH.INJR.ZS,2015,9.65808446432391
BOL,Bolivia,SH.DTH.INJR.ZS,2010,10.2007429116086
BIH,Bosnia and Herzegovina,SH.DTH.INJR.ZS,2019,3.02915488604417
BIH,Bosnia and Herzegovina,SH.DTH.INJR.ZS,2015,3.4672501737713
BIH,Bosnia and Herzegovina,SH.DTH.INJR.ZS,2010,4.2978129903121
BWA,Botswana,SH.DTH.INJR.ZS,2019,8.13127416939106
BWA,Botswana,SH.DTH.INJR.ZS,2015,7.66217687626733
BWA,Botswana,SH.DTH.INJR.ZS,2010,7.311352221586
BRA,Brazil,SH.DTH.INJR.ZS,2019,11.5105149862967
BRA,Brazil,SH.DTH.INJR.ZS,2015,12.1054630746977
BRA,Brazil,SH.DTH.INJR.ZS,2010,13.1543181600098
BRN,Brunei Darussalam,SH.DTH.INJR.ZS,2019,5.16207850744157
BRN,Brunei Darussalam,SH.DTH.INJR.ZS,2015,6.98863719195266
BRN,Brunei Darussalam,SH.DTH.INJR.ZS,2010,7.18482257143968
BGR,Bulgaria,SH.DTH.INJR.ZS,2019,2.42999791215188
BGR,Bulgaria,SH.DTH.INJR.ZS,2015,2.66439770266974
BGR,Bulgaria,SH.DTH.INJR.ZS,2010,2.70855551443384
BFA,Burkina Faso,SH.DTH.INJR.ZS,2019,11.5448903592872
BFA,Burkina Faso,SH.DTH.INJR.ZS,2015,9.33209317271185
BFA,Burkina Faso,SH.DTH.INJR.ZS,2010,7.33709881192892
BDI,Burundi,SH.DTH.INJR.ZS,2019,11.0478895203249
BDI,Burundi,SH.DTH.INJR.ZS,2015,10.5354171544067
BDI,Burundi,SH.DTH.INJR.ZS,2010,8.63050617180037
CPV,Cabo Verde,SH.DTH.INJR.ZS,2019,12.49620831506
CPV,Cabo Verde,SH.DTH.INJR.ZS,2015,15.9665185019216
CPV,Cabo Verde,SH.DTH.INJR.ZS,2010,15.1322637969874
KHM,Cambodia,SH.DTH.INJR.ZS,2019,9.54196182846756
KHM,Cambodia,SH.DTH.INJR.ZS,2015,10.0185582281337
KHM,Cambodia,SH.DTH.INJR.ZS,2010,10.8270424699305
CMR,Cameroon,SH.DTH.INJR.ZS,2019,9.0870430878304
CMR,Cameroon,SH.DTH.INJR.ZS,2015,8.39999525702771
CMR,Cameroon,SH.DTH.INJR.ZS,2010,6.99403131587486
CAN,Canada,SH.DTH.INJR.ZS,2019,5.98955507238672
CAN,Canada,SH.DTH.INJR.ZS,2015,5.82213715168846
CAN,Canada,SH.DTH.INJR.ZS,2010,6.16868955069032
CAF,Central African Republic,SH.DTH.INJR.ZS,2019,9.07830848837737
CAF,Central African Republic,SH.DTH.INJR.ZS,2015,7.77165843502877
CAF,Central African Republic,SH.DTH.INJR.ZS,2010,6.64329616310003
TCD,Chad,SH.DTH.INJR.ZS,2019,8.12233725035697
TCD,Chad,SH.DTH.INJR.ZS,2015,7.51207438440361
TCD,Chad,SH.DTH.INJR.ZS,2010,6.75042682319279
CHL,Chile,SH.DTH.INJR.ZS,2019,7.30177368721188
CHL,Chile,SH.DTH.INJR.ZS,2015,7.49938724586691
CHL,Chile,SH.DTH.INJR.ZS,2010,8.20747584228896
CHN,China,SH.DTH.INJR.ZS,2019,6.3067064764948
CHN,China,SH.DTH.INJR.ZS,2015,6.89021154424776
CHN,China,SH.DTH.INJR.ZS,2010,7.667830230047
COL,Colombia,SH.DTH.INJR.ZS,2019,14.3299203682605
COL,Colombia,SH.DTH.INJR.ZS,2015,15.8585941851737
COL,Colombia,SH.DTH.INJR.ZS,2010,19.9043976316556
COM,Comoros,SH.DTH.INJR.ZS,2019,12.222815371795
COM,Comoros,SH.DTH.INJR.ZS,2015,9.87388328867638
COM,Comoros,SH.DTH.INJR.ZS,2010,9.34923585558687
COD,"Congo, Dem. Rep.",SH.DTH.INJR.ZS,2019,8.4181327486289
COD,"Congo, Dem. Rep.",SH.DTH.INJR.ZS,2015,7.73754260544229
COD,"Congo, Dem. Rep.",SH.DTH.INJR.ZS,2010,7.10150528650943
COG,"Congo, Rep.",SH.DTH.INJR.ZS,2019,8.30742886798958
COG,"Congo, Rep.",SH.DTH.INJR.ZS,2015,6.90535700444279
COG,"Congo, Rep.",SH.DTH.INJR.ZS,2010,6.97449225477725
CRI,Costa Rica,SH.DTH.INJR.ZS,2019,10.7638501012326
CRI,Costa Rica,SH.DTH.INJR.ZS,2015,11.5535896896544
CRI,Costa Rica,SH.DTH.INJR.ZS,2010,11.9161687499303
CIV,Cote d'Ivoire,SH.DTH.INJR.ZS,2019,9.74243821550373
CIV,Cote d'Ivoire,SH.DTH.INJR.ZS,2015,8.4134234080567
CIV,Cote d'Ivoire,SH.DTH.INJR.ZS,2010,7.07349008971504
HRV,Croatia,SH.DTH.INJR.ZS,2019,5.29863589933403
HRV,Croatia,SH.DTH.INJR.ZS,2015,5.2138919912413
HRV,Croatia,SH.DTH.INJR.ZS,2010,5.54007325872245
CUB,Cuba,SH.DTH.INJR.ZS,2019,7.28329148860196
CUB,Cuba,SH.DTH.INJR.ZS,2015,7.85779389166149
CUB,Cuba,SH.DTH.INJR.ZS,2010,7.72938907267711
CYP,Cyprus,SH.DTH.INJR.ZS,2019,5.62016675216972
CYP,Cyprus,SH.DTH.INJR.ZS,2015,4.73460325208658
CYP,Cyprus,SH.DTH.INJR.ZS,2010,5.63990863543435
CZE,Czechia,SH.DTH.INJR.ZS,2019,4.79124945427617
CZE,Czechia,SH.DTH.INJR.ZS,2015,4.98194327936862
CZE,Czechia,SH.DTH.INJR.ZS,2010,5.53536141277903
DNK,Denmark,SH.DTH.INJR.ZS,2019,3.86528904732642
DNK,Denmark,SH.DTH.INJR.ZS,2015,3.49919234813705
DNK,Denmark,SH.DTH.INJR.ZS,2010,3.55457336506897
DJI,Djibouti,SH.DTH.INJR.ZS,2019,10.1309235533304
DJI,Djibouti,SH.DTH.INJR.ZS,2015,9.05510087508805
DJI,Djibouti,SH.DTH.INJR.ZS,2010,8.23222624495258
DOM,Dominican Republic,SH.DTH.INJR.ZS,2019,12.4916141500667
DOM,Dominican Republic,SH.DTH.INJR.ZS,2015,12.4792590658059
DOM,Dominican Republic,SH.DTH.INJR.ZS,2010,13.2253896689256
ECU,Ecuador,SH.DTH.INJR.ZS,2019,11.9044913192225
ECU,Ecuador,SH.DTH.INJR.ZS,2015,12.4293666931944
ECU,Ecuador,SH.DTH.INJR.ZS,2010,15.9199516461103
EGY,"Egypt, Arab Rep.",SH.DTH.INJR.ZS,2019,4.83438009615325
EGY,"Egypt, Arab Rep.",SH.DTH.INJR.ZS,2015,5.26506622034023
EGY,"Egypt, Arab Rep.",SH.DTH.INJR.ZS,2010,5.57951171468352
SLV,El Salvador,SH.DTH.INJR.ZS,2019,23.0256602137613
SLV,El Salvador,SH.DTH.INJR.ZS,2015,22.2841345751689
SLV,El Salvador,SH.DTH.INJR.ZS,2010,22.1113967242721
GNQ,Equatorial Guinea,SH.DTH.INJR.ZS,2019,5.12674024290284
GNQ,Equatorial Guinea,SH.DTH.INJR.ZS,2015,4.85084711274194
GNQ,Equatorial Guinea,SH.DTH.INJR.ZS,2010,4.65846933670228
ERI,Eritrea,SH.DTH.INJR.ZS,2019,10.326534552305
ERI,Eritrea,SH.DTH.INJR.ZS,2015,10.1865181985718
ERI,Eritrea,SH.DTH.INJR.ZS,2010,9.97541315542133
EST,Estonia,SH.DTH.INJR.ZS,2019,4.23336469725413
EST,Estonia,SH.DTH.INJR.ZS,2015,4.35630543139129
EST,Estonia,SH.DTH.INJR.ZS,2010,5.84397323215552
SWZ,Eswatini,SH.DTH.INJR.ZS,2019,9.27366060692585
SWZ,Eswatini,SH.DTH.INJR.ZS,2015,7.7860222871561
SWZ,Eswatini,SH.DTH.INJR.ZS,2010,6.9058853328528
ETH,Ethiopia,SH.DTH.INJR.ZS,2019,10.4503242656008
ETH,Ethiopia,SH.DTH.INJR.ZS,2015,9.60761906846578
ETH,Ethiopia,SH.DTH.INJR.ZS,2010,8.58520774669027
FJI,Fiji,SH.DTH.INJR.ZS,2019,4.48107520058785
FJI,Fiji,SH.DTH.INJR.ZS,2015,5.39453955670909
FJI,Fiji,SH.DTH.INJR.ZS,2010,5.70360147277701
FIN,Finland,SH.DTH.INJR.ZS,2019,5.36115719404806
FIN,Finland,SH.DTH.INJR.ZS,2015,5.48128013302004
FIN,Finland,SH.DTH.INJR.ZS,2010,6.63319824483817
FRA,France,SH.DTH.INJR.ZS,2019,6.7038544937497
FRA,France,SH.DTH.INJR.ZS,2015,6.64115292351335
FRA,France,SH.DTH.INJR.ZS,2010,6.92917961985392
GAB,Gabon,SH.DTH.INJR.ZS,2019,7.11021628345882
GAB,Gabon,SH.DTH.INJR.ZS,2015,7.05122543421982
GAB,Gabon,SH.DTH.INJR.ZS,2010,6.52454911587846
GMB,"Gambia, The",SH.DTH.INJR.ZS,2019,8.78467029654161
GMB,"Gambia, The",SH.DTH.INJR.ZS,2015,8.78908060543214
GMB,"Gambia, The",SH.DTH.INJR.ZS,2010,7.76191998849362
GEO,Georgia,SH.DTH.INJR.ZS,2019,4.74756679958602
GEO,Georgia,SH.DTH.INJR.ZS,2015,3.43705864577616
GEO,Georgia,SH.DTH.INJR.ZS,2010,3.22928062885992
DEU,Germany,SH.DTH.INJR.ZS,2019,4.45614479643428
DEU,Germany,SH.DTH.INJR.ZS,2015,3.952994026994
DEU,Germany,SH.DTH.INJR.ZS,2010,3.84901970228771
GHA,Ghana,SH.DTH.INJR.ZS,2019,7.68298475607998
GHA,Ghana,SH.DTH.INJR.ZS,2015,7.47176078067912
GHA,Ghana,SH.DTH.INJR.ZS,2010,6.74302937294902
GRC,Greece,SH.DTH.INJR.ZS,2019,3.41642549243193
GRC,Greece,SH.DTH.INJR.ZS,2015,3.13949921694409
GRC,Greece,SH.DTH.INJR.ZS,2010,2.92878206333843
GRD,Grenada,SH.DTH.INJR.ZS,2019,5.40295589555856
GRD,Grenada,SH.DTH.INJR.ZS,2015,4.81897983062386
GRD,Grenada,SH.DTH.INJR.ZS,2010,4.40353547329125
GTM,Guatemala,SH.DTH.INJR.ZS,2019,14.8761245767804
GTM,Guatemala,SH.DTH.INJR.ZS,2015,15.3598192898898
GTM,Guatemala,SH.DTH.INJR.ZS,2010,18.0135832948041
GIN,Guinea,SH.DTH.INJR.ZS,2019,7.42724307487561
GIN,Guinea,SH.DTH.INJR.ZS,2015,7.20383039979398
GIN,Guinea,SH.DTH.INJR.ZS,2010,6.66527720165021
GNB,Guinea-Bissau,SH.DTH.INJR.ZS,2019,8.26501485412512
GNB,Guinea-Bissau,SH.DTH.INJR.ZS,2015,7.65094978838846
GNB,Guinea-Bissau,SH.DTH.INJR.ZS,2010,6.88250239717738
GUY,Guyana,SH.DTH.INJR.ZS,2019,12.7327249027681
GUY,Guyana,SH.DTH.INJR.ZS,2015,13.7338964293179
GUY,Guyana,SH.DTH.INJR.ZS,2010,13.2778526801083
HTI,Haiti,SH.DTH.INJR.ZS,2019,10.6523566281656
HTI,Haiti,SH.DTH.INJR.ZS,2015,10.1748273609669
HTI,Haiti,SH.DTH.INJR.ZS,2010,69.1521302453288
HND,Honduras,SH.DTH.INJR.ZS,2019,21.0224392663436
HND,Honduras,SH.DTH.INJR.ZS,2015,22.0929415703175
HND,Honduras,SH.DTH.INJR.ZS,2010,25.0406929307637
HUN,Hungary,SH.DTH.INJR.ZS,2019,4.15577295096737
HUN,Hungary,SH.DTH.INJR.ZS,2015,4.53237189053374
HUN,Hungary,SH.DTH.INJR.ZS,2010,5.45619719076852
ISL,Iceland,SH.DTH.INJR.ZS,2019,5.65776055710356
ISL,Iceland,SH.DTH.INJR.ZS,2015,5.77740032512567
ISL,Iceland,SH.DTH.INJR.ZS,2010,5.53423920675402
IND,India,SH.DTH.INJR.ZS,2019,10.4270379434828
IND,India,SH.DTH.INJR.ZS,2015,10.5641382632894
IND,India,SH.DTH.INJR.ZS,2010,10.6414143844622
IDN,Indonesia,SH.DTH.INJR.ZS,2019,4.86887344927557
IDN,Indonesia,SH.DTH.INJR.ZS,2015,5.11872347383595
IDN,Indonesia,SH.DTH.INJR.ZS,2010,5.37035083952131
IRN,"Iran, Islamic Rep.",SH.DTH.INJR.ZS,2019,9.72271692241148
IRN,"Iran, Islamic Rep.",SH.DTH.INJR.ZS,2015,10.9418143514719
IRN,"Iran, Islamic Rep.",SH.DTH.INJR.ZS,2010,15.1016302520438
IRQ,Iraq,SH.DTH.INJR.ZS,2019,17.612732495029
IRQ,Iraq,SH.DTH.INJR.ZS,2015,30.4908542622594
IRQ,Iraq,SH.DTH.INJR.ZS,2010,19.4735626466013
IRL,Ireland,SH.DTH.INJR.ZS,2019,3.65908531863479
IRL,Ireland,SH.DTH.INJR.ZS,2015,3.7755696232855
IRL,Ireland,SH.DTH.INJR.ZS,2010,5.07728280937815
ISR,Israel,SH.DTH.INJR.ZS,2019,4.27341380390644
ISR,Israel,SH.DTH.INJR.ZS,2015,4.2859806883986
ISR,Israel,SH.DTH.INJR.ZS,2010,5.33216773106782
ITA,Italy,SH.DTH.INJR.ZS,2019,3.85090039961865
ITA,Italy,SH.DTH.INJR.ZS,2015,3.72418541835534
ITA,Italy,SH.DTH.INJR.ZS,2010,4.11191023374171
JAM,Jamaica,SH.DTH.INJR.ZS,2019,11.9827464774497
JAM,Jamaica,SH.DTH.INJR.ZS,2015,11.4018411254553
JAM,Jamaica,SH.DTH.INJR.ZS,2010,13.9770174813681
JPN,Japan,SH.DTH.INJR.ZS,2019,4.93324424316536
JPN,Japan,SH.DTH.INJR.ZS,2015,5.35798559939528
JPN,Japan,SH.DTH.INJR.ZS,2010,6.4467405284169
JOR,Jordan,SH.DTH.INJR.ZS,2019,10.602121475615
JOR,Jordan,SH.DTH.INJR.ZS,2015,10.6276490330697
JOR,Jordan,SH.DTH.INJR.ZS,2010,9.02913046450096
KAZ,Kazakhstan,SH.DTH.INJR.ZS,2019,8.25283629096749
KAZ,Kazakhstan,SH.DTH.INJR.ZS,2015,9.29946075428215
KAZ,Kazakhstan,SH.DTH.INJR.ZS,2010,10.7561739728413
KEN,Kenya,SH.DTH.INJR.ZS,2019,9.76817226365612
KEN,Kenya,SH.DTH.INJR.ZS,2015,8.52268842237245
KEN,Kenya,SH.DTH.INJR.ZS,2010,7.24955405014535
KIR,Kiribati,SH.DTH.INJR.ZS,2019,5.42025540251846
KIR,Kiribati,SH.DTH.INJR.ZS,2015,5.33447752235591
KIR,Kiribati,SH.DTH.INJR.ZS,2010,5.2642626627208
PRK,"Korea, Dem. People's Rep.",SH.DTH.INJR.ZS,2019,7.0314841468325
PRK,"Korea, Dem. People's Rep.",SH.DTH.INJR.ZS,2015,7.4472097097293
PRK,"Korea, Dem. People's Rep.",SH.DTH.INJR.ZS,2010,7.71010406136538
KOR,"Korea, Rep.",SH.DTH.INJR.ZS,2019,9.210276524388
KOR,"Korea, Rep.",SH.DTH.INJR.ZS,2015,10.4135497777175
KOR,"Korea, Rep.",SH.DTH.INJR.ZS,2010,12.8275086295842
KWT,Kuwait,SH.DTH.INJR.ZS,2019,11.8741136598922
KWT,Kuwait,SH.DTH.INJR.ZS,2015,14.21688389648
KWT,Kuwait,SH.DTH.INJR.ZS,2010,14.1380427198062
KGZ,Kyrgyz Republic,SH.DTH.INJR.ZS,2019,7.66084086793575
KGZ,Kyrgyz Republic,SH.DTH.INJR.ZS,2015,8.10179046574822
KGZ,Kyrgyz Republic,SH.DTH.INJR.ZS,2010,10.2166167728625
LAO,Lao PDR,SH.DTH.INJR.ZS,2019,9.39929508349287
LAO,Lao PDR,SH.DTH.INJR.ZS,2015,8.80736751904251
LAO,Lao PDR,SH.DTH.INJR.ZS,2010,9.02306847244977
LVA,Latvia,SH.DTH.INJR.ZS,2019,4.76588931547572
LVA,Latvia,SH.DTH.INJR.ZS,2015,5.75928145627678
LVA,Latvia,SH.DTH.INJR.ZS,2010,6.51271835719272
LBN,Lebanon,SH.DTH.INJR.ZS,2019,7.29975345744102
LBN,Lebanon,SH.DTH.INJR.ZS,2015,9.46097392734765
LBN,Lebanon,SH.DTH.INJR.ZS,2010,10.3513779065002
LSO,Lesotho,SH.DTH.INJR.ZS,2019,9.95245304767527
LSO,Lesotho,SH.DTH.INJR.ZS,2015,8.44320638166285
LSO,Lesotho,SH.DTH.INJR.ZS,2010,8.20243075062105
LBR,Liberia,SH.DTH.INJR.ZS,2019,8.64462648203782
LBR,Liberia,SH.DTH.INJR.ZS,2015,7.11629610597535
LBR,Liberia,SH.DTH.INJR.ZS,2010,6.96069830685051
LBY,Libya,SH.DTH.INJR.ZS,2019,16.1384466146379
LBY,Libya,SH.DTH.INJR.ZS,2015,23.4132104252023
LBY,Libya,SH.DTH.INJR.ZS,2010,16.2020829520557
LTU,Lithuania,SH.DTH.INJR.ZS,2019,5.79943533186956
LTU,Lithuania,SH.DTH.INJR.ZS,2015,6.79171854216886
LTU,Lithuania,SH.DTH.INJR.ZS,2010,8.77629006018269
LUX,Luxembourg,SH.DTH.INJR.ZS,2019,5.88312501485675
LUX,Luxembourg,SH.DTH.INJR.ZS,2015,6.68472172022093
LUX,Luxembourg,SH.DTH.INJR.ZS,2010,6.59468221122579
MDG,Madagascar,SH.DTH.INJR.ZS,2019,9.51466024844342
MDG,Madagascar,SH.DTH.INJR.ZS,2015,9.38535842987915
MDG,Madagascar,SH.DTH.INJR.ZS,2010,8.72274573705731
MWI,Malawi,SH.DTH.INJR.ZS,2019,7.78266309349767
MWI,Malawi,SH.DTH.INJR.ZS,2015,6.6908506763091
MWI,Malawi,SH.DTH.INJR.ZS,2010,4.80751606489506
MYS,Malaysia,SH.DTH.INJR.ZS,2019,7.8973177804395
MYS,Malaysia,SH.DTH.INJR.ZS,2015,8.57445167867054
MYS,Malaysia,SH.DTH.INJR.ZS,2010,9.50548008384431
MDV,Maldives,SH.DTH.INJR.ZS,2019,3.8907985711571
MDV,Maldives,SH.DTH.INJR.ZS,2015,6.36193331335314
MDV,Maldives,SH.DTH.INJR.ZS,2010,6.03252742313065
MLI,Mali,SH.DTH.INJR.ZS,2019,9.23379349558095
MLI,Mali,SH.DTH.INJR.ZS,2015,8.14019557072262
MLI,Mali,SH.DTH.INJR.ZS,2010,7.263461621063
MLT,Malta,SH.DTH.INJR.ZS,2019,3.31019672434162
MLT,Malta,SH.DTH.INJR.ZS,2015,3.31349047439983
MLT,Malta,SH.DTH.INJR.ZS,2010,3.56459683518824
MRT,Mauritania,SH.DTH.INJR.ZS,2019,9.29140292022641
MRT,Mauritania,SH.DTH.INJR.ZS,2015,8.99295390566067
MRT,Mauritania,SH.DTH.INJR.ZS,2010,8.89081569038508
MUS,Mauritius,SH.DTH.INJR.ZS,2019,4.82728279715521
MUS,Mauritius,SH.DTH.INJR.ZS,2015,5.33530410447259
MUS,Mauritius,SH.DTH.INJR.ZS,2010,6.2556225821612
MEX,Mexico,SH.DTH.INJR.ZS,2019,11.7230599290888
MEX,Mexico,SH.DTH.INJR.ZS,2015,10.6567203449516
MEX,Mexico,SH.DTH.INJR.ZS,2010,12.4694539748252
FSM,"Micronesia, Fed. Sts.",SH.DTH.INJR.ZS,2019,8.83791106055538
FSM,"Micronesia, Fed. Sts.",SH.DTH.INJR.ZS,2015,9.76820948273821
FSM,"Micronesia, Fed. Sts.",SH.DTH.INJR.ZS,2010,7.98404862626182
MDA,Moldova,SH.DTH.INJR.ZS,2019,5.25706659986141
MDA,Moldova,SH.DTH.INJR.ZS,2015,6.0628491259668
MDA,Moldova,SH.DTH.INJR.ZS,2010,7.59293653625082
MNG,Mongolia,SH.DTH.INJR.ZS,2019,11.6847354139552
MNG,Mongolia,SH.DTH.INJR.ZS,2015,12.3237584139932
MNG,Mongolia,SH.DTH.INJR.ZS,2010,12.2015856539219
MNE,Montenegro,SH.DTH.INJR.ZS,2019,3.5184452146147
MNE,Montenegro,SH.DTH.INJR.ZS,2015,3.85457283676861
MNE,Montenegro,SH.DTH.INJR.ZS,2010,4.72224839143679
MAR,Morocco,SH.DTH.INJR.ZS,2019,6.64824820166555
MAR,Morocco,SH.DTH.INJR.ZS,2015,7.50797132322852
MAR,Morocco,SH.DTH.INJR.ZS,2010,9.07131168251569
MOZ,Mozambique,SH.DTH.INJR.ZS,2019,8.4410623904225
MOZ,Mozambique,SH.DTH.INJR.ZS,2015,6.79617482738879
MOZ,Mozambique,SH.DTH.INJR.ZS,2010,5.59791837957742
MMR,Myanmar,SH.DTH.INJR.ZS,2019,8.18877395968738
MMR,Myanmar,SH.DTH.INJR.ZS,2015,8.57082313306115
MMR,Myanmar,SH.DTH.INJR.ZS,2010,8.49367263505258
NAM,Namibia,SH.DTH.INJR.ZS,2019,9.18523008520053
NAM,Namibia,SH.DTH.INJR.ZS,2015,9.42993799259365
NAM,Namibia,SH.DTH.INJR.ZS,2010,7.92029477292559
NPL,Nepal,SH.DTH.INJR.ZS,2019,10.2606324116317
NPL,Nepal,SH.DTH.INJR.ZS,2015,13.9776961579348
NPL,Nepal,SH.DTH.INJR.ZS,2010,10.7578228363691
NLD,Netherlands,SH.DTH.INJR.ZS,2019,5.6981657574647
NLD,Netherlands,SH.DTH.INJR.ZS,2015,4.91293380805311
NLD,Netherlands,SH.DTH.INJR.ZS,2010,4.20371079118244
NZL,New Zealand,SH.DTH.INJR.ZS,2019,6.17960079791163
NZL,New Zealand,SH.DTH.INJR.ZS,2015,5.80091280534629
NZL,New Zealand,SH.DTH.INJR.ZS,2010,6.54373937286089
NIC,Nicaragua,SH.DTH.INJR.ZS,2019,10.9894876559714
NIC,Nicaragua,SH.DTH.INJR.ZS,2015,10.6623301469404
NIC,Nicaragua,SH.DTH.INJR.ZS,2010,13.4941645483736
NER,Niger,SH.DTH.INJR.ZS,2019,9.12504062778573
NER,Niger,SH.DTH.INJR.ZS,2015,8.85024805904055
NER,Niger,SH.DTH.INJR.ZS,2010,6.93136470042498
NGA,Nigeria,SH.DTH.INJR.ZS,2019,7.0591441794912
NGA,Nigeria,SH.DTH.INJR.ZS,2015,6.81007705025621
NGA,Nigeria,SH.DTH.INJR.ZS,2010,5.82284550978598
MKD,North Macedonia,SH.DTH.INJR.ZS,2019,2.19800884902036
MKD,North Macedonia,SH.DTH.INJR.ZS,2015,2.53715075677197
MKD,North Macedonia,SH.DTH.INJR.ZS,2010,3.12431410273513
NOR,Norway,SH.DTH.INJR.ZS,2019,5.67522007367704
NOR,Norway,SH.DTH.INJR.ZS,2015,5.28544981612123
NOR,Norway,SH.DTH.INJR.ZS,2010,5.35869552462936
OMN,Oman,SH.DTH.INJR.ZS,2019,9.65728070050583
OMN,Oman,SH.DTH.INJR.ZS,2015,15.062961789442
OMN,Oman,SH.DTH.INJR.ZS,2010,14.1792624861026
PAK,Pakistan,SH.DTH.INJR.ZS,2019,8.4271893223213
PAK,Pakistan,SH.DTH.INJR.ZS,2015,8.63178621719972
PAK,Pakistan,SH.DTH.INJR.ZS,2010,8.11040907362249
PAN,Panama,SH.DTH.INJR.ZS,2019,8.11824753275101
PAN,Panama,SH.DTH.INJR.ZS,2015,9.46465419644409
PAN,Panama,SH.DTH.INJR.ZS,2010,12.6128625988915
PNG,Papua New Guinea,SH.DTH.INJR.ZS,2019,8.74576434159216
PNG,Papua New Guinea,SH.DTH.INJR.ZS,2015,8.80113461858192
PNG,Papua New Guinea,SH.DTH.INJR.ZS,2010,8.14744230562638
PRY,Paraguay,SH.DTH.INJR.ZS,2019,11.3389461139547
PRY,Paraguay,SH.DTH.INJR.ZS,2015,11.9711942531706
PRY,Paraguay,SH.DTH.INJR.ZS,2010,12.954598341523
PER,Peru,SH.DTH.INJR.ZS,2019,9.15124404014698
PER,Peru,SH.DTH.INJR.ZS,2015,10.4313650366304
PER,Peru,SH.DTH.INJR.ZS,2010,8.84852966895156
PHL,Philippines,SH.DTH.INJR.ZS,2019,7.90963053141549
PHL,Philippines,SH.DTH.INJR.ZS,2015,8.33932429126312
PHL,Philippines,SH.DTH.INJR.ZS,2010,8.6225171701493
POL,Poland,SH.DTH.INJR.ZS,2019,4.69392074358082
POL,Poland,SH.DTH.INJR.ZS,2015,4.81777711012076
POL,Poland,SH.DTH.INJR.ZS,2010,5.99181875975169
PRT,Portugal,SH.DTH.INJR.ZS,2019,4.54450029156641
PRT,Portugal,SH.DTH.INJR.ZS,2015,4.4138708393808
PRT,Portugal,SH.DTH.INJR.ZS,2010,4.22778375279825
PRI,Puerto Rico (US),SH.DTH.INJR.ZS,2019,6.60373638538279
PRI,Puerto Rico (US),SH.DTH.INJR.ZS,2015,6.70959886246454
PRI,Puerto Rico (US),SH.DTH.INJR.ZS,2010,6.94175904625615
QAT,Qatar,SH.DTH.INJR.ZS,2019,21.4482100779865
QAT,Qatar,SH.DTH.INJR.ZS,2015,23.972957044982
QAT,Qatar,SH.DTH.INJR.ZS,2010,24.5804382231549
ROU,Romania,SH.DTH.INJR.ZS,2019,3.70706191521815
ROU,Romania,SH.DTH.INJR.ZS,2015,3.65689949813271
ROU,Romania,SH.DTH.INJR.ZS,2010,4.47481855587745
RUS,Russian Federation,SH.DTH.INJR.ZS,2019,6.71530594471905
RUS,Russian Federation,SH.DTH.INJR.ZS,2015,8.33093768607038
RUS,Russian Federation,SH.DTH.INJR.ZS,2010,9.43642431742651
RWA,Rwanda,SH.DTH.INJR.ZS,2019,10.2164066359867
RWA,Rwanda,SH.DTH.INJR.ZS,2015,9.67850397835142
RWA,Rwanda,SH.DTH.INJR.ZS,2010,9.47848125199289
WSM,Samoa,SH.DTH.INJR.ZS,2019,6.69131053651579
WSM,Samoa,SH.DTH.INJR.ZS,2015,7.00542606135942
WSM,Samoa,SH.DTH.INJR.ZS,2010,7.1249650276688
STP,Sao Tome and Principe,SH.DTH.INJR.ZS,2019,6.83820557496547
STP,Sao Tome and Principe,SH.DTH.INJR.ZS,2015,6.18707201660989
STP,Sao Tome and Principe,SH.DTH.INJR.ZS,2010,6.77161558383325
SAU,Saudi Arabia,SH.DTH.INJR.ZS,2019,15.4934288242652
SAU,Saudi Arabia,SH.DTH.INJR.ZS,2015,23.3560776321031
SAU,Saudi Arabia,SH.DTH.INJR.ZS,2010,19.0514555569026
SEN,Senegal,SH.DTH.INJR.ZS,2019,11.0604746727567
SEN,Senegal,SH.DTH.INJR.ZS,2015,10.4927642830948
SEN,Senegal,SH.DTH.INJR.ZS,2010,9.88550835914224
SRB,Serbia,SH.DTH.INJR.ZS,2019,2.8013762179831
SRB,Serbia,SH.DTH.INJR.ZS,2015,2.98927694128968
SRB,Serbia,SH.DTH.INJR.ZS,2010,3.2433586912421
SYC,Seychelles,SH.DTH.INJR.ZS,2019,7.22048466747271
SYC,Seychelles,SH.DTH.INJR.ZS,2015,8.51551537560696
SYC,Seychelles,SH.DTH.INJR.ZS,2010,8.0070080075558
SLE,Sierra Leone,SH.DTH.INJR.ZS,2019,8.29765820146419
SLE,Sierra Leone,SH.DTH.INJR.ZS,2015,6.25158610293345
SLE,Sierra Leone,SH.DTH.INJR.ZS,2010,5.87932662778389
SGP,Singapore,SH.DTH.INJR.ZS,2019,3.85686655146427
SGP,Singapore,SH.DTH.INJR.ZS,2015,4.21971065858634
SGP,Singapore,SH.DTH.INJR.ZS,2010,5.20543701917987
SVK,Slovak Republic,SH.DTH.INJR.ZS,2019,5.53552661687772
SVK,Slovak Republic,SH.DTH.INJR.ZS,2015,5.48200135788521
SVK,Slovak Republic,SH.DTH.INJR.ZS,2010,5.32584304968526
SVN,Slovenia,SH.DTH.INJR.ZS,2019,7.35754218107219
SVN,Slovenia,SH.DTH.INJR.ZS,2015,6.84881826520423
SVN,Slovenia,SH.DTH.INJR.ZS,2010,7.87011507730821
SLB,Solomon Islands,SH.DTH.INJR.ZS,2019,9.56259636589968
SLB,Solomon Islands,SH.DTH.INJR.ZS,2015,10.2979777121839
SLB,Solomon Islands,SH.DTH.INJR.ZS,2010,10.1612423622686
SOM,"Somalia, Fed. Rep.",SH.DTH.INJR.ZS,2019,9.98020133701671
SOM,"Somalia, Fed. Rep.",SH.DTH.INJR.ZS,2015,8.56371051845916
SOM,"Somalia, Fed. Rep.",SH.DTH.INJR.ZS,2010,7.34369503423825
ZAF,South Africa,SH.DTH.INJR.ZS,2019,11.7419609787028
ZAF,South Africa,SH.DTH.INJR.ZS,2015,11.3585566162856
ZAF,South Africa,SH.DTH.INJR.ZS,2010,8.91548794267872
SSD,South Sudan,SH.DTH.INJR.ZS,2019,10.2939330988658
SSD,South Sudan,SH.DTH.INJR.ZS,2015,10.5058403216363
SSD,South Sudan,SH.DTH.INJR.ZS,2010,8.5251177668922
ESP,Spain,SH.DTH.INJR.ZS,2019,3.6976133185325
ESP,Spain,SH.DTH.INJR.ZS,2015,3.4452000234237
ESP,Spain,SH.DTH.INJR.ZS,2010,3.6110973553923
LKA,Sri Lanka,SH.DTH.INJR.ZS,2019,8.91698674052272
LKA,Sri Lanka,SH.DTH.INJR.ZS,2015,8.39158239454575
LKA,Sri Lanka,SH.DTH.INJR.ZS,2010,15.83901519825
LCA,St. Lucia,SH.DTH.INJR.ZS,2019,10.0219570253758
LCA,St. Lucia,SH.DTH.INJR.ZS,2015,10.5304885208229
LCA,St. Lucia,SH.DTH.INJR.ZS,2010,13.6262235317581
VCT,St. Vincent and the Grenadines,SH.DTH.INJR.ZS,2019,7.00611510446564
VCT,St. Vincent and the Grenadines,SH.DTH.INJR.ZS,2015,8.86066023916238
VCT,St. Vincent and the Grenadines,SH.DTH.INJR.ZS,2010,7.47672172760388
SDN,Sudan,SH.DTH.INJR.ZS,2019,10.9781896038346
SDN,Sudan,SH.DTH.INJR.ZS,2015,11.5184715531707
SDN,Sudan,SH.DTH.INJR.ZS,2010,10.5885942395772
SUR,Suriname,SH.DTH.INJR.ZS,2019,10.9686167745692
SUR,Suriname,SH.DTH.INJR.ZS,2015,11.1829284357917
SUR,Suriname,SH.DTH.INJR.ZS,2010,12.8012446689353
SWE,Sweden,SH.DTH.INJR.ZS,2019,5.09503421162618
SWE,Sweden,SH.DTH.INJR.ZS,2015,5.06699922777991
SWE,Sweden,SH.DTH.INJR.ZS,2010,4.80453524216836
CHE,Switzerland,SH.DTH.INJR.ZS,2019,5.63464593752494
CHE,Switzerland,SH.DTH.INJR.ZS,2015,5.70363290694613
CHE,Switzerland,SH.DTH.INJR.ZS,2010,5.68223575716926
SYR,Syrian Arab Republic,SH.DTH.INJR.ZS,2019,30.9669912755892
SYR,Syrian Arab Republic,SH.DTH.INJR.ZS,2015,53.5030675393996
SYR,Syrian Arab Republic,SH.DTH.INJR.ZS,2010,7.50437728198589
TJK,Tajikistan,SH.DTH.INJR.ZS,2019,9.54789798908923
TJK,Tajikistan,SH.DTH.INJR.ZS,2015,9.28970649076894
TJK,Tajikistan,SH.DTH.INJR.ZS,2010,8.95913700532292
TZA,Tanzania,SH.DTH.INJR.ZS,2019,8.76554067632694
TZA,Tanzania,SH.DTH.INJR.ZS,2015,7.78477989873831
TZA,Tanzania,SH.DTH.INJR.ZS,2010,6.22548405569129
THA,Thailand,SH.DTH.INJR.ZS,2019,10.1421644536742
THA,Thailand,SH.DTH.INJR.ZS,2015,11.858337100884
THA,Thailand,SH.DTH.INJR.ZS,2010,13.1925865107457
TLS,Timor-Leste,SH.DTH.INJR.ZS,2019,7.29038022009542
TLS,Timor-Leste,SH.DTH.INJR.ZS,2015,7.24342515130652
TLS,Timor-Leste,SH.DTH.INJR.ZS,2010,7.80307983939825
TGO,Togo,SH.DTH.INJR.ZS,2019,9.7221424128473
TGO,Togo,SH.DTH.INJR.ZS,2015,8.71306278053969
TGO,Togo,SH.DTH.INJR.ZS,2010,7.81573306768315
TON,Tonga,SH.DTH.INJR.ZS,2019,5.93996505583456
TON,Tonga,SH.DTH.INJR.ZS,2015,5.80395843762138
TON,Tonga,SH.DTH.INJR.ZS,2010,5.95401298392618
TTO,Trinidad and Tobago,SH.DTH.INJR.ZS,2019,11.4886498720919
TTO,Trinidad and Tobago,SH.DTH.INJR.ZS,2015,11.363365182255
TTO,Trinidad and Tobago,SH.DTH.INJR.ZS,2010,14.3113133140609
TUN,Tunisia,SH.DTH.INJR.ZS,2019,7.5240027145251
TUN,Tunisia,SH.DTH.INJR.ZS,2015,8.87349639997246
TUN,Tunisia,SH.DTH.INJR.ZS,2010,9.00459398825597
TUR,Turkiye,SH.DTH.INJR.ZS,2019,4.82705605788395
TUR,Turkiye,SH.DTH.INJR.ZS,2015,5.7480832708973
TUR,Turkiye,SH.DTH.INJR.ZS,2010,5.37854379586017
TKM,Turkmenistan,SH.DTH.INJR.ZS,2019,6.19234264692212
TKM,Turkmenistan,SH.DTH.INJR.ZS,2015,6.7778439874044
TKM,Turkmenistan,SH.DTH.INJR.ZS,2010,8.0671730830143
UGA,Uganda,SH.DTH.INJR.ZS,2019,10.6479231238643
UGA,Uganda,SH.DTH.INJR.ZS,2015,8.84422536017516
UGA,Uganda,SH.DTH.INJR.ZS,2010,7.50712802458517
UKR,Ukraine,SH.DTH.INJR.ZS,2019,4.92350193980649
UKR,Ukraine,SH.DTH.INJR.ZS,2015,5.4242150302314
UKR,Ukraine,SH.DTH.INJR.ZS,2010,5.42366547712011
ARE,United Arab Emirates,SH.DTH.INJR.ZS,2019,17.350128711339
ARE,United Arab Emirates,SH.DTH.INJR.ZS,2015,20.5695463289312
ARE,United Arab Emirates,SH.DTH.INJR.ZS,2010,24.9873548924207
GBR,United Kingdom,SH.DTH.INJR.ZS,2019,3.73530139017479
GBR,United Kingdom,SH.DTH.INJR.ZS,2015,3.43573407911823
GBR,United Kingdom,SH.DTH.INJR.ZS,2010,3.37295981790841
USA,United States,SH.DTH.INJR.ZS,2019,6.65556242067355
USA,United States,SH.DTH.INJR.ZS,2015,6.43822716383771
USA,United States,SH.DTH.INJR.ZS,2010,6.26579250563157
URY,Uruguay,SH.DTH.INJR.ZS,2019,6.93497905331545
URY,Uruguay,SH.DTH.INJR.ZS,2015,7.51428104050594
URY,Uruguay,SH.DTH.INJR.ZS,2010,6.83542241269427
UZB,Uzbekistan,SH.DTH.INJR.ZS,2019,5.8908615951043
UZB,Uzbekistan,SH.DTH.INJR.ZS,2015,5.83307231043512
UZB,Uzbekistan,SH.DTH.INJR.ZS,2010,5.32225631526131
VUT,Vanuatu,SH.DTH.INJR.ZS,2019,8.59844189932891
VUT,Vanuatu,SH.DTH.INJR.ZS,2015,9.31076902095372
VUT,Vanuatu,SH.DTH.INJR.ZS,2010,8.83201964657046
VEN,"Venezuela, RB",SH.DTH.INJR.ZS,2019,16.0074247529577
VEN,"Venezuela, RB",SH.DTH.INJR.ZS,2015,19.2540408341031
VEN,"Venezuela, RB",SH.DTH.INJR.ZS,2010,21.5875886228975
VNM,Viet Nam,SH.DTH.INJR.ZS,2019,9.80912274973704
VNM,Viet Nam,SH.DTH.INJR.ZS,2015,10.615779929768
VNM,Viet Nam,SH.DTH.INJR.ZS,2010,11.6198041936494
PSE,West Bank and Gaza,SH.DTH.INJR.ZS,2019,7.36919155252722
PSE,West Bank and Gaza,SH.DTH.INJR.ZS,2015,7.78320253210563
PSE,West Bank and Gaza,SH.DTH.INJR.ZS,2010,10.0233838284483
YEM,"Yemen, Rep.",SH.DTH.INJR.ZS,2019,26.4563953548638
YEM,"Yemen, Rep.",SH.DTH.INJR.ZS,2015,17.9936109348735
YEM,"Yemen, Rep.",SH.DTH.INJR.ZS,2010,12.1268731033511
ZMB,Zambia,SH.DTH.INJR.ZS,2019,6.78025345001386
ZMB,Zambia,SH.DTH.INJR.ZS,2015,6.38717265746182
ZMB,Zambia,SH.DTH.INJR.ZS,2010,5.73757011129171
ZWE,Zimbabwe,SH.DTH.INJR.ZS,2019,9.8413728224972
ZWE,Zimbabwe,SH.DTH.INJR.ZS,2015,8.06007984169238
ZWE,Zimbabwe,SH.DTH.INJR.ZS,2010,6.45808761111669
AFE,Africa Eastern and Southern,SH.H2O.BASW.ZS,2019,57.4022346532126
AFE,Africa Eastern and Southern,SH.H2O.BASW.ZS,2018,56.5693603466254
AFE,Africa Eastern and Southern,SH.H2O.BASW.ZS,2017,55.6943475745406
AFE,Africa Eastern and Southern,SH.H2O.BASW.ZS,2016,54.8424336805942
AFE,Africa Eastern and Southern,SH.H2O.BASW.ZS,2015,54.0095159166252
AFE,Africa Eastern and Southern,SH.H2O.BASW.ZS,2014,53.1389747894943
AFE,Africa Eastern and Southern,SH.H2O.BASW.ZS,2013,52.2308721249225
AFE,Africa Eastern and Southern,SH.H2O.BASW.ZS,2012,51.3326522371779
AFE,Africa Eastern and Southern,SH.H2O.BASW.ZS,2011,50.4410780550035
AFE,Africa Eastern and Southern,SH.H2O.BASW.ZS,2010,49.721758705411
AFW,Africa Western and Central,SH.H2O.BASW.ZS,2019,71.1874670177329
AFW,Africa Western and Central,SH.H2O.BASW.ZS,2018,70.1022934577208
AFW,Africa Western and Central,SH.H2O.BASW.ZS,2017,68.9990871776552
AFW,Africa Western and Central,SH.H2O.BASW.ZS,2016,67.9005741420609
AFW,Africa Western and Central,SH.H2O.BASW.ZS,2015,66.7980833330676
AFW,Africa Western and Central,SH.H2O.BASW.ZS,2014,65.6879174012317
AFW,Africa Western and Central,SH.H2O.BASW.ZS,2013,64.5780010278288
AFW,Africa Western and Central,SH.H2O.BASW.ZS,2012,63.4714533192758
AFW,Africa Western and Central,SH.H2O.BASW.ZS,2011,62.3619804615515
AFW,Africa Western and Central,SH.H2O.BASW.ZS,2010,61.251640077897
ARB,Arab World,SH.H2O.BASW.ZS,2019,88.1510613602946
ARB,Arab World,SH.H2O.BASW.ZS,2018,87.706780104734
ARB,Arab World,SH.H2O.BASW.ZS,2017,87.2943512725919
ARB,Arab World,SH.H2O.BASW.ZS,2016,86.8631668557642
ARB,Arab World,SH.H2O.BASW.ZS,2015,86.374438880746
ARB,Arab World,SH.H2O.BASW.ZS,2014,85.8592173981222
ARB,Arab World,SH.H2O.BASW.ZS,2013,85.3586689108062
ARB,Arab World,SH.H2O.BASW.ZS,2012,84.8197743294922
ARB,Arab World,SH.H2O.BASW.ZS,2011,84.2721084424979
ARB,Arab World,SH.H2O.BASW.ZS,2010,83.7063086354504
CSS,Caribbean small states,SH.H2O.BASW.ZS,2019,97.2434260676665
CSS,Caribbean small states,SH.H2O.BASW.ZS,2018,97.0592710435723
CSS,Caribbean small states,SH.H2O.BASW.ZS,2017,96.8569950700984
CSS,Caribbean small states,SH.H2O.BASW.ZS,2016,96.6668970026093
CSS,Caribbean small states,SH.H2O.BASW.ZS,2015,96.4771117148552
CSS,Caribbean small states,SH.H2O.BASW.ZS,2014,96.2822300959083
CSS,Caribbean small states,SH.H2O.BASW.ZS,2013,96.0838249497597
CSS,Caribbean small states,SH.H2O.BASW.ZS,2012,95.8947411156979
CSS,Caribbean small states,SH.H2O.BASW.ZS,2011,95.6902903786469
CSS,Caribbean small states,SH.H2O.BASW.ZS,2010,95.4808207106622
CEB,Central Europe and the Baltics,SH.H2O.BASW.ZS,2019,96.9917672531064
CEB,Central Europe and the Baltics,SH.H2O.BASW.ZS,2018,97.1607589637053
CEB,Central Europe and the Baltics,SH.H2O.BASW.ZS,2017,97.3309199684895
CEB,Central Europe and the Baltics,SH.H2O.BASW.ZS,2016,97.5002571842123
CEB,Central Europe and the Baltics,SH.H2O.BASW.ZS,2015,97.666449478817
CEB,Central Europe and the Baltics,SH.H2O.BASW.ZS,2014,97.8307543410059
CEB,Central Europe and the Baltics,SH.H2O.BASW.ZS,2013,97.9586487642164
CEB,Central Europe and the Baltics,SH.H2O.BASW.ZS,2012,98.0932765136922
CEB,Central Europe and the Baltics,SH.H2O.BASW.ZS,2011,98.2225801136422
CEB,Central Europe and the Baltics,SH.H2O.BASW.ZS,2010,98.3492315531476
EAR,Early-demographic dividend,SH.H2O.BASW.ZS,2019,90.4107398162026
EAR,Early-demographic dividend,SH.H2O.BASW.ZS,2018,89.9256815623134
EAR,Early-demographic dividend,SH.H2O.BASW.ZS,2017,89.4406105501963
EAR,Early-demographic dividend,SH.H2O.BASW.ZS,2016,89.0879784610035
EAR,Early-demographic dividend,SH.H2O.BASW.ZS,2015,88.5966668480896
EAR,Early-demographic dividend,SH.H2O.BASW.ZS,2014,88.0997186290469
EAR,Early-demographic dividend,SH.H2O.BASW.ZS,2013,87.5922518807891
EAR,Early-demographic dividend,SH.H2O.BASW.ZS,2012,87.0804314072115
EAR,Early-demographic dividend,SH.H2O.BASW.ZS,2011,86.5669676769277
EAR,Early-demographic dividend,SH.H2O.BASW.ZS,2010,86.0475907799972
EAS,East Asia & Pacific,SH.H2O.BASW.ZS,2019,93.2542147094899
EAS,East Asia & Pacific,SH.H2O.BASW.ZS,2018,92.8185407037215
EAS,East Asia & Pacific,SH.H2O.BASW.ZS,2017,92.3548898708684
EAS,East Asia & Pacific,SH.H2O.BASW.ZS,2016,91.885997256009
EAS,East Asia & Pacific,SH.H2O.BASW.ZS,2015,91.3999495256258
EAS,East Asia & Pacific,SH.H2O.BASW.ZS,2014,90.8973557611269
EAS,East Asia & Pacific,SH.H2O.BASW.ZS,2013,90.3775045298424
EAS,East Asia & Pacific,SH.H2O.BASW.ZS,2012,89.8418984209406
EAS,East Asia & Pacific,SH.H2O.BASW.ZS,2011,89.2885819323999
EAS,East Asia & Pacific,SH.H2O.BASW.ZS,2010,88.7119404213253
EAP,East Asia & Pacific (excluding high income),SH.H2O.BASW.ZS,2019,92.6046381344038
EAP,East Asia & Pacific (excluding high income),SH.H2O.BASW.ZS,2018,92.1250152208608
EAP,East Asia & Pacific (excluding high income),SH.H2O.BASW.ZS,2017,91.6137154644933
EAP,East Asia & Pacific (excluding high income),SH.H2O.BASW.ZS,2016,91.0953126311203
EAP,East Asia & Pacific (excluding high income),SH.H2O.BASW.ZS,2015,90.558120989651
EAP,East Asia & Pacific (excluding high income),SH.H2O.BASW.ZS,2014,90.0020557751214
EAP,East Asia & Pacific (excluding high income),SH.H2O.BASW.ZS,2013,89.4265046427156
EAP,East Asia & Pacific (excluding high income),SH.H2O.BASW.ZS,2012,88.8315366952303
EAP,East Asia & Pacific (excluding high income),SH.H2O.BASW.ZS,2011,88.2165722920225
EAP,East Asia & Pacific (excluding high income),SH.H2O.BASW.ZS,2010,87.5758248586429
TEA,East Asia & Pacific (IDA & IBRD countries),SH.H2O.BASW.ZS,2019,92.5895127194915
TEA,East Asia & Pacific (IDA & IBRD countries),SH.H2O.BASW.ZS,2018,92.0995996495091
TEA,East Asia & Pacific (IDA & IBRD countries),SH.H2O.BASW.ZS,2017,91.5775149728837
TEA,East Asia & Pacific (IDA & IBRD countries),SH.H2O.BASW.ZS,2016,91.0481075386808
TEA,East Asia & Pacific (IDA & IBRD countries),SH.H2O.BASW.ZS,2015,90.4995852704382
TEA,East Asia & Pacific (IDA & IBRD countries),SH.H2O.BASW.ZS,2014,89.9318443540872
TEA,East Asia & Pacific (IDA & IBRD countries),SH.H2O.BASW.ZS,2013,89.3442338178993
TEA,East Asia & Pacific (IDA & IBRD countries),SH.H2O.BASW.ZS,2012,88.736797951985
TEA,East Asia & Pacific (IDA & IBRD countries),SH.H2O.BASW.ZS,2011,88.108956100493
TEA,East Asia & Pacific (IDA & IBRD countries),SH.H2O.BASW.ZS,2010,87.4549646293659
EMU,Euro area,SH.H2O.BASW.ZS,2019,99.8705661466687
EMU,Euro area,SH.H2O.BASW.ZS,2018,99.8665634517002
EMU,Euro area,SH.H2O.BASW.ZS,2017,99.8623508965401
EMU,Euro area,SH.H2O.BASW.ZS,2016,99.857726730636
EMU,Euro area,SH.H2O.BASW.ZS,2015,99.852238611764
EMU,Euro area,SH.H2O.BASW.ZS,2014,99.8465315233689
EMU,Euro area,SH.H2O.BASW.ZS,2013,99.8361696784962
EMU,Euro area,SH.H2O.BASW.ZS,2012,99.826267390117
EMU,Euro area,SH.H2O.BASW.ZS,2011,99.8104246305325
EMU,Euro area,SH.H2O.BASW.ZS,2010,99.7931524563906
ECS,Europe & Central Asia,SH.H2O.BASW.ZS,2019,97.7709542119239
ECS,Europe & Central Asia,SH.H2O.BASW.ZS,2018,97.7106727832972
ECS,Europe & Central Asia,SH.H2O.BASW.ZS,2017,97.653749988695
ECS,Europe & Central Asia,SH.H2O.BASW.ZS,2016,97.5989581076702
ECS,Europe & Central Asia,SH.H2O.BASW.ZS,2015,97.5448607193325
ECS,Europe & Central Asia,SH.H2O.BASW.ZS,2014,97.4902679718736
ECS,Europe & Central Asia,SH.H2O.BASW.ZS,2013,97.4607641072222
ECS,Europe & Central Asia,SH.H2O.BASW.ZS,2012,97.4188400676326
ECS,Europe & Central Asia,SH.H2O.BASW.ZS,2011,97.3924168226242
ECS,Europe & Central Asia,SH.H2O.BASW.ZS,2010,97.3692642594128
ECA,Europe & Central Asia (excluding high income),SH.H2O.BASW.ZS,2019,94.9895011767673
ECA,Europe & Central Asia (excluding high income),SH.H2O.BASW.ZS,2018,94.6982176085004
ECA,Europe & Central Asia (excluding high income),SH.H2O.BASW.ZS,2017,94.4151202305829
ECA,Europe & Central Asia (excluding high income),SH.H2O.BASW.ZS,2016,94.1357178905389
ECA,Europe & Central Asia (excluding high income),SH.H2O.BASW.ZS,2015,93.8591243825484
ECA,Europe & Central Asia (excluding high income),SH.H2O.BASW.ZS,2014,93.5771237253465
ECA,Europe & Central Asia (excluding high income),SH.H2O.BASW.ZS,2013,93.3999965040642
ECA,Europe & Central Asia (excluding high income),SH.H2O.BASW.ZS,2012,93.1684156227713
ECA,Europe & Central Asia (excluding high income),SH.H2O.BASW.ZS,2011,93.004197186033
ECA,Europe & Central Asia (excluding high income),SH.H2O.BASW.ZS,2010,92.8392359856954
TEC,Europe & Central Asia (IDA & IBRD countries),SH.H2O.BASW.ZS,2019,95.6782782562723
TEC,Europe & Central Asia (IDA & IBRD countries),SH.H2O.BASW.ZS,2018,95.5647762485239
TEC,Europe & Central Asia (IDA & IBRD countries),SH.H2O.BASW.ZS,2017,95.4579536630718
TEC,Europe & Central Asia (IDA & IBRD countries),SH.H2O.BASW.ZS,2016,95.3548974727138
TEC,Europe & Central Asia (IDA & IBRD countries),SH.H2O.BASW.ZS,2015,95.2551824286251
TEC,Europe & Central Asia (IDA & IBRD countries),SH.H2O.BASW.ZS,2014,95.1543870722179
TEC,Europe & Central Asia (IDA & IBRD countries),SH.H2O.BASW.ZS,2013,95.1099137244297
TEC,Europe & Central Asia (IDA & IBRD countries),SH.H2O.BASW.ZS,2012,95.0378772818666
TEC,Europe & Central Asia (IDA & IBRD countries),SH.H2O.BASW.ZS,2011,95.0010636107841
TEC,Europe & Central Asia (IDA & IBRD countries),SH.H2O.BASW.ZS,2010,94.9658162549001
EUU,European Union,SH.H2O.BASW.ZS,2019,99.2369874870965
EUU,European Union,SH.H2O.BASW.ZS,2018,99.2727494368561
EUU,European Union,SH.H2O.BASW.ZS,2017,99.3088682079879
EUU,European Union,SH.H2O.BASW.ZS,2016,99.3449634545531
EUU,European Union,SH.H2O.BASW.ZS,2015,99.379948163614
EUU,European Union,SH.H2O.BASW.ZS,2014,99.4148094728497
EUU,European Union,SH.H2O.BASW.ZS,2013,99.4415806110876
EUU,European Union,SH.H2O.BASW.ZS,2012,99.4699966675556
EUU,European Union,SH.H2O.BASW.ZS,2011,99.4959289222003
EUU,European Union,SH.H2O.BASW.ZS,2010,99.521551551537
HPC,Heavily indebted poor countries (HIPC),SH.H2O.BASW.ZS,2019,59.0895405076298
HPC,Heavily indebted poor countries (HIPC),SH.H2O.BASW.ZS,2018,58.1266701906426
HPC,Heavily indebted poor countries (HIPC),SH.H2O.BASW.ZS,2017,57.1671411020392
HPC,Heavily indebted poor countries (HIPC),SH.H2O.BASW.ZS,2016,56.191047325717
HPC,Heavily indebted poor countries (HIPC),SH.H2O.BASW.ZS,2015,55.2295469405056
HPC,Heavily indebted poor countries (HIPC),SH.H2O.BASW.ZS,2014,54.2560004562749
HPC,Heavily indebted poor countries (HIPC),SH.H2O.BASW.ZS,2013,53.2841959671616
HPC,Heavily indebted poor countries (HIPC),SH.H2O.BASW.ZS,2012,52.3189544626513
HPC,Heavily indebted poor countries (HIPC),SH.H2O.BASW.ZS,2011,51.3493039406073
HPC,Heavily indebted poor countries (HIPC),SH.H2O.BASW.ZS,2010,50.3675146057592
IBD,IBRD only,SH.H2O.BASW.ZS,2019,93.6277711619947
IBD,IBRD only,SH.H2O.BASW.ZS,2018,93.2000490089869
IBD,IBRD only,SH.H2O.BASW.ZS,2017,92.7369615174709
IBD,IBRD only,SH.H2O.BASW.ZS,2016,92.3463111002493
IBD,IBRD only,SH.H2O.BASW.ZS,2015,91.8896285195363
IBD,IBRD only,SH.H2O.BASW.ZS,2014,91.42175811839
IBD,IBRD only,SH.H2O.BASW.ZS,2013,90.942278653617
IBD,IBRD only,SH.H2O.BASW.ZS,2012,90.4516750086742
IBD,IBRD only,SH.H2O.BASW.ZS,2011,89.9550512979798
IBD,IBRD only,SH.H2O.BASW.ZS,2010,89.4464334212094
IBT,IDA & IBRD total,SH.H2O.BASW.ZS,2019,87.905578382601
IBT,IDA & IBRD total,SH.H2O.BASW.ZS,2018,87.4481529307868
IBT,IDA & IBRD total,SH.H2O.BASW.ZS,2017,86.9665203397441
IBT,IDA & IBRD total,SH.H2O.BASW.ZS,2016,86.5600370260685
IBT,IDA & IBRD total,SH.H2O.BASW.ZS,2015,86.0832842385498
IBT,IDA & IBRD total,SH.H2O.BASW.ZS,2014,85.5984282461557
IBT,IDA & IBRD total,SH.H2O.BASW.ZS,2013,85.1080877081847
IBT,IDA & IBRD total,SH.H2O.BASW.ZS,2012,84.6117614852417
IBT,IDA & IBRD total,SH.H2O.BASW.ZS,2011,84.1114193418187
IBT,IDA & IBRD total,SH.H2O.BASW.ZS,2010,83.67573297554
IDB,IDA blend,SH.H2O.BASW.ZS,2019,79.8027534134502
IDB,IDA blend,SH.H2O.BASW.ZS,2018,79.0662178584742
IDB,IDA blend,SH.H2O.BASW.ZS,2017,78.3387178589227
IDB,IDA blend,SH.H2O.BASW.ZS,2016,77.620103968777
IDB,IDA blend,SH.H2O.BASW.ZS,2015,76.9133707029718
IDB,IDA blend,SH.H2O.BASW.ZS,2014,76.209645411966
IDB,IDA blend,SH.H2O.BASW.ZS,2013,75.5112985507598
IDB,IDA blend,SH.H2O.BASW.ZS,2012,74.8162725748922
IDB,IDA blend,SH.H2O.BASW.ZS,2011,74.1161575095905
IDB,IDA blend,SH.H2O.BASW.ZS,2010,73.4029159659387
IDX,IDA only,SH.H2O.BASW.ZS,2019,67.8802613008373
IDX,IDA only,SH.H2O.BASW.ZS,2018,67.0838583428561
IDX,IDA only,SH.H2O.BASW.ZS,2017,66.3043846130425
IDX,IDA only,SH.H2O.BASW.ZS,2016,65.4950879646878
IDX,IDA only,SH.H2O.BASW.ZS,2015,64.7365904590517
IDX,IDA only,SH.H2O.BASW.ZS,2014,63.9969032975705
IDX,IDA only,SH.H2O.BASW.ZS,2013,63.2904401038964
IDX,IDA only,SH.H2O.BASW.ZS,2012,62.6113655680888
IDX,IDA only,SH.H2O.BASW.ZS,2011,61.8887670364689
IDX,IDA only,SH.H2O.BASW.ZS,2010,61.3739483509604
IDA,IDA total,SH.H2O.BASW.ZS,2019,72.0943219697081
IDA,IDA total,SH.H2O.BASW.ZS,2018,71.3289394997945
IDA,IDA total,SH.H2O.BASW.ZS,2017,70.5760372651019
IDA,IDA total,SH.H2O.BASW.ZS,2016,69.7982963037325
IDA,IDA total,SH.H2O.BASW.ZS,2015,69.0652627513711
IDA,IDA total,SH.H2O.BASW.ZS,2014,68.3414194208084
IDA,IDA total,SH.H2O.BASW.ZS,2013,67.638573698387
IDA,IDA total,SH.H2O.BASW.ZS,2012,66.9517689122809
IDA,IDA total,SH.H2O.BASW.ZS,2011,66.2354805354891
IDA,IDA total,SH.H2O.BASW.ZS,2010,65.6740296511684
LTE,Late-demographic dividend,SH.H2O.BASW.ZS,2019,94.6738170893986
LTE,Late-demographic dividend,SH.H2O.BASW.ZS,2018,94.2990201664384
LTE,Late-demographic dividend,SH.H2O.BASW.ZS,2017,93.8838090358033
LTE,Late-demographic dividend,SH.H2O.BASW.ZS,2016,93.4722819910532
LTE,Late-demographic dividend,SH.H2O.BASW.ZS,2015,93.0487194894448
LTE,Late-demographic dividend,SH.H2O.BASW.ZS,2014,92.6060748069173
LTE,Late-demographic dividend,SH.H2O.BASW.ZS,2013,92.1468192214999
LTE,Late-demographic dividend,SH.H2O.BASW.ZS,2012,91.6703745079076
LTE,Late-demographic dividend,SH.H2O.BASW.ZS,2011,91.1784463954
LTE,Late-demographic dividend,SH.H2O.BASW.ZS,2010,90.6653284710949
LCN,Latin America & Caribbean,SH.H2O.BASW.ZS,2019,96.4029491848437
LCN,Latin America & Caribbean,SH.H2O.BASW.ZS,2018,96.1564685941853
LCN,Latin America & Caribbean,SH.H2O.BASW.ZS,2017,95.8591911821263
LCN,Latin America & Caribbean,SH.H2O.BASW.ZS,2016,95.8357797052245
LCN,Latin America & Caribbean,SH.H2O.BASW.ZS,2015,95.6009714625633
LCN,Latin America & Caribbean,SH.H2O.BASW.ZS,2014,95.3571579942683
LCN,Latin America & Caribbean,SH.H2O.BASW.ZS,2013,95.1087326569394
LCN,Latin America & Caribbean,SH.H2O.BASW.ZS,2012,94.856002142063
LCN,Latin America & Caribbean,SH.H2O.BASW.ZS,2011,94.5894637079044
LCN,Latin America & Caribbean,SH.H2O.BASW.ZS,2010,94.3154279147644
LAC,Latin America & Caribbean (excluding high income),SH.H2O.BASW.ZS,2019,96.2644505830581
LAC,Latin America & Caribbean (excluding high income),SH.H2O.BASW.ZS,2018,96.0101298755523
LAC,Latin America & Caribbean (excluding high income),SH.H2O.BASW.ZS,2017,95.701246490369
LAC,Latin America & Caribbean (excluding high income),SH.H2O.BASW.ZS,2016,95.6971542559618
LAC,Latin America & Caribbean (excluding high income),SH.H2O.BASW.ZS,2015,95.4563171755464
LAC,Latin America & Caribbean (excluding high income),SH.H2O.BASW.ZS,2014,95.2046566458092
LAC,Latin America & Caribbean (excluding high income),SH.H2O.BASW.ZS,2013,94.9481501344335
LAC,Latin America & Caribbean (excluding high income),SH.H2O.BASW.ZS,2012,94.6872485816634
LAC,Latin America & Caribbean (excluding high income),SH.H2O.BASW.ZS,2011,94.4117963298613
LAC,Latin America & Caribbean (excluding high income),SH.H2O.BASW.ZS,2010,94.1282971048401
TLA,Latin America & the Caribbean (IDA & IBRD countries),SH.H2O.BASW.ZS,2019,96.4227863776757
TLA,Latin America & the Caribbean (IDA & IBRD countries),SH.H2O.BASW.ZS,2018,96.1730208613903
TLA,Latin America & the Caribbean (IDA & IBRD countries),SH.H2O.BASW.ZS,2017,95.8699654719738
TLA,Latin America & the Caribbean (IDA & IBRD countries),SH.H2O.BASW.ZS,2016,95.8477016515675
TLA,Latin America & the Caribbean (IDA & IBRD countries),SH.H2O.BASW.ZS,2015,95.6097235655752
TLA,Latin America & the Caribbean (IDA & IBRD countries),SH.H2O.BASW.ZS,2014,95.3623451163761
TLA,Latin America & the Caribbean (IDA & IBRD countries),SH.H2O.BASW.ZS,2013,95.11017864809
TLA,Latin America & the Caribbean (IDA & IBRD countries),SH.H2O.BASW.ZS,2012,94.8536558403966
TLA,Latin America & the Caribbean (IDA & IBRD countries),SH.H2O.BASW.ZS,2011,94.5829786084944
TLA,Latin America & the Caribbean (IDA & IBRD countries),SH.H2O.BASW.ZS,2010,94.304519592182
LDC,Least developed countries: UN classification,SH.H2O.BASW.ZS,2019,65.7123610179098
LDC,Least developed countries: UN classification,SH.H2O.BASW.ZS,2018,64.8963222890898
LDC,Least developed countries: UN classification,SH.H2O.BASW.ZS,2017,64.0666325088685
LDC,Least developed countries: UN classification,SH.H2O.BASW.ZS,2016,63.204596991494
LDC,Least developed countries: UN classification,SH.H2O.BASW.ZS,2015,62.3826384532674
LDC,Least developed countries: UN classification,SH.H2O.BASW.ZS,2014,61.5601151291794
LDC,Least developed countries: UN classification,SH.H2O.BASW.ZS,2013,60.7503627112283
LDC,Least developed countries: UN classification,SH.H2O.BASW.ZS,2012,59.9545849278074
LDC,Least developed countries: UN classification,SH.H2O.BASW.ZS,2011,59.1613564016438
LDC,Least developed countries: UN classification,SH.H2O.BASW.ZS,2010,58.5770763291545
LMY,Low & middle income,SH.H2O.BASW.ZS,2019,87.6041481998176
LMY,Low & middle income,SH.H2O.BASW.ZS,2018,87.1273856343252
LMY,Low & middle income,SH.H2O.BASW.ZS,2017,86.6251560733656
LMY,Low & middle income,SH.H2O.BASW.ZS,2016,86.2029232079023
LMY,Low & middle income,SH.H2O.BASW.ZS,2015,85.7048691791299
LMY,Low & middle income,SH.H2O.BASW.ZS,2014,85.197676216182
LMY,Low & middle income,SH.H2O.BASW.ZS,2013,84.6841351880795
LMY,Low & middle income,SH.H2O.BASW.ZS,2012,84.1636630030368
LMY,Low & middle income,SH.H2O.BASW.ZS,2011,83.6384102429879
LMY,Low & middle income,SH.H2O.BASW.ZS,2010,83.1783550846272
MEA,"Middle East, North Africa, Afghanistan & Pakistan",SH.H2O.BASW.ZS,2019,91.4521106234425
MEA,"Middle East, North Africa, Afghanistan & Pakistan",SH.H2O.BASW.ZS,2018,91.1088781867545
MEA,"Middle East, North Africa, Afghanistan & Pakistan",SH.H2O.BASW.ZS,2017,90.7699929945259
MEA,"Middle East, North Africa, Afghanistan & Pakistan",SH.H2O.BASW.ZS,2016,90.4193410245189
MEA,"Middle East, North Africa, Afghanistan & Pakistan",SH.H2O.BASW.ZS,2015,90.0452010696712
MEA,"Middle East, North Africa, Afghanistan & Pakistan",SH.H2O.BASW.ZS,2014,89.670549322907
MEA,"Middle East, North Africa, Afghanistan & Pakistan",SH.H2O.BASW.ZS,2013,89.3167800240958
MEA,"Middle East, North Africa, Afghanistan & Pakistan",SH.H2O.BASW.ZS,2012,88.9548517198708
MEA,"Middle East, North Africa, Afghanistan & Pakistan",SH.H2O.BASW.ZS,2011,88.6179649934772
MEA,"Middle East, North Africa, Afghanistan & Pakistan",SH.H2O.BASW.ZS,2010,88.279503257658
MNA,"Middle East, North Africa, Afghanistan & Pakistan (excluding high income)",SH.H2O.BASW.ZS,2019,90.7675430320011
MNA,"Middle East, North Africa, Afghanistan & Pakistan (excluding high income)",SH.H2O.BASW.ZS,2018,90.3868591319863
MNA,"Middle East, North Africa, Afghanistan & Pakistan (excluding high income)",SH.H2O.BASW.ZS,2017,90.0037539897439
MNA,"Middle East, North Africa, Afghanistan & Pakistan (excluding high income)",SH.H2O.BASW.ZS,2016,89.6213797376441
MNA,"Middle East, North Africa, Afghanistan & Pakistan (excluding high income)",SH.H2O.BASW.ZS,2015,89.2326194975922
MNA,"Middle East, North Africa, Afghanistan & Pakistan (excluding high income)",SH.H2O.BASW.ZS,2014,88.8517445872969
MNA,"Middle East, North Africa, Afghanistan & Pakistan (excluding high income)",SH.H2O.BASW.ZS,2013,88.4816812358785
MNA,"Middle East, North Africa, Afghanistan & Pakistan (excluding high income)",SH.H2O.BASW.ZS,2012,88.1145347041119
MNA,"Middle East, North Africa, Afghanistan & Pakistan (excluding high income)",SH.H2O.BASW.ZS,2011,87.7676574616923
MNA,"Middle East, North Africa, Afghanistan & Pakistan (excluding high income)",SH.H2O.BASW.ZS,2010,87.4162819343599
TMN,"Middle East, North Africa, Afghanistan & Pakistan (IDA & IBRD)",SH.H2O.BASW.ZS,2019,90.7101306371434
TMN,"Middle East, North Africa, Afghanistan & Pakistan (IDA & IBRD)",SH.H2O.BASW.ZS,2018,90.3266352441533
TMN,"Middle East, North Africa, Afghanistan & Pakistan (IDA & IBRD)",SH.H2O.BASW.ZS,2017,89.940785409629
TMN,"Middle East, North Africa, Afghanistan & Pakistan (IDA & IBRD)",SH.H2O.BASW.ZS,2016,89.5554237168753
TMN,"Middle East, North Africa, Afghanistan & Pakistan (IDA & IBRD)",SH.H2O.BASW.ZS,2015,89.16515187573
TMN,"Middle East, North Africa, Afghanistan & Pakistan (IDA & IBRD)",SH.H2O.BASW.ZS,2014,88.7836916424492
TMN,"Middle East, North Africa, Afghanistan & Pakistan (IDA & IBRD)",SH.H2O.BASW.ZS,2013,88.4140943902367
TMN,"Middle East, North Africa, Afghanistan & Pakistan (IDA & IBRD)",SH.H2O.BASW.ZS,2012,88.0474811251293
TMN,"Middle East, North Africa, Afghanistan & Pakistan (IDA & IBRD)",SH.H2O.BASW.ZS,2011,87.7017719781801
TMN,"Middle East, North Africa, Afghanistan & Pakistan (IDA & IBRD)",SH.H2O.BASW.ZS,2010,87.3515071102355
MIC,Middle income,SH.H2O.BASW.ZS,2019,91.131732253952
MIC,Middle income,SH.H2O.BASW.ZS,2018,90.6419478778908
MIC,Middle income,SH.H2O.BASW.ZS,2017,90.1238294358875
MIC,Middle income,SH.H2O.BASW.ZS,2016,89.6885080548261
MIC,Middle income,SH.H2O.BASW.ZS,2015,89.1775531146105
MIC,Middle income,SH.H2O.BASW.ZS,2014,88.6569050493673
MIC,Middle income,SH.H2O.BASW.ZS,2013,88.1256927405889
MIC,Middle income,SH.H2O.BASW.ZS,2012,87.5847190757083
MIC,Middle income,SH.H2O.BASW.ZS,2011,87.0398851546243
MIC,Middle income,SH.H2O.BASW.ZS,2010,86.4860732638333
NAC,North America,SH.H2O.BASW.ZS,2019,99.623873149285
NAC,North America,SH.H2O.BASW.ZS,2018,99.5625475820337
NAC,North America,SH.H2O.BASW.ZS,2017,99.4998055616552
NAC,North America,SH.H2O.BASW.ZS,2016,99.4355151183628
NAC,North America,SH.H2O.BASW.ZS,2015,99.369995523075
NAC,North America,SH.H2O.BASW.ZS,2014,99.3032049555659
NAC,North America,SH.H2O.BASW.ZS,2013,99.235530917174
NAC,North America,SH.H2O.BASW.ZS,2012,99.1668813881125
NAC,North America,SH.H2O.BASW.ZS,2011,99.0972791660901
NAC,North America,SH.H2O.BASW.ZS,2010,99.0266180332447
OED,OECD members,SH.H2O.BASW.ZS,2019,98.9923969965201
OED,OECD members,SH.H2O.BASW.ZS,2018,98.9403449532784
OED,OECD members,SH.H2O.BASW.ZS,2017,98.8875382287429
OED,OECD members,SH.H2O.BASW.ZS,2016,98.8334588993377
OED,OECD members,SH.H2O.BASW.ZS,2015,98.7776698532336
OED,OECD members,SH.H2O.BASW.ZS,2014,98.7211992243707
OED,OECD members,SH.H2O.BASW.ZS,2013,98.6613157377222
OED,OECD members,SH.H2O.BASW.ZS,2012,98.6030235371505
OED,OECD members,SH.H2O.BASW.ZS,2011,98.5435373506337
OED,OECD members,SH.H2O.BASW.ZS,2010,98.4855090496346
OSS,Other small states,SH.H2O.BASW.ZS,2019,91.3664888492845
OSS,Other small states,SH.H2O.BASW.ZS,2018,90.9737724482327
OSS,Other small states,SH.H2O.BASW.ZS,2017,90.5554363038309
OSS,Other small states,SH.H2O.BASW.ZS,2016,90.144180142972
OSS,Other small states,SH.H2O.BASW.ZS,2015,89.7306363831214
OSS,Other small states,SH.H2O.BASW.ZS,2014,89.3277006993487
OSS,Other small states,SH.H2O.BASW.ZS,2013,88.9320078019499
OSS,Other small states,SH.H2O.BASW.ZS,2012,88.542950785883
OSS,Other small states,SH.H2O.BASW.ZS,2011,88.1584735154439
OSS,Other small states,SH.H2O.BASW.ZS,2010,87.7845618998522
PSS,Pacific island small states,SH.H2O.BASW.ZS,2019,86.5503688648402
PSS,Pacific island small states,SH.H2O.BASW.ZS,2018,86.5833895039566
PSS,Pacific island small states,SH.H2O.BASW.ZS,2017,86.6793889476037
PSS,Pacific island small states,SH.H2O.BASW.ZS,2016,86.7751796354159
PSS,Pacific island small states,SH.H2O.BASW.ZS,2015,86.8728907894579
PSS,Pacific island small states,SH.H2O.BASW.ZS,2014,86.9652214296429
PSS,Pacific island small states,SH.H2O.BASW.ZS,2013,87.0536220627234
PSS,Pacific island small states,SH.H2O.BASW.ZS,2012,87.1384810793756
PSS,Pacific island small states,SH.H2O.BASW.ZS,2011,87.2740665943267
PSS,Pacific island small states,SH.H2O.BASW.ZS,2010,87.4059860604125
PST,Post-demographic dividend,SH.H2O.BASW.ZS,2019,99.3669299955127
PST,Post-demographic dividend,SH.H2O.BASW.ZS,2018,99.32925137821
PST,Post-demographic dividend,SH.H2O.BASW.ZS,2017,99.2910091744263
PST,Post-demographic dividend,SH.H2O.BASW.ZS,2016,99.2520952624771
PST,Post-demographic dividend,SH.H2O.BASW.ZS,2015,99.2125864204639
PST,Post-demographic dividend,SH.H2O.BASW.ZS,2014,99.1721565625399
PST,Post-demographic dividend,SH.H2O.BASW.ZS,2013,99.1508471183433
PST,Post-demographic dividend,SH.H2O.BASW.ZS,2012,99.1181462224558
PST,Post-demographic dividend,SH.H2O.BASW.ZS,2011,99.0987769115498
PST,Post-demographic dividend,SH.H2O.BASW.ZS,2010,99.0796238882761
PRE,Pre-demographic dividend,SH.H2O.BASW.ZS,2019,63.8022512910426
PRE,Pre-demographic dividend,SH.H2O.BASW.ZS,2018,62.7782105736064
PRE,Pre-demographic dividend,SH.H2O.BASW.ZS,2017,61.7252042092932
PRE,Pre-demographic dividend,SH.H2O.BASW.ZS,2016,60.6310942110997
PRE,Pre-demographic dividend,SH.H2O.BASW.ZS,2015,59.5689176606483
PRE,Pre-demographic dividend,SH.H2O.BASW.ZS,2014,58.4946654130095
PRE,Pre-demographic dividend,SH.H2O.BASW.ZS,2013,57.4143469844855
PRE,Pre-demographic dividend,SH.H2O.BASW.ZS,2012,56.3259044794462
PRE,Pre-demographic dividend,SH.H2O.BASW.ZS,2011,55.2364617408044
PRE,Pre-demographic dividend,SH.H2O.BASW.ZS,2010,54.3341597012968
SST,Small states,SH.H2O.BASW.ZS,2019,92.0061899027659
SST,Small states,SH.H2O.BASW.ZS,2018,91.7491723454424
SST,Small states,SH.H2O.BASW.ZS,2017,91.4981416202782
SST,Small states,SH.H2O.BASW.ZS,2016,91.2137291001289
SST,Small states,SH.H2O.BASW.ZS,2015,90.927199377255
SST,Small states,SH.H2O.BASW.ZS,2014,90.6455979215374
SST,Small states,SH.H2O.BASW.ZS,2013,90.3664701517685
SST,Small states,SH.H2O.BASW.ZS,2012,90.0928077570786
SST,Small states,SH.H2O.BASW.ZS,2011,89.8256463027942
SST,Small states,SH.H2O.BASW.ZS,2010,89.5627695513142
SAS,South Asia,SH.H2O.BASW.ZS,2019,92.947203002823
SAS,South Asia,SH.H2O.BASW.ZS,2018,92.3374966297544
SAS,South Asia,SH.H2O.BASW.ZS,2017,91.725355663911
SAS,South Asia,SH.H2O.BASW.ZS,2016,91.1109451838117
SAS,South Asia,SH.H2O.BASW.ZS,2015,90.4943845268135
SAS,South Asia,SH.H2O.BASW.ZS,2014,89.8758073259334
SAS,South Asia,SH.H2O.BASW.ZS,2013,89.2557938947371
SAS,South Asia,SH.H2O.BASW.ZS,2012,88.6337784186551
SAS,South Asia,SH.H2O.BASW.ZS,2011,88.0116605742868
SAS,South Asia,SH.H2O.BASW.ZS,2010,87.3894656170124
TSA,South Asia (IDA & IBRD),SH.H2O.BASW.ZS,2019,92.947203002823
TSA,South Asia (IDA & IBRD),SH.H2O.BASW.ZS,2018,92.3374966297544
TSA,South Asia (IDA & IBRD),SH.H2O.BASW.ZS,2017,91.725355663911
TSA,South Asia (IDA & IBRD),SH.H2O.BASW.ZS,2016,91.1109451838117
TSA,South Asia (IDA & IBRD),SH.H2O.BASW.ZS,2015,90.4943845268135
TSA,South Asia (IDA & IBRD),SH.H2O.BASW.ZS,2014,89.8758073259334
TSA,South Asia (IDA & IBRD),SH.H2O.BASW.ZS,2013,89.2557938947371
TSA,South Asia (IDA & IBRD),SH.H2O.BASW.ZS,2012,88.6337784186551
TSA,South Asia (IDA & IBRD),SH.H2O.BASW.ZS,2011,88.0116605742868
TSA,South Asia (IDA & IBRD),SH.H2O.BASW.ZS,2010,87.3894656170124
SSF,Sub-Saharan Africa,SH.H2O.BASW.ZS,2019,63.0066504905334
SSF,Sub-Saharan Africa,SH.H2O.BASW.ZS,2018,62.0808583059867
SSF,Sub-Saharan Africa,SH.H2O.BASW.ZS,2017,61.1314551304666
SSF,Sub-Saharan Africa,SH.H2O.BASW.ZS,2016,60.1641147997186
SSF,Sub-Saharan Africa,SH.H2O.BASW.ZS,2015,59.2207003543214
SSF,Sub-Saharan Africa,SH.H2O.BASW.ZS,2014,58.2527450442833
SSF,Sub-Saharan Africa,SH.H2O.BASW.ZS,2013,57.2618755045493
SSF,Sub-Saharan Africa,SH.H2O.BASW.ZS,2012,56.2794718640005
SSF,Sub-Saharan Africa,SH.H2O.BASW.ZS,2011,55.2967189056023
SSF,Sub-Saharan Africa,SH.H2O.BASW.ZS,2010,54.4659659382128
SSA,Sub-Saharan Africa (excluding high income),SH.H2O.BASW.ZS,2019,63.0037346698504
SSA,Sub-Saharan Africa (excluding high income),SH.H2O.BASW.ZS,2018,62.0778647402212
SSA,Sub-Saharan Africa (excluding high income),SH.H2O.BASW.ZS,2017,61.1283308430569
SSA,Sub-Saharan Africa (excluding high income),SH.H2O.BASW.ZS,2016,60.1608690385959
SSA,Sub-Saharan Africa (excluding high income),SH.H2O.BASW.ZS,2015,59.2173316256859
SSA,Sub-Saharan Africa (excluding high income),SH.H2O.BASW.ZS,2014,58.2492878626029
SSA,Sub-Saharan Africa (excluding high income),SH.H2O.BASW.ZS,2013,57.2583023694314
SSA,Sub-Saharan Africa (excluding high income),SH.H2O.BASW.ZS,2012,56.2757910820979
SSA,Sub-Saharan Africa (excluding high income),SH.H2O.BASW.ZS,2011,55.2928962692037
SSA,Sub-Saharan Africa (excluding high income),SH.H2O.BASW.ZS,2010,54.461821227183
TSS,Sub-Saharan Africa (IDA & IBRD countries),SH.H2O.BASW.ZS,2019,63.0066504905334
TSS,Sub-Saharan Africa (IDA & IBRD countries),SH.H2O.BASW.ZS,2018,62.0808583059867
TSS,Sub-Saharan Africa (IDA & IBRD countries),SH.H2O.BASW.ZS,2017,61.1314551304666
TSS,Sub-Saharan Africa (IDA & IBRD countries),SH.H2O.BASW.ZS,2016,60.1641147997186
TSS,Sub-Saharan Africa (IDA & IBRD countries),SH.H2O.BASW.ZS,2015,59.2207003543214
TSS,Sub-Saharan Africa (IDA & IBRD countries),SH.H2O.BASW.ZS,2014,58.2527450442833
TSS,Sub-Saharan Africa (IDA & IBRD countries),SH.H2O.BASW.ZS,2013,57.2618755045493
TSS,Sub-Saharan Africa (IDA & IBRD countries),SH.H2O.BASW.ZS,2012,56.2794718640005
TSS,Sub-Saharan Africa (IDA & IBRD countries),SH.H2O.BASW.ZS,2011,55.2967189056023
TSS,Sub-Saharan Africa (IDA & IBRD countries),SH.H2O.BASW.ZS,2010,54.4659659382128
WLD,World,SH.H2O.BASW.ZS,2019,89.6459232693766
WLD,World,SH.H2O.BASW.ZS,2018,89.264869533271
WLD,World,SH.H2O.BASW.ZS,2017,88.8650712752191
WLD,World,SH.H2O.BASW.ZS,2016,88.5167792514439
WLD,World,SH.H2O.BASW.ZS,2015,88.1180822369349
WLD,World,SH.H2O.BASW.ZS,2014,87.7129764573807
WLD,World,SH.H2O.BASW.ZS,2013,87.305885318641
WLD,World,SH.H2O.BASW.ZS,2012,86.8947887216694
WLD,World,SH.H2O.BASW.ZS,2011,86.4815781966157
WLD,World,SH.H2O.BASW.ZS,2010,86.1298911134617
AFG,Afghanistan,SH.H2O.BASW.ZS,2019,69.8226976480641
AFG,Afghanistan,SH.H2O.BASW.ZS,2018,67.4758694595857
AFG,Afghanistan,SH.H2O.BASW.ZS,2017,65.142136058033
AFG,Afghanistan,SH.H2O.BASW.ZS,2016,62.8220704134542
AFG,Afghanistan,SH.H2O.BASW.ZS,2015,60.5153476686209
AFG,Afghanistan,SH.H2O.BASW.ZS,2014,58.2185747849882
AFG,Afghanistan,SH.H2O.BASW.ZS,2013,55.9321352223542
AFG,Afghanistan,SH.H2O.BASW.ZS,2012,53.6558094830286
AFG,Afghanistan,SH.H2O.BASW.ZS,2011,51.3896718184372
AFG,Afghanistan,SH.H2O.BASW.ZS,2010,49.1337948047642
ALB,Albania,SH.H2O.BASW.ZS,2019,94.758223221518
ALB,Albania,SH.H2O.BASW.ZS,2018,94.4363940024548
ALB,Albania,SH.H2O.BASW.ZS,2017,94.1020950646956
ALB,Albania,SH.H2O.BASW.ZS,2016,93.7548764271568
ALB,Albania,SH.H2O.BASW.ZS,2015,93.3943279564504
ALB,Albania,SH.H2O.BASW.ZS,2014,93.0200532320908
ALB,Albania,SH.H2O.BASW.ZS,2013,92.6315947140716
ALB,Albania,SH.H2O.BASW.ZS,2012,92.2287796980299
ALB,Albania,SH.H2O.BASW.ZS,2011,91.8108839327421
ALB,Albania,SH.H2O.BASW.ZS,2010,91.3794795002437
DZA,Algeria,SH.H2O.BASW.ZS,2019,91.9998016191508
DZA,Algeria,SH.H2O.BASW.ZS,2018,91.859120820781
DZA,Algeria,SH.H2O.BASW.ZS,2017,91.715636706346
DZA,Algeria,SH.H2O.BASW.ZS,2016,91.56940001457
DZA,Algeria,SH.H2O.BASW.ZS,2015,91.4201507009501
DZA,Algeria,SH.H2O.BASW.ZS,2014,91.268060653484
DZA,Algeria,SH.H2O.BASW.ZS,2013,91.1128578356774
DZA,Algeria,SH.H2O.BASW.ZS,2012,90.9547062510195
DZA,Algeria,SH.H2O.BASW.ZS,2011,90.7933523397582
DZA,Algeria,SH.H2O.BASW.ZS,2010,90.6443416237761
ASM,American Samoa,SH.H2O.BASW.ZS,2019,99.5073049177726
ASM,American Samoa,SH.H2O.BASW.ZS,2018,99.2718929145234
ASM,American Samoa,SH.H2O.BASW.ZS,2017,99.0364809112742
ASM,American Samoa,SH.H2O.BASW.ZS,2016,98.801068908025
ASM,American Samoa,SH.H2O.BASW.ZS,2015,98.5656569047758
ASM,American Samoa,SH.H2O.BASW.ZS,2014,98.3302449015267
ASM,American Samoa,SH.H2O.BASW.ZS,2013,98.0948328982775
ASM,American Samoa,SH.H2O.BASW.ZS,2012,97.8594208950283
ASM,American Samoa,SH.H2O.BASW.ZS,2011,97.6240088917791
ASM,American Samoa,SH.H2O.BASW.ZS,2010,97.3885968885299
AND,Andorra,SH.H2O.BASW.ZS,2019,100
AND,Andorra,SH.H2O.BASW.ZS,2018,100
AND,Andorra,SH.H2O.BASW.ZS,2017,100
AND,Andorra,SH.H2O.BASW.ZS,2016,100
AND,Andorra,SH.H2O.BASW.ZS,2015,100
AND,Andorra,SH.H2O.BASW.ZS,2014,100
AND,Andorra,SH.H2O.BASW.ZS,2013,100
AND,Andorra,SH.H2O.BASW.ZS,2012,99.9999982821599
AND,Andorra,SH.H2O.BASW.ZS,2011,100
AND,Andorra,SH.H2O.BASW.ZS,2010,99.9999980431632
AGO,Angola,SH.H2O.BASW.ZS,2019,64.1599110373067
AGO,Angola,SH.H2O.BASW.ZS,2018,63.3627907388021
AGO,Angola,SH.H2O.BASW.ZS,2017,61.7735122104541
AGO,Angola,SH.H2O.BASW.ZS,2016,60.1920620185519
AGO,Angola,SH.H2O.BASW.ZS,2015,58.6196312007677
AGO,Angola,SH.H2O.BASW.ZS,2014,57.0569115656449
AGO,Angola,SH.H2O.BASW.ZS,2013,55.5032279600653
AGO,Angola,SH.H2O.BASW.ZS,2012,53.962934811933
AGO,Angola,SH.H2O.BASW.ZS,2011,52.4357414255652
AGO,Angola,SH.H2O.BASW.ZS,2010,50.922281472487
ATG,Antigua and Barbuda,SH.H2O.BASW.ZS,2019,98.8436169017974
ATG,Antigua and Barbuda,SH.H2O.BASW.ZS,2018,98.7648515516048
ATG,Antigua and Barbuda,SH.H2O.BASW.ZS,2017,98.6862412364466
ATG,Antigua and Barbuda,SH.H2O.BASW.ZS,2016,98.6078413769816
ATG,Antigua and Barbuda,SH.H2O.BASW.ZS,2015,98.5296965955538
ATG,Antigua and Barbuda,SH.H2O.BASW.ZS,2014,98.4518716600129
ATG,Antigua and Barbuda,SH.H2O.BASW.ZS,2013,98.3743397990659
ATG,Antigua and Barbuda,SH.H2O.BASW.ZS,2012,98.2971057730873
ATG,Antigua and Barbuda,SH.H2O.BASW.ZS,2011,98.2201657181989
ATG,Antigua and Barbuda,SH.H2O.BASW.ZS,2010,98.1456600056125
ARG,Argentina,SH.H2O.BASW.ZS,2016,99.0413738458383
ARG,Argentina,SH.H2O.BASW.ZS,2015,98.9823076742804
ARG,Argentina,SH.H2O.BASW.ZS,2014,98.9232481866542
ARG,Argentina,SH.H2O.BASW.ZS,2013,98.8642047608292
ARG,Argentina,SH.H2O.BASW.ZS,2012,98.8052992922814
ARG,Argentina,SH.H2O.BASW.ZS,2011,98.6218573444855
ARG,Argentina,SH.H2O.BASW.ZS,2010,98.434051534291
ARM,Armenia,SH.H2O.BASW.ZS,2019,99.4591789118501
ARM,Armenia,SH.H2O.BASW.ZS,2018,99.462639280417
ARM,Armenia,SH.H2O.BASW.ZS,2017,99.420451960465
ARM,Armenia,SH.H2O.BASW.ZS,2016,99.3200449240504
ARM,Armenia,SH.H2O.BASW.ZS,2015,99.2198934316356
ARM,Armenia,SH.H2O.BASW.ZS,2014,99.0173502975581
ARM,Armenia,SH.H2O.BASW.ZS,2013,98.7705613555546
ARM,Armenia,SH.H2O.BASW.ZS,2012,98.5203266865955
ARM,Armenia,SH.H2O.BASW.ZS,2011,98.272291670612
ARM,Armenia,SH.H2O.BASW.ZS,2010,98.0258624289459
ABW,Aruba,SH.H2O.BASW.ZS,2016,96.7397757541097
ABW,Aruba,SH.H2O.BASW.ZS,2015,96.7397757541097
ABW,Aruba,SH.H2O.BASW.ZS,2014,96.7397757541097
ABW,Aruba,SH.H2O.BASW.ZS,2013,96.7397757541097
ABW,Aruba,SH.H2O.BASW.ZS,2012,96.7397757541097
ABW,Aruba,SH.H2O.BASW.ZS,2011,96.6142557921072
ABW,Aruba,SH.H2O.BASW.ZS,2010,96.4887358301048
AUS,Australia,SH.H2O.BASW.ZS,2019,99.9698532048744
AUS,Australia,SH.H2O.BASW.ZS,2018,99.9698940747082
AUS,Australia,SH.H2O.BASW.ZS,2017,99.9699329598972
AUS,Australia,SH.H2O.BASW.ZS,2016,99.9699685481919
AUS,Australia,SH.H2O.BASW.ZS,2015,99.9700064923964
AUS,Australia,SH.H2O.BASW.ZS,2014,99.9614825180861
AUS,Australia,SH.H2O.BASW.ZS,2013,99.9095874586183
AUS,Australia,SH.H2O.BASW.ZS,2012,99.9007717329478
AUS,Australia,SH.H2O.BASW.ZS,2011,99.8919671201613
AUS,Australia,SH.H2O.BASW.ZS,2010,99.8831426844635
AUT,Austria,SH.H2O.BASW.ZS,2019,99.9999997360902
AUT,Austria,SH.H2O.BASW.ZS,2018,100
AUT,Austria,SH.H2O.BASW.ZS,2017,99.9999980909991
AUT,Austria,SH.H2O.BASW.ZS,2016,100
AUT,Austria,SH.H2O.BASW.ZS,2015,100
AUT,Austria,SH.H2O.BASW.ZS,2014,100
AUT,Austria,SH.H2O.BASW.ZS,2013,99.9999971905454
AUT,Austria,SH.H2O.BASW.ZS,2012,100
AUT,Austria,SH.H2O.BASW.ZS,2011,100
AUT,Austria,SH.H2O.BASW.ZS,2010,100
AZE,Azerbaijan,SH.H2O.BASW.ZS,2019,93.2188338102912
AZE,Azerbaijan,SH.H2O.BASW.ZS,2018,92.2760684532057
AZE,Azerbaijan,SH.H2O.BASW.ZS,2017,91.3319756877674
AZE,Azerbaijan,SH.H2O.BASW.ZS,2016,90.3873981119226
AZE,Azerbaijan,SH.H2O.BASW.ZS,2015,89.4430394265685
AZE,Azerbaijan,SH.H2O.BASW.ZS,2014,88.4995796810973
AZE,Azerbaijan,SH.H2O.BASW.ZS,2013,87.5577162731315
AZE,Azerbaijan,SH.H2O.BASW.ZS,2012,86.6181028034085
AZE,Azerbaijan,SH.H2O.BASW.ZS,2011,85.6816333472465
AZE,Azerbaijan,SH.H2O.BASW.ZS,2010,84.7487471999046
BHS,"Bahamas, The",SH.H2O.BASW.ZS,2019,98.9452612148878
BHS,"Bahamas, The",SH.H2O.BASW.ZS,2018,98.9452612148878
BHS,"Bahamas, The",SH.H2O.BASW.ZS,2017,98.9452612148878
BHS,"Bahamas, The",SH.H2O.BASW.ZS,2016,98.9452612148878
BHS,"Bahamas, The",SH.H2O.BASW.ZS,2015,98.9452612148878
BHS,"Bahamas, The",SH.H2O.BASW.ZS,2014,98.8869500311068
BHS,"Bahamas, The",SH.H2O.BASW.ZS,2013,98.8286388473259
BHS,"Bahamas, The",SH.H2O.BASW.ZS,2012,98.7703276635449
BHS,"Bahamas, The",SH.H2O.BASW.ZS,2011,98.712016479764
BHS,"Bahamas, The",SH.H2O.BASW.ZS,2010,98.6537052959831
BHR,Bahrain,SH.H2O.BASW.ZS,2019,99.921837339959
BHR,Bahrain,SH.H2O.BASW.ZS,2018,99.9237756589351
BHR,Bahrain,SH.H2O.BASW.ZS,2017,99.9257139779112
BHR,Bahrain,SH.H2O.BASW.ZS,2016,99.9276522968873
BHR,Bahrain,SH.H2O.BASW.ZS,2015,99.9295906158634
BHR,Bahrain,SH.H2O.BASW.ZS,2014,99.9315289348395
BHR,Bahrain,SH.H2O.BASW.ZS,2013,99.9334672538156
BHR,Bahrain,SH.H2O.BASW.ZS,2012,99.9354055727918
BHR,Bahrain,SH.H2O.BASW.ZS,2011,99.9373438917679
BHR,Bahrain,SH.H2O.BASW.ZS,2010,99.939282210744
BGD,Bangladesh,SH.H2O.BASW.ZS,2019,98.1043633059551
BGD,Bangladesh,SH.H2O.BASW.ZS,2018,97.933316165493
BGD,Bangladesh,SH.H2O.BASW.ZS,2017,97.7594255729943
BGD,Bangladesh,SH.H2O.BASW.ZS,2016,97.5826981722131
BGD,Bangladesh,SH.H2O.BASW.ZS,2015,97.4031438216165
BGD,Bangladesh,SH.H2O.BASW.ZS,2014,97.220803624287
BGD,Bangladesh,SH.H2O.BASW.ZS,2013,97.035648544406
BGD,Bangladesh,SH.H2O.BASW.ZS,2012,96.8477733718652
BGD,Bangladesh,SH.H2O.BASW.ZS,2011,96.6571382365005
BGD,Bangladesh,SH.H2O.BASW.ZS,2010,96.4638392169857
BRB,Barbados,SH.H2O.BASW.ZS,2019,98.9723622783173
BRB,Barbados,SH.H2O.BASW.ZS,2018,98.9247941616263
BRB,Barbados,SH.H2O.BASW.ZS,2017,98.8772260449352
BRB,Barbados,SH.H2O.BASW.ZS,2016,98.8296579282442
BRB,Barbados,SH.H2O.BASW.ZS,2015,98.7820898115532
BRB,Barbados,SH.H2O.BASW.ZS,2014,98.7345216948622
BRB,Barbados,SH.H2O.BASW.ZS,2013,98.6869535781711
BRB,Barbados,SH.H2O.BASW.ZS,2012,98.6393854614801
BRB,Barbados,SH.H2O.BASW.ZS,2011,98.5918173447891
BRB,Barbados,SH.H2O.BASW.ZS,2010,98.544249228098
BLR,Belarus,SH.H2O.BASW.ZS,2019,99.1750106647627
BLR,Belarus,SH.H2O.BASW.ZS,2018,99.0880364550957
BLR,Belarus,SH.H2O.BASW.ZS,2017,99.0015077424337
BLR,Belarus,SH.H2O.BASW.ZS,2016,98.9152496756769
BLR,Belarus,SH.H2O.BASW.ZS,2015,98.8292261861592
BLR,Belarus,SH.H2O.BASW.ZS,2014,98.7435395155894
BLR,Belarus,SH.H2O.BASW.ZS,2013,98.658371398837
BLR,Belarus,SH.H2O.BASW.ZS,2012,98.5737838074881
BLR,Belarus,SH.H2O.BASW.ZS,2011,98.4898792244549
BLR,Belarus,SH.H2O.BASW.ZS,2010,98.4067317637628
BEL,Belgium,SH.H2O.BASW.ZS,2019,100
BEL,Belgium,SH.H2O.BASW.ZS,2018,99.9999964912518
BEL,Belgium,SH.H2O.BASW.ZS,2017,100
BEL,Belgium,SH.H2O.BASW.ZS,2016,99.9999981505316
BEL,Belgium,SH.H2O.BASW.ZS,2015,99.9999977589531
BEL,Belgium,SH.H2O.BASW.ZS,2014,100
BEL,Belgium,SH.H2O.BASW.ZS,2013,100
BEL,Belgium,SH.H2O.BASW.ZS,2012,100
BEL,Belgium,SH.H2O.BASW.ZS,2011,100
BEL,Belgium,SH.H2O.BASW.ZS,2010,100
BLZ,Belize,SH.H2O.BASW.ZS,2019,94.1316195459167
BLZ,Belize,SH.H2O.BASW.ZS,2018,93.8731706836075
BLZ,Belize,SH.H2O.BASW.ZS,2017,93.6193465760244
BLZ,Belize,SH.H2O.BASW.ZS,2016,93.3669304730938
BLZ,Belize,SH.H2O.BASW.ZS,2015,93.1158763105632
BLZ,Belize,SH.H2O.BASW.ZS,2014,92.8662134129202
BLZ,Belize,SH.H2O.BASW.ZS,2013,92.6178797642057
BLZ,Belize,SH.H2O.BASW.ZS,2012,92.3707609731193
BLZ,Belize,SH.H2O.BASW.ZS,2011,92.1248741739695
BLZ,Belize,SH.H2O.BASW.ZS,2010,91.8801627270239
BEN,Benin,SH.H2O.BASW.ZS,2019,67.9832516982572
BEN,Benin,SH.H2O.BASW.ZS,2018,67.6494113960798
BEN,Benin,SH.H2O.BASW.ZS,2017,67.3115299235489
BEN,Benin,SH.H2O.BASW.ZS,2016,66.9697053582587
BEN,Benin,SH.H2O.BASW.ZS,2015,66.6240261475915
BEN,Benin,SH.H2O.BASW.ZS,2014,66.2745990254867
BEN,Benin,SH.H2O.BASW.ZS,2013,65.9215151449037
BEN,Benin,SH.H2O.BASW.ZS,2012,65.5652472683148
BEN,Benin,SH.H2O.BASW.ZS,2011,65.2045676976255
BEN,Benin,SH.H2O.BASW.ZS,2010,64.8398943690565
BMU,Bermuda,SH.H2O.BASW.ZS,2019,100
BMU,Bermuda,SH.H2O.BASW.ZS,2018,100
BMU,Bermuda,SH.H2O.BASW.ZS,2017,100
BMU,Bermuda,SH.H2O.BASW.ZS,2016,100
BMU,Bermuda,SH.H2O.BASW.ZS,2015,100
BMU,Bermuda,SH.H2O.BASW.ZS,2014,100
BMU,Bermuda,SH.H2O.BASW.ZS,2013,100
BMU,Bermuda,SH.H2O.BASW.ZS,2012,100
BMU,Bermuda,SH.H2O.BASW.ZS,2011,100
BMU,Bermuda,SH.H2O.BASW.ZS,2010,100
BTN,Bhutan,SH.H2O.BASW.ZS,2019,98.9633804015347
BTN,Bhutan,SH.H2O.BASW.ZS,2018,98.426622147403
BTN,Bhutan,SH.H2O.BASW.ZS,2017,97.8543901425613
BTN,Bhutan,SH.H2O.BASW.ZS,2016,97.1361403441531
BTN,Bhutan,SH.H2O.BASW.ZS,2015,96.4055382033785
BTN,Bhutan,SH.H2O.BASW.ZS,2014,95.6623573310029
BTN,Bhutan,SH.H2O.BASW.ZS,2013,94.9064132984793
BTN,Bhutan,SH.H2O.BASW.ZS,2012,94.1374950272393
BTN,Bhutan,SH.H2O.BASW.ZS,2011,93.3554661162874
BTN,Bhutan,SH.H2O.BASW.ZS,2010,92.5602860254371
BOL,Bolivia,SH.H2O.BASW.ZS,2019,91.2290518215196
BOL,Bolivia,SH.H2O.BASW.ZS,2018,90.7842800477343
BOL,Bolivia,SH.H2O.BASW.ZS,2017,90.322518307567
BOL,Bolivia,SH.H2O.BASW.ZS,2016,89.856829031751
BOL,Bolivia,SH.H2O.BASW.ZS,2015,89.3856764745398
BOL,Bolivia,SH.H2O.BASW.ZS,2014,88.9095566150389
BOL,Bolivia,SH.H2O.BASW.ZS,2013,88.4281721555752
BOL,Bolivia,SH.H2O.BASW.ZS,2012,87.931656511904
BOL,Bolivia,SH.H2O.BASW.ZS,2011,87.4130245086648
BOL,Bolivia,SH.H2O.BASW.ZS,2010,86.8874436823724
BIH,Bosnia and Herzegovina,SH.H2O.BASW.ZS,2019,96.1384735195781
BIH,Bosnia and Herzegovina,SH.H2O.BASW.ZS,2018,96.1478367143062
BIH,Bosnia and Herzegovina,SH.H2O.BASW.ZS,2017,96.1569041351994
BIH,Bosnia and Herzegovina,SH.H2O.BASW.ZS,2016,96.0724133360056
BIH,Bosnia and Herzegovina,SH.H2O.BASW.ZS,2015,96.0694403538991
BIH,Bosnia and Herzegovina,SH.H2O.BASW.ZS,2014,96.008918332446
BIH,Bosnia and Herzegovina,SH.H2O.BASW.ZS,2013,96.1231183417835
BIH,Bosnia and Herzegovina,SH.H2O.BASW.ZS,2012,96.2350673868213
BIH,Bosnia and Herzegovina,SH.H2O.BASW.ZS,2011,96.3448010624916
BIH,Bosnia and Herzegovina,SH.H2O.BASW.ZS,2010,96.4522822969049
BWA,Botswana,SH.H2O.BASW.ZS,2019,91.4749479975469
BWA,Botswana,SH.H2O.BASW.ZS,2018,90.6438201661521
BWA,Botswana,SH.H2O.BASW.ZS,2017,89.7870788598082
BWA,Botswana,SH.H2O.BASW.ZS,2016,88.9036684785342
BWA,Botswana,SH.H2O.BASW.ZS,2015,87.9952713631677
BWA,Botswana,SH.H2O.BASW.ZS,2014,87.0620077919626
BWA,Botswana,SH.H2O.BASW.ZS,2013,86.1035328726968
BWA,Botswana,SH.H2O.BASW.ZS,2012,85.1198176551296
BWA,Botswana,SH.H2O.BASW.ZS,2011,84.0822411614888
BWA,Botswana,SH.H2O.BASW.ZS,2010,82.8396938380661
BRA,Brazil,SH.H2O.BASW.ZS,2019,98.773134154073
BRA,Brazil,SH.H2O.BASW.ZS,2018,98.5580120515387
BRA,Brazil,SH.H2O.BASW.ZS,2017,98.1978808317894
BRA,Brazil,SH.H2O.BASW.ZS,2016,97.921760549945
BRA,Brazil,SH.H2O.BASW.ZS,2015,97.7078492139171
BRA,Brazil,SH.H2O.BASW.ZS,2014,97.4719067025274
BRA,Brazil,SH.H2O.BASW.ZS,2013,97.230310353602
BRA,Brazil,SH.H2O.BASW.ZS,2012,96.9831894902775
BRA,Brazil,SH.H2O.BASW.ZS,2011,96.7300307300568
BRA,Brazil,SH.H2O.BASW.ZS,2010,96.4709800912933
VGB,British Virgin Islands,SH.H2O.BASW.ZS,2019,99.8643835616439
VGB,British Virgin Islands,SH.H2O.BASW.ZS,2018,99.8643835616439
VGB,British Virgin Islands,SH.H2O.BASW.ZS,2017,99.8643835616439
VGB,British Virgin Islands,SH.H2O.BASW.ZS,2016,99.8643835616439
VGB,British Virgin Islands,SH.H2O.BASW.ZS,2015,99.8643835616439
VGB,British Virgin Islands,SH.H2O.BASW.ZS,2014,99.8643835616439
VGB,British Virgin Islands,SH.H2O.BASW.ZS,2013,99.8643835616439
VGB,British Virgin Islands,SH.H2O.BASW.ZS,2012,99.8643835616439
VGB,British Virgin Islands,SH.H2O.BASW.ZS,2011,99.4842465753426
VGB,British Virgin Islands,SH.H2O.BASW.ZS,2010,99.1041095890412
BRN,Brunei Darussalam,SH.H2O.BASW.ZS,2019,99.9000895203528
BRN,Brunei Darussalam,SH.H2O.BASW.ZS,2018,99.9000669989146
BRN,Brunei Darussalam,SH.H2O.BASW.ZS,2017,99.9000444673207
BRN,Brunei Darussalam,SH.H2O.BASW.ZS,2016,99.9000219255643
BRN,Brunei Darussalam,SH.H2O.BASW.ZS,2015,99.8993736424173
BRN,Brunei Darussalam,SH.H2O.BASW.ZS,2014,99.8768169121486
BRN,Brunei Darussalam,SH.H2O.BASW.ZS,2013,99.8542601818798
BRN,Brunei Darussalam,SH.H2O.BASW.ZS,2012,99.8317034516111
BRN,Brunei Darussalam,SH.H2O.BASW.ZS,2011,99.8091467213424
BRN,Brunei Darussalam,SH.H2O.BASW.ZS,2010,99.7865899910736
BGR,Bulgaria,SH.H2O.BASW.ZS,2019,99.2731656499931
BGR,Bulgaria,SH.H2O.BASW.ZS,2018,99.292449043955
BGR,Bulgaria,SH.H2O.BASW.ZS,2017,99.3123099116754
BGR,Bulgaria,SH.H2O.BASW.ZS,2016,99.3327228860736
BGR,Bulgaria,SH.H2O.BASW.ZS,2015,99.3537331088916
BGR,Bulgaria,SH.H2O.BASW.ZS,2014,99.3753090063738
BGR,Bulgaria,SH.H2O.BASW.ZS,2013,99.3974782704321
BGR,Bulgaria,SH.H2O.BASW.ZS,2012,99.4202191539046
BGR,Bulgaria,SH.H2O.BASW.ZS,2011,99.4435439260654
BGR,Bulgaria,SH.H2O.BASW.ZS,2010,99.4674443238524
BFA,Burkina Faso,SH.H2O.BASW.ZS,2019,50.6996167671279
BFA,Burkina Faso,SH.H2O.BASW.ZS,2018,51.0143648746902
BFA,Burkina Faso,SH.H2O.BASW.ZS,2017,51.3308302109352
BFA,Burkina Faso,SH.H2O.BASW.ZS,2016,51.6480569278797
BFA,Burkina Faso,SH.H2O.BASW.ZS,2015,51.9651331528119
BFA,Burkina Faso,SH.H2O.BASW.ZS,2014,52.2827255201391
BFA,Burkina Faso,SH.H2O.BASW.ZS,2013,52.6002657451869
BFA,Burkina Faso,SH.H2O.BASW.ZS,2012,52.9175711215547
BFA,Burkina Faso,SH.H2O.BASW.ZS,2011,53.2337210751368
BFA,Burkina Faso,SH.H2O.BASW.ZS,2010,53.5481792484168
BDI,Burundi,SH.H2O.BASW.ZS,2019,63.7579908768374
BDI,Burundi,SH.H2O.BASW.ZS,2018,63.0031105309043
BDI,Burundi,SH.H2O.BASW.ZS,2017,62.2508547109649
BDI,Burundi,SH.H2O.BASW.ZS,2016,61.5013152508053
BDI,Burundi,SH.H2O.BASW.ZS,2015,60.754598685409
BDI,Burundi,SH.H2O.BASW.ZS,2014,60.0108002103421
BDI,Burundi,SH.H2O.BASW.ZS,2013,59.2700188901238
BDI,Burundi,SH.H2O.BASW.ZS,2012,58.5316929409599
BDI,Burundi,SH.H2O.BASW.ZS,2011,57.7968901680733
BDI,Burundi,SH.H2O.BASW.ZS,2010,57.0647160568921
CPV,Cabo Verde,SH.H2O.BASW.ZS,2019,87.808568861158
CPV,Cabo Verde,SH.H2O.BASW.ZS,2018,87.0755452684611
CPV,Cabo Verde,SH.H2O.BASW.ZS,2017,86.333068742186
CPV,Cabo Verde,SH.H2O.BASW.ZS,2016,85.581322426682
CPV,Cabo Verde,SH.H2O.BASW.ZS,2015,84.9382015962204
CPV,Cabo Verde,SH.H2O.BASW.ZS,2014,84.5854646017969
CPV,Cabo Verde,SH.H2O.BASW.ZS,2013,84.2318960930689
CPV,Cabo Verde,SH.H2O.BASW.ZS,2012,83.8774934810221
CPV,Cabo Verde,SH.H2O.BASW.ZS,2011,83.522244248535
CPV,Cabo Verde,SH.H2O.BASW.ZS,2010,83.1663318440796
KHM,Cambodia,SH.H2O.BASW.ZS,2019,77.5132246974306
KHM,Cambodia,SH.H2O.BASW.ZS,2018,76.3583989017941
KHM,Cambodia,SH.H2O.BASW.ZS,2017,75.1838204777674
KHM,Cambodia,SH.H2O.BASW.ZS,2016,73.9897142664689
KHM,Cambodia,SH.H2O.BASW.ZS,2015,72.7747960661074
KHM,Cambodia,SH.H2O.BASW.ZS,2014,71.539204338713
KHM,Cambodia,SH.H2O.BASW.ZS,2013,70.2828703284751
KHM,Cambodia,SH.H2O.BASW.ZS,2012,69.0059822259685
KHM,Cambodia,SH.H2O.BASW.ZS,2011,67.7079968252659
KHM,Cambodia,SH.H2O.BASW.ZS,2010,66.3891055650022
CMR,Cameroon,SH.H2O.BASW.ZS,2019,68.7910816912942
CMR,Cameroon,SH.H2O.BASW.ZS,2018,68.2677705308144
CMR,Cameroon,SH.H2O.BASW.ZS,2017,67.7271653530667
CMR,Cameroon,SH.H2O.BASW.ZS,2016,67.1696687119462
CMR,Cameroon,SH.H2O.BASW.ZS,2015,66.594406364624
CMR,Cameroon,SH.H2O.BASW.ZS,2014,66.0018143956848
CMR,Cameroon,SH.H2O.BASW.ZS,2013,65.3916897275554
CMR,Cameroon,SH.H2O.BASW.ZS,2012,64.7638368158669
CMR,Cameroon,SH.H2O.BASW.ZS,2011,64.1180510058743
CMR,Cameroon,SH.H2O.BASW.ZS,2010,63.4545114882578
CAN,Canada,SH.H2O.BASW.ZS,2019,98.5631782582907
CAN,Canada,SH.H2O.BASW.ZS,2018,98.6309996680104
CAN,Canada,SH.H2O.BASW.ZS,2017,98.6987271756663
CAN,Canada,SH.H2O.BASW.ZS,2016,98.7664020547712
CAN,Canada,SH.H2O.BASW.ZS,2015,98.8340306892804
CAN,Canada,SH.H2O.BASW.ZS,2014,98.9015865745503
CAN,Canada,SH.H2O.BASW.ZS,2013,98.9690828452765
CAN,Canada,SH.H2O.BASW.ZS,2012,99.0365046606561
CAN,Canada,SH.H2O.BASW.ZS,2011,99.1038601959252
CAN,Canada,SH.H2O.BASW.ZS,2010,99.1700909228102
CYM,Cayman Islands,SH.H2O.BASW.ZS,2019,95.6110429447853
CYM,Cayman Islands,SH.H2O.BASW.ZS,2018,95.648773006135
CYM,Cayman Islands,SH.H2O.BASW.ZS,2017,95.6865030674847
CYM,Cayman Islands,SH.H2O.BASW.ZS,2016,95.7242331288344
CYM,Cayman Islands,SH.H2O.BASW.ZS,2015,95.7619631901841
CYM,Cayman Islands,SH.H2O.BASW.ZS,2014,95.7996932515338
CYM,Cayman Islands,SH.H2O.BASW.ZS,2013,95.8374233128834
CYM,Cayman Islands,SH.H2O.BASW.ZS,2012,95.8751533742332
CYM,Cayman Islands,SH.H2O.BASW.ZS,2011,95.9128834355828
CYM,Cayman Islands,SH.H2O.BASW.ZS,2010,95.9506134969325
CAF,Central African Republic,SH.H2O.BASW.ZS,2019,38.2122663974409
CAF,Central African Republic,SH.H2O.BASW.ZS,2018,39.2275482962991
CAF,Central African Republic,SH.H2O.BASW.ZS,2017,40.2488145100733
CAF,Central African Republic,SH.H2O.BASW.ZS,2016,41.2766435897443
CAF,Central African Republic,SH.H2O.BASW.ZS,2015,42.3113468572103
CAF,Central African Republic,SH.H2O.BASW.ZS,2014,43.3540006911393
CAF,Central African Republic,SH.H2O.BASW.ZS,2013,44.4049337595255
CAF,Central African Republic,SH.H2O.BASW.ZS,2012,45.4644259836138
CAF,Central African Republic,SH.H2O.BASW.ZS,2011,46.5333196670966
CAF,Central African Republic,SH.H2O.BASW.ZS,2010,47.6121825064348
TCD,Chad,SH.H2O.BASW.ZS,2019,50.4980631195055
TCD,Chad,SH.H2O.BASW.ZS,2018,49.8080053480297
TCD,Chad,SH.H2O.BASW.ZS,2017,49.124967257941
TCD,Chad,SH.H2O.BASW.ZS,2016,48.4497536859394
TCD,Chad,SH.H2O.BASW.ZS,2015,47.7824336610333
TCD,Chad,SH.H2O.BASW.ZS,2014,47.123415071397
TCD,Chad,SH.H2O.BASW.ZS,2013,46.473095846077
TCD,Chad,SH.H2O.BASW.ZS,2012,45.8314573063676
TCD,Chad,SH.H2O.BASW.ZS,2011,45.1988546215139
TCD,Chad,SH.H2O.BASW.ZS,2010,44.5760310573362
CHL,Chile,SH.H2O.BASW.ZS,2019,98.5642151245882
CHL,Chile,SH.H2O.BASW.ZS,2018,98.4565155199366
CHL,Chile,SH.H2O.BASW.ZS,2017,98.3483784150021
CHL,Chile,SH.H2O.BASW.ZS,2016,98.240006839884
CHL,Chile,SH.H2O.BASW.ZS,2015,98.1315104153015
CHL,Chile,SH.H2O.BASW.ZS,2014,98.0228724170245
CHL,Chile,SH.H2O.BASW.ZS,2013,97.9135421057834
CHL,Chile,SH.H2O.BASW.ZS,2012,97.8035215361194
CHL,Chile,SH.H2O.BASW.ZS,2011,97.6928032000078
CHL,Chile,SH.H2O.BASW.ZS,2010,97.5812457914008
CHN,China,SH.H2O.BASW.ZS,2019,93.5326999183951
CHN,China,SH.H2O.BASW.ZS,2018,93.068663255545
CHN,China,SH.H2O.BASW.ZS,2017,92.577308673558
CHN,China,SH.H2O.BASW.ZS,2016,92.0580332231986
CHN,China,SH.H2O.BASW.ZS,2015,91.5125864728114
CHN,China,SH.H2O.BASW.ZS,2014,90.9415850511528
CHN,China,SH.H2O.BASW.ZS,2013,90.3447948783421
CHN,China,SH.H2O.BASW.ZS,2012,89.7224776817502
CHN,China,SH.H2O.BASW.ZS,2011,89.0737896182727
CHN,China,SH.H2O.BASW.ZS,2010,88.3938119002149
COL,Colombia,SH.H2O.BASW.ZS,2019,96.0785830726848
COL,Colombia,SH.H2O.BASW.ZS,2018,95.8504284105736
COL,Colombia,SH.H2O.BASW.ZS,2017,95.6178346039203
COL,Colombia,SH.H2O.BASW.ZS,2016,95.3807152978726
COL,Colombia,SH.H2O.BASW.ZS,2015,95.1389846235131
COL,Colombia,SH.H2O.BASW.ZS,2014,94.8927542496252
COL,Colombia,SH.H2O.BASW.ZS,2013,94.6419721075512
COL,Colombia,SH.H2O.BASW.ZS,2012,94.3863166731145
COL,Colombia,SH.H2O.BASW.ZS,2011,94.125708214804
COL,Colombia,SH.H2O.BASW.ZS,2010,93.860299409895
COM,Comoros,SH.H2O.BASW.ZS,2019,85.582654605357
COM,Comoros,SH.H2O.BASW.ZS,2018,85.6910036830202
COM,Comoros,SH.H2O.BASW.ZS,2017,85.8000023194019
COM,Comoros,SH.H2O.BASW.ZS,2016,85.9094298430236
COM,Comoros,SH.H2O.BASW.ZS,2015,86.0191792490847
COM,Comoros,SH.H2O.BASW.ZS,2014,86.1291911979684
COM,Comoros,SH.H2O.BASW.ZS,2013,86.2393591823008
COM,Comoros,SH.H2O.BASW.ZS,2012,86.3494754574658
COM,Comoros,SH.H2O.BASW.ZS,2011,86.4595303039768
COM,Comoros,SH.H2O.BASW.ZS,2010,86.5693640440455
COD,"Congo, Dem. Rep.",SH.H2O.BASW.ZS,2019,35.6878940308452
COD,"Congo, Dem. Rep.",SH.H2O.BASW.ZS,2018,35.8564891827066
COD,"Congo, Dem. Rep.",SH.H2O.BASW.ZS,2017,36.016305001478
COD,"Congo, Dem. Rep.",SH.H2O.BASW.ZS,2016,36.1678765737664
COD,"Congo, Dem. Rep.",SH.H2O.BASW.ZS,2015,36.3108122967194
COD,"Congo, Dem. Rep.",SH.H2O.BASW.ZS,2014,36.4456556153398
COD,"Congo, Dem. Rep.",SH.H2O.BASW.ZS,2013,36.5724802578576
COD,"Congo, Dem. Rep.",SH.H2O.BASW.ZS,2012,36.691850585446
COD,"Congo, Dem. Rep.",SH.H2O.BASW.ZS,2011,36.8033581567191
COD,"Congo, Dem. Rep.",SH.H2O.BASW.ZS,2010,36.9070813122382
COG,"Congo, Rep.",SH.H2O.BASW.ZS,2019,73.0980812765278
COG,"Congo, Rep.",SH.H2O.BASW.ZS,2018,72.9020532045187
COG,"Congo, Rep.",SH.H2O.BASW.ZS,2017,72.7060273572944
COG,"Congo, Rep.",SH.H2O.BASW.ZS,2016,71.7973477617
COG,"Congo, Rep.",SH.H2O.BASW.ZS,2015,70.8834804766701
COG,"Congo, Rep.",SH.H2O.BASW.ZS,2014,69.9648050667042
COG,"Congo, Rep.",SH.H2O.BASW.ZS,2013,69.0417229915666
COG,"Congo, Rep.",SH.H2O.BASW.ZS,2012,68.1146295030684
COG,"Congo, Rep.",SH.H2O.BASW.ZS,2011,67.1844431261946
COG,"Congo, Rep.",SH.H2O.BASW.ZS,2010,66.2515975807208
CRI,Costa Rica,SH.H2O.BASW.ZS,2019,99.7975280834127
CRI,Costa Rica,SH.H2O.BASW.ZS,2018,99.6853095331448
CRI,Costa Rica,SH.H2O.BASW.ZS,2017,99.5106743044316
CRI,Costa Rica,SH.H2O.BASW.ZS,2016,99.3263015038118
CRI,Costa Rica,SH.H2O.BASW.ZS,2015,99.1313622232054
CRI,Costa Rica,SH.H2O.BASW.ZS,2014,98.925021084525
CRI,Costa Rica,SH.H2O.BASW.ZS,2013,98.7063924008677
CRI,Costa Rica,SH.H2O.BASW.ZS,2012,98.4744866370989
CRI,Costa Rica,SH.H2O.BASW.ZS,2011,98.2283678408566
CRI,Costa Rica,SH.H2O.BASW.ZS,2010,98.0009426570817
CIV,Cote d'Ivoire,SH.H2O.BASW.ZS,2019,75.6490184756229
CIV,Cote d'Ivoire,SH.H2O.BASW.ZS,2018,75.3089683562102
CIV,Cote d'Ivoire,SH.H2O.BASW.ZS,2017,74.9670485097416
CIV,Cote d'Ivoire,SH.H2O.BASW.ZS,2016,74.623678155198
CIV,Cote d'Ivoire,SH.H2O.BASW.ZS,2015,74.2789991723986
CIV,Cote d'Ivoire,SH.H2O.BASW.ZS,2014,73.932866465233
CIV,Cote d'Ivoire,SH.H2O.BASW.ZS,2013,73.5860051813631
CIV,Cote d'Ivoire,SH.H2O.BASW.ZS,2012,73.2358134121721
CIV,Cote d'Ivoire,SH.H2O.BASW.ZS,2011,72.8823142494903
CIV,Cote d'Ivoire,SH.H2O.BASW.ZS,2010,72.5255308385242
HRV,Croatia,SH.H2O.BASW.ZS,2019,99.9017118309549
HRV,Croatia,SH.H2O.BASW.ZS,2018,99.9014519632488
HRV,Croatia,SH.H2O.BASW.ZS,2017,99.9012135113564
HRV,Croatia,SH.H2O.BASW.ZS,2016,99.9009796453255
HRV,Croatia,SH.H2O.BASW.ZS,2015,99.9007659561635
HRV,Croatia,SH.H2O.BASW.ZS,2014,99.9005681639486
HRV,Croatia,SH.H2O.BASW.ZS,2013,99.9003820151375
HRV,Croatia,SH.H2O.BASW.ZS,2012,99.8012216684385
HRV,Croatia,SH.H2O.BASW.ZS,2011,99.7012086254188
HRV,Croatia,SH.H2O.BASW.ZS,2010,99.6004621496266
CUB,Cuba,SH.H2O.BASW.ZS,2019,94.1321684364764
CUB,Cuba,SH.H2O.BASW.ZS,2018,94.0175439331674
CUB,Cuba,SH.H2O.BASW.ZS,2017,93.9033102492432
CUB,Cuba,SH.H2O.BASW.ZS,2016,93.789720928695
CUB,Cuba,SH.H2O.BASW.ZS,2015,93.6769409300078
CUB,Cuba,SH.H2O.BASW.ZS,2014,93.5636719296171
CUB,Cuba,SH.H2O.BASW.ZS,2013,93.4501274945212
CUB,Cuba,SH.H2O.BASW.ZS,2012,93.3348598456684
CUB,Cuba,SH.H2O.BASW.ZS,2011,93.2137774983012
CUB,Cuba,SH.H2O.BASW.ZS,2010,93.0918301196751
CUW,Curacao,SH.H2O.BASW.ZS,2019,100
CUW,Curacao,SH.H2O.BASW.ZS,2018,100
CUW,Curacao,SH.H2O.BASW.ZS,2017,100
CUW,Curacao,SH.H2O.BASW.ZS,2016,100
CUW,Curacao,SH.H2O.BASW.ZS,2015,100
CUW,Curacao,SH.H2O.BASW.ZS,2014,100
CUW,Curacao,SH.H2O.BASW.ZS,2013,100
CUW,Curacao,SH.H2O.BASW.ZS,2012,99.9172033509436
CUW,Curacao,SH.H2O.BASW.ZS,2011,99.8158357151148
CUW,Curacao,SH.H2O.BASW.ZS,2010,99.714468079286
CYP,Cyprus,SH.H2O.BASW.ZS,2019,99.7537103444436
CYP,Cyprus,SH.H2O.BASW.ZS,2018,99.7618820715217
CYP,Cyprus,SH.H2O.BASW.ZS,2017,99.7700560798569
CYP,Cyprus,SH.H2O.BASW.ZS,2016,99.7782153871909
CYP,Cyprus,SH.H2O.BASW.ZS,2015,99.7863671756961
CYP,Cyprus,SH.H2O.BASW.ZS,2014,99.7944906652545
CYP,Cyprus,SH.H2O.BASW.ZS,2013,99.8025995652533
CYP,Cyprus,SH.H2O.BASW.ZS,2012,99.8106809810866
CYP,Cyprus,SH.H2O.BASW.ZS,2011,99.8187291029918
CYP,Cyprus,SH.H2O.BASW.ZS,2010,99.8267504796292
CZE,Czechia,SH.H2O.BASW.ZS,2019,98.731767831264
CZE,Czechia,SH.H2O.BASW.ZS,2018,98.7313948988611
CZE,Czechia,SH.H2O.BASW.ZS,2017,98.7310570576695
CZE,Czechia,SH.H2O.BASW.ZS,2016,98.7307511669182
CZE,Czechia,SH.H2O.BASW.ZS,2015,98.7304761661286
CZE,Czechia,SH.H2O.BASW.ZS,2014,98.7302061350028
CZE,Czechia,SH.H2O.BASW.ZS,2013,98.5339609286439
CZE,Czechia,SH.H2O.BASW.ZS,2012,98.3922881866856
CZE,Czechia,SH.H2O.BASW.ZS,2011,98.352878485221
CZE,Czechia,SH.H2O.BASW.ZS,2010,98.314633387884
DNK,Denmark,SH.H2O.BASW.ZS,2019,99.9999975731289
DNK,Denmark,SH.H2O.BASW.ZS,2018,100
DNK,Denmark,SH.H2O.BASW.ZS,2017,100
DNK,Denmark,SH.H2O.BASW.ZS,2016,99.9999998039442
DNK,Denmark,SH.H2O.BASW.ZS,2015,100
DNK,Denmark,SH.H2O.BASW.ZS,2014,100
DNK,Denmark,SH.H2O.BASW.ZS,2013,99.9999990521906
DNK,Denmark,SH.H2O.BASW.ZS,2012,100
DNK,Denmark,SH.H2O.BASW.ZS,2011,99.9999977912366
DNK,Denmark,SH.H2O.BASW.ZS,2010,99.9999962682703
DJI,Djibouti,SH.H2O.BASW.ZS,2019,78.500379190124
DJI,Djibouti,SH.H2O.BASW.ZS,2018,78.2698510281145
DJI,Djibouti,SH.H2O.BASW.ZS,2017,78.0402986467674
DJI,Djibouti,SH.H2O.BASW.ZS,2016,77.8118431649469
DJI,Djibouti,SH.H2O.BASW.ZS,2015,77.5846153985274
DJI,Djibouti,SH.H2O.BASW.ZS,2014,77.3584793969034
DJI,Djibouti,SH.H2O.BASW.ZS,2013,77.1343417786065
DJI,Djibouti,SH.H2O.BASW.ZS,2012,76.9115444598486
DJI,Djibouti,SH.H2O.BASW.ZS,2011,76.6907534448216
DJI,Djibouti,SH.H2O.BASW.ZS,2010,76.4718213203658
DMA,Dominica,SH.H2O.BASW.ZS,2019,96.4675351456684
DMA,Dominica,SH.H2O.BASW.ZS,2018,96.3592925117814
DMA,Dominica,SH.H2O.BASW.ZS,2017,96.2501691726005
DMA,Dominica,SH.H2O.BASW.ZS,2016,96.1401644767525
DMA,Dominica,SH.H2O.BASW.ZS,2015,96.0292697173861
DMA,Dominica,SH.H2O.BASW.ZS,2014,95.9175225784431
DMA,Dominica,SH.H2O.BASW.ZS,2013,95.8049070233585
DMA,Dominica,SH.H2O.BASW.ZS,2012,95.6914288767891
DMA,Dominica,SH.H2O.BASW.ZS,2011,95.5770987585217
DMA,Dominica,SH.H2O.BASW.ZS,2010,95.4619169199444
DOM,Dominican Republic,SH.H2O.BASW.ZS,2019,96.7258902380545
DOM,Dominican Republic,SH.H2O.BASW.ZS,2018,96.5419932414165
DOM,Dominican Republic,SH.H2O.BASW.ZS,2017,96.3474703370499
DOM,Dominican Republic,SH.H2O.BASW.ZS,2016,96.1415849688893
DOM,Dominican Republic,SH.H2O.BASW.ZS,2015,95.9246900261845
DOM,Dominican Republic,SH.H2O.BASW.ZS,2014,95.6965659361733
DOM,Dominican Republic,SH.H2O.BASW.ZS,2013,95.4569183357095
DOM,Dominican Republic,SH.H2O.BASW.ZS,2012,95.2053026765105
DOM,Dominican Republic,SH.H2O.BASW.ZS,2011,94.9411577041221
DOM,Dominican Republic,SH.H2O.BASW.ZS,2010,94.6571919447174
ECU,Ecuador,SH.H2O.BASW.ZS,2019,91.2046901615957
ECU,Ecuador,SH.H2O.BASW.ZS,2018,90.9348761697738
ECU,Ecuador,SH.H2O.BASW.ZS,2017,90.6647128570391
ECU,Ecuador,SH.H2O.BASW.ZS,2016,90.3944152289936
ECU,Ecuador,SH.H2O.BASW.ZS,2015,90.1212871773867
ECU,Ecuador,SH.H2O.BASW.ZS,2014,89.8451330944318
ECU,Ecuador,SH.H2O.BASW.ZS,2013,89.5662908642962
ECU,Ecuador,SH.H2O.BASW.ZS,2012,89.2843795348701
ECU,Ecuador,SH.H2O.BASW.ZS,2011,88.9995700135052
ECU,Ecuador,SH.H2O.BASW.ZS,2010,88.7072879977884
EGY,"Egypt, Arab Rep.",SH.H2O.BASW.ZS,2019,97.6403544846485
EGY,"Egypt, Arab Rep.",SH.H2O.BASW.ZS,2018,97.710814412432
EGY,"Egypt, Arab Rep.",SH.H2O.BASW.ZS,2017,97.7818611616948
EGY,"Egypt, Arab Rep.",SH.H2O.BASW.ZS,2016,97.8534422131452
EGY,"Egypt, Arab Rep.",SH.H2O.BASW.ZS,2015,97.9255148711552
EGY,"Egypt, Arab Rep.",SH.H2O.BASW.ZS,2014,97.9975794064633
EGY,"Egypt, Arab Rep.",SH.H2O.BASW.ZS,2013,98.0695998327114
EGY,"Egypt, Arab Rep.",SH.H2O.BASW.ZS,2012,98.1415728406932
EGY,"Egypt, Arab Rep.",SH.H2O.BASW.ZS,2011,98.2135282519016
EGY,"Egypt, Arab Rep.",SH.H2O.BASW.ZS,2010,98.2848591599105
SLV,El Salvador,SH.H2O.BASW.ZS,2019,89.3527800998874
SLV,El Salvador,SH.H2O.BASW.ZS,2018,88.6461069503319
SLV,El Salvador,SH.H2O.BASW.ZS,2017,87.9197798964632
SLV,El Salvador,SH.H2O.BASW.ZS,2016,87.1729025989856
SLV,El Salvador,SH.H2O.BASW.ZS,2015,86.4045677725112
SLV,El Salvador,SH.H2O.BASW.ZS,2014,85.6145492076128
SLV,El Salvador,SH.H2O.BASW.ZS,2013,84.8055371617931
SLV,El Salvador,SH.H2O.BASW.ZS,2012,83.9776688792965
SLV,El Salvador,SH.H2O.BASW.ZS,2011,83.1302988113916
SLV,El Salvador,SH.H2O.BASW.ZS,2010,82.263858914026
GNQ,Equatorial Guinea,SH.H2O.BASW.ZS,2017,64.6658128879178
GNQ,Equatorial Guinea,SH.H2O.BASW.ZS,2016,64.4255163889263
GNQ,Equatorial Guinea,SH.H2O.BASW.ZS,2015,64.1785994681849
GNQ,Equatorial Guinea,SH.H2O.BASW.ZS,2014,63.9264757487076
GNQ,Equatorial Guinea,SH.H2O.BASW.ZS,2013,63.6715161073668
GNQ,Equatorial Guinea,SH.H2O.BASW.ZS,2012,62.8538908142975
GNQ,Equatorial Guinea,SH.H2O.BASW.ZS,2011,61.629611207728
GNQ,Equatorial Guinea,SH.H2O.BASW.ZS,2010,60.441364332898
ERI,Eritrea,SH.H2O.BASW.ZS,2016,51.8497177620962
ERI,Eritrea,SH.H2O.BASW.ZS,2015,51.4650919722432
ERI,Eritrea,SH.H2O.BASW.ZS,2014,51.0835644393148
ERI,Eritrea,SH.H2O.BASW.ZS,2013,50.7051288039864
ERI,Eritrea,SH.H2O.BASW.ZS,2012,50.3291745608518
ERI,Eritrea,SH.H2O.BASW.ZS,2011,50.1505293513249
ERI,Eritrea,SH.H2O.BASW.ZS,2010,49.9773816653656
EST,Estonia,SH.H2O.BASW.ZS,2019,99.9714771406741
EST,Estonia,SH.H2O.BASW.ZS,2018,99.9485371012832
EST,Estonia,SH.H2O.BASW.ZS,2017,99.9257062109249
EST,Estonia,SH.H2O.BASW.ZS,2016,99.8450343236061
EST,Estonia,SH.H2O.BASW.ZS,2015,99.6927225302901
EST,Estonia,SH.H2O.BASW.ZS,2014,99.5393104564203
EST,Estonia,SH.H2O.BASW.ZS,2013,99.3847877447218
EST,Estonia,SH.H2O.BASW.ZS,2012,99.2291464773041
EST,Estonia,SH.H2O.BASW.ZS,2011,99.075060117403
EST,Estonia,SH.H2O.BASW.ZS,2010,98.924086764246
SWZ,Eswatini,SH.H2O.BASW.ZS,2019,74.3032304184965
SWZ,Eswatini,SH.H2O.BASW.ZS,2018,73.0951527386502
SWZ,Eswatini,SH.H2O.BASW.ZS,2017,71.889631274468
SWZ,Eswatini,SH.H2O.BASW.ZS,2016,70.6869219395068
SWZ,Eswatini,SH.H2O.BASW.ZS,2015,69.4869405286673
SWZ,Eswatini,SH.H2O.BASW.ZS,2014,68.290236770265
SWZ,Eswatini,SH.H2O.BASW.ZS,2013,67.0946646886489
SWZ,Eswatini,SH.H2O.BASW.ZS,2012,65.8999215766669
SWZ,Eswatini,SH.H2O.BASW.ZS,2011,64.7063885949655
SWZ,Eswatini,SH.H2O.BASW.ZS,2010,63.4875943995962
ETH,Ethiopia,SH.H2O.BASW.ZS,2019,48.1464763368745
ETH,Ethiopia,SH.H2O.BASW.ZS,2018,46.6289667749081
ETH,Ethiopia,SH.H2O.BASW.ZS,2017,45.1032760984933
ETH,Ethiopia,SH.H2O.BASW.ZS,2016,43.569746379878
ETH,Ethiopia,SH.H2O.BASW.ZS,2015,42.0272706430081
ETH,Ethiopia,SH.H2O.BASW.ZS,2014,40.4770660365689
ETH,Ethiopia,SH.H2O.BASW.ZS,2013,38.9189287309583
ETH,Ethiopia,SH.H2O.BASW.ZS,2012,37.3536456061453
ETH,Ethiopia,SH.H2O.BASW.ZS,2011,35.7718966203647
ETH,Ethiopia,SH.H2O.BASW.ZS,2010,34.1836897406234
FRO,Faroe Islands,SH.H2O.BASW.ZS,2019,100
FRO,Faroe Islands,SH.H2O.BASW.ZS,2018,100
FRO,Faroe Islands,SH.H2O.BASW.ZS,2017,100
FRO,Faroe Islands,SH.H2O.BASW.ZS,2016,100
FRO,Faroe Islands,SH.H2O.BASW.ZS,2015,100
FRO,Faroe Islands,SH.H2O.BASW.ZS,2014,100
FRO,Faroe Islands,SH.H2O.BASW.ZS,2013,100
FRO,Faroe Islands,SH.H2O.BASW.ZS,2012,100
FRO,Faroe Islands,SH.H2O.BASW.ZS,2011,100
FRO,Faroe Islands,SH.H2O.BASW.ZS,2010,100
FJI,Fiji,SH.H2O.BASW.ZS,2019,95.3833163293103
FJI,Fiji,SH.H2O.BASW.ZS,2018,95.3482691825769
FJI,Fiji,SH.H2O.BASW.ZS,2017,95.3133024356782
FJI,Fiji,SH.H2O.BASW.ZS,2016,95.278634976057
FJI,Fiji,SH.H2O.BASW.ZS,2015,95.2442012588905
FJI,Fiji,SH.H2O.BASW.ZS,2014,95.2100729129394
FJI,Fiji,SH.H2O.BASW.ZS,2013,95.1763187725966
FJI,Fiji,SH.H2O.BASW.ZS,2012,95.1429478152795
FJI,Fiji,SH.H2O.BASW.ZS,2011,95.1097406179506
FJI,Fiji,SH.H2O.BASW.ZS,2010,95.076983731919
FIN,Finland,SH.H2O.BASW.ZS,2019,99.9999972852429
FIN,Finland,SH.H2O.BASW.ZS,2018,99.999999309504
FIN,Finland,SH.H2O.BASW.ZS,2017,100
FIN,Finland,SH.H2O.BASW.ZS,2016,99.9999998933781
FIN,Finland,SH.H2O.BASW.ZS,2015,100
FIN,Finland,SH.H2O.BASW.ZS,2014,99.9999970318793
FIN,Finland,SH.H2O.BASW.ZS,2013,99.9999962385025
FIN,Finland,SH.H2O.BASW.ZS,2012,99.9999978985936
FIN,Finland,SH.H2O.BASW.ZS,2011,100
FIN,Finland,SH.H2O.BASW.ZS,2010,100
FRA,France,SH.H2O.BASW.ZS,2019,100
FRA,France,SH.H2O.BASW.ZS,2018,99.9999999523043
FRA,France,SH.H2O.BASW.ZS,2017,100
FRA,France,SH.H2O.BASW.ZS,2016,100
FRA,France,SH.H2O.BASW.ZS,2015,99.9999999037222
FRA,France,SH.H2O.BASW.ZS,2014,99.999997234513
FRA,France,SH.H2O.BASW.ZS,2013,100
FRA,France,SH.H2O.BASW.ZS,2012,100
FRA,France,SH.H2O.BASW.ZS,2011,99.9999974748476
FRA,France,SH.H2O.BASW.ZS,2010,99.9999989035929
PYF,French Polynesia,SH.H2O.BASW.ZS,2019,100
PYF,French Polynesia,SH.H2O.BASW.ZS,2018,100
PYF,French Polynesia,SH.H2O.BASW.ZS,2017,100
PYF,French Polynesia,SH.H2O.BASW.ZS,2016,100
PYF,French Polynesia,SH.H2O.BASW.ZS,2015,100
PYF,French Polynesia,SH.H2O.BASW.ZS,2014,100
PYF,French Polynesia,SH.H2O.BASW.ZS,2013,100
PYF,French Polynesia,SH.H2O.BASW.ZS,2012,100
PYF,French Polynesia,SH.H2O.BASW.ZS,2011,100
PYF,French Polynesia,SH.H2O.BASW.ZS,2010,100
GAB,Gabon,SH.H2O.BASW.ZS,2019,87.472846570073
GAB,Gabon,SH.H2O.BASW.ZS,2018,87.1959828592503
GAB,Gabon,SH.H2O.BASW.ZS,2017,86.9072462361888
GAB,Gabon,SH.H2O.BASW.ZS,2016,86.606465035897
GAB,Gabon,SH.H2O.BASW.ZS,2015,86.2930339752905
GAB,Gabon,SH.H2O.BASW.ZS,2014,85.9658863110068
GAB,Gabon,SH.H2O.BASW.ZS,2013,85.6239250935099
GAB,Gabon,SH.H2O.BASW.ZS,2012,85.2673947991113
GAB,Gabon,SH.H2O.BASW.ZS,2011,84.899267815442
GAB,Gabon,SH.H2O.BASW.ZS,2010,84.5207296199844
GMB,"Gambia, The",SH.H2O.BASW.ZS,2019,84.4361946965619
GMB,"Gambia, The",SH.H2O.BASW.ZS,2018,83.8008881364874
GMB,"Gambia, The",SH.H2O.BASW.ZS,2017,83.1620559265773
GMB,"Gambia, The",SH.H2O.BASW.ZS,2016,82.5196405722502
GMB,"Gambia, The",SH.H2O.BASW.ZS,2015,81.8737511504613
GMB,"Gambia, The",SH.H2O.BASW.ZS,2014,81.2241792597438
GMB,"Gambia, The",SH.H2O.BASW.ZS,2013,80.571196875671
GMB,"Gambia, The",SH.H2O.BASW.ZS,2012,79.9149385065975
GMB,"Gambia, The",SH.H2O.BASW.ZS,2011,79.2555392487377
GMB,"Gambia, The",SH.H2O.BASW.ZS,2010,78.5938369652341
GEO,Georgia,SH.H2O.BASW.ZS,2019,96.6127357061039
GEO,Georgia,SH.H2O.BASW.ZS,2018,96.4862775476087
GEO,Georgia,SH.H2O.BASW.ZS,2017,96.3588824042299
GEO,Georgia,SH.H2O.BASW.ZS,2016,96.2306438542473
GEO,Georgia,SH.H2O.BASW.ZS,2015,96.1014497266011
GEO,Georgia,SH.H2O.BASW.ZS,2014,95.9715499431682
GEO,Georgia,SH.H2O.BASW.ZS,2013,95.8402895547886
GEO,Georgia,SH.H2O.BASW.ZS,2012,95.7077336027359
GEO,Georgia,SH.H2O.BASW.ZS,2011,95.5737249468986
GEO,Georgia,SH.H2O.BASW.ZS,2010,95.4384260318316
DEU,Germany,SH.H2O.BASW.ZS,2019,99.9999994577197
DEU,Germany,SH.H2O.BASW.ZS,2018,100
DEU,Germany,SH.H2O.BASW.ZS,2017,100
DEU,Germany,SH.H2O.BASW.ZS,2016,99.9999994713636
DEU,Germany,SH.H2O.BASW.ZS,2015,100
DEU,Germany,SH.H2O.BASW.ZS,2014,100
DEU,Germany,SH.H2O.BASW.ZS,2013,100
DEU,Germany,SH.H2O.BASW.ZS,2012,99.9999983586453
DEU,Germany,SH.H2O.BASW.ZS,2011,100
DEU,Germany,SH.H2O.BASW.ZS,2010,99.9999997873648
GHA,Ghana,SH.H2O.BASW.ZS,2019,84.7696150287459
GHA,Ghana,SH.H2O.BASW.ZS,2018,83.7344677926836
GHA,Ghana,SH.H2O.BASW.ZS,2017,82.6995725023601
GHA,Ghana,SH.H2O.BASW.ZS,2016,81.6651456164371
GHA,Ghana,SH.H2O.BASW.ZS,2015,80.631160872114
GHA,Ghana,SH.H2O.BASW.ZS,2014,79.5978353673804
GHA,Ghana,SH.H2O.BASW.ZS,2013,78.565152693679
GHA,Ghana,SH.H2O.BASW.ZS,2012,77.5330954898138
GHA,Ghana,SH.H2O.BASW.ZS,2011,76.5016404793149
GHA,Ghana,SH.H2O.BASW.ZS,2010,75.471267939183
GIB,Gibraltar,SH.H2O.BASW.ZS,2019,100
GIB,Gibraltar,SH.H2O.BASW.ZS,2018,100
GIB,Gibraltar,SH.H2O.BASW.ZS,2017,100
GIB,Gibraltar,SH.H2O.BASW.ZS,2016,100
GIB,Gibraltar,SH.H2O.BASW.ZS,2015,100
GIB,Gibraltar,SH.H2O.BASW.ZS,2014,100
GIB,Gibraltar,SH.H2O.BASW.ZS,2013,100
GIB,Gibraltar,SH.H2O.BASW.ZS,2012,100
GIB,Gibraltar,SH.H2O.BASW.ZS,2011,100
GIB,Gibraltar,SH.H2O.BASW.ZS,2010,100
GRC,Greece,SH.H2O.BASW.ZS,2019,99.999997048057
GRC,Greece,SH.H2O.BASW.ZS,2018,100
GRC,Greece,SH.H2O.BASW.ZS,2017,99.9999973482552
GRC,Greece,SH.H2O.BASW.ZS,2016,99.9999968642708
GRC,Greece,SH.H2O.BASW.ZS,2015,99.988523105293
GRC,Greece,SH.H2O.BASW.ZS,2014,99.97541718672
GRC,Greece,SH.H2O.BASW.ZS,2013,99.9619883950245
GRC,Greece,SH.H2O.BASW.ZS,2012,99.948239360805
GRC,Greece,SH.H2O.BASW.ZS,2011,99.9341628584541
GRC,Greece,SH.H2O.BASW.ZS,2010,99.9197604571835
GRL,Greenland,SH.H2O.BASW.ZS,2019,100
GRL,Greenland,SH.H2O.BASW.ZS,2018,100
GRL,Greenland,SH.H2O.BASW.ZS,2017,100
GRL,Greenland,SH.H2O.BASW.ZS,2016,100
GRL,Greenland,SH.H2O.BASW.ZS,2015,100
GRL,Greenland,SH.H2O.BASW.ZS,2014,100
GRL,Greenland,SH.H2O.BASW.ZS,2013,100
GRL,Greenland,SH.H2O.BASW.ZS,2012,100
GRL,Greenland,SH.H2O.BASW.ZS,2011,100
GRL,Greenland,SH.H2O.BASW.ZS,2010,100
GRD,Grenada,SH.H2O.BASW.ZS,2017,95.6286504435547
GRD,Grenada,SH.H2O.BASW.ZS,2016,95.6286504435547
GRD,Grenada,SH.H2O.BASW.ZS,2015,95.6286504435547
GRD,Grenada,SH.H2O.BASW.ZS,2014,95.6286504435547
GRD,Grenada,SH.H2O.BASW.ZS,2013,95.6286504435547
GRD,Grenada,SH.H2O.BASW.ZS,2012,95.9713888869245
GRD,Grenada,SH.H2O.BASW.ZS,2011,95.8631024745749
GRD,Grenada,SH.H2O.BASW.ZS,2010,95.6307875050065
GUM,Guam,SH.H2O.BASW.ZS,2019,99.5216993858781
GUM,Guam,SH.H2O.BASW.ZS,2018,99.5191653825242
GUM,Guam,SH.H2O.BASW.ZS,2017,99.5166313791703
GUM,Guam,SH.H2O.BASW.ZS,2016,99.5140973758164
GUM,Guam,SH.H2O.BASW.ZS,2015,99.5115633724624
GUM,Guam,SH.H2O.BASW.ZS,2014,99.5090293691085
GUM,Guam,SH.H2O.BASW.ZS,2013,99.5064953657546
GUM,Guam,SH.H2O.BASW.ZS,2012,99.5039613624007
GUM,Guam,SH.H2O.BASW.ZS,2011,99.5014273590467
GUM,Guam,SH.H2O.BASW.ZS,2010,99.4988933556928
GTM,Guatemala,SH.H2O.BASW.ZS,2019,92.0910526006257
GTM,Guatemala,SH.H2O.BASW.ZS,2018,91.8664742343096
GTM,Guatemala,SH.H2O.BASW.ZS,2017,91.6400944159348
GTM,Guatemala,SH.H2O.BASW.ZS,2016,91.4122081124135
GTM,Guatemala,SH.H2O.BASW.ZS,2015,91.1829418884206
GTM,Guatemala,SH.H2O.BASW.ZS,2014,90.9521869085608
GTM,Guatemala,SH.H2O.BASW.ZS,2013,90.7203833166752
GTM,Guatemala,SH.H2O.BASW.ZS,2012,90.4874258264266
GTM,Guatemala,SH.H2O.BASW.ZS,2011,90.2534246699844
GTM,Guatemala,SH.H2O.BASW.ZS,2010,90.0171691678666
GIN,Guinea,SH.H2O.BASW.ZS,2019,68.1651301407792
GIN,Guinea,SH.H2O.BASW.ZS,2018,66.8950995450723
GIN,Guinea,SH.H2O.BASW.ZS,2017,65.6377593870016
GIN,Guinea,SH.H2O.BASW.ZS,2016,64.3935453016882
GIN,Guinea,SH.H2O.BASW.ZS,2015,63.1625705426145
GIN,Guinea,SH.H2O.BASW.ZS,2014,61.9449533966477
GIN,Guinea,SH.H2O.BASW.ZS,2013,60.7407932771769
GIN,Guinea,SH.H2O.BASW.ZS,2012,59.5458989237514
GIN,Guinea,SH.H2O.BASW.ZS,2011,58.360314361898
GIN,Guinea,SH.H2O.BASW.ZS,2010,57.184097462228
GNB,Guinea-Bissau,SH.H2O.BASW.ZS,2019,61.2378280860905
GNB,Guinea-Bissau,SH.H2O.BASW.ZS,2018,61.0574978262041
GNB,Guinea-Bissau,SH.H2O.BASW.ZS,2017,60.8614249962045
GNB,Guinea-Bissau,SH.H2O.BASW.ZS,2016,60.6498938301808
GNB,Guinea-Bissau,SH.H2O.BASW.ZS,2015,60.4227287706109
GNB,Guinea-Bissau,SH.H2O.BASW.ZS,2014,60.179969051587
GNB,Guinea-Bissau,SH.H2O.BASW.ZS,2013,59.9219185208316
GNB,Guinea-Bissau,SH.H2O.BASW.ZS,2012,59.6486446194462
GNB,Guinea-Bissau,SH.H2O.BASW.ZS,2011,59.3599409743787
GNB,Guinea-Bissau,SH.H2O.BASW.ZS,2010,59.0561288356576
GUY,Guyana,SH.H2O.BASW.ZS,2019,94.7537064552483
GUY,Guyana,SH.H2O.BASW.ZS,2018,94.4550659757955
GUY,Guyana,SH.H2O.BASW.ZS,2017,94.1560114941811
GUY,Guyana,SH.H2O.BASW.ZS,2016,93.8566725487211
GUY,Guyana,SH.H2O.BASW.ZS,2015,93.5573147268912
GUY,Guyana,SH.H2O.BASW.ZS,2014,93.2581213076168
GUY,Guyana,SH.H2O.BASW.ZS,2013,92.959244646232
GUY,Guyana,SH.H2O.BASW.ZS,2012,92.6609284046395
GUY,Guyana,SH.H2O.BASW.ZS,2011,92.362661216299
GUY,Guyana,SH.H2O.BASW.ZS,2010,92.0773787759255
HTI,Haiti,SH.H2O.BASW.ZS,2019,69.7360086923955
HTI,Haiti,SH.H2O.BASW.ZS,2018,69.1522570020031
HTI,Haiti,SH.H2O.BASW.ZS,2017,68.5471165461434
HTI,Haiti,SH.H2O.BASW.ZS,2016,67.9200663191655
HTI,Haiti,SH.H2O.BASW.ZS,2015,67.2702221922087
HTI,Haiti,SH.H2O.BASW.ZS,2014,66.5988959372951
HTI,Haiti,SH.H2O.BASW.ZS,2013,65.9105551526185
HTI,Haiti,SH.H2O.BASW.ZS,2012,65.2057837814604
HTI,Haiti,SH.H2O.BASW.ZS,2011,64.4832332548174
HTI,Haiti,SH.H2O.BASW.ZS,2010,63.7442876328599
HND,Honduras,SH.H2O.BASW.ZS,2019,93.9610018338129
HND,Honduras,SH.H2O.BASW.ZS,2018,93.5856465079255
HND,Honduras,SH.H2O.BASW.ZS,2017,93.203968706641
HND,Honduras,SH.H2O.BASW.ZS,2016,92.8158871236421
HND,Honduras,SH.H2O.BASW.ZS,2015,92.421451159935
HND,Honduras,SH.H2O.BASW.ZS,2014,92.0207347407906
HND,Honduras,SH.H2O.BASW.ZS,2013,91.6134052389382
HND,Honduras,SH.H2O.BASW.ZS,2012,91.2001031419735
HND,Honduras,SH.H2O.BASW.ZS,2011,90.7803603583435
HND,Honduras,SH.H2O.BASW.ZS,2010,90.3547424812176
HKG,"Hong Kong SAR, China",SH.H2O.BASW.ZS,2019,100
HKG,"Hong Kong SAR, China",SH.H2O.BASW.ZS,2018,99.9606380349146
HKG,"Hong Kong SAR, China",SH.H2O.BASW.ZS,2017,99.9021029470387
HKG,"Hong Kong SAR, China",SH.H2O.BASW.ZS,2016,99.8435678591627
HKG,"Hong Kong SAR, China",SH.H2O.BASW.ZS,2015,99.7850327712868
HKG,"Hong Kong SAR, China",SH.H2O.BASW.ZS,2014,99.7264976834109
HKG,"Hong Kong SAR, China",SH.H2O.BASW.ZS,2013,99.667962595535
HKG,"Hong Kong SAR, China",SH.H2O.BASW.ZS,2012,99.609427507659
HKG,"Hong Kong SAR, China",SH.H2O.BASW.ZS,2011,99.5508924197831
HKG,"Hong Kong SAR, China",SH.H2O.BASW.ZS,2010,99.4923573319072
HUN,Hungary,SH.H2O.BASW.ZS,2019,99.4779522735121
HUN,Hungary,SH.H2O.BASW.ZS,2018,99.2100381980227
HUN,Hungary,SH.H2O.BASW.ZS,2017,98.9400107789492
HUN,Hungary,SH.H2O.BASW.ZS,2016,98.6679484290121
HUN,Hungary,SH.H2O.BASW.ZS,2015,98.3938802461663
HUN,Hungary,SH.H2O.BASW.ZS,2014,98.1178998940875
HUN,Hungary,SH.H2O.BASW.ZS,2013,97.8398540702921
HUN,Hungary,SH.H2O.BASW.ZS,2012,97.5597402653732
HUN,Hungary,SH.H2O.BASW.ZS,2011,97.2758562444965
HUN,Hungary,SH.H2O.BASW.ZS,2010,96.9842340521877
ISL,Iceland,SH.H2O.BASW.ZS,2019,99.9999970387712
ISL,Iceland,SH.H2O.BASW.ZS,2018,99.9999967826526
ISL,Iceland,SH.H2O.BASW.ZS,2017,100
ISL,Iceland,SH.H2O.BASW.ZS,2016,100
ISL,Iceland,SH.H2O.BASW.ZS,2015,100
ISL,Iceland,SH.H2O.BASW.ZS,2014,99.9999979873113
ISL,Iceland,SH.H2O.BASW.ZS,2013,99.9999988928739
ISL,Iceland,SH.H2O.BASW.ZS,2012,99.9999957149588
ISL,Iceland,SH.H2O.BASW.ZS,2011,100
ISL,Iceland,SH.H2O.BASW.ZS,2010,100
IND,India,SH.H2O.BASW.ZS,2019,92.4317828217009
IND,India,SH.H2O.BASW.ZS,2018,91.7626505318817
IND,India,SH.H2O.BASW.ZS,2017,91.0905825625786
IND,India,SH.H2O.BASW.ZS,2016,90.4158282525921
IND,India,SH.H2O.BASW.ZS,2015,89.7387066732488
IND,India,SH.H2O.BASW.ZS,2014,89.0593975763785
IND,India,SH.H2O.BASW.ZS,2013,88.3781430142448
IND,India,SH.H2O.BASW.ZS,2012,87.6951918936397
IND,India,SH.H2O.BASW.ZS,2011,87.0106732998892
IND,India,SH.H2O.BASW.ZS,2010,86.3249166723471
IDN,Indonesia,SH.H2O.BASW.ZS,2019,88.7538936468124
IDN,Indonesia,SH.H2O.BASW.ZS,2018,88.410420237217
IDN,Indonesia,SH.H2O.BASW.ZS,2017,88.0541295680055
IDN,Indonesia,SH.H2O.BASW.ZS,2016,87.6849895715078
IDN,Indonesia,SH.H2O.BASW.ZS,2015,87.3023728948535
IDN,Indonesia,SH.H2O.BASW.ZS,2014,86.9065589204206
IDN,Indonesia,SH.H2O.BASW.ZS,2013,86.4972383225177
IDN,Indonesia,SH.H2O.BASW.ZS,2012,86.0745858271754
IDN,Indonesia,SH.H2O.BASW.ZS,2011,85.6378136701144
IDN,Indonesia,SH.H2O.BASW.ZS,2010,85.1661850718562
IRN,"Iran, Islamic Rep.",SH.H2O.BASW.ZS,2019,97.2741844991019
IRN,"Iran, Islamic Rep.",SH.H2O.BASW.ZS,2018,97.1490246044491
IRN,"Iran, Islamic Rep.",SH.H2O.BASW.ZS,2017,97.0204377787878
IRN,"Iran, Islamic Rep.",SH.H2O.BASW.ZS,2016,96.8883841344681
IRN,"Iran, Islamic Rep.",SH.H2O.BASW.ZS,2015,96.7529192600073
IRN,"Iran, Islamic Rep.",SH.H2O.BASW.ZS,2014,96.6141058316375
IRN,"Iran, Islamic Rep.",SH.H2O.BASW.ZS,2013,96.4718242177424
IRN,"Iran, Islamic Rep.",SH.H2O.BASW.ZS,2012,96.3261590816988
IRN,"Iran, Islamic Rep.",SH.H2O.BASW.ZS,2011,96.1763033647874
IRN,"Iran, Islamic Rep.",SH.H2O.BASW.ZS,2010,96.0218281862273
IRQ,Iraq,SH.H2O.BASW.ZS,2019,97.7787837240263
IRQ,Iraq,SH.H2O.BASW.ZS,2018,96.902402599518
IRQ,Iraq,SH.H2O.BASW.ZS,2017,96.0213104286067
IRQ,Iraq,SH.H2O.BASW.ZS,2016,95.1361722839903
IRQ,Iraq,SH.H2O.BASW.ZS,2015,94.2475935647608
IRQ,Iraq,SH.H2O.BASW.ZS,2014,93.3560179358349
IRQ,Iraq,SH.H2O.BASW.ZS,2013,92.4602847156941
IRQ,Iraq,SH.H2O.BASW.ZS,2012,91.5604108838011
IRQ,Iraq,SH.H2O.BASW.ZS,2011,90.6562235048523
IRQ,Iraq,SH.H2O.BASW.ZS,2010,89.747680341053
IRL,Ireland,SH.H2O.BASW.ZS,2019,97.0120539231566
IRL,Ireland,SH.H2O.BASW.ZS,2018,96.9939522473037
IRL,Ireland,SH.H2O.BASW.ZS,2017,96.9755821286774
IRL,Ireland,SH.H2O.BASW.ZS,2016,96.9569278147002
IRL,Ireland,SH.H2O.BASW.ZS,2015,96.9380364717099
IRL,Ireland,SH.H2O.BASW.ZS,2014,96.9190141649512
IRL,Ireland,SH.H2O.BASW.ZS,2013,96.8998874189889
IRL,Ireland,SH.H2O.BASW.ZS,2012,96.8806445019551
IRL,Ireland,SH.H2O.BASW.ZS,2011,96.8612904708571
IRL,Ireland,SH.H2O.BASW.ZS,2010,96.8418255162662
IMN,Isle of Man,SH.H2O.BASW.ZS,2019,99.4745862903226
IMN,Isle of Man,SH.H2O.BASW.ZS,2018,99.338164516129
IMN,Isle of Man,SH.H2O.BASW.ZS,2017,99.2017427419355
IMN,Isle of Man,SH.H2O.BASW.ZS,2016,99.0653209677419
IMN,Isle of Man,SH.H2O.BASW.ZS,2015,98.9288991935484
IMN,Isle of Man,SH.H2O.BASW.ZS,2014,98.7924774193548
IMN,Isle of Man,SH.H2O.BASW.ZS,2013,98.6560556451613
IMN,Isle of Man,SH.H2O.BASW.ZS,2012,98.6560556451613
IMN,Isle of Man,SH.H2O.BASW.ZS,2011,98.6560556451613
IMN,Isle of Man,SH.H2O.BASW.ZS,2010,98.6560556451613
ISR,Israel,SH.H2O.BASW.ZS,2019,100
ISR,Israel,SH.H2O.BASW.ZS,2018,100
ISR,Israel,SH.H2O.BASW.ZS,2017,99.9999992350347
ISR,Israel,SH.H2O.BASW.ZS,2016,100
ISR,Israel,SH.H2O.BASW.ZS,2015,100
ISR,Israel,SH.H2O.BASW.ZS,2014,99.9999994311655
ISR,Israel,SH.H2O.BASW.ZS,2013,99.9999987902256
ISR,Israel,SH.H2O.BASW.ZS,2012,100
ISR,Israel,SH.H2O.BASW.ZS,2011,100
ISR,Israel,SH.H2O.BASW.ZS,2010,100
ITA,Italy,SH.H2O.BASW.ZS,2019,99.9170340740928
ITA,Italy,SH.H2O.BASW.ZS,2018,99.9170340740928
ITA,Italy,SH.H2O.BASW.ZS,2017,99.9170340740928
ITA,Italy,SH.H2O.BASW.ZS,2016,99.9170340740928
ITA,Italy,SH.H2O.BASW.ZS,2015,99.9170340740928
ITA,Italy,SH.H2O.BASW.ZS,2014,99.9170340740928
ITA,Italy,SH.H2O.BASW.ZS,2013,99.8913216069004
ITA,Italy,SH.H2O.BASW.ZS,2012,99.8656091397081
ITA,Italy,SH.H2O.BASW.ZS,2011,99.8398966725157
ITA,Italy,SH.H2O.BASW.ZS,2010,99.8141842053233
JAM,Jamaica,SH.H2O.BASW.ZS,2019,89.2277179456112
JAM,Jamaica,SH.H2O.BASW.ZS,2018,89.5557220251637
JAM,Jamaica,SH.H2O.BASW.ZS,2017,89.8818112105781
JAM,Jamaica,SH.H2O.BASW.ZS,2016,90.2061439128139
JAM,Jamaica,SH.H2O.BASW.ZS,2015,90.5287295922396
JAM,Jamaica,SH.H2O.BASW.ZS,2014,90.8497325388071
JAM,Jamaica,SH.H2O.BASW.ZS,2013,91.1691636119073
JAM,Jamaica,SH.H2O.BASW.ZS,2012,91.4871976831064
JAM,Jamaica,SH.H2O.BASW.ZS,2011,91.8039421170674
JAM,Jamaica,SH.H2O.BASW.ZS,2010,92.1193970721849
JPN,Japan,SH.H2O.BASW.ZS,2019,99.0434723765032
JPN,Japan,SH.H2O.BASW.ZS,2018,99.0085484787426
JPN,Japan,SH.H2O.BASW.ZS,2017,98.973624580982
JPN,Japan,SH.H2O.BASW.ZS,2016,98.9387006832215
JPN,Japan,SH.H2O.BASW.ZS,2015,98.9037767854609
JPN,Japan,SH.H2O.BASW.ZS,2014,98.8688528877004
JPN,Japan,SH.H2O.BASW.ZS,2013,98.8339289899398
JPN,Japan,SH.H2O.BASW.ZS,2012,98.7990050921792
JPN,Japan,SH.H2O.BASW.ZS,2011,98.7640811944187
JPN,Japan,SH.H2O.BASW.ZS,2010,98.7291572966581
JOR,Jordan,SH.H2O.BASW.ZS,2019,99.1420002561378
JOR,Jordan,SH.H2O.BASW.ZS,2018,99.1124406003234
JOR,Jordan,SH.H2O.BASW.ZS,2017,99.0826264544025
JOR,Jordan,SH.H2O.BASW.ZS,2016,99.0560992908943
JOR,Jordan,SH.H2O.BASW.ZS,2015,99.0291191427992
JOR,Jordan,SH.H2O.BASW.ZS,2014,99.0017546060361
JOR,Jordan,SH.H2O.BASW.ZS,2013,98.9622049918779
JOR,Jordan,SH.H2O.BASW.ZS,2012,98.9204228747465
JOR,Jordan,SH.H2O.BASW.ZS,2011,98.8761377842126
JOR,Jordan,SH.H2O.BASW.ZS,2010,98.8292687560561
KAZ,Kazakhstan,SH.H2O.BASW.ZS,2019,96.6144824644743
KAZ,Kazakhstan,SH.H2O.BASW.ZS,2018,96.3060818845049
KAZ,Kazakhstan,SH.H2O.BASW.ZS,2017,95.9970182861121
KAZ,Kazakhstan,SH.H2O.BASW.ZS,2016,95.7465813403663
KAZ,Kazakhstan,SH.H2O.BASW.ZS,2015,95.4785790078555
KAZ,Kazakhstan,SH.H2O.BASW.ZS,2014,95.1268706638543
KAZ,Kazakhstan,SH.H2O.BASW.ZS,2013,94.7741258840317
KAZ,Kazakhstan,SH.H2O.BASW.ZS,2012,94.4202016510081
KAZ,Kazakhstan,SH.H2O.BASW.ZS,2011,94.0651716304314
KAZ,Kazakhstan,SH.H2O.BASW.ZS,2010,93.7090293283348
KEN,Kenya,SH.H2O.BASW.ZS,2019,61.4907638599362
KEN,Kenya,SH.H2O.BASW.ZS,2018,60.6609028100369
KEN,Kenya,SH.H2O.BASW.ZS,2017,59.82810250315
KEN,Kenya,SH.H2O.BASW.ZS,2016,58.9933330324144
KEN,Kenya,SH.H2O.BASW.ZS,2015,58.1564256572864
KEN,Kenya,SH.H2O.BASW.ZS,2014,57.3176013376785
KEN,Kenya,SH.H2O.BASW.ZS,2013,56.4770636530803
KEN,Kenya,SH.H2O.BASW.ZS,2012,55.6346101711392
KEN,Kenya,SH.H2O.BASW.ZS,2011,54.7912792060119
KEN,Kenya,SH.H2O.BASW.ZS,2010,53.9464421270489
KIR,Kiribati,SH.H2O.BASW.ZS,2019,75.8122291109265
KIR,Kiribati,SH.H2O.BASW.ZS,2018,74.9172098884573
KIR,Kiribati,SH.H2O.BASW.ZS,2017,74.0045165430556
KIR,Kiribati,SH.H2O.BASW.ZS,2016,73.0741373998847
KIR,Kiribati,SH.H2O.BASW.ZS,2015,72.1255004626904
KIR,Kiribati,SH.H2O.BASW.ZS,2014,71.1597633531566
KIR,Kiribati,SH.H2O.BASW.ZS,2013,70.1813879382686
KIR,Kiribati,SH.H2O.BASW.ZS,2012,69.1908876881434
KIR,Kiribati,SH.H2O.BASW.ZS,2011,68.18756629104
KIR,Kiribati,SH.H2O.BASW.ZS,2010,67.1728362624079
PRK,"Korea, Dem. People's Rep.",SH.H2O.BASW.ZS,2019,93.8236874339691
PRK,"Korea, Dem. People's Rep.",SH.H2O.BASW.ZS,2018,94.166236701267
PRK,"Korea, Dem. People's Rep.",SH.H2O.BASW.ZS,2017,94.5124525053213
PRK,"Korea, Dem. People's Rep.",SH.H2O.BASW.ZS,2016,94.8621018158696
PRK,"Korea, Dem. People's Rep.",SH.H2O.BASW.ZS,2015,95.2148802388595
PRK,"Korea, Dem. People's Rep.",SH.H2O.BASW.ZS,2014,95.5706751338568
PRK,"Korea, Dem. People's Rep.",SH.H2O.BASW.ZS,2013,95.9284725238966
PRK,"Korea, Dem. People's Rep.",SH.H2O.BASW.ZS,2012,96.2883252948552
PRK,"Korea, Dem. People's Rep.",SH.H2O.BASW.ZS,2011,96.6502023193552
PRK,"Korea, Dem. People's Rep.",SH.H2O.BASW.ZS,2010,97.014188853857
KOR,"Korea, Rep.",SH.H2O.BASW.ZS,2019,99.6942402925064
KOR,"Korea, Rep.",SH.H2O.BASW.ZS,2018,99.6228074567707
KOR,"Korea, Rep.",SH.H2O.BASW.ZS,2017,99.5513746210351
KOR,"Korea, Rep.",SH.H2O.BASW.ZS,2016,99.4799417852994
KOR,"Korea, Rep.",SH.H2O.BASW.ZS,2015,99.4085089495638
KOR,"Korea, Rep.",SH.H2O.BASW.ZS,2014,99.3370761138281
KOR,"Korea, Rep.",SH.H2O.BASW.ZS,2013,99.2656432780924
KOR,"Korea, Rep.",SH.H2O.BASW.ZS,2012,99.1942104423568
KOR,"Korea, Rep.",SH.H2O.BASW.ZS,2011,99.1227776066211
KOR,"Korea, Rep.",SH.H2O.BASW.ZS,2010,99.0513447708854
KWT,Kuwait,SH.H2O.BASW.ZS,2019,100
KWT,Kuwait,SH.H2O.BASW.ZS,2018,100
KWT,Kuwait,SH.H2O.BASW.ZS,2017,100
KWT,Kuwait,SH.H2O.BASW.ZS,2016,100
KWT,Kuwait,SH.H2O.BASW.ZS,2015,100
KWT,Kuwait,SH.H2O.BASW.ZS,2014,100
KWT,Kuwait,SH.H2O.BASW.ZS,2013,100
KWT,Kuwait,SH.H2O.BASW.ZS,2012,100
KWT,Kuwait,SH.H2O.BASW.ZS,2011,100
KWT,Kuwait,SH.H2O.BASW.ZS,2010,100
KGZ,Kyrgyz Republic,SH.H2O.BASW.ZS,2019,92.0438993396
KGZ,Kyrgyz Republic,SH.H2O.BASW.ZS,2018,91.4270880471421
KGZ,Kyrgyz Republic,SH.H2O.BASW.ZS,2017,90.8095804433615
KGZ,Kyrgyz Republic,SH.H2O.BASW.ZS,2016,90.1919244806244
KGZ,Kyrgyz Republic,SH.H2O.BASW.ZS,2015,89.5744309454191
KGZ,Kyrgyz Republic,SH.H2O.BASW.ZS,2014,88.9576674918841
KGZ,Kyrgyz Republic,SH.H2O.BASW.ZS,2013,88.3419389786488
KGZ,Kyrgyz Republic,SH.H2O.BASW.ZS,2012,87.7276670753468
KGZ,Kyrgyz Republic,SH.H2O.BASW.ZS,2011,87.1151364127598
KGZ,Kyrgyz Republic,SH.H2O.BASW.ZS,2010,86.5050830438754
LAO,Lao PDR,SH.H2O.BASW.ZS,2019,83.8782119453961
LAO,Lao PDR,SH.H2O.BASW.ZS,2018,82.2233994378671
LAO,Lao PDR,SH.H2O.BASW.ZS,2017,80.5500537342279
LAO,Lao PDR,SH.H2O.BASW.ZS,2016,78.8579483150043
LAO,Lao PDR,SH.H2O.BASW.ZS,2015,77.1470405122433
LAO,Lao PDR,SH.H2O.BASW.ZS,2014,75.4180039823174
LAO,Lao PDR,SH.H2O.BASW.ZS,2013,73.6706450859176
LAO,Lao PDR,SH.H2O.BASW.ZS,2012,71.9052632997901
LAO,Lao PDR,SH.H2O.BASW.ZS,2011,70.1211055659738
LAO,Lao PDR,SH.H2O.BASW.ZS,2010,68.3192708714706
LVA,Latvia,SH.H2O.BASW.ZS,2019,98.5947259523274
LVA,Latvia,SH.H2O.BASW.ZS,2018,98.558820559671
LVA,Latvia,SH.H2O.BASW.ZS,2017,98.5228902646121
LVA,Latvia,SH.H2O.BASW.ZS,2016,98.4869768488799
LVA,Latvia,SH.H2O.BASW.ZS,2015,98.4511105601359
LVA,Latvia,SH.H2O.BASW.ZS,2014,98.4153361248408
LVA,Latvia,SH.H2O.BASW.ZS,2013,98.3795180177465
LVA,Latvia,SH.H2O.BASW.ZS,2012,98.3436350689574
LVA,Latvia,SH.H2O.BASW.ZS,2011,98.3077017378479
LVA,Latvia,SH.H2O.BASW.ZS,2010,98.2717136022168
LBN,Lebanon,SH.H2O.BASW.ZS,2019,92.6
LBN,Lebanon,SH.H2O.BASW.ZS,2018,92.4654818371011
LBN,Lebanon,SH.H2O.BASW.ZS,2017,92.1041771379189
LBN,Lebanon,SH.H2O.BASW.ZS,2016,91.6461184176367
LBN,Lebanon,SH.H2O.BASW.ZS,2015,91.1880596973545
LBN,Lebanon,SH.H2O.BASW.ZS,2014,90.7300009770723
LBN,Lebanon,SH.H2O.BASW.ZS,2013,90.27194225679
LBN,Lebanon,SH.H2O.BASW.ZS,2012,89.8138835365079
LBN,Lebanon,SH.H2O.BASW.ZS,2011,89.3558248162257
LBN,Lebanon,SH.H2O.BASW.ZS,2010,88.8977660959435
LSO,Lesotho,SH.H2O.BASW.ZS,2019,75.1376932253322
LSO,Lesotho,SH.H2O.BASW.ZS,2018,74.5632870642167
LSO,Lesotho,SH.H2O.BASW.ZS,2017,73.9930898817459
LSO,Lesotho,SH.H2O.BASW.ZS,2016,73.4272764061932
LSO,Lesotho,SH.H2O.BASW.ZS,2015,72.8644331310882
LSO,Lesotho,SH.H2O.BASW.ZS,2014,72.3042900166606
LSO,Lesotho,SH.H2O.BASW.ZS,2013,71.7472805619843
LSO,Lesotho,SH.H2O.BASW.ZS,2012,71.1931354913507
LSO,Lesotho,SH.H2O.BASW.ZS,2011,70.6416125144182
LSO,Lesotho,SH.H2O.BASW.ZS,2010,70.0661261191784
LBR,Liberia,SH.H2O.BASW.ZS,2019,75.5183258975949
LBR,Liberia,SH.H2O.BASW.ZS,2018,74.8362128370245
LBR,Liberia,SH.H2O.BASW.ZS,2017,74.1477432355412
LBR,Liberia,SH.H2O.BASW.ZS,2016,73.4532574499597
LBR,Liberia,SH.H2O.BASW.ZS,2015,72.7524847164664
LBR,Liberia,SH.H2O.BASW.ZS,2014,72.0459731773456
LBR,Liberia,SH.H2O.BASW.ZS,2013,71.3338862504404
LBR,Liberia,SH.H2O.BASW.ZS,2012,70.6161490742492
LBR,Liberia,SH.H2O.BASW.ZS,2011,69.8933749749855
LBR,Liberia,SH.H2O.BASW.ZS,2010,69.1652648922475
LBY,Libya,SH.H2O.BASW.ZS,2019,94.9898376650524
LBY,Libya,SH.H2O.BASW.ZS,2018,94.7168963808305
LBY,Libya,SH.H2O.BASW.ZS,2017,94.4439550966087
LBY,Libya,SH.H2O.BASW.ZS,2016,94.1710138123867
LBY,Libya,SH.H2O.BASW.ZS,2015,93.8980725281649
LBY,Libya,SH.H2O.BASW.ZS,2014,93.625131243943
LBY,Libya,SH.H2O.BASW.ZS,2013,93.3521899597212
LBY,Libya,SH.H2O.BASW.ZS,2012,93.0792486754992
LBY,Libya,SH.H2O.BASW.ZS,2011,93.0792486754992
LBY,Libya,SH.H2O.BASW.ZS,2010,93.0792486754992
LIE,Liechtenstein,SH.H2O.BASW.ZS,2019,100
LIE,Liechtenstein,SH.H2O.BASW.ZS,2018,100
LIE,Liechtenstein,SH.H2O.BASW.ZS,2017,100
LIE,Liechtenstein,SH.H2O.BASW.ZS,2016,100
LIE,Liechtenstein,SH.H2O.BASW.ZS,2015,100
LIE,Liechtenstein,SH.H2O.BASW.ZS,2014,100
LIE,Liechtenstein,SH.H2O.BASW.ZS,2013,100
LIE,Liechtenstein,SH.H2O.BASW.ZS,2012,100
LIE,Liechtenstein,SH.H2O.BASW.ZS,2011,100
LIE,Liechtenstein,SH.H2O.BASW.ZS,2010,100
LTU,Lithuania,SH.H2O.BASW.ZS,2019,98.5372101703489
LTU,Lithuania,SH.H2O.BASW.ZS,2018,98.0695666979738
LTU,Lithuania,SH.H2O.BASW.ZS,2017,97.5995795936684
LTU,Lithuania,SH.H2O.BASW.ZS,2016,97.1276074784164
LTU,Lithuania,SH.H2O.BASW.ZS,2015,96.6540744092519
LTU,Lithuania,SH.H2O.BASW.ZS,2014,96.1793622122159
LTU,Lithuania,SH.H2O.BASW.ZS,2013,95.7024541817261
LTU,Lithuania,SH.H2O.BASW.ZS,2012,95.2233550480364
LTU,Lithuania,SH.H2O.BASW.ZS,2011,94.7419457559993
LTU,Lithuania,SH.H2O.BASW.ZS,2010,94.2758564978179
LUX,Luxembourg,SH.H2O.BASW.ZS,2019,100
LUX,Luxembourg,SH.H2O.BASW.ZS,2018,99.9999952675499
LUX,Luxembourg,SH.H2O.BASW.ZS,2017,99.9999966233411
LUX,Luxembourg,SH.H2O.BASW.ZS,2016,99.999999435156
LUX,Luxembourg,SH.H2O.BASW.ZS,2015,99.9999971975971
LUX,Luxembourg,SH.H2O.BASW.ZS,2014,100
LUX,Luxembourg,SH.H2O.BASW.ZS,2013,99.9999986127199
LUX,Luxembourg,SH.H2O.BASW.ZS,2012,99.9999990171324
LUX,Luxembourg,SH.H2O.BASW.ZS,2011,100
LUX,Luxembourg,SH.H2O.BASW.ZS,2010,100
MAC,"Macao SAR, China",SH.H2O.BASW.ZS,2019,100
MAC,"Macao SAR, China",SH.H2O.BASW.ZS,2018,100
MAC,"Macao SAR, China",SH.H2O.BASW.ZS,2017,100
MAC,"Macao SAR, China",SH.H2O.BASW.ZS,2016,100
MAC,"Macao SAR, China",SH.H2O.BASW.ZS,2015,100
MAC,"Macao SAR, China",SH.H2O.BASW.ZS,2014,100
MAC,"Macao SAR, China",SH.H2O.BASW.ZS,2013,100
MAC,"Macao SAR, China",SH.H2O.BASW.ZS,2012,100
MAC,"Macao SAR, China",SH.H2O.BASW.ZS,2011,100
MAC,"Macao SAR, China",SH.H2O.BASW.ZS,2010,100
MDG,Madagascar,SH.H2O.BASW.ZS,2019,51.4242559942128
MDG,Madagascar,SH.H2O.BASW.ZS,2018,50.6411241447461
MDG,Madagascar,SH.H2O.BASW.ZS,2017,49.8519386234101
MDG,Madagascar,SH.H2O.BASW.ZS,2016,49.0575914521926
MDG,Madagascar,SH.H2O.BASW.ZS,2015,48.258173464398
MDG,Madagascar,SH.H2O.BASW.ZS,2014,47.4541920353579
MDG,Madagascar,SH.H2O.BASW.ZS,2013,46.645311071975
MDG,Madagascar,SH.H2O.BASW.ZS,2012,45.8324865165496
MDG,Madagascar,SH.H2O.BASW.ZS,2011,45.0153822584225
MDG,Madagascar,SH.H2O.BASW.ZS,2010,44.1945358943364
MWI,Malawi,SH.H2O.BASW.ZS,2019,69.0907681697374
MWI,Malawi,SH.H2O.BASW.ZS,2018,68.3152167592517
MWI,Malawi,SH.H2O.BASW.ZS,2017,67.5372652238348
MWI,Malawi,SH.H2O.BASW.ZS,2016,66.7575071708792
MWI,Malawi,SH.H2O.BASW.ZS,2015,65.9763340121013
MWI,Malawi,SH.H2O.BASW.ZS,2014,65.1933925643295
MWI,Malawi,SH.H2O.BASW.ZS,2013,64.4097635787401
MWI,Malawi,SH.H2O.BASW.ZS,2012,63.6250410332197
MWI,Malawi,SH.H2O.BASW.ZS,2011,62.8400904977238
MWI,Malawi,SH.H2O.BASW.ZS,2010,62.054717323412
MYS,Malaysia,SH.H2O.BASW.ZS,2019,97.6726796234952
MYS,Malaysia,SH.H2O.BASW.ZS,2018,97.6132438171196
MYS,Malaysia,SH.H2O.BASW.ZS,2017,97.5518244346184
MYS,Malaysia,SH.H2O.BASW.ZS,2016,97.4883578339003
MYS,Malaysia,SH.H2O.BASW.ZS,2015,97.4227111540385
MYS,Malaysia,SH.H2O.BASW.ZS,2014,97.3553157635016
MYS,Malaysia,SH.H2O.BASW.ZS,2013,97.2860389333655
MYS,Malaysia,SH.H2O.BASW.ZS,2012,97.2149965525313
MYS,Malaysia,SH.H2O.BASW.ZS,2011,97.1420179422796
MYS,Malaysia,SH.H2O.BASW.ZS,2010,97.0660732321152
MDV,Maldives,SH.H2O.BASW.ZS,2019,99.6231486421787
MDV,Maldives,SH.H2O.BASW.ZS,2018,99.4838786975911
MDV,Maldives,SH.H2O.BASW.ZS,2017,99.2108231698123
MDV,Maldives,SH.H2O.BASW.ZS,2016,98.9301591789306
MDV,Maldives,SH.H2O.BASW.ZS,2015,98.6468575811513
MDV,Maldives,SH.H2O.BASW.ZS,2014,98.3609146245112
MDV,Maldives,SH.H2O.BASW.ZS,2013,98.0723697097107
MDV,Maldives,SH.H2O.BASW.ZS,2012,97.7812411341271
MDV,Maldives,SH.H2O.BASW.ZS,2011,97.4875221810395
MDV,Maldives,SH.H2O.BASW.ZS,2010,97.1912684549674
MLI,Mali,SH.H2O.BASW.ZS,2019,79.3875776496975
MLI,Mali,SH.H2O.BASW.ZS,2018,77.9248726503067
MLI,Mali,SH.H2O.BASW.ZS,2017,76.4467561333581
MLI,Mali,SH.H2O.BASW.ZS,2016,74.9530465324724
MLI,Mali,SH.H2O.BASW.ZS,2015,73.4442818917146
MLI,Mali,SH.H2O.BASW.ZS,2014,71.9205681917845
MLI,Mali,SH.H2O.BASW.ZS,2013,70.3820228884165
MLI,Mali,SH.H2O.BASW.ZS,2012,68.8293224749943
MLI,Mali,SH.H2O.BASW.ZS,2011,67.2626511406481
MLI,Mali,SH.H2O.BASW.ZS,2010,65.6825064344256
MLT,Malta,SH.H2O.BASW.ZS,2019,100
MLT,Malta,SH.H2O.BASW.ZS,2018,99.9999969675015
MLT,Malta,SH.H2O.BASW.ZS,2017,99.9999988683956
MLT,Malta,SH.H2O.BASW.ZS,2016,99.9999985454062
MLT,Malta,SH.H2O.BASW.ZS,2015,99.9999976305003
MLT,Malta,SH.H2O.BASW.ZS,2014,99.999997506533
MLT,Malta,SH.H2O.BASW.ZS,2013,99.9999994764776
MLT,Malta,SH.H2O.BASW.ZS,2012,100
MLT,Malta,SH.H2O.BASW.ZS,2011,100
MLT,Malta,SH.H2O.BASW.ZS,2010,99.9999988772099
MHL,Marshall Islands,SH.H2O.BASW.ZS,2019,87.6892595354253
MHL,Marshall Islands,SH.H2O.BASW.ZS,2018,87.7453304443591
MHL,Marshall Islands,SH.H2O.BASW.ZS,2017,87.8022983184249
MHL,Marshall Islands,SH.H2O.BASW.ZS,2016,87.8599925436278
MHL,Marshall Islands,SH.H2O.BASW.ZS,2015,87.918586730439
MHL,Marshall Islands,SH.H2O.BASW.ZS,2014,87.9780013453875
MHL,Marshall Islands,SH.H2O.BASW.ZS,2013,88.0383075874041
MHL,Marshall Islands,SH.H2O.BASW.ZS,2012,88.0994261058338
MHL,Marshall Islands,SH.H2O.BASW.ZS,2011,88.1615235690486
MHL,Marshall Islands,SH.H2O.BASW.ZS,2010,88.2244329493456
MRT,Mauritania,SH.H2O.BASW.ZS,2019,70.1831740304399
MRT,Mauritania,SH.H2O.BASW.ZS,2018,68.6188207153195
MRT,Mauritania,SH.H2O.BASW.ZS,2017,67.0528469845158
MRT,Mauritania,SH.H2O.BASW.ZS,2016,65.4850065623498
MRT,Mauritania,SH.H2O.BASW.ZS,2015,63.916470728636
MRT,Mauritania,SH.H2O.BASW.ZS,2014,62.3466709330309
MRT,Mauritania,SH.H2O.BASW.ZS,2013,60.7764532840581
MRT,Mauritania,SH.H2O.BASW.ZS,2012,59.206705237902
MRT,Mauritania,SH.H2O.BASW.ZS,2011,57.6405391140785
MRT,Mauritania,SH.H2O.BASW.ZS,2010,56.0793137596393
MUS,Mauritius,SH.H2O.BASW.ZS,2019,99.8052010577748
MUS,Mauritius,SH.H2O.BASW.ZS,2018,99.7810033691491
MUS,Mauritius,SH.H2O.BASW.ZS,2017,99.7568929289724
MUS,Mauritius,SH.H2O.BASW.ZS,2016,99.7328674353139
MUS,Mauritius,SH.H2O.BASW.ZS,2015,99.7089459082034
MUS,Mauritius,SH.H2O.BASW.ZS,2014,99.6851453153078
MUS,Mauritius,SH.H2O.BASW.ZS,2013,99.6614006304561
MUS,Mauritius,SH.H2O.BASW.ZS,2012,99.6377035692288
MUS,Mauritius,SH.H2O.BASW.ZS,2011,99.6140745200193
MUS,Mauritius,SH.H2O.BASW.ZS,2010,99.5904884029877
MEX,Mexico,SH.H2O.BASW.ZS,2019,98.46943436997
MEX,Mexico,SH.H2O.BASW.ZS,2018,98.1950089060211
MEX,Mexico,SH.H2O.BASW.ZS,2017,97.9175037608425
MEX,Mexico,SH.H2O.BASW.ZS,2016,97.6369085403618
MEX,Mexico,SH.H2O.BASW.ZS,2015,97.3531385567766
MEX,Mexico,SH.H2O.BASW.ZS,2014,97.0663144004475
MEX,Mexico,SH.H2O.BASW.ZS,2013,96.7762637072841
MEX,Mexico,SH.H2O.BASW.ZS,2012,96.483147256866
MEX,Mexico,SH.H2O.BASW.ZS,2011,96.1869601419422
MEX,Mexico,SH.H2O.BASW.ZS,2010,95.8874978648844
FSM,"Micronesia, Fed. Sts.",SH.H2O.BASW.ZS,2019,89.8819541513315
FSM,"Micronesia, Fed. Sts.",SH.H2O.BASW.ZS,2018,89.8819541513315
FSM,"Micronesia, Fed. Sts.",SH.H2O.BASW.ZS,2017,89.8819541513315
FSM,"Micronesia, Fed. Sts.",SH.H2O.BASW.ZS,2016,89.8819541513315
FSM,"Micronesia, Fed. Sts.",SH.H2O.BASW.ZS,2015,90.0013378972314
FSM,"Micronesia, Fed. Sts.",SH.H2O.BASW.ZS,2014,90.1207216431313
FSM,"Micronesia, Fed. Sts.",SH.H2O.BASW.ZS,2013,90.2401053890312
FSM,"Micronesia, Fed. Sts.",SH.H2O.BASW.ZS,2012,90.359489134931
FSM,"Micronesia, Fed. Sts.",SH.H2O.BASW.ZS,2011,90.4788728808309
FSM,"Micronesia, Fed. Sts.",SH.H2O.BASW.ZS,2010,90.5982566267308
MDA,Moldova,SH.H2O.BASW.ZS,2019,90.5483180309042
MDA,Moldova,SH.H2O.BASW.ZS,2018,90.1205722454001
MDA,Moldova,SH.H2O.BASW.ZS,2017,89.6950297524802
MDA,Moldova,SH.H2O.BASW.ZS,2016,89.2722054309819
MDA,Moldova,SH.H2O.BASW.ZS,2015,88.8523471149568
MDA,Moldova,SH.H2O.BASW.ZS,2014,88.436133359262
MDA,Moldova,SH.H2O.BASW.ZS,2013,88.0186693421827
MDA,Moldova,SH.H2O.BASW.ZS,2012,87.601707230864
MDA,Moldova,SH.H2O.BASW.ZS,2011,87.1852515314288
MDA,Moldova,SH.H2O.BASW.ZS,2010,86.7693011719513
MCO,Monaco,SH.H2O.BASW.ZS,2019,100
MCO,Monaco,SH.H2O.BASW.ZS,2018,100
MCO,Monaco,SH.H2O.BASW.ZS,2017,100
MCO,Monaco,SH.H2O.BASW.ZS,2016,100
MCO,Monaco,SH.H2O.BASW.ZS,2015,100
MCO,Monaco,SH.H2O.BASW.ZS,2014,100
MCO,Monaco,SH.H2O.BASW.ZS,2013,100
MCO,Monaco,SH.H2O.BASW.ZS,2012,100
MCO,Monaco,SH.H2O.BASW.ZS,2011,100
MCO,Monaco,SH.H2O.BASW.ZS,2010,100
MNG,Mongolia,SH.H2O.BASW.ZS,2019,82.233221224194
MNG,Mongolia,SH.H2O.BASW.ZS,2018,81.4783824183296
MNG,Mongolia,SH.H2O.BASW.ZS,2017,80.7307985361717
MNG,Mongolia,SH.H2O.BASW.ZS,2016,79.9910274586386
MNG,Mongolia,SH.H2O.BASW.ZS,2015,79.2523120738023
MNG,Mongolia,SH.H2O.BASW.ZS,2014,78.5150961295777
MNG,Mongolia,SH.H2O.BASW.ZS,2013,77.7798259632281
MNG,Mongolia,SH.H2O.BASW.ZS,2012,77.0456343168303
MNG,Mongolia,SH.H2O.BASW.ZS,2011,76.3129761358457
MNG,Mongolia,SH.H2O.BASW.ZS,2010,75.4224593493441
MNE,Montenegro,SH.H2O.BASW.ZS,2019,99.0815729243166
MNE,Montenegro,SH.H2O.BASW.ZS,2018,98.8789249228913
MNE,Montenegro,SH.H2O.BASW.ZS,2017,98.2281722973241
MNE,Montenegro,SH.H2O.BASW.ZS,2016,97.9838031663894
MNE,Montenegro,SH.H2O.BASW.ZS,2015,97.7154742169306
MNE,Montenegro,SH.H2O.BASW.ZS,2014,97.4345288246908
MNE,Montenegro,SH.H2O.BASW.ZS,2013,97.1533140949299
MNE,Montenegro,SH.H2O.BASW.ZS,2012,96.8718312757474
MNE,Montenegro,SH.H2O.BASW.ZS,2011,96.5900878676882
MNE,Montenegro,SH.H2O.BASW.ZS,2010,96.3080710826968
MAR,Morocco,SH.H2O.BASW.ZS,2019,86.7740979476491
MAR,Morocco,SH.H2O.BASW.ZS,2018,85.6112006137327
MAR,Morocco,SH.H2O.BASW.ZS,2017,84.4286583054916
MAR,Morocco,SH.H2O.BASW.ZS,2016,83.2267677813963
MAR,Morocco,SH.H2O.BASW.ZS,2015,82.0055254325952
MAR,Morocco,SH.H2O.BASW.ZS,2014,80.7653426304432
MAR,Morocco,SH.H2O.BASW.ZS,2013,79.5058796686335
MAR,Morocco,SH.H2O.BASW.ZS,2012,78.2275853930086
MAR,Morocco,SH.H2O.BASW.ZS,2011,76.9300832583237
MAR,Morocco,SH.H2O.BASW.ZS,2010,75.6138635064954
MOZ,Mozambique,SH.H2O.BASW.ZS,2019,56.2587719909351
MOZ,Mozambique,SH.H2O.BASW.ZS,2018,54.2431367591977
MOZ,Mozambique,SH.H2O.BASW.ZS,2017,52.2485430306556
MOZ,Mozambique,SH.H2O.BASW.ZS,2016,50.2743318960673
MOZ,Mozambique,SH.H2O.BASW.ZS,2015,48.3206421640835
MOZ,Mozambique,SH.H2O.BASW.ZS,2014,46.3885053370703
MOZ,Mozambique,SH.H2O.BASW.ZS,2013,44.4785109091444
MOZ,Mozambique,SH.H2O.BASW.ZS,2012,42.5912317568362
MOZ,Mozambique,SH.H2O.BASW.ZS,2011,40.7272349107275
MOZ,Mozambique,SH.H2O.BASW.ZS,2010,38.8870842432342
MMR,Myanmar,SH.H2O.BASW.ZS,2019,81.6416324017497
MMR,Myanmar,SH.H2O.BASW.ZS,2018,79.5886557826298
MMR,Myanmar,SH.H2O.BASW.ZS,2017,77.5609391468529
MMR,Myanmar,SH.H2O.BASW.ZS,2016,75.5592746825868
MMR,Myanmar,SH.H2O.BASW.ZS,2015,73.5840283312627
MMR,Myanmar,SH.H2O.BASW.ZS,2014,71.6357324611293
MMR,Myanmar,SH.H2O.BASW.ZS,2013,69.7146626625881
MMR,Myanmar,SH.H2O.BASW.ZS,2012,67.8182524811461
MMR,Myanmar,SH.H2O.BASW.ZS,2011,65.9461876733172
MMR,Myanmar,SH.H2O.BASW.ZS,2010,64.0988519879754
NAM,Namibia,SH.H2O.BASW.ZS,2019,84.5549009012644
NAM,Namibia,SH.H2O.BASW.ZS,2018,84.1291083222967
NAM,Namibia,SH.H2O.BASW.ZS,2017,83.756921632109
NAM,Namibia,SH.H2O.BASW.ZS,2016,83.3709791418252
NAM,Namibia,SH.H2O.BASW.ZS,2015,82.9710417542827
NAM,Namibia,SH.H2O.BASW.ZS,2014,82.5578966769433
NAM,Namibia,SH.H2O.BASW.ZS,2013,82.1358474215349
NAM,Namibia,SH.H2O.BASW.ZS,2012,81.7057329100665
NAM,Namibia,SH.H2O.BASW.ZS,2011,81.267654864296
NAM,Namibia,SH.H2O.BASW.ZS,2010,80.8294504898485
NRU,Naoero,SH.H2O.BASW.ZS,2019,97.9888097619223
NRU,Naoero,SH.H2O.BASW.ZS,2018,98.0179727662624
NRU,Naoero,SH.H2O.BASW.ZS,2017,98.0471335811805
NRU,Naoero,SH.H2O.BASW.ZS,2016,98.0762922066764
NRU,Naoero,SH.H2O.BASW.ZS,2015,98.1054486427502
NRU,Naoero,SH.H2O.BASW.ZS,2014,98.1346028894019
NRU,Naoero,SH.H2O.BASW.ZS,2013,98.1637549466314
NRU,Naoero,SH.H2O.BASW.ZS,2012,98.1929048144389
NRU,Naoero,SH.H2O.BASW.ZS,2011,98.2220524928242
NRU,Naoero,SH.H2O.BASW.ZS,2010,98.2511979817874
NPL,Nepal,SH.H2O.BASW.ZS,2019,90.9584624626018
NPL,Nepal,SH.H2O.BASW.ZS,2018,90.4032337065468
NPL,Nepal,SH.H2O.BASW.ZS,2017,89.8420840030234
NPL,Nepal,SH.H2O.BASW.ZS,2016,89.2751913988418
NPL,Nepal,SH.H2O.BASW.ZS,2015,88.7026979901049
NPL,Nepal,SH.H2O.BASW.ZS,2014,88.1248062062868
NPL,Nepal,SH.H2O.BASW.ZS,2013,87.5415795968781
NPL,Nepal,SH.H2O.BASW.ZS,2012,86.9532837280701
NPL,Nepal,SH.H2O.BASW.ZS,2011,86.3599023849968
NPL,Nepal,SH.H2O.BASW.ZS,2010,85.7617588960131
NLD,Netherlands,SH.H2O.BASW.ZS,2019,99.999999064505
NLD,Netherlands,SH.H2O.BASW.ZS,2018,100
NLD,Netherlands,SH.H2O.BASW.ZS,2017,99.9999992668183
NLD,Netherlands,SH.H2O.BASW.ZS,2016,99.9999992507495
NLD,Netherlands,SH.H2O.BASW.ZS,2015,99.9999977623031
NLD,Netherlands,SH.H2O.BASW.ZS,2014,100
NLD,Netherlands,SH.H2O.BASW.ZS,2013,100
NLD,Netherlands,SH.H2O.BASW.ZS,2012,100
NLD,Netherlands,SH.H2O.BASW.ZS,2011,100
NLD,Netherlands,SH.H2O.BASW.ZS,2010,99.9999991848021
NCL,New Caledonia,SH.H2O.BASW.ZS,2019,99.0719681561738
NCL,New Caledonia,SH.H2O.BASW.ZS,2018,98.8386157401759
NCL,New Caledonia,SH.H2O.BASW.ZS,2017,98.6052633241781
NCL,New Caledonia,SH.H2O.BASW.ZS,2016,98.3719109081802
NCL,New Caledonia,SH.H2O.BASW.ZS,2015,98.1385584921823
NCL,New Caledonia,SH.H2O.BASW.ZS,2014,97.9052060761844
NCL,New Caledonia,SH.H2O.BASW.ZS,2013,97.6718536601866
NCL,New Caledonia,SH.H2O.BASW.ZS,2012,97.4385012441887
NCL,New Caledonia,SH.H2O.BASW.ZS,2011,97.2051488281908
NCL,New Caledonia,SH.H2O.BASW.ZS,2010,96.9717964121929
NZL,New Zealand,SH.H2O.BASW.ZS,2019,99.9999954101942
NZL,New Zealand,SH.H2O.BASW.ZS,2018,99.9999959549403
NZL,New Zealand,SH.H2O.BASW.ZS,2017,99.9999952214353
NZL,New Zealand,SH.H2O.BASW.ZS,2016,99.9999978251524
NZL,New Zealand,SH.H2O.BASW.ZS,2015,100
NZL,New Zealand,SH.H2O.BASW.ZS,2014,100
NZL,New Zealand,SH.H2O.BASW.ZS,2013,100
NZL,New Zealand,SH.H2O.BASW.ZS,2012,99.9999978085497
NZL,New Zealand,SH.H2O.BASW.ZS,2011,99.9999988858894
NZL,New Zealand,SH.H2O.BASW.ZS,2010,100
NER,Niger,SH.H2O.BASW.ZS,2019,50.045306277114
NER,Niger,SH.H2O.BASW.ZS,2018,49.364204791619
NER,Niger,SH.H2O.BASW.ZS,2017,48.6826437620777
NER,Niger,SH.H2O.BASW.ZS,2016,48.0001316756614
NER,Niger,SH.H2O.BASW.ZS,2015,47.3180912197977
NER,Niger,SH.H2O.BASW.ZS,2014,46.6360032875155
NER,Niger,SH.H2O.BASW.ZS,2013,45.9553436655962
NER,Niger,SH.H2O.BASW.ZS,2012,45.2755729615711
NER,Niger,SH.H2O.BASW.ZS,2011,44.5891012347432
NER,Niger,SH.H2O.BASW.ZS,2010,43.8964824399921
NGA,Nigeria,SH.H2O.BASW.ZS,2019,74.5993213952744
NGA,Nigeria,SH.H2O.BASW.ZS,2018,72.9796602996736
NGA,Nigeria,SH.H2O.BASW.ZS,2017,71.3599849035344
NGA,Nigeria,SH.H2O.BASW.ZS,2016,69.7405688273521
NGA,Nigeria,SH.H2O.BASW.ZS,2015,68.1220021164846
NGA,Nigeria,SH.H2O.BASW.ZS,2014,66.5036264382039
NGA,Nigeria,SH.H2O.BASW.ZS,2013,64.8863828876252
NGA,Nigeria,SH.H2O.BASW.ZS,2012,63.2702627408651
NGA,Nigeria,SH.H2O.BASW.ZS,2011,61.6552661645974
NGA,Nigeria,SH.H2O.BASW.ZS,2010,60.04206159591
MKD,North Macedonia,SH.H2O.BASW.ZS,2019,97.9693792101594
MKD,North Macedonia,SH.H2O.BASW.ZS,2018,97.8896166330973
MKD,North Macedonia,SH.H2O.BASW.ZS,2017,97.8103630941709
MKD,North Macedonia,SH.H2O.BASW.ZS,2016,97.7315020702952
MKD,North Macedonia,SH.H2O.BASW.ZS,2015,97.6529269300646
MKD,North Macedonia,SH.H2O.BASW.ZS,2014,97.5745230862782
MKD,North Macedonia,SH.H2O.BASW.ZS,2013,97.4961912518525
MKD,North Macedonia,SH.H2O.BASW.ZS,2012,97.4178150815546
MKD,North Macedonia,SH.H2O.BASW.ZS,2011,97.3392765626462
MKD,North Macedonia,SH.H2O.BASW.ZS,2010,97.260478214411
MNP,Northern Mariana Islands,SH.H2O.BASW.ZS,2019,100
MNP,Northern Mariana Islands,SH.H2O.BASW.ZS,2018,99.8890006957306
MNP,Northern Mariana Islands,SH.H2O.BASW.ZS,2017,99.6998574969049
MNP,Northern Mariana Islands,SH.H2O.BASW.ZS,2016,99.5107142980791
MNP,Northern Mariana Islands,SH.H2O.BASW.ZS,2015,99.3215710992534
MNP,Northern Mariana Islands,SH.H2O.BASW.ZS,2014,99.1324279004277
MNP,Northern Mariana Islands,SH.H2O.BASW.ZS,2013,98.9432847016019
MNP,Northern Mariana Islands,SH.H2O.BASW.ZS,2012,98.7541415027762
MNP,Northern Mariana Islands,SH.H2O.BASW.ZS,2011,98.5649983039505
MNP,Northern Mariana Islands,SH.H2O.BASW.ZS,2010,98.3758551051247
NOR,Norway,SH.H2O.BASW.ZS,2019,99.9999973521183
NOR,Norway,SH.H2O.BASW.ZS,2018,100
NOR,Norway,SH.H2O.BASW.ZS,2017,100
NOR,Norway,SH.H2O.BASW.ZS,2016,99.9999982841092
NOR,Norway,SH.H2O.BASW.ZS,2015,99.9999975725988
NOR,Norway,SH.H2O.BASW.ZS,2014,100
NOR,Norway,SH.H2O.BASW.ZS,2013,99.9999992599067
NOR,Norway,SH.H2O.BASW.ZS,2012,100
NOR,Norway,SH.H2O.BASW.ZS,2011,99.9999978903117
NOR,Norway,SH.H2O.BASW.ZS,2010,99.9999997403377
OMN,Oman,SH.H2O.BASW.ZS,2019,91.8882619028406
OMN,Oman,SH.H2O.BASW.ZS,2018,91.5230946241618
OMN,Oman,SH.H2O.BASW.ZS,2017,91.1148946068941
OMN,Oman,SH.H2O.BASW.ZS,2016,90.6874222506819
OMN,Oman,SH.H2O.BASW.ZS,2015,90.238487505215
OMN,Oman,SH.H2O.BASW.ZS,2014,89.7744741935216
OMN,Oman,SH.H2O.BASW.ZS,2013,89.2944813891267
OMN,Oman,SH.H2O.BASW.ZS,2012,88.7987968638673
OMN,Oman,SH.H2O.BASW.ZS,2011,88.2854889503874
OMN,Oman,SH.H2O.BASW.ZS,2010,87.8404432564797
PAK,Pakistan,SH.H2O.BASW.ZS,2019,90.2267743289886
PAK,Pakistan,SH.H2O.BASW.ZS,2018,90.0758470234098
PAK,Pakistan,SH.H2O.BASW.ZS,2017,89.9237776878555
PAK,Pakistan,SH.H2O.BASW.ZS,2016,89.7707150440618
PAK,Pakistan,SH.H2O.BASW.ZS,2015,89.6158196961384
PAK,Pakistan,SH.H2O.BASW.ZS,2014,89.4591472805659
PAK,Pakistan,SH.H2O.BASW.ZS,2013,89.3007289268109
PAK,Pakistan,SH.H2O.BASW.ZS,2012,89.1405658210321
PAK,Pakistan,SH.H2O.BASW.ZS,2011,88.978515573403
PAK,Pakistan,SH.H2O.BASW.ZS,2010,88.8147345072875
PLW,Palau,SH.H2O.BASW.ZS,2019,99.5096367882251
PLW,Palau,SH.H2O.BASW.ZS,2018,99.5029234836391
PLW,Palau,SH.H2O.BASW.ZS,2017,99.4958049799968
PLW,Palau,SH.H2O.BASW.ZS,2016,99.4882554515008
PLW,Palau,SH.H2O.BASW.ZS,2015,99.4802609974161
PLW,Palau,SH.H2O.BASW.ZS,2014,99.4717956107824
PLW,Palau,SH.H2O.BASW.ZS,2013,99.462942387352
PLW,Palau,SH.H2O.BASW.ZS,2012,99.4536903188215
PLW,Palau,SH.H2O.BASW.ZS,2011,99.4440153149557
PLW,Palau,SH.H2O.BASW.ZS,2010,99.4339340465691
PAN,Panama,SH.H2O.BASW.ZS,2019,94.1389735045272
PAN,Panama,SH.H2O.BASW.ZS,2018,93.8241340868165
PAN,Panama,SH.H2O.BASW.ZS,2017,93.5073884501397
PAN,Panama,SH.H2O.BASW.ZS,2016,93.188819816336
PAN,Panama,SH.H2O.BASW.ZS,2015,92.8686371033942
PAN,Panama,SH.H2O.BASW.ZS,2014,92.6983815513135
PAN,Panama,SH.H2O.BASW.ZS,2013,92.5258725116137
PAN,Panama,SH.H2O.BASW.ZS,2012,92.3514556960261
PAN,Panama,SH.H2O.BASW.ZS,2011,92.175026614494
PAN,Panama,SH.H2O.BASW.ZS,2010,91.9966294834708
PNG,Papua New Guinea,SH.H2O.BASW.ZS,2019,48.285710104836
PNG,Papua New Guinea,SH.H2O.BASW.ZS,2018,47.2247346164126
PNG,Papua New Guinea,SH.H2O.BASW.ZS,2017,46.144916980198
PNG,Papua New Guinea,SH.H2O.BASW.ZS,2016,45.0471749676037
PNG,Papua New Guinea,SH.H2O.BASW.ZS,2015,43.9315688336247
PNG,Papua New Guinea,SH.H2O.BASW.ZS,2014,42.7986148436166
PNG,Papua New Guinea,SH.H2O.BASW.ZS,2013,41.6488410056407
PNG,Papua New Guinea,SH.H2O.BASW.ZS,2012,40.4828087269689
PNG,Papua New Guinea,SH.H2O.BASW.ZS,2011,39.3010861598771
PNG,Papua New Guinea,SH.H2O.BASW.ZS,2010,38.0973177449194
PRY,Paraguay,SH.H2O.BASW.ZS,2019,98.0247086553271
PRY,Paraguay,SH.H2O.BASW.ZS,2018,96.9920505649968
PRY,Paraguay,SH.H2O.BASW.ZS,2017,95.9709683490468
PRY,Paraguay,SH.H2O.BASW.ZS,2016,94.939272291061
PRY,Paraguay,SH.H2O.BASW.ZS,2015,93.8962871621524
PRY,Paraguay,SH.H2O.BASW.ZS,2014,92.8421252536178
PRY,Paraguay,SH.H2O.BASW.ZS,2013,91.7766282217671
PRY,Paraguay,SH.H2O.BASW.ZS,2012,90.6978954700582
PRY,Paraguay,SH.H2O.BASW.ZS,2011,89.6017300612008
PRY,Paraguay,SH.H2O.BASW.ZS,2010,88.4925524343049
PER,Peru,SH.H2O.BASW.ZS,2019,92.7704924879638
PER,Peru,SH.H2O.BASW.ZS,2018,92.1863171590782
PER,Peru,SH.H2O.BASW.ZS,2017,91.5989672683032
PER,Peru,SH.H2O.BASW.ZS,2016,91.0088509037893
PER,Peru,SH.H2O.BASW.ZS,2015,90.4146720652742
PER,Peru,SH.H2O.BASW.ZS,2014,89.8161834428489
PER,Peru,SH.H2O.BASW.ZS,2013,89.2138017423285
PER,Peru,SH.H2O.BASW.ZS,2012,88.6072952219099
PER,Peru,SH.H2O.BASW.ZS,2011,87.9963640224872
PER,Peru,SH.H2O.BASW.ZS,2010,87.3815093121049
PHL,Philippines,SH.H2O.BASW.ZS,2019,93.8786426296812
PHL,Philippines,SH.H2O.BASW.ZS,2018,93.4798496793252
PHL,Philippines,SH.H2O.BASW.ZS,2017,93.0805992720253
PHL,Philippines,SH.H2O.BASW.ZS,2016,92.6811507144986
PHL,Philippines,SH.H2O.BASW.ZS,2015,92.2815392767777
PHL,Philippines,SH.H2O.BASW.ZS,2014,91.8806100613092
PHL,Philippines,SH.H2O.BASW.ZS,2013,91.4784521468904
PHL,Philippines,SH.H2O.BASW.ZS,2012,91.0748919479401
PHL,Philippines,SH.H2O.BASW.ZS,2011,90.670107052381
PHL,Philippines,SH.H2O.BASW.ZS,2010,90.264011405217
POL,Poland,SH.H2O.BASW.ZS,2019,92.7883142536668
POL,Poland,SH.H2O.BASW.ZS,2018,93.3312333762882
POL,Poland,SH.H2O.BASW.ZS,2017,93.8761307350633
POL,Poland,SH.H2O.BASW.ZS,2016,94.4224326184484
POL,Poland,SH.H2O.BASW.ZS,2015,94.9696427851433
POL,Poland,SH.H2O.BASW.ZS,2014,95.5170444873157
POL,Poland,SH.H2O.BASW.ZS,2013,96.0626756426039
POL,Poland,SH.H2O.BASW.ZS,2012,96.6064109843745
POL,Poland,SH.H2O.BASW.ZS,2011,97.1483620185882
POL,Poland,SH.H2O.BASW.ZS,2010,97.6879584408668
PRT,Portugal,SH.H2O.BASW.ZS,2019,99.2195921254353
PRT,Portugal,SH.H2O.BASW.ZS,2018,99.2082778688964
PRT,Portugal,SH.H2O.BASW.ZS,2017,99.1981706237111
PRT,Portugal,SH.H2O.BASW.ZS,2016,99.1892660271038
PRT,Portugal,SH.H2O.BASW.ZS,2015,99.1816068105742
PRT,Portugal,SH.H2O.BASW.ZS,2014,99.1752179705085
PRT,Portugal,SH.H2O.BASW.ZS,2013,99.1701146660996
PRT,Portugal,SH.H2O.BASW.ZS,2012,99.166331194383
PRT,Portugal,SH.H2O.BASW.ZS,2011,99.1638655691721
PRT,Portugal,SH.H2O.BASW.ZS,2010,99.1627697149576
PRI,Puerto Rico (US),SH.H2O.BASW.ZS,2019,100
PRI,Puerto Rico (US),SH.H2O.BASW.ZS,2018,99.8678905818415
PRI,Puerto Rico (US),SH.H2O.BASW.ZS,2017,99.7204103069054
PRI,Puerto Rico (US),SH.H2O.BASW.ZS,2016,99.5729300319693
PRI,Puerto Rico (US),SH.H2O.BASW.ZS,2015,99.4254497570333
PRI,Puerto Rico (US),SH.H2O.BASW.ZS,2014,99.2779694820972
PRI,Puerto Rico (US),SH.H2O.BASW.ZS,2013,99.1304892071611
PRI,Puerto Rico (US),SH.H2O.BASW.ZS,2012,98.9830089322251
PRI,Puerto Rico (US),SH.H2O.BASW.ZS,2011,98.835528657289
PRI,Puerto Rico (US),SH.H2O.BASW.ZS,2010,98.688048382353
QAT,Qatar,SH.H2O.BASW.ZS,2019,99.9705334233432
QAT,Qatar,SH.H2O.BASW.ZS,2018,99.9643871838805
QAT,Qatar,SH.H2O.BASW.ZS,2017,99.9582409444178
QAT,Qatar,SH.H2O.BASW.ZS,2016,99.9520947049551
QAT,Qatar,SH.H2O.BASW.ZS,2015,99.9459484654924
QAT,Qatar,SH.H2O.BASW.ZS,2014,99.9398022260297
QAT,Qatar,SH.H2O.BASW.ZS,2013,99.9336559865671
QAT,Qatar,SH.H2O.BASW.ZS,2012,99.9275097471044
QAT,Qatar,SH.H2O.BASW.ZS,2011,99.9213635076417
QAT,Qatar,SH.H2O.BASW.ZS,2010,99.915217268179
ROU,Romania,SH.H2O.BASW.ZS,2019,99.9999999599391
ROU,Romania,SH.H2O.BASW.ZS,2018,100
ROU,Romania,SH.H2O.BASW.ZS,2017,99.9999969050607
ROU,Romania,SH.H2O.BASW.ZS,2016,99.99999889392
ROU,Romania,SH.H2O.BASW.ZS,2015,99.9999977589851
ROU,Romania,SH.H2O.BASW.ZS,2014,100
ROU,Romania,SH.H2O.BASW.ZS,2013,99.9999994937801
ROU,Romania,SH.H2O.BASW.ZS,2012,100
ROU,Romania,SH.H2O.BASW.ZS,2011,100
ROU,Romania,SH.H2O.BASW.ZS,2010,99.999996291155
RUS,Russian Federation,SH.H2O.BASW.ZS,2019,96.7474557360286
RUS,Russian Federation,SH.H2O.BASW.ZS,2018,96.7208870647795
RUS,Russian Federation,SH.H2O.BASW.ZS,2017,96.6956032384839
RUS,Russian Federation,SH.H2O.BASW.ZS,2016,96.6715881856809
RUS,Russian Federation,SH.H2O.BASW.ZS,2015,96.6488882039926
RUS,Russian Federation,SH.H2O.BASW.ZS,2014,96.6274699098944
RUS,Russian Federation,SH.H2O.BASW.ZS,2013,96.6072317213123
RUS,Russian Federation,SH.H2O.BASW.ZS,2012,96.5883061212066
RUS,Russian Federation,SH.H2O.BASW.ZS,2011,96.5704996927268
RUS,Russian Federation,SH.H2O.BASW.ZS,2010,96.5538627864381
RWA,Rwanda,SH.H2O.BASW.ZS,2019,58.4728536131809
RWA,Rwanda,SH.H2O.BASW.ZS,2018,57.8995436163309
RWA,Rwanda,SH.H2O.BASW.ZS,2017,57.3320450944617
RWA,Rwanda,SH.H2O.BASW.ZS,2016,56.7706115569257
RWA,Rwanda,SH.H2O.BASW.ZS,2015,56.2151798036552
RWA,Rwanda,SH.H2O.BASW.ZS,2014,55.6650639617623
RWA,Rwanda,SH.H2O.BASW.ZS,2013,55.1208311821785
RWA,Rwanda,SH.H2O.BASW.ZS,2012,54.5821211607428
RWA,Rwanda,SH.H2O.BASW.ZS,2011,54.0436163513461
RWA,Rwanda,SH.H2O.BASW.ZS,2010,53.5059466163751
WSM,Samoa,SH.H2O.BASW.ZS,2019,95.4736980021055
WSM,Samoa,SH.H2O.BASW.ZS,2018,94.5630996694418
WSM,Samoa,SH.H2O.BASW.ZS,2017,93.6544245395326
WSM,Samoa,SH.H2O.BASW.ZS,2016,92.7474260962852
WSM,Samoa,SH.H2O.BASW.ZS,2015,91.8420321668066
WSM,Samoa,SH.H2O.BASW.ZS,2014,90.9382375010808
WSM,Samoa,SH.H2O.BASW.ZS,2013,90.0360750251158
WSM,Samoa,SH.H2O.BASW.ZS,2012,89.1355150319512
WSM,Samoa,SH.H2O.BASW.ZS,2011,88.903392297442
WSM,Samoa,SH.H2O.BASW.ZS,2010,88.6708392965086
SMR,San Marino,SH.H2O.BASW.ZS,2019,99.9999963796538
SMR,San Marino,SH.H2O.BASW.ZS,2018,100
SMR,San Marino,SH.H2O.BASW.ZS,2017,99.9999955531447
SMR,San Marino,SH.H2O.BASW.ZS,2016,100
SMR,San Marino,SH.H2O.BASW.ZS,2015,100
SMR,San Marino,SH.H2O.BASW.ZS,2014,99.9999972428986
SMR,San Marino,SH.H2O.BASW.ZS,2013,99.9999985958692
SMR,San Marino,SH.H2O.BASW.ZS,2012,99.9999971732007
SMR,San Marino,SH.H2O.BASW.ZS,2011,100
SMR,San Marino,SH.H2O.BASW.ZS,2010,99.9999986796045
STP,Sao Tome and Principe,SH.H2O.BASW.ZS,2019,76.5646613120149
STP,Sao Tome and Principe,SH.H2O.BASW.ZS,2018,76.2770612146702
STP,Sao Tome and Principe,SH.H2O.BASW.ZS,2017,75.9790930081593
STP,Sao Tome and Principe,SH.H2O.BASW.ZS,2016,75.6703085298352
STP,Sao Tome and Principe,SH.H2O.BASW.ZS,2015,75.3502679497471
STP,Sao Tome and Principe,SH.H2O.BASW.ZS,2014,75.018493599873
STP,Sao Tome and Principe,SH.H2O.BASW.ZS,2013,74.6744974780629
STP,Sao Tome and Principe,SH.H2O.BASW.ZS,2012,74.3179711797514
STP,Sao Tome and Principe,SH.H2O.BASW.ZS,2011,73.9480124273014
STP,Sao Tome and Principe,SH.H2O.BASW.ZS,2010,73.5674385311181
SAU,Saudi Arabia,SH.H2O.BASW.ZS,2019,99.0486721197549
SAU,Saudi Arabia,SH.H2O.BASW.ZS,2018,99.0502504705906
SAU,Saudi Arabia,SH.H2O.BASW.ZS,2017,99.05183493953
SAU,Saudi Arabia,SH.H2O.BASW.ZS,2016,99.0534091692416
SAU,Saudi Arabia,SH.H2O.BASW.ZS,2015,99.054985329852
SAU,Saudi Arabia,SH.H2O.BASW.ZS,2014,99.0565545012609
SAU,Saudi Arabia,SH.H2O.BASW.ZS,2013,99.0581282049423
SAU,Saudi Arabia,SH.H2O.BASW.ZS,2012,99.0596929684961
SAU,Saudi Arabia,SH.H2O.BASW.ZS,2011,99.0612486326725
SAU,Saudi Arabia,SH.H2O.BASW.ZS,2010,99.0628033442544
SEN,Senegal,SH.H2O.BASW.ZS,2019,82.3288600505419
SEN,Senegal,SH.H2O.BASW.ZS,2018,81.1662422601817
SEN,Senegal,SH.H2O.BASW.ZS,2017,79.9984726874606
SEN,Senegal,SH.H2O.BASW.ZS,2016,78.8258139339832
SEN,Senegal,SH.H2O.BASW.ZS,2015,77.649320243194
SEN,Senegal,SH.H2O.BASW.ZS,2014,76.46896680992
SEN,Senegal,SH.H2O.BASW.ZS,2013,75.2855370773077
SEN,Senegal,SH.H2O.BASW.ZS,2012,74.0969620089046
SEN,Senegal,SH.H2O.BASW.ZS,2011,72.9034178534763
SEN,Senegal,SH.H2O.BASW.ZS,2010,71.7047289784237
SRB,Serbia,SH.H2O.BASW.ZS,2019,94.6906306889653
SRB,Serbia,SH.H2O.BASW.ZS,2018,94.3248090621333
SRB,Serbia,SH.H2O.BASW.ZS,2017,93.9598808103349
SRB,Serbia,SH.H2O.BASW.ZS,2016,93.5956537011763
SRB,Serbia,SH.H2O.BASW.ZS,2015,93.2319494038819
SRB,Serbia,SH.H2O.BASW.ZS,2014,92.8689758961741
SRB,Serbia,SH.H2O.BASW.ZS,2013,92.5067790597268
SRB,Serbia,SH.H2O.BASW.ZS,2012,92.145298947486
SRB,Serbia,SH.H2O.BASW.ZS,2011,91.7854914551611
SRB,Serbia,SH.H2O.BASW.ZS,2010,91.4295629669581
SYC,Seychelles,SH.H2O.BASW.ZS,2019,96.8604704263635
SYC,Seychelles,SH.H2O.BASW.ZS,2018,96.2447469000147
SYC,Seychelles,SH.H2O.BASW.ZS,2017,96.2382549357375
SYC,Seychelles,SH.H2O.BASW.ZS,2016,96.2317404863787
SYC,Seychelles,SH.H2O.BASW.ZS,2015,96.1669835502205
SYC,Seychelles,SH.H2O.BASW.ZS,2014,95.9936118311847
SYC,Seychelles,SH.H2O.BASW.ZS,2013,95.820240112149
SYC,Seychelles,SH.H2O.BASW.ZS,2012,95.6468683931132
SYC,Seychelles,SH.H2O.BASW.ZS,2011,95.4734966740774
SYC,Seychelles,SH.H2O.BASW.ZS,2010,95.3001249550416
SLE,Sierra Leone,SH.H2O.BASW.ZS,2019,62.2435949536526
SLE,Sierra Leone,SH.H2O.BASW.ZS,2018,61.0747116605736
SLE,Sierra Leone,SH.H2O.BASW.ZS,2017,59.9058113970129
SLE,Sierra Leone,SH.H2O.BASW.ZS,2016,58.7374466065884
SLE,Sierra Leone,SH.H2O.BASW.ZS,2015,57.5692588907449
SLE,Sierra Leone,SH.H2O.BASW.ZS,2014,56.3992358539249
SLE,Sierra Leone,SH.H2O.BASW.ZS,2013,55.2271223321324
SLE,Sierra Leone,SH.H2O.BASW.ZS,2012,54.0533047771617
SLE,Sierra Leone,SH.H2O.BASW.ZS,2011,52.8771685676355
SLE,Sierra Leone,SH.H2O.BASW.ZS,2010,51.6994418329327
SGP,Singapore,SH.H2O.BASW.ZS,2019,100
SGP,Singapore,SH.H2O.BASW.ZS,2018,100
SGP,Singapore,SH.H2O.BASW.ZS,2017,100
SGP,Singapore,SH.H2O.BASW.ZS,2016,100
SGP,Singapore,SH.H2O.BASW.ZS,2015,100
SGP,Singapore,SH.H2O.BASW.ZS,2014,100
SGP,Singapore,SH.H2O.BASW.ZS,2013,100
SGP,Singapore,SH.H2O.BASW.ZS,2012,100
SGP,Singapore,SH.H2O.BASW.ZS,2011,100
SGP,Singapore,SH.H2O.BASW.ZS,2010,100
SXM,Sint Maarten (Dutch part),SH.H2O.BASW.ZS,2017,99.3111793297519
SXM,Sint Maarten (Dutch part),SH.H2O.BASW.ZS,2016,99.3111793297519
SXM,Sint Maarten (Dutch part),SH.H2O.BASW.ZS,2015,99.3111793297519
SXM,Sint Maarten (Dutch part),SH.H2O.BASW.ZS,2014,99.3111793297519
SXM,Sint Maarten (Dutch part),SH.H2O.BASW.ZS,2013,99.3111793297519
SXM,Sint Maarten (Dutch part),SH.H2O.BASW.ZS,2012,99.2555896648759
SXM,Sint Maarten (Dutch part),SH.H2O.BASW.ZS,2011,99.2
SXM,Sint Maarten (Dutch part),SH.H2O.BASW.ZS,2010,99.1444103351241
SVK,Slovak Republic,SH.H2O.BASW.ZS,2019,99.7878205729011
SVK,Slovak Republic,SH.H2O.BASW.ZS,2018,99.7878360952322
SVK,Slovak Republic,SH.H2O.BASW.ZS,2017,99.7877332249029
SVK,Slovak Republic,SH.H2O.BASW.ZS,2016,99.7875130290361
SVK,Slovak Republic,SH.H2O.BASW.ZS,2015,99.7871905460043
SVK,Slovak Republic,SH.H2O.BASW.ZS,2014,99.7867504210911
SVK,Slovak Republic,SH.H2O.BASW.ZS,2013,99.5201711980616
SVK,Slovak Republic,SH.H2O.BASW.ZS,2012,99.3758319231796
SVK,Slovak Republic,SH.H2O.BASW.ZS,2011,98.9975424818939
SVK,Slovak Republic,SH.H2O.BASW.ZS,2010,98.6223366381553
SVN,Slovenia,SH.H2O.BASW.ZS,2019,99.5945307572352
SVN,Slovenia,SH.H2O.BASW.ZS,2018,99.5995148962927
SVN,Slovenia,SH.H2O.BASW.ZS,2017,99.6044990353502
SVN,Slovenia,SH.H2O.BASW.ZS,2016,99.6094831744078
SVN,Slovenia,SH.H2O.BASW.ZS,2015,99.6144673134653
SVN,Slovenia,SH.H2O.BASW.ZS,2014,99.6194514525228
SVN,Slovenia,SH.H2O.BASW.ZS,2013,99.6244355915803
SVN,Slovenia,SH.H2O.BASW.ZS,2012,99.6294197306378
SVN,Slovenia,SH.H2O.BASW.ZS,2011,99.6344038696953
SVN,Slovenia,SH.H2O.BASW.ZS,2010,99.6393880087529
SLB,Solomon Islands,SH.H2O.BASW.ZS,2019,71.5848927519739
SLB,Solomon Islands,SH.H2O.BASW.ZS,2018,71.761506901506
SLB,Solomon Islands,SH.H2O.BASW.ZS,2017,72.0857915178444
SLB,Solomon Islands,SH.H2O.BASW.ZS,2016,72.42353421812
SLB,Solomon Islands,SH.H2O.BASW.ZS,2015,72.7696512554907
SLB,Solomon Islands,SH.H2O.BASW.ZS,2014,73.1239607321779
SLB,Solomon Islands,SH.H2O.BASW.ZS,2013,73.4869458643753
SLB,Solomon Islands,SH.H2O.BASW.ZS,2012,73.8584084824388
SLB,Solomon Islands,SH.H2O.BASW.ZS,2011,74.2385839861818
SLB,Solomon Islands,SH.H2O.BASW.ZS,2010,74.6276815743393
SOM,"Somalia, Fed. Rep.",SH.H2O.BASW.ZS,2019,63.1909737588395
SOM,"Somalia, Fed. Rep.",SH.H2O.BASW.ZS,2018,60.8552872098573
SOM,"Somalia, Fed. Rep.",SH.H2O.BASW.ZS,2017,58.5524158667796
SOM,"Somalia, Fed. Rep.",SH.H2O.BASW.ZS,2016,56.284978016248
SOM,"Somalia, Fed. Rep.",SH.H2O.BASW.ZS,2015,54.0545936900229
SOM,"Somalia, Fed. Rep.",SH.H2O.BASW.ZS,2014,51.8635744481295
SOM,"Somalia, Fed. Rep.",SH.H2O.BASW.ZS,2013,49.7134555846093
SOM,"Somalia, Fed. Rep.",SH.H2O.BASW.ZS,2012,47.6056661225373
SOM,"Somalia, Fed. Rep.",SH.H2O.BASW.ZS,2011,45.5410874380133
SOM,"Somalia, Fed. Rep.",SH.H2O.BASW.ZS,2010,42.9914341026077
ZAF,South Africa,SH.H2O.BASW.ZS,2019,91.3923995625225
ZAF,South Africa,SH.H2O.BASW.ZS,2018,91.6208678269317
ZAF,South Africa,SH.H2O.BASW.ZS,2017,91.844654961916
ZAF,South Africa,SH.H2O.BASW.ZS,2016,92.0633898282653
ZAF,South Africa,SH.H2O.BASW.ZS,2015,92.2766813341795
ZAF,South Africa,SH.H2O.BASW.ZS,2014,92.4843371456174
ZAF,South Africa,SH.H2O.BASW.ZS,2013,92.0754416048639
ZAF,South Africa,SH.H2O.BASW.ZS,2012,91.6578231075925
ZAF,South Africa,SH.H2O.BASW.ZS,2011,91.2307992186561
ZAF,South Africa,SH.H2O.BASW.ZS,2010,90.7948993263466
SSD,South Sudan,SH.H2O.BASW.ZS,2019,39.9136238003103
SSD,South Sudan,SH.H2O.BASW.ZS,2018,40.0226124064879
SSD,South Sudan,SH.H2O.BASW.ZS,2017,40.1164221655228
SSD,South Sudan,SH.H2O.BASW.ZS,2016,40.1939250394891
SSD,South Sudan,SH.H2O.BASW.ZS,2015,40.2538150385171
SSD,South Sudan,SH.H2O.BASW.ZS,2014,40.2950996381389
SSD,South Sudan,SH.H2O.BASW.ZS,2013,40.3170036685797
SSD,South Sudan,SH.H2O.BASW.ZS,2012,40.3182204862037
SSD,South Sudan,SH.H2O.BASW.ZS,2011,40.2979213684027
ESP,Spain,SH.H2O.BASW.ZS,2019,99.9258322377834
ESP,Spain,SH.H2O.BASW.ZS,2018,99.9260612803023
ESP,Spain,SH.H2O.BASW.ZS,2017,99.9262777210373
ESP,Spain,SH.H2O.BASW.ZS,2016,99.9265065763433
ESP,Spain,SH.H2O.BASW.ZS,2015,99.9267194862736
ESP,Spain,SH.H2O.BASW.ZS,2014,99.926942900271
ESP,Spain,SH.H2O.BASW.ZS,2013,99.9566408362607
ESP,Spain,SH.H2O.BASW.ZS,2012,99.9861677203853
ESP,Spain,SH.H2O.BASW.ZS,2011,99.9999999335079
ESP,Spain,SH.H2O.BASW.ZS,2010,99.9999972813307
LKA,Sri Lanka,SH.H2O.BASW.ZS,2019,89.0074705240203
LKA,Sri Lanka,SH.H2O.BASW.ZS,2018,88.7139577159347
LKA,Sri Lanka,SH.H2O.BASW.ZS,2017,88.4218720472391
LKA,Sri Lanka,SH.H2O.BASW.ZS,2016,88.13156471936
LKA,Sri Lanka,SH.H2O.BASW.ZS,2015,87.8430484990773
LKA,Sri Lanka,SH.H2O.BASW.ZS,2014,87.5563586215225
LKA,Sri Lanka,SH.H2O.BASW.ZS,2013,87.2717415635994
LKA,Sri Lanka,SH.H2O.BASW.ZS,2012,86.9893246653002
LKA,Sri Lanka,SH.H2O.BASW.ZS,2011,86.7091246125712
LKA,Sri Lanka,SH.H2O.BASW.ZS,2010,86.4291556311836
KNA,St. Kitts and Nevis,SH.H2O.BASW.ZS,2017,98.6118541324065
KNA,St. Kitts and Nevis,SH.H2O.BASW.ZS,2016,98.6118541324065
KNA,St. Kitts and Nevis,SH.H2O.BASW.ZS,2015,98.6118541324065
KNA,St. Kitts and Nevis,SH.H2O.BASW.ZS,2014,98.6118541324065
KNA,St. Kitts and Nevis,SH.H2O.BASW.ZS,2013,98.6118541324065
KNA,St. Kitts and Nevis,SH.H2O.BASW.ZS,2012,98.5993956665858
KNA,St. Kitts and Nevis,SH.H2O.BASW.ZS,2011,98.5869372007651
KNA,St. Kitts and Nevis,SH.H2O.BASW.ZS,2010,98.5744787349444
LCA,St. Lucia,SH.H2O.BASW.ZS,2019,96.8249802505704
LCA,St. Lucia,SH.H2O.BASW.ZS,2018,96.4302304236654
LCA,St. Lucia,SH.H2O.BASW.ZS,2017,96.0350677750338
LCA,St. Lucia,SH.H2O.BASW.ZS,2016,95.6396226854017
LCA,St. Lucia,SH.H2O.BASW.ZS,2015,95.2439847521417
LCA,St. Lucia,SH.H2O.BASW.ZS,2014,94.8482428574282
LCA,St. Lucia,SH.H2O.BASW.ZS,2013,94.4525423890569
LCA,St. Lucia,SH.H2O.BASW.ZS,2012,94.0569581898498
LCA,St. Lucia,SH.H2O.BASW.ZS,2011,93.6615915186217
LCA,St. Lucia,SH.H2O.BASW.ZS,2010,93.2662294112119
MAF,St. Martin (French part),SH.H2O.BASW.ZS,2019,99.945978371793
MAF,St. Martin (French part),SH.H2O.BASW.ZS,2018,99.9517383566266
MAF,St. Martin (French part),SH.H2O.BASW.ZS,2017,99.9574983414602
MAF,St. Martin (French part),SH.H2O.BASW.ZS,2016,99.9632583262937
MAF,St. Martin (French part),SH.H2O.BASW.ZS,2015,99.9690183111273
MAF,St. Martin (French part),SH.H2O.BASW.ZS,2014,99.9747782959609
MAF,St. Martin (French part),SH.H2O.BASW.ZS,2013,99.9805382807944
MAF,St. Martin (French part),SH.H2O.BASW.ZS,2012,99.986298265628
MAF,St. Martin (French part),SH.H2O.BASW.ZS,2011,99.9920582504616
MAF,St. Martin (French part),SH.H2O.BASW.ZS,2010,99.9978182352951
VCT,St. Vincent and the Grenadines,SH.H2O.BASW.ZS,2018,97.7283062747314
VCT,St. Vincent and the Grenadines,SH.H2O.BASW.ZS,2017,97.7224514289518
VCT,St. Vincent and the Grenadines,SH.H2O.BASW.ZS,2016,97.716640114989
VCT,St. Vincent and the Grenadines,SH.H2O.BASW.ZS,2015,97.7108598901837
VCT,St. Vincent and the Grenadines,SH.H2O.BASW.ZS,2014,97.7051158263288
VCT,St. Vincent and the Grenadines,SH.H2O.BASW.ZS,2013,97.5393846955351
VCT,St. Vincent and the Grenadines,SH.H2O.BASW.ZS,2012,97.3744027323459
VCT,St. Vincent and the Grenadines,SH.H2O.BASW.ZS,2011,97.2101310501317
VCT,St. Vincent and the Grenadines,SH.H2O.BASW.ZS,2010,97.0465791396489
SDN,Sudan,SH.H2O.BASW.ZS,2019,60.1227730186922
SDN,Sudan,SH.H2O.BASW.ZS,2018,59.1534610514816
SDN,Sudan,SH.H2O.BASW.ZS,2017,58.1849054905312
SDN,Sudan,SH.H2O.BASW.ZS,2016,57.2176665079602
SDN,Sudan,SH.H2O.BASW.ZS,2015,56.2519336312621
SDN,Sudan,SH.H2O.BASW.ZS,2014,55.2880772698351
SDN,Sudan,SH.H2O.BASW.ZS,2013,54.3266708008702
SDN,Sudan,SH.H2O.BASW.ZS,2012,53.3676832487134
SDN,Sudan,SH.H2O.BASW.ZS,2011,52.4116810019842
SDN,Sudan,SH.H2O.BASW.ZS,2010,51.4588123551418
SUR,Suriname,SH.H2O.BASW.ZS,2019,97.5417727368103
SUR,Suriname,SH.H2O.BASW.ZS,2018,97.0931070190456
SUR,Suriname,SH.H2O.BASW.ZS,2017,96.6441085330734
SUR,Suriname,SH.H2O.BASW.ZS,2016,96.1954574091076
SUR,Suriname,SH.H2O.BASW.ZS,2015,95.747692023521
SUR,Suriname,SH.H2O.BASW.ZS,2014,95.3013933634171
SUR,Suriname,SH.H2O.BASW.ZS,2013,94.8572504353224
SUR,Suriname,SH.H2O.BASW.ZS,2012,94.415755076208
SUR,Suriname,SH.H2O.BASW.ZS,2011,93.9753934172561
SUR,Suriname,SH.H2O.BASW.ZS,2010,93.5361705637667
SWE,Sweden,SH.H2O.BASW.ZS,2019,99.7175968808231
SWE,Sweden,SH.H2O.BASW.ZS,2018,99.7063476379423
SWE,Sweden,SH.H2O.BASW.ZS,2017,99.694829304649
SWE,Sweden,SH.H2O.BASW.ZS,2016,99.6830482298688
SWE,Sweden,SH.H2O.BASW.ZS,2015,99.6710064082341
SWE,Sweden,SH.H2O.BASW.ZS,2014,99.6586774345315
SWE,Sweden,SH.H2O.BASW.ZS,2013,99.6460882913132
SWE,Sweden,SH.H2O.BASW.ZS,2012,99.6332110988659
SWE,Sweden,SH.H2O.BASW.ZS,2011,99.6200368706399
SWE,Sweden,SH.H2O.BASW.ZS,2010,99.6072194103312
CHE,Switzerland,SH.H2O.BASW.ZS,2019,99.9999991347299
CHE,Switzerland,SH.H2O.BASW.ZS,2018,99.999997064468
CHE,Switzerland,SH.H2O.BASW.ZS,2017,100
CHE,Switzerland,SH.H2O.BASW.ZS,2016,99.9999985540874
CHE,Switzerland,SH.H2O.BASW.ZS,2015,100
CHE,Switzerland,SH.H2O.BASW.ZS,2014,99.9999983307103
CHE,Switzerland,SH.H2O.BASW.ZS,2013,100
CHE,Switzerland,SH.H2O.BASW.ZS,2012,100
CHE,Switzerland,SH.H2O.BASW.ZS,2011,99.9999978036397
CHE,Switzerland,SH.H2O.BASW.ZS,2010,99.9999991015242
SYR,Syrian Arab Republic,SH.H2O.BASW.ZS,2019,93.8841397011328
SYR,Syrian Arab Republic,SH.H2O.BASW.ZS,2018,93.7507061762982
SYR,Syrian Arab Republic,SH.H2O.BASW.ZS,2017,93.6141078832072
SYR,Syrian Arab Republic,SH.H2O.BASW.ZS,2016,93.4743194436067
SYR,Syrian Arab Republic,SH.H2O.BASW.ZS,2015,93.3313690922038
SYR,Syrian Arab Republic,SH.H2O.BASW.ZS,2014,93.1852908581408
SYR,Syrian Arab Republic,SH.H2O.BASW.ZS,2013,93.1236567198274
SYR,Syrian Arab Republic,SH.H2O.BASW.ZS,2012,93.0666090748755
SYR,Syrian Arab Republic,SH.H2O.BASW.ZS,2011,93.0142407575588
SYR,Syrian Arab Republic,SH.H2O.BASW.ZS,2010,92.9663113079077
TJK,Tajikistan,SH.H2O.BASW.ZS,2019,84.8621252488683
TJK,Tajikistan,SH.H2O.BASW.ZS,2018,83.2428335664729
TJK,Tajikistan,SH.H2O.BASW.ZS,2017,81.6282043537707
TJK,Tajikistan,SH.H2O.BASW.ZS,2016,80.0192106177573
TJK,Tajikistan,SH.H2O.BASW.ZS,2015,78.4172891677318
TJK,Tajikistan,SH.H2O.BASW.ZS,2014,76.8237114189289
TJK,Tajikistan,SH.H2O.BASW.ZS,2013,75.2394845284164
TJK,Tajikistan,SH.H2O.BASW.ZS,2012,73.6660677042202
TJK,Tajikistan,SH.H2O.BASW.ZS,2011,72.1041170163843
TJK,Tajikistan,SH.H2O.BASW.ZS,2010,70.5556572457132
TZA,Tanzania,SH.H2O.BASW.ZS,2019,56.8787467857379
TZA,Tanzania,SH.H2O.BASW.ZS,2018,55.3281861083023
TZA,Tanzania,SH.H2O.BASW.ZS,2017,53.7768153446022
TZA,Tanzania,SH.H2O.BASW.ZS,2016,52.2258564710625
TZA,Tanzania,SH.H2O.BASW.ZS,2015,50.6761681803936
TZA,Tanzania,SH.H2O.BASW.ZS,2014,49.1277716374045
TZA,Tanzania,SH.H2O.BASW.ZS,2013,47.5819698290827
TZA,Tanzania,SH.H2O.BASW.ZS,2012,46.0392257141693
TZA,Tanzania,SH.H2O.BASW.ZS,2011,44.5013525843349
TZA,Tanzania,SH.H2O.BASW.ZS,2010,42.9702242043012
THA,Thailand,SH.H2O.BASW.ZS,2019,99.4287701898312
THA,Thailand,SH.H2O.BASW.ZS,2018,99.2453414879961
THA,Thailand,SH.H2O.BASW.ZS,2017,99.0141678969544
THA,Thailand,SH.H2O.BASW.ZS,2016,98.7563664509808
THA,Thailand,SH.H2O.BASW.ZS,2015,98.4945735276121
THA,Thailand,SH.H2O.BASW.ZS,2014,98.2288774371451
THA,Thailand,SH.H2O.BASW.ZS,2013,97.9592475537445
THA,Thailand,SH.H2O.BASW.ZS,2012,97.6857256811255
THA,Thailand,SH.H2O.BASW.ZS,2011,97.4082908052725
THA,Thailand,SH.H2O.BASW.ZS,2010,97.1240162959277
TLS,Timor-Leste,SH.H2O.BASW.ZS,2019,79.094491992256
TLS,Timor-Leste,SH.H2O.BASW.ZS,2018,77.3234209050104
TLS,Timor-Leste,SH.H2O.BASW.ZS,2017,75.5531586283782
TLS,Timor-Leste,SH.H2O.BASW.ZS,2016,73.7840931370356
TLS,Timor-Leste,SH.H2O.BASW.ZS,2015,72.0159260209215
TLS,Timor-Leste,SH.H2O.BASW.ZS,2014,70.2490467993202
TLS,Timor-Leste,SH.H2O.BASW.ZS,2013,68.4836127023317
TLS,Timor-Leste,SH.H2O.BASW.ZS,2012,66.7197738098251
TLS,Timor-Leste,SH.H2O.BASW.ZS,2011,64.9574170311788
TLS,Timor-Leste,SH.H2O.BASW.ZS,2010,63.1966745548591
TGO,Togo,SH.H2O.BASW.ZS,2019,61.5763879815796
TGO,Togo,SH.H2O.BASW.ZS,2018,61.1106166110229
TGO,Togo,SH.H2O.BASW.ZS,2017,60.6102462342239
TGO,Togo,SH.H2O.BASW.ZS,2016,60.0753126449292
TGO,Togo,SH.H2O.BASW.ZS,2015,59.5058666846818
TGO,Togo,SH.H2O.BASW.ZS,2014,58.9022839214157
TGO,Togo,SH.H2O.BASW.ZS,2013,58.2632949727303
TGO,Togo,SH.H2O.BASW.ZS,2012,57.5887896171643
TGO,Togo,SH.H2O.BASW.ZS,2011,56.877895720393
TGO,Togo,SH.H2O.BASW.ZS,2010,56.1360720615008
TON,Tonga,SH.H2O.BASW.ZS,2019,98.7748337024529
TON,Tonga,SH.H2O.BASW.ZS,2018,98.7796364058123
TON,Tonga,SH.H2O.BASW.ZS,2017,98.7844002121241
TON,Tonga,SH.H2O.BASW.ZS,2016,98.7890715916912
TON,Tonga,SH.H2O.BASW.ZS,2015,98.7935498846236
TON,Tonga,SH.H2O.BASW.ZS,2014,98.7978307642076
TON,Tonga,SH.H2O.BASW.ZS,2013,98.8019244079513
TON,Tonga,SH.H2O.BASW.ZS,2012,98.8058202724573
TON,Tonga,SH.H2O.BASW.ZS,2011,98.8097360298525
TON,Tonga,SH.H2O.BASW.ZS,2010,98.8139923432634
TTO,Trinidad and Tobago,SH.H2O.BASW.ZS,2019,98.6024616253734
TTO,Trinidad and Tobago,SH.H2O.BASW.ZS,2018,98.4733339387866
TTO,Trinidad and Tobago,SH.H2O.BASW.ZS,2017,98.344276330186
TTO,Trinidad and Tobago,SH.H2O.BASW.ZS,2016,98.2152623526831
TTO,Trinidad and Tobago,SH.H2O.BASW.ZS,2015,98.0862562464858
TTO,Trinidad and Tobago,SH.H2O.BASW.ZS,2014,97.9572291808289
TTO,Trinidad and Tobago,SH.H2O.BASW.ZS,2013,97.828150538828
TTO,Trinidad and Tobago,SH.H2O.BASW.ZS,2012,97.6989849398985
TTO,Trinidad and Tobago,SH.H2O.BASW.ZS,2011,97.5697030865947
TTO,Trinidad and Tobago,SH.H2O.BASW.ZS,2010,97.4402693697619
TUN,Tunisia,SH.H2O.BASW.ZS,2019,94.7047945067718
TUN,Tunisia,SH.H2O.BASW.ZS,2018,94.2847367416076
TUN,Tunisia,SH.H2O.BASW.ZS,2017,93.8606207367796
TUN,Tunisia,SH.H2O.BASW.ZS,2016,93.4329020352708
TUN,Tunisia,SH.H2O.BASW.ZS,2015,93.0017471400427
TUN,Tunisia,SH.H2O.BASW.ZS,2014,92.5674570508114
TUN,Tunisia,SH.H2O.BASW.ZS,2013,92.130516839447
TUN,Tunisia,SH.H2O.BASW.ZS,2012,91.6898273701058
TUN,Tunisia,SH.H2O.BASW.ZS,2011,91.2448200352834
TUN,Tunisia,SH.H2O.BASW.ZS,2010,90.7959166490344
TUR,Turkiye,SH.H2O.BASW.ZS,2019,95.8081999457908
TUR,Turkiye,SH.H2O.BASW.ZS,2018,95.6607630886075
TUR,Turkiye,SH.H2O.BASW.ZS,2017,95.5101526427098
TUR,Turkiye,SH.H2O.BASW.ZS,2016,95.3562997823
TUR,Turkiye,SH.H2O.BASW.ZS,2015,95.1990408276222
TUR,Turkiye,SH.H2O.BASW.ZS,2014,95.0383332367469
TUR,Turkiye,SH.H2O.BASW.ZS,2013,94.8740402203655
TUR,Turkiye,SH.H2O.BASW.ZS,2012,94.7061073056509
TUR,Turkiye,SH.H2O.BASW.ZS,2011,94.5342469768029
TUR,Turkiye,SH.H2O.BASW.ZS,2010,94.3588134972971
TKM,Turkmenistan,SH.H2O.BASW.ZS,2019,98.9744384290085
TKM,Turkmenistan,SH.H2O.BASW.ZS,2018,98.3109148568141
TKM,Turkmenistan,SH.H2O.BASW.ZS,2017,97.9183405901452
TKM,Turkmenistan,SH.H2O.BASW.ZS,2016,97.4211611367234
TKM,Turkmenistan,SH.H2O.BASW.ZS,2015,96.9223218117375
TKM,Turkmenistan,SH.H2O.BASW.ZS,2014,96.4221394795384
TKM,Turkmenistan,SH.H2O.BASW.ZS,2013,95.9209538308361
TKM,Turkmenistan,SH.H2O.BASW.ZS,2012,95.4189411344182
TKM,Turkmenistan,SH.H2O.BASW.ZS,2011,94.9164818491611
TKM,Turkmenistan,SH.H2O.BASW.ZS,2010,94.4138672514986
TCA,Turks and Caicos Islands,SH.H2O.BASW.ZS,2019,98.75229483365
TCA,Turks and Caicos Islands,SH.H2O.BASW.ZS,2018,98.7327474313209
TCA,Turks and Caicos Islands,SH.H2O.BASW.ZS,2017,98.7117916463255
TCA,Turks and Caicos Islands,SH.H2O.BASW.ZS,2016,98.6894074101365
TUV,Tuvalu,SH.H2O.BASW.ZS,2019,98.8333705888805
TUV,Tuvalu,SH.H2O.BASW.ZS,2018,98.8497651952118
TUV,Tuvalu,SH.H2O.BASW.ZS,2017,98.8653597782107
TUV,Tuvalu,SH.H2O.BASW.ZS,2016,98.8800941799152
TUV,Tuvalu,SH.H2O.BASW.ZS,2015,98.8939303808876
TUV,Tuvalu,SH.H2O.BASW.ZS,2014,98.9067978780049
TUV,Tuvalu,SH.H2O.BASW.ZS,2013,98.9186170640434
TUV,Tuvalu,SH.H2O.BASW.ZS,2012,98.929330064394
TUV,Tuvalu,SH.H2O.BASW.ZS,2011,98.9387256390915
TUV,Tuvalu,SH.H2O.BASW.ZS,2010,98.9467468568781
UGA,Uganda,SH.H2O.BASW.ZS,2019,54.6148662999288
UGA,Uganda,SH.H2O.BASW.ZS,2018,52.9651082839112
UGA,Uganda,SH.H2O.BASW.ZS,2017,51.32772813986
UGA,Uganda,SH.H2O.BASW.ZS,2016,49.7026063632453
UGA,Uganda,SH.H2O.BASW.ZS,2015,48.0912598324733
UGA,Uganda,SH.H2O.BASW.ZS,2014,46.4945464801436
UGA,Uganda,SH.H2O.BASW.ZS,2013,44.9140772703055
UGA,Uganda,SH.H2O.BASW.ZS,2012,43.3515394345294
UGA,Uganda,SH.H2O.BASW.ZS,2011,41.8062522892618
UGA,Uganda,SH.H2O.BASW.ZS,2010,40.2802562427772
UKR,Ukraine,SH.H2O.BASW.ZS,2019,93.443715883617
UKR,Ukraine,SH.H2O.BASW.ZS,2018,93.4145409496179
UKR,Ukraine,SH.H2O.BASW.ZS,2017,93.3837080756642
UKR,Ukraine,SH.H2O.BASW.ZS,2016,93.3513783452098
UKR,Ukraine,SH.H2O.BASW.ZS,2015,93.3187311569397
UKR,Ukraine,SH.H2O.BASW.ZS,2014,93.2856866411736
UKR,Ukraine,SH.H2O.BASW.ZS,2013,93.7584244839538
UKR,Ukraine,SH.H2O.BASW.ZS,2012,93.9295625796783
UKR,Ukraine,SH.H2O.BASW.ZS,2011,94.4191011377328
UKR,Ukraine,SH.H2O.BASW.ZS,2010,94.9072076432708
ARE,United Arab Emirates,SH.H2O.BASW.ZS,2019,99.9999978860586
ARE,United Arab Emirates,SH.H2O.BASW.ZS,2018,100
ARE,United Arab Emirates,SH.H2O.BASW.ZS,2017,99.9757617709263
ARE,United Arab Emirates,SH.H2O.BASW.ZS,2016,99.9516742010968
ARE,United Arab Emirates,SH.H2O.BASW.ZS,2015,99.927750524332
ARE,United Arab Emirates,SH.H2O.BASW.ZS,2014,99.903989878004
ARE,United Arab Emirates,SH.H2O.BASW.ZS,2013,99.8804113765895
ARE,United Arab Emirates,SH.H2O.BASW.ZS,2012,99.857009861268
ARE,United Arab Emirates,SH.H2O.BASW.ZS,2011,99.8338027658417
ARE,United Arab Emirates,SH.H2O.BASW.ZS,2010,99.8107941876286
GBR,United Kingdom,SH.H2O.BASW.ZS,2019,100
GBR,United Kingdom,SH.H2O.BASW.ZS,2018,99.9999994148157
GBR,United Kingdom,SH.H2O.BASW.ZS,2017,99.9999980808565
GBR,United Kingdom,SH.H2O.BASW.ZS,2016,99.9999991226354
GBR,United Kingdom,SH.H2O.BASW.ZS,2015,100
GBR,United Kingdom,SH.H2O.BASW.ZS,2014,100
GBR,United Kingdom,SH.H2O.BASW.ZS,2013,100
GBR,United Kingdom,SH.H2O.BASW.ZS,2012,99.9999990594779
GBR,United Kingdom,SH.H2O.BASW.ZS,2011,100
GBR,United Kingdom,SH.H2O.BASW.ZS,2010,100
USA,United States,SH.H2O.BASW.ZS,2019,99.7446316773149
USA,United States,SH.H2O.BASW.ZS,2018,99.6675822614626
USA,United States,SH.H2O.BASW.ZS,2017,99.5893429085867
USA,United States,SH.H2O.BASW.ZS,2016,99.509898178586
USA,United States,SH.H2O.BASW.ZS,2015,99.4293350987693
USA,United States,SH.H2O.BASW.ZS,2014,99.3476415086967
USA,United States,SH.H2O.BASW.ZS,2013,99.2648895869455
USA,United States,SH.H2O.BASW.ZS,2012,99.1811105889535
USA,United States,SH.H2O.BASW.ZS,2011,99.0963699785745
USA,United States,SH.H2O.BASW.ZS,2010,99.0106474401103
URY,Uruguay,SH.H2O.BASW.ZS,2019,99.5545465859782
URY,Uruguay,SH.H2O.BASW.ZS,2018,99.4885272637331
URY,Uruguay,SH.H2O.BASW.ZS,2017,99.3656002482881
URY,Uruguay,SH.H2O.BASW.ZS,2016,99.240133418196
URY,Uruguay,SH.H2O.BASW.ZS,2015,99.1119536315353
URY,Uruguay,SH.H2O.BASW.ZS,2014,98.9811512329588
URY,Uruguay,SH.H2O.BASW.ZS,2013,98.8475729341286
URY,Uruguay,SH.H2O.BASW.ZS,2012,98.7111485515081
URY,Uruguay,SH.H2O.BASW.ZS,2011,98.5688827788453
URY,Uruguay,SH.H2O.BASW.ZS,2010,98.4126195447571
UZB,Uzbekistan,SH.H2O.BASW.ZS,2019,95.6274388152752
UZB,Uzbekistan,SH.H2O.BASW.ZS,2018,95.2185733603862
UZB,Uzbekistan,SH.H2O.BASW.ZS,2017,94.8111572515512
UZB,Uzbekistan,SH.H2O.BASW.ZS,2016,94.4080443889354
UZB,Uzbekistan,SH.H2O.BASW.ZS,2015,94.007820761431
UZB,Uzbekistan,SH.H2O.BASW.ZS,2014,93.6104838496586
UZB,Uzbekistan,SH.H2O.BASW.ZS,2013,93.2160214919193
UZB,Uzbekistan,SH.H2O.BASW.ZS,2012,92.8244223164543
UZB,Uzbekistan,SH.H2O.BASW.ZS,2011,92.4356757645122
UZB,Uzbekistan,SH.H2O.BASW.ZS,2010,92.0192259978027
VUT,Vanuatu,SH.H2O.BASW.ZS,2019,86.7973816608414
VUT,Vanuatu,SH.H2O.BASW.ZS,2018,86.734509639606
VUT,Vanuatu,SH.H2O.BASW.ZS,2017,86.6720700625573
VUT,Vanuatu,SH.H2O.BASW.ZS,2016,86.6102249410462
VUT,Vanuatu,SH.H2O.BASW.ZS,2015,86.547558622675
VUT,Vanuatu,SH.H2O.BASW.ZS,2014,86.4842118882778
VUT,Vanuatu,SH.H2O.BASW.ZS,2013,86.4200452584369
VUT,Vanuatu,SH.H2O.BASW.ZS,2012,86.3550557716608
VUT,Vanuatu,SH.H2O.BASW.ZS,2011,86.2892357957447
VUT,Vanuatu,SH.H2O.BASW.ZS,2010,86.2227390856151
VEN,"Venezuela, RB",SH.H2O.BASW.ZS,2019,93.8628955693026
VEN,"Venezuela, RB",SH.H2O.BASW.ZS,2018,94.0399904292601
VEN,"Venezuela, RB",SH.H2O.BASW.ZS,2017,94.2170852892175
VEN,"Venezuela, RB",SH.H2O.BASW.ZS,2016,94.3941801491749
VEN,"Venezuela, RB",SH.H2O.BASW.ZS,2015,94.5712750091323
VEN,"Venezuela, RB",SH.H2O.BASW.ZS,2014,94.7483698690897
VEN,"Venezuela, RB",SH.H2O.BASW.ZS,2013,94.9254647290471
VEN,"Venezuela, RB",SH.H2O.BASW.ZS,2012,95.1025595890046
VEN,"Venezuela, RB",SH.H2O.BASW.ZS,2011,95.279654448962
VEN,"Venezuela, RB",SH.H2O.BASW.ZS,2010,95.4567493089194
VNM,Viet Nam,SH.H2O.BASW.ZS,2019,95.6342556825242
VNM,Viet Nam,SH.H2O.BASW.ZS,2018,94.8327946840432
VNM,Viet Nam,SH.H2O.BASW.ZS,2017,93.8136963360805
VNM,Viet Nam,SH.H2O.BASW.ZS,2016,93.1077859229268
VNM,Viet Nam,SH.H2O.BASW.ZS,2015,92.3918615614749
VNM,Viet Nam,SH.H2O.BASW.ZS,2014,91.6663943913083
VNM,Viet Nam,SH.H2O.BASW.ZS,2013,90.9316441418206
VNM,Viet Nam,SH.H2O.BASW.ZS,2012,90.1878966419353
VNM,Viet Nam,SH.H2O.BASW.ZS,2011,89.4349602173231
VNM,Viet Nam,SH.H2O.BASW.ZS,2010,88.6734023519778
VIR,Virgin Islands (U.S.),SH.H2O.BASW.ZS,2019,99.333642364537
VIR,Virgin Islands (U.S.),SH.H2O.BASW.ZS,2018,99.2896297204598
VIR,Virgin Islands (U.S.),SH.H2O.BASW.ZS,2017,99.2456170763827
VIR,Virgin Islands (U.S.),SH.H2O.BASW.ZS,2016,99.2016044323055
VIR,Virgin Islands (U.S.),SH.H2O.BASW.ZS,2015,99.1575917882283
VIR,Virgin Islands (U.S.),SH.H2O.BASW.ZS,2014,99.1135791441512
VIR,Virgin Islands (U.S.),SH.H2O.BASW.ZS,2013,99.069566500074
VIR,Virgin Islands (U.S.),SH.H2O.BASW.ZS,2012,99.0255538559968
VIR,Virgin Islands (U.S.),SH.H2O.BASW.ZS,2011,98.9815412119196
VIR,Virgin Islands (U.S.),SH.H2O.BASW.ZS,2010,98.9375285678425
PSE,West Bank and Gaza,SH.H2O.BASW.ZS,2019,99.0486719868248
PSE,West Bank and Gaza,SH.H2O.BASW.ZS,2018,99.1372582782546
PSE,West Bank and Gaza,SH.H2O.BASW.ZS,2017,99.2241825771885
PSE,West Bank and Gaza,SH.H2O.BASW.ZS,2016,99.3094975837185
PSE,West Bank and Gaza,SH.H2O.BASW.ZS,2015,99.2037493504784
PSE,West Bank and Gaza,SH.H2O.BASW.ZS,2014,98.968060270875
PSE,West Bank and Gaza,SH.H2O.BASW.ZS,2013,98.5793947721918
PSE,West Bank and Gaza,SH.H2O.BASW.ZS,2012,98.182466002808
PSE,West Bank and Gaza,SH.H2O.BASW.ZS,2011,97.706730631295
PSE,West Bank and Gaza,SH.H2O.BASW.ZS,2010,97.2297787451688
YEM,"Yemen, Rep.",SH.H2O.BASW.ZS,2019,66.54663625928
YEM,"Yemen, Rep.",SH.H2O.BASW.ZS,2018,64.8676643206495
YEM,"Yemen, Rep.",SH.H2O.BASW.ZS,2017,63.1969435270972
YEM,"Yemen, Rep.",SH.H2O.BASW.ZS,2016,61.5348134587161
YEM,"Yemen, Rep.",SH.H2O.BASW.ZS,2015,59.8822273662307
YEM,"Yemen, Rep.",SH.H2O.BASW.ZS,2014,58.2398155721422
YEM,"Yemen, Rep.",SH.H2O.BASW.ZS,2013,56.6085662979194
YEM,"Yemen, Rep.",SH.H2O.BASW.ZS,2012,54.9887784253918
YEM,"Yemen, Rep.",SH.H2O.BASW.ZS,2011,53.3817845403545
YEM,"Yemen, Rep.",SH.H2O.BASW.ZS,2010,51.787883376695
ZMB,Zambia,SH.H2O.BASW.ZS,2019,68.0788852086192
ZMB,Zambia,SH.H2O.BASW.ZS,2018,67.0073710429066
ZMB,Zambia,SH.H2O.BASW.ZS,2017,65.9259259812071
ZMB,Zambia,SH.H2O.BASW.ZS,2016,64.8350544845437
ZMB,Zambia,SH.H2O.BASW.ZS,2015,63.73489906676
ZMB,Zambia,SH.H2O.BASW.ZS,2014,62.6251910477069
ZMB,Zambia,SH.H2O.BASW.ZS,2013,61.5068944546716
ZMB,Zambia,SH.H2O.BASW.ZS,2012,60.3793166829556
ZMB,Zambia,SH.H2O.BASW.ZS,2011,59.2434638607951
ZMB,Zambia,SH.H2O.BASW.ZS,2010,58.0990602531588
ZWE,Zimbabwe,SH.H2O.BASW.ZS,2019,67.1795926488522
ZWE,Zimbabwe,SH.H2O.BASW.ZS,2018,67.2029312965769
ZWE,Zimbabwe,SH.H2O.BASW.ZS,2017,67.2356795993569
ZWE,Zimbabwe,SH.H2O.BASW.ZS,2016,67.2786727528728
ZWE,Zimbabwe,SH.H2O.BASW.ZS,2015,67.3315481450838
ZWE,Zimbabwe,SH.H2O.BASW.ZS,2014,67.3943560141551
ZWE,Zimbabwe,SH.H2O.BASW.ZS,2013,67.4675567678249
ZWE,Zimbabwe,SH.H2O.BASW.ZS,2012,67.550802949421
ZWE,Zimbabwe,SH.H2O.BASW.ZS,2011,67.6326265386138
ZWE,Zimbabwe,SH.H2O.BASW.ZS,2010,67.7126398227238
AFG,Afghanistan,EN.CLC.MDAT.ZS,2009,1.05929016894999
ALB,Albania,EN.CLC.MDAT.ZS,2009,5.26957699339956
DZA,Algeria,EN.CLC.MDAT.ZS,2009,0.0392229403642657
ASM,American Samoa,EN.CLC.MDAT.ZS,2009,0.000261754979888492
AGO,Angola,EN.CLC.MDAT.ZS,2009,1.01176467635625
ARG,Argentina,EN.CLC.MDAT.ZS,2009,0.167189950512828
ARM,Armenia,EN.CLC.MDAT.ZS,2009,0.478231100921505
AUS,Australia,EN.CLC.MDAT.ZS,2009,3.04709860649413
AUT,Austria,EN.CLC.MDAT.ZS,2009,0.0381529782796336
AZE,Azerbaijan,EN.CLC.MDAT.ZS,2009,1.10556506666241
BGD,Bangladesh,EN.CLC.MDAT.ZS,2009,4.58469425909382
BLR,Belarus,EN.CLC.MDAT.ZS,2009,0.0219585515265367
BEL,Belgium,EN.CLC.MDAT.ZS,2009,0.00169216806014966
BLZ,Belize,EN.CLC.MDAT.ZS,2009,0.806085588817727
BEN,Benin,EN.CLC.MDAT.ZS,2009,0.858274799264925
BTN,Bhutan,EN.CLC.MDAT.ZS,2009,0.0135011025337857
BOL,Bolivia,EN.CLC.MDAT.ZS,2009,1.29742916356694
BIH,Bosnia and Herzegovina,EN.CLC.MDAT.ZS,2009,0.493228498579901
BWA,Botswana,EN.CLC.MDAT.ZS,2009,0.740418784027821
BRA,Brazil,EN.CLC.MDAT.ZS,2009,0.482451027992547
BGR,Bulgaria,EN.CLC.MDAT.ZS,2009,0.00855316044646202
BFA,Burkina Faso,EN.CLC.MDAT.ZS,2009,1.250036827358
BDI,Burundi,EN.CLC.MDAT.ZS,2009,2.37741128892302
CPV,Cabo Verde,EN.CLC.MDAT.ZS,2009,0.00984122358979819
KHM,Cambodia,EN.CLC.MDAT.ZS,2009,6.64379105434942
CMR,Cameroon,EN.CLC.MDAT.ZS,2009,0.0723722046654969
CAN,Canada,EN.CLC.MDAT.ZS,2009,0.0107432376669766
CAF,Central African Republic,EN.CLC.MDAT.ZS,2009,0.18249850803147
TCD,Chad,EN.CLC.MDAT.ZS,2009,2.71464102500458
CHL,Chile,EN.CLC.MDAT.ZS,2009,0.260470805127432
CHN,China,EN.CLC.MDAT.ZS,2009,7.95097147464036
COL,Colombia,EN.CLC.MDAT.ZS,2009,0.657133753962299
COM,Comoros,EN.CLC.MDAT.ZS,2009,0.0221911585453536
COD,"Congo, Dem. Rep.",EN.CLC.MDAT.ZS,2009,0.0178909622770062
COG,"Congo, Rep.",EN.CLC.MDAT.ZS,2009,0.262896436973433
CRI,Costa Rica,EN.CLC.MDAT.ZS,2009,0.701045625679748
CIV,Cote d'Ivoire,EN.CLC.MDAT.ZS,2009,0.000757403639121069
HRV,Croatia,EN.CLC.MDAT.ZS,2009,0.00249428868861808
CUB,Cuba,EN.CLC.MDAT.ZS,2009,0.727438085825858
CYP,Cyprus,EN.CLC.MDAT.ZS,2009,0.0026781550232895
CZE,Czechia,EN.CLC.MDAT.ZS,2009,0.155745987792062
DNK,Denmark,EN.CLC.MDAT.ZS,2009,0
DJI,Djibouti,EN.CLC.MDAT.ZS,2009,6.79684704554282
DOM,Dominican Republic,EN.CLC.MDAT.ZS,2009,0.0787054349701715
ECU,Ecuador,EN.CLC.MDAT.ZS,2009,0.336468818221031
EGY,"Egypt, Arab Rep.",EN.CLC.MDAT.ZS,2009,0.0122134765201198
SLV,El Salvador,EN.CLC.MDAT.ZS,2009,0.360637004160202
ERI,Eritrea,EN.CLC.MDAT.ZS,2009,7.32348285594532
EST,Estonia,EN.CLC.MDAT.ZS,2009,0
SWZ,Eswatini,EN.CLC.MDAT.ZS,2009,9.22658630792032
ETH,Ethiopia,EN.CLC.MDAT.ZS,2009,3.26301816870463
FJI,Fiji,EN.CLC.MDAT.ZS,2009,1.72863661924856
FIN,Finland,EN.CLC.MDAT.ZS,2009,0.000387043470111034
FRA,France,EN.CLC.MDAT.ZS,2009,0.00571764592926749
GMB,"Gambia, The",EN.CLC.MDAT.ZS,2009,0.19719002671623
GEO,Georgia,EN.CLC.MDAT.ZS,2009,0.770433848504126
DEU,Germany,EN.CLC.MDAT.ZS,2009,0.0328245736854824
GHA,Ghana,EN.CLC.MDAT.ZS,2009,0.974438236973891
GRC,Greece,EN.CLC.MDAT.ZS,2009,0.00658313866180501
GTM,Guatemala,EN.CLC.MDAT.ZS,2009,1.30682366289927
GIN,Guinea,EN.CLC.MDAT.ZS,2009,0.180212227284055
GNB,Guinea-Bissau,EN.CLC.MDAT.ZS,2009,0.540905804297409
GUY,Guyana,EN.CLC.MDAT.ZS,2009,7.17062421244385
HTI,Haiti,EN.CLC.MDAT.ZS,2009,0.840315026319036
HND,Honduras,EN.CLC.MDAT.ZS,2009,1.25529122608881
HKG,"Hong Kong SAR, China",EN.CLC.MDAT.ZS,2009,0.00435437265407691
HUN,Hungary,EN.CLC.MDAT.ZS,2009,0.088105351286893
IND,India,EN.CLC.MDAT.ZS,2009,4.3561089920649
IDN,Indonesia,EN.CLC.MDAT.ZS,2009,0.160589721908345
IRN,"Iran, Islamic Rep.",EN.CLC.MDAT.ZS,2009,3.05679191703282
IRQ,Iraq,EN.CLC.MDAT.ZS,2009,0.0148379593241009
IRL,Ireland,EN.CLC.MDAT.ZS,2009,0.00490736939920962
ISR,Israel,EN.CLC.MDAT.ZS,2009,0.000810924778617535
ITA,Italy,EN.CLC.MDAT.ZS,2009,0.00710221906895916
JAM,Jamaica,EN.CLC.MDAT.ZS,2009,1.14346077633162
JPN,Japan,EN.CLC.MDAT.ZS,2009,0.0209515501455421
JOR,Jordan,EN.CLC.MDAT.ZS,2009,0.369473469445725
KAZ,Kazakhstan,EN.CLC.MDAT.ZS,2009,0.217161218770403
KEN,Kenya,EN.CLC.MDAT.ZS,2009,6.47785323086186
KIR,Kiribati,EN.CLC.MDAT.ZS,2009,5.0029987647945
PRK,"Korea, Dem. People's Rep.",EN.CLC.MDAT.ZS,2009,2.49688110166948
KOR,"Korea, Rep.",EN.CLC.MDAT.ZS,2009,0.0802554113253908
KWT,Kuwait,EN.CLC.MDAT.ZS,2009,0.000567073206173783
KGZ,Kyrgyz Republic,EN.CLC.MDAT.ZS,2009,2.0654640264514
LAO,Lao PDR,EN.CLC.MDAT.ZS,2009,2.69310157959222
LVA,Latvia,EN.CLC.MDAT.ZS,2009,0
LBN,Lebanon,EN.CLC.MDAT.ZS,2009,0.0230823251765737
LSO,Lesotho,EN.CLC.MDAT.ZS,2009,3.40265096330442
LBR,Liberia,EN.CLC.MDAT.ZS,2009,1.87230419871342
LBY,Libya,EN.CLC.MDAT.ZS,2009,0
LTU,Lithuania,EN.CLC.MDAT.ZS,2009,0
LUX,Luxembourg,EN.CLC.MDAT.ZS,2009,0
MDG,Madagascar,EN.CLC.MDAT.ZS,2009,0.864615090391493
MWI,Malawi,EN.CLC.MDAT.ZS,2009,8.82049278721445
MYS,Malaysia,EN.CLC.MDAT.ZS,2009,0.0969269043603107
MDV,Maldives,EN.CLC.MDAT.ZS,2009,0.0306479542537
MLI,Mali,EN.CLC.MDAT.ZS,2009,0.652855128388168
MHL,Marshall Islands,EN.CLC.MDAT.ZS,2009,0.0584142289273103
MRT,Mauritania,EN.CLC.MDAT.ZS,2009,3.08197364994656
MUS,Mauritius,EN.CLC.MDAT.ZS,2009,0
MEX,Mexico,EN.CLC.MDAT.ZS,2009,0.149843277332355
FSM,"Micronesia, Fed. Sts.",EN.CLC.MDAT.ZS,2009,1.34981355700244
MDA,Moldova,EN.CLC.MDAT.ZS,2009,0.343810821553105
MNG,Mongolia,EN.CLC.MDAT.ZS,2009,2.56134223793038
MNE,Montenegro,EN.CLC.MDAT.ZS,2009,0.0121742824623754
MAR,Morocco,EN.CLC.MDAT.ZS,2009,0.0757125863581121
MOZ,Mozambique,EN.CLC.MDAT.ZS,2009,3.66244795624385
MMR,Myanmar,EN.CLC.MDAT.ZS,2009,0.0924109354429813
NAM,Namibia,EN.CLC.MDAT.ZS,2009,3.40143396341144
NPL,Nepal,EN.CLC.MDAT.ZS,2009,0.703796514298647
NLD,Netherlands,EN.CLC.MDAT.ZS,2009,0.00473786081084586
NZL,New Zealand,EN.CLC.MDAT.ZS,2009,0.0108539845293594
NIC,Nicaragua,EN.CLC.MDAT.ZS,2009,0.833598367171441
NER,Niger,EN.CLC.MDAT.ZS,2009,7.52506573921943
NGA,Nigeria,EN.CLC.MDAT.ZS,2009,0.0550332644274809
MKD,North Macedonia,EN.CLC.MDAT.ZS,2009,0.30457878073609
NOR,Norway,EN.CLC.MDAT.ZS,2009,0.00679558795672088
PAK,Pakistan,EN.CLC.MDAT.ZS,2009,1.05534239110308
PAN,Panama,EN.CLC.MDAT.ZS,2009,0.196361451621855
PNG,Papua New Guinea,EN.CLC.MDAT.ZS,2009,0.730797898489713
PRY,Paraguay,EN.CLC.MDAT.ZS,2009,0.71477345485624
PER,Peru,EN.CLC.MDAT.ZS,2009,1.9523808134554
PHL,Philippines,EN.CLC.MDAT.ZS,2009,0.806384865170547
POL,Poland,EN.CLC.MDAT.ZS,2009,0.0320171021577574
PRT,Portugal,EN.CLC.MDAT.ZS,2009,0.00180233530282191
PRI,Puerto Rico (US),EN.CLC.MDAT.ZS,2009,0.0164973212565454
ROU,Romania,EN.CLC.MDAT.ZS,2009,0.0849709878995111
RUS,Russian Federation,EN.CLC.MDAT.ZS,2009,0.13270049736118
RWA,Rwanda,EN.CLC.MDAT.ZS,2009,1.29597316565611
WSM,Samoa,EN.CLC.MDAT.ZS,2009,0
SAU,Saudi Arabia,EN.CLC.MDAT.ZS,2009,0.00566049114062582
SEN,Senegal,EN.CLC.MDAT.ZS,2009,0.597670115011869
SRB,Serbia,EN.CLC.MDAT.ZS,2009,0.0106605743396642
SYC,Seychelles,EN.CLC.MDAT.ZS,2009,0.0780213239541665
SLE,Sierra Leone,EN.CLC.MDAT.ZS,2009,0.247016283746712
SVK,Slovak Republic,EN.CLC.MDAT.ZS,2009,0.0449271354961759
SVN,Slovenia,EN.CLC.MDAT.ZS,2009,0
SLB,Solomon Islands,EN.CLC.MDAT.ZS,2009,0.0903440566097328
SOM,"Somalia, Fed. Rep.",EN.CLC.MDAT.ZS,2009,4.60368934052831
ZAF,South Africa,EN.CLC.MDAT.ZS,2009,1.8056505619928
ESP,Spain,EN.CLC.MDAT.ZS,2009,0.729193518337962
LKA,Sri Lanka,EN.CLC.MDAT.ZS,2009,2.16003002858256
VCT,St. Vincent and the Grenadines,EN.CLC.MDAT.ZS,2009,0.00923653993672047
SDN,Sudan,EN.CLC.MDAT.ZS,2009,2.76541558191951
SUR,Suriname,EN.CLC.MDAT.ZS,2009,0.339835427358562
SWE,Sweden,EN.CLC.MDAT.ZS,2009,0
CHE,Switzerland,EN.CLC.MDAT.ZS,2009,0.00388788412428912
SYR,Syrian Arab Republic,EN.CLC.MDAT.ZS,2009,0.507772234430497
TJK,Tajikistan,EN.CLC.MDAT.ZS,2009,5.37808586974649
TZA,Tanzania,EN.CLC.MDAT.ZS,2009,1.49586357405237
THA,Thailand,EN.CLC.MDAT.ZS,2009,3.75109895493503
TLS,Timor-Leste,EN.CLC.MDAT.ZS,2009,0.0251203812721842
TGO,Togo,EN.CLC.MDAT.ZS,2009,0.508477884982821
TTO,Trinidad and Tobago,EN.CLC.MDAT.ZS,2009,0.000817749398671874
TUN,Tunisia,EN.CLC.MDAT.ZS,2009,0.0984503364680408
TUR,Turkiye,EN.CLC.MDAT.ZS,2009,0.136563067437583
TKM,Turkmenistan,EN.CLC.MDAT.ZS,2009,0.000475378280002606
UGA,Uganda,EN.CLC.MDAT.ZS,2009,0.851203469913909
UKR,Ukraine,EN.CLC.MDAT.ZS,2009,0.269239353924442
GBR,United Kingdom,EN.CLC.MDAT.ZS,2009,0.0324070189450731
USA,United States,EN.CLC.MDAT.ZS,2009,0.214155722534503
URY,Uruguay,EN.CLC.MDAT.ZS,2009,0.264742966821956
UZB,Uzbekistan,EN.CLC.MDAT.ZS,2009,0.123694001358125
VUT,Vanuatu,EN.CLC.MDAT.ZS,2009,0.105703889988763
VEN,"Venezuela, RB",EN.CLC.MDAT.ZS,2009,0.155204204310207
VNM,Viet Nam,EN.CLC.MDAT.ZS,2009,1.59936168053814
YEM,"Yemen, Rep.",EN.CLC.MDAT.ZS,2009,0.0994106985454189
ZMB,Zambia,EN.CLC.MDAT.ZS,2009,4.19967674421609
