finding_id,page,section,description,published_value,unit,tolerance,source,requires_gallup,gallup_items,note
E01,i,Preface,"People surveyed ('150,000 people')",150000,count,5000,text,N,,"Respondents: '150,000' is a rounded figure; the data have 154,195. Tolerance 5,000 covers the rounding."
E02,i,Preface,Countries and territories surveyed,142,count,,text,N,,
E03,ii,Foreword,"People surveyed ('some 150,000 persons')",150000,count,5000,text,N,,"Respondents: '150,000' is a rounded figure; the data have 154,195. Tolerance 5,000 covers the rounding."
E04,ii,Foreword,Countries surveyed,142,count,,text,N,,
E05,1,Executive Summary,"People surveyed ('150,000 people')",150000,count,5000,text,N,,"Respondents: '150,000' is a rounded figure; the data have 154,195. Tolerance 5,000 covers the rounding."
E06,1,Executive Summary,Countries and territories surveyed,142,count,,text,N,,
E07,2,Executive Summary,Said 'no risk' when asked for the greatest source of risk to their safety (first response),19,pct,,text,N,,
E08,2,Executive Summary,Cited only one risk: 'no risk' as the second response,21,pct,,text,N,,
E09,3,Executive Summary,Trust the government food safety agency most for food safety information,15,pct,,text,N,,
E10,3,Executive Summary,Low-income economies: look to a famous person for food safety information ('about half'),50,pct,5,text,N,,'About half of people in low-income economies sought food safety information from celebrities or religious leaders'. Chapter 4 (page 73) gives 55% famous people and 50% religious leaders. Tolerance 5 for 'about half'.
E11,3,Executive Summary,Low-income economies: look to local religious leaders for food safety information ('about half'),50,pct,5,text,N,,See E10.
E12,4,Executive Summary,Women who felt less safe than five years ago,27,pct,,text,N,,
E13_MWI,4,Executive Summary,Working women in Malawi who said physical harassment or violence is a risk to their safety at work ('over two-thirds'),67,pct,8,text,N,,Printed as 'over two-thirds'. Tolerance 8 covers values from two-thirds to about three-quarters.
E13_SWZ,4,Executive Summary,Working women in Swaziland who said physical harassment or violence is a risk to their safety at work ('over two-thirds'),67,pct,8,text,N,,Printed as 'over two-thirds'. Tolerance 8 covers values from two-thirds to about three-quarters.
E13_NPL,4,Executive Summary,Working women in Nepal who said physical harassment or violence is a risk to their safety at work ('over two-thirds'),67,pct,8,text,N,,Printed as 'over two-thirds'. Tolerance 8 covers values from two-thirds to about three-quarters.
E14_FIN,4,Executive Summary,Working women in Finland who said physical harassment or violence is a risk to their safety at work,42,pct,,text,N,,
E14_FRA,4,Executive Summary,Working women in France who said physical harassment or violence is a risk to their safety at work,38,pct,,text,N,,
E14_SWE,4,Executive Summary,Working women in Sweden who said physical harassment or violence is a risk to their safety at work,32,pct,,text,N,,
E14_AUS,4,Executive Summary,Working women in Australia who said physical harassment or violence is a risk to their safety at work,32,pct,,text,N,,
E15,4,Executive Summary,Zambia: working women who experienced harm from physical harassment or violence at work,47,pct,,text,N,,
E16,4,Executive Summary,Country ranked first for working women's experience of violence and harassment at work,ZMB,text,,text,N,,Text finding: ISO3 code of the country at this rank.
E17,4,Executive Summary,Australia's rank for working women's experience of violence and harassment at work,6,rank,0,text,N,,
E18,4,Executive Summary,Australia: working women who experienced violence and harassment at work,39,pct,,text,N,,
E19,4,Executive Summary,Australia: working men who experienced violence and harassment at work,24,pct,,text,N,,
E20,4,Executive Summary,Workers who have ever been seriously injured while working,19,pct,,text,N,,
E21,4,Executive Summary,Countries where more than 50% of workers have been seriously injured while working,7,count,0,text,N,,
E22,5,Executive Summary,Experienced serious harm from the food they eat in the past two years,17,pct,,text,N,,
E23,5,Executive Summary,People who experienced serious harm from food ('equivalent to 1 billion people'),1000000000,count,50000000,text,N,,"Population counts are the sum of PROJWT (population projection weight) over the respondents concerned. Tolerance 50 million covers rounding to '1 billion'. The report's counts imply about 5.8 billion adults; PROJWT sums to 5.36 billion, giving 930 million."
E24,5,Executive Summary,Experienced serious harm from the water they drink in the past two years,14,pct,,text,N,,
E25,5,Executive Summary,People who experienced serious harm from water ('roughly 823 million people'),823000000,count,10000000,text,N,,Population counts are the sum of PROJWT (population projection weight) over the respondents concerned. The report's counts imply about 5.8 billion adults (823 million / 14.2%); PROJWT sums to 5.36 billion.
E26_LBR,5,Executive Summary,Liberia: experienced serious harm from food (top three countries),52,pct,,text,N,,
E26_ZMB,5,Executive Summary,Zambia: experienced serious harm from food (top three countries),51,pct,,text,N,,
E26_MOZ,5,Executive Summary,Mozambique: experienced serious harm from food (top three countries),45,pct,,text,N,,
E27,5,Executive Summary,Genetically modified food more likely to harm than help in the next 20 years,48,pct,,text,N,,
E28,5,Executive Summary,Internet users who worry about at least one of the three internet risks,71,pct,,text,N,,"Base: internet users asked the three worry items (bullying, false information, fraud). With PROJWT the data give 68%. Alternatives: excluding DK 69%, WGT (country sample sizes) 70.5%, unweighted 71.3%, mean of country percentages 72%."
E29,5,Executive Summary,Internet users who worry about receiving false information online,57,pct,,text,N,,
E30,5,Executive Summary,Internet users who worry about online fraud,45,pct,,text,N,,
E31_PRT,5,Executive Summary,Portugal: internet users who worry about online fraud,78,pct,,text,N,,
E31_FRA,5,Executive Summary,France: internet users who worry about online fraud,74,pct,,text,N,,
E31_ESP,5,Executive Summary,Spain: internet users who worry about online fraud,71,pct,,text,N,,
E31_GBR,5,Executive Summary,U.K.: internet users who worry about online fraud,69,pct,,text,N,,
E31_ITA,5,Executive Summary,Italy: internet users who worry about online fraud,67,pct,,text,N,,
E32,6,Executive Summary,Climate change a very or somewhat serious threat in the next 20 years ('almost 70%'),70,pct,2,text,N,,Printed as 'almost 70%'. Tolerance 2.
E33,6,Executive Summary,China: climate change a very serious threat,23,pct,,text,N,,
E34,6,Executive Summary,U.S.: climate change not a threat at all,21,pct,,text,N,,
E35,6,Executive Summary,Countries and territories ranked by the Worry and Experience of Harm indices,142,count,,text,N,,
E36_1,6,Executive Summary,'Over-worriers': country with the 1st largest gap between the Worry Index and the Experience of Harm Index,MNG,text,,text,N,,Text finding: ISO3 code of the country at this rank. Gap = country mean of worry_index_published minus country mean of experience_index_published.
E36_2,6,Executive Summary,'Over-worriers': country with the 2nd largest gap between the Worry Index and the Experience of Harm Index,MMR,text,,text,N,,Text finding: ISO3 code of the country at this rank. Gap = country mean of worry_index_published minus country mean of experience_index_published.
E36_3,6,Executive Summary,'Over-worriers': country with the 3rd largest gap between the Worry Index and the Experience of Harm Index,CYP,text,,text,N,,Text finding: ISO3 code of the country at this rank. Gap = country mean of worry_index_published minus country mean of experience_index_published.
E36_4,6,Executive Summary,'Over-worriers': country with the 4th largest gap between the Worry Index and the Experience of Harm Index,CHL,text,,text,N,,Text finding: ISO3 code of the country at this rank. Gap = country mean of worry_index_published minus country mean of experience_index_published.
E36_5,6,Executive Summary,'Over-worriers': country with the 5th largest gap between the Worry Index and the Experience of Harm Index,KOR,text,,text,N,,Text finding: ISO3 code of the country at this rank. Gap = country mean of worry_index_published minus country mean of experience_index_published.
E37,6,Executive Summary,Country with the smallest gap between the Worry and Experience of Harm indices,SWE,text,,text,N,,Text finding: ISO3 code of the country at this rank.
E38_1,6,Executive Summary,Worry Index: country ranked 1,MOZ,text,,text,N,,Text finding: ISO3 code of the country at this rank.
E38_2,6,Executive Summary,Worry Index: country ranked 2,GIN,text,,text,N,,Text finding: ISO3 code of the country at this rank.
E38_3,6,Executive Summary,Worry Index: country ranked 3,MWI,text,,text,N,,Text finding: ISO3 code of the country at this rank.
E38_4,6,Executive Summary,Worry Index: country ranked 4,GAB,text,,text,N,,Text finding: ISO3 code of the country at this rank. Gabon and Lesotho differ in the fifth decimal.
E38_5,6,Executive Summary,Worry Index: country ranked 5,LSO,text,,text,N,,Text finding: ISO3 code of the country at this rank. Gabon and Lesotho differ in the fifth decimal.
E39_1,6,Executive Summary,Experience of Harm Index: country ranked 1,LBR,text,,text,N,,Text finding: ISO3 code of the country at this rank.
E39_2,6,Executive Summary,Experience of Harm Index: country ranked 2,ZMB,text,,text,N,,Text finding: ISO3 code of the country at this rank.
E39_3,6,Executive Summary,Experience of Harm Index: country ranked 3,MOZ,text,,text,N,,Text finding: ISO3 code of the country at this rank.
E39_4,6,Executive Summary,Experience of Harm Index: country ranked 4,MWI,text,,text,N,,Text finding: ISO3 code of the country at this rank.
E40,7,Executive Summary,"Countries where people did not trust their government to provide critical basic infrastructure (Government Safety Performance Index below 50), % of countries",25,pct,,text,N,,"GSPI (Chapter 9, page 164): mean of three yes = 1 / other = 0 items (L16A-C: government does a good job keeping food, water and power lines safe) x 100, by country. Page 165 gives 35 of 140 countries below 50."
E41_1,7,Executive Summary,Government trusted least to provide critical basic infrastructure: rank 1 (lowest GSPI),YEM,text,,text,N,,Text finding: ISO3 code of the country at this rank.
E41_2,7,Executive Summary,Government trusted least to provide critical basic infrastructure: rank 2 (lowest GSPI),AFG,text,,text,N,,Text finding: ISO3 code of the country at this rank.
E41_3,7,Executive Summary,Government trusted least to provide critical basic infrastructure: rank 3 (lowest GSPI),LBN,text,,text,N,,Text finding: ISO3 code of the country at this rank.
E41_4,7,Executive Summary,Government trusted least to provide critical basic infrastructure: rank 4 (lowest GSPI),IRQ,text,,text,N,,Text finding: ISO3 code of the country at this rank.
E42_1,7,Executive Summary,Government with the best perceived record on critical basic infrastructure: rank 1 (highest GSPI),SGP,text,,text,N,,Text finding: ISO3 code of the country at this rank. Both score 93 on page 165.
E42_2,7,Executive Summary,Government with the best perceived record on critical basic infrastructure: rank 2 (highest GSPI),ARE,text,,text,N,,Text finding: ISO3 code of the country at this rank. Both score 93 on page 165.
I01,9,Introduction,Countries and territories surveyed in 2019,142,count,,text,N,,
X1_01,13,Chapter 1,Key finding: felt safer than five years ago,36,pct,,text,N,,
X1_02,13,Chapter 1,Key finding: felt less safe than five years ago,25,pct,,text,N,,
X1_03,13,Chapter 1,Key finding: felt about as safe as five years ago,36,pct,,text,N,,
X1_04,13,Chapter 1,Key finding: the word 'risk' makes them think more of danger,60,pct,,text,N,,
X1_05,13,Chapter 1,Key finding: the word 'risk' makes them think more of opportunity,21,pct,,text,N,,
X1_06,15,Chapter 1,Felt safer in 2019 than five years before,36,pct,,text,N,,
X1_07,15,Chapter 1,Felt less safe in 2019 than five years before,25,pct,,text,N,,
C1_1_more,15,Chart 1.1,"Safety compared with five years ago, global: % more safe",36,pct,,chart,N,,
C1_1_same,15,Chart 1.1,"Safety compared with five years ago, global: % about as safe",36,pct,,chart,N,,
C1_1_less,15,Chart 1.1,"Safety compared with five years ago, global: % less safe",25,pct,,chart,N,,
C1_1_dk,15,Chart 1.1,"Safety compared with five years ago, global: % don't know/refused",3,pct,,chart,N,,
C1_2_low_more,16,Chart 1.2,"Safety compared with five years ago, by country income group: Low income, % more safe",37,pct,,chart,N,,
C1_2_low_same,16,Chart 1.2,"Safety compared with five years ago, by country income group: Low income, % about as safe",21,pct,,chart,N,,
C1_2_low_less,16,Chart 1.2,"Safety compared with five years ago, by country income group: Low income, % less safe",40,pct,,chart,N,,
C1_2_lower_middle_more,16,Chart 1.2,"Safety compared with five years ago, by country income group: Lower-middle income, % more safe",36,pct,,chart,N,,
C1_2_lower_middle_same,16,Chart 1.2,"Safety compared with five years ago, by country income group: Lower-middle income, % about as safe",35,pct,,chart,N,,
C1_2_lower_middle_less,16,Chart 1.2,"Safety compared with five years ago, by country income group: Lower-middle income, % less safe",26,pct,,chart,N,,
C1_2_upper_middle_more,16,Chart 1.2,"Safety compared with five years ago, by country income group: Upper-middle income, % more safe",47,pct,,chart,N,,
C1_2_upper_middle_same,16,Chart 1.2,"Safety compared with five years ago, by country income group: Upper-middle income, % about as safe",30,pct,,chart,N,,
C1_2_upper_middle_less,16,Chart 1.2,"Safety compared with five years ago, by country income group: Upper-middle income, % less safe",20,pct,,chart,N,,
C1_2_high_more,16,Chart 1.2,"Safety compared with five years ago, by country income group: High income, % more safe",15,pct,,chart,N,,
C1_2_high_same,16,Chart 1.2,"Safety compared with five years ago, by country income group: High income, % about as safe",56,pct,,chart,N,,
C1_2_high_less,16,Chart 1.2,"Safety compared with five years ago, by country income group: High income, % less safe",28,pct,,chart,N,,
X1_08,16,Chapter 1,Upper-middle-income economies: felt more safe,47,pct,,text,N,,
X1_09,16,Chapter 1,"High-income economies, said it is a bad time to find a job: felt less safe",41,pct,,text,Y,WP89,
X1_10,16,Chapter 1,"High-income economies, said it is a good time to find a job: felt less safe",22,pct,,text,Y,WP89,
X1_11,16,Chapter 1,China's share of the upper-middle-income group's population (footnote 16),56,pct,,text,N,,"PROJWT share of the upper-middle-income group. The data give 54.9%. The share depends on which countries are in the group: the report's group had 39 countries, the data's 43 (X1_12). Not explained."
X1_12,16,Chapter 1,Countries in the upper-middle-income group (footnote 16: '39-country group'),39,count,0,text,N,,The data classify 43 countries as upper-middle income (World Bank FY2019-20); the report's group had 39.
X1_13,16,Chapter 1,Upper-middle-income group excluding China: felt more safe (footnote 16),24,pct,,text,N,,
C1_3_latin_america_more,17,Chart 1.3,"Safety compared with five years ago, by region: Latin America & Caribbean, % more safe",22,pct,,chart,N,,
C1_3_latin_america_same,17,Chart 1.3,"Safety compared with five years ago, by region: Latin America & Caribbean, % about as safe",25,pct,,chart,N,,
C1_3_latin_america_less,17,Chart 1.3,"Safety compared with five years ago, by region: Latin America & Caribbean, % less safe",52,pct,,chart,N,,
C1_3_southern_africa_more,17,Chart 1.3,"Safety compared with five years ago, by region: Southern Africa, % more safe",31,pct,,chart,N,,
C1_3_southern_africa_same,17,Chart 1.3,"Safety compared with five years ago, by region: Southern Africa, % about as safe",18,pct,,chart,N,,
C1_3_southern_africa_less,17,Chart 1.3,"Safety compared with five years ago, by region: Southern Africa, % less safe",51,pct,,chart,N,,
C1_3_east_africa_more,17,Chart 1.3,"Safety compared with five years ago, by region: Eastern Africa, % more safe",41,pct,,chart,N,,
C1_3_east_africa_same,17,Chart 1.3,"Safety compared with five years ago, by region: Eastern Africa, % about as safe",18,pct,,chart,N,,
C1_3_east_africa_less,17,Chart 1.3,"Safety compared with five years ago, by region: Eastern Africa, % less safe",40,pct,,chart,N,,
C1_3_central_west_africa_more,17,Chart 1.3,"Safety compared with five years ago, by region: Central/Western Africa, % more safe",38,pct,,chart,N,,
C1_3_central_west_africa_same,17,Chart 1.3,"Safety compared with five years ago, by region: Central/Western Africa, % about as safe",21,pct,,chart,N,,
C1_3_central_west_africa_less,17,Chart 1.3,"Safety compared with five years ago, by region: Central/Western Africa, % less safe",38,pct,,chart,N,,
C1_3_north_africa_more,17,Chart 1.3,"Safety compared with five years ago, by region: Northern Africa, % more safe",33,pct,,chart,N,,
C1_3_north_africa_same,17,Chart 1.3,"Safety compared with five years ago, by region: Northern Africa, % about as safe",33,pct,,chart,N,,
C1_3_north_africa_less,17,Chart 1.3,"Safety compared with five years ago, by region: Northern Africa, % less safe",33,pct,,chart,N,,
C1_3_south_europe_more,17,Chart 1.3,"Safety compared with five years ago, by region: Southern Europe, % more safe",12,pct,,chart,N,,
C1_3_south_europe_same,17,Chart 1.3,"Safety compared with five years ago, by region: Southern Europe, % about as safe",56,pct,,chart,N,,
C1_3_south_europe_less,17,Chart 1.3,"Safety compared with five years ago, by region: Southern Europe, % less safe",32,pct,,chart,N,,
C1_3_middle_east_more,17,Chart 1.3,"Safety compared with five years ago, by region: Middle East, % more safe",30,pct,,chart,N,,
C1_3_middle_east_same,17,Chart 1.3,"Safety compared with five years ago, by region: Middle East, % about as safe",39,pct,,chart,N,,
C1_3_middle_east_less,17,Chart 1.3,"Safety compared with five years ago, by region: Middle East, % less safe",30,pct,,chart,N,,
C1_3_south_asia_more,17,Chart 1.3,"Safety compared with five years ago, by region: Southern Asia, % more safe",37,pct,,chart,N,,
C1_3_south_asia_same,17,Chart 1.3,"Safety compared with five years ago, by region: Southern Asia, % about as safe",31,pct,,chart,N,,
C1_3_south_asia_less,17,Chart 1.3,"Safety compared with five years ago, by region: Southern Asia, % less safe",29,pct,,chart,N,,
C1_3_north_west_europe_more,17,Chart 1.3,"Safety compared with five years ago, by region: Northern/Western Europe, % more safe",11,pct,,chart,N,,
C1_3_north_west_europe_same,17,Chart 1.3,"Safety compared with five years ago, by region: Northern/Western Europe, % about as safe",60,pct,,chart,N,,
C1_3_north_west_europe_less,17,Chart 1.3,"Safety compared with five years ago, by region: Northern/Western Europe, % less safe",28,pct,,chart,N,,
C1_3_north_america_more,17,Chart 1.3,"Safety compared with five years ago, by region: Northern America, % more safe",17,pct,,chart,N,,
C1_3_north_america_same,17,Chart 1.3,"Safety compared with five years ago, by region: Northern America, % about as safe",56,pct,,chart,N,,
C1_3_north_america_less,17,Chart 1.3,"Safety compared with five years ago, by region: Northern America, % less safe",26,pct,,chart,N,,
C1_3_aus_nz_more,17,Chart 1.3,"Safety compared with five years ago, by region: Australia & New Zealand, % more safe",11,pct,,chart,N,,
C1_3_aus_nz_same,17,Chart 1.3,"Safety compared with five years ago, by region: Australia & New Zealand, % about as safe",66,pct,,chart,N,,
C1_3_aus_nz_less,17,Chart 1.3,"Safety compared with five years ago, by region: Australia & New Zealand, % less safe",23,pct,,chart,N,,
C1_3_east_europe_more,17,Chart 1.3,"Safety compared with five years ago, by region: Eastern Europe, % more safe",20,pct,,chart,N,,
C1_3_east_europe_same,17,Chart 1.3,"Safety compared with five years ago, by region: Eastern Europe, % about as safe",55,pct,,chart,N,,
C1_3_east_europe_less,17,Chart 1.3,"Safety compared with five years ago, by region: Eastern Europe, % less safe",21,pct,,chart,N,,
C1_3_central_asia_more,17,Chart 1.3,"Safety compared with five years ago, by region: Central Asia, % more safe",34,pct,,chart,N,,
C1_3_central_asia_same,17,Chart 1.3,"Safety compared with five years ago, by region: Central Asia, % about as safe",42,pct,,chart,N,,
C1_3_central_asia_less,17,Chart 1.3,"Safety compared with five years ago, by region: Central Asia, % less safe",20,pct,,chart,N,,
C1_3_southeast_asia_more,17,Chart 1.3,"Safety compared with five years ago, by region: Southeastern Asia, % more safe",31,pct,,chart,N,,
C1_3_southeast_asia_same,17,Chart 1.3,"Safety compared with five years ago, by region: Southeastern Asia, % about as safe",54,pct,,chart,N,,
C1_3_southeast_asia_less,17,Chart 1.3,"Safety compared with five years ago, by region: Southeastern Asia, % less safe",13,pct,,chart,N,,
C1_3_east_asia_more,17,Chart 1.3,"Safety compared with five years ago, by region: Eastern Asia, % more safe",59,pct,,chart,N,,
C1_3_east_asia_same,17,Chart 1.3,"Safety compared with five years ago, by region: Eastern Asia, % about as safe",30,pct,,chart,N,,
C1_3_east_asia_less,17,Chart 1.3,"Safety compared with five years ago, by region: Eastern Asia, % less safe",9,pct,,chart,N,,
X1_14,17,Chapter 1,Eastern Asia: felt more safe,59,pct,,text,N,,
X1_15,17,Chapter 1,South Africa's share of the Southern Africa region's population (footnote 22),89,pct,,text,N,,PROJWT share of the region.
X1_16_ZAF,17,Chapter 1,South Africa: felt less safe (footnote 22),52,pct,,text,N,,
X1_16_NAM,17,Chapter 1,Namibia: felt less safe (footnote 22),55,pct,,text,N,,
X1_16_BWA,17,Chapter 1,Botswana: felt less safe (footnote 22),36,pct,,text,N,,
X1_16_LSO,17,Chapter 1,Lesotho: felt less safe (footnote 22),33,pct,,text,N,,
X1_16_SWZ,17,Chapter 1,Swaziland: felt less safe (footnote 22),22,pct,,text,N,,
C1_4_min,18,Chart 1.4,"World map, felt less safe than five years ago: lowest country (legend)",6,pct,,chart,N,,World map: legend end points are the lowest and highest country values.
C1_4_max,18,Chart 1.4,"World map, felt less safe than five years ago: highest country (legend)",81,pct,,chart,N,,World map: legend end points are the lowest and highest country values.
C1_4_LBN,18,Chart 1.4,"World map, felt less safe than five years ago: Lebanon (top 3)",81,pct,,chart,N,,World map: legend end points are the lowest and highest country values.
C1_4_HKG,18,Chart 1.4,"World map, felt less safe than five years ago: Hong Kong (top 3)",79,pct,,chart,N,,World map: legend end points are the lowest and highest country values.
C1_4_AFG,18,Chart 1.4,"World map, felt less safe than five years ago: Afghanistan (top 3)",78,pct,,chart,N,,World map: legend end points are the lowest and highest country values.
C1_4_KHM,18,Chart 1.4,"World map, felt less safe than five years ago: Cambodia (bottom 3)",9,pct,,chart,N,,World map: legend end points are the lowest and highest country values.
C1_4_ARE,18,Chart 1.4,"World map, felt less safe than five years ago: United Arab Emirates (bottom 3)",6,pct,,chart,N,,World map: legend end points are the lowest and highest country values.
C1_4_CHN,18,Chart 1.4,"World map, felt less safe than five years ago: China (bottom 3)",6,pct,,chart,N,,World map: legend end points are the lowest and highest country values.
T1_1_LBN_more,18,Table 1.1,"Most likely to feel less safe: Lebanon, % more safe",2,pct,,table,N,,
T1_1_LBN_same,18,Table 1.1,"Most likely to feel less safe: Lebanon, % about as safe",16,pct,,table,N,,
T1_1_LBN_less,18,Table 1.1,"Most likely to feel less safe: Lebanon, % less safe",81,pct,,table,N,,
T1_1_HKG_more,18,Table 1.1,"Most likely to feel less safe: Hong Kong, % more safe",3,pct,,table,N,,
T1_1_HKG_same,18,Table 1.1,"Most likely to feel less safe: Hong Kong, % about as safe",18,pct,,table,N,,
T1_1_HKG_less,18,Table 1.1,"Most likely to feel less safe: Hong Kong, % less safe",79,pct,,table,N,,
T1_1_AFG_more,18,Table 1.1,"Most likely to feel less safe: Afghanistan, % more safe",7,pct,,table,N,,
T1_1_AFG_same,18,Table 1.1,"Most likely to feel less safe: Afghanistan, % about as safe",15,pct,,table,N,,
T1_1_AFG_less,18,Table 1.1,"Most likely to feel less safe: Afghanistan, % less safe",78,pct,,table,N,,
T1_1_VEN_more,18,Table 1.1,"Most likely to feel less safe: Venezuela, % more safe",9,pct,,table,N,,
T1_1_VEN_same,18,Table 1.1,"Most likely to feel less safe: Venezuela, % about as safe",17,pct,,table,N,,
T1_1_VEN_less,18,Table 1.1,"Most likely to feel less safe: Venezuela, % less safe",74,pct,,table,N,,
X1_17,19,Chapter 1,"Afghanistan: feel safe walking alone at night in their area (Gallup World Poll, 2019)",13,pct,,text,Y,WP113,
X1_18,19,Chapter 1,"Country with the lowest % who feel safe walking alone at night (Gallup World Poll, 2019)",AFG,text,,text,Y,WP113,Text finding: ISO3 code of the country at this rank.
X1_19,19,Chapter 1,"Hong Kong: confidence in the local police (Gallup World Poll, 2019)",43,pct,,text,Y,WP112,The 80% for 2017 is from an earlier Gallup World Poll wave and is not recorded.
T1_2_RWA_more,20,Table 1.2,"Most likely to feel more safe: Rwanda, % more safe",67,pct,,table,N,,
T1_2_RWA_same,20,Table 1.2,"Most likely to feel more safe: Rwanda, % about as safe",14,pct,,table,N,,
T1_2_RWA_less,20,Table 1.2,"Most likely to feel more safe: Rwanda, % less safe",18,pct,,table,N,,
T1_2_CHN_more,20,Table 1.2,"Most likely to feel more safe: China, % more safe",66,pct,,table,N,,
T1_2_CHN_same,20,Table 1.2,"Most likely to feel more safe: China, % about as safe",26,pct,,table,N,,
T1_2_CHN_less,20,Table 1.2,"Most likely to feel more safe: China, % less safe",6,pct,,table,N,,
T1_2_LAO_more,20,Table 1.2,"Most likely to feel more safe: Laos, % more safe",61,pct,,table,N,,
T1_2_LAO_same,20,Table 1.2,"Most likely to feel more safe: Laos, % about as safe",22,pct,,table,N,,
T1_2_LAO_less,20,Table 1.2,"Most likely to feel more safe: Laos, % less safe",9,pct,,table,N,,
T1_2_ARE_more,20,Table 1.2,"Most likely to feel more safe: United Arab Emirates, % more safe",58,pct,,table,N,,
T1_2_ARE_same,20,Table 1.2,"Most likely to feel more safe: United Arab Emirates, % about as safe",35,pct,,table,N,,
T1_2_ARE_less,20,Table 1.2,"Most likely to feel more safe: United Arab Emirates, % less safe",6,pct,,table,N,,
T1_2_ETH_more,20,Table 1.2,"Most likely to feel more safe: Ethiopia, % more safe",55,pct,,table,N,,
T1_2_ETH_same,20,Table 1.2,"Most likely to feel more safe: Ethiopia, % about as safe",13,pct,,table,N,,
T1_2_ETH_less,20,Table 1.2,"Most likely to feel more safe: Ethiopia, % less safe",33,pct,,table,N,,
X1_20,20,Chapter 1,Ethiopia: felt safer,55,pct,,text,N,,
X1_21,20,Chapter 1,"China: standard of living getting better (Gallup World Poll, 2019)",82,pct,,text,Y,WP31,The 76% for 2015 is from an earlier Gallup World Poll wave and is not recorded.
X1_22,20,Chapter 1,Country with the highest % saying their standard of living is getting better (China second),UZB,text,,text,Y,WP31,Text finding: ISO3 code of the country at this rank.
X1_23,21,Chapter 1,Women who felt less safe,27,pct,,text,N,,
X1_24,21,Chapter 1,Men who felt less safe,23,pct,,text,N,,
C1_5_world_women,21,Chart 1.5,"Felt less safe, by gender and country income group: World, % women",27,pct,,chart,N,,
C1_5_world_men,21,Chart 1.5,"Felt less safe, by gender and country income group: World, % men",23,pct,,chart,N,,
C1_5_low_women,21,Chart 1.5,"Felt less safe, by gender and country income group: Low income, % women",40,pct,,chart,N,,
C1_5_low_men,21,Chart 1.5,"Felt less safe, by gender and country income group: Low income, % men",41,pct,,chart,N,,
C1_5_lower_middle_women,21,Chart 1.5,"Felt less safe, by gender and country income group: Lower-middle income, % women",27,pct,,chart,N,,
C1_5_lower_middle_men,21,Chart 1.5,"Felt less safe, by gender and country income group: Lower-middle income, % men",25,pct,,chart,N,,
C1_5_upper_middle_women,21,Chart 1.5,"Felt less safe, by gender and country income group: Upper-middle income, % women",23,pct,,chart,N,,
C1_5_upper_middle_men,21,Chart 1.5,"Felt less safe, by gender and country income group: Upper-middle income, % men",18,pct,,chart,N,,
C1_5_high_women,21,Chart 1.5,"Felt less safe, by gender and country income group: High income, % women",32,pct,,chart,N,,
C1_5_high_men,21,Chart 1.5,"Felt less safe, by gender and country income group: High income, % men",23,pct,,chart,N,,
X1_25_CHL_women,21,Chapter 1,Chile: women who felt less safe,61,pct,,text,N,,
X1_25_CHL_men,21,Chapter 1,Chile: men who felt less safe,44,pct,,text,N,,
X1_25_USA_women,21,Chapter 1,U.S.: women who felt less safe,32,pct,,text,N,,
X1_25_USA_men,21,Chapter 1,U.S.: men who felt less safe,21,pct,,text,N,,
X1_25_JPN_women,21,Chapter 1,Japan: women who felt less safe,34,pct,,text,N,,
X1_25_JPN_men,21,Chapter 1,Japan: men who felt less safe,22,pct,,text,N,,
X1_26,21,Chapter 1,High-income economy with the largest gender gap in feeling less safe,CHL,text,,text,N,,Text finding: ISO3 code of the country at this rank. Among high-income economies; Argentina (upper-middle income in the data) has a larger gap.
X1_27,21,Chapter 1,U.S. women who lack confidence in the local police: felt less safe,51,pct,,text,Y,WP112,
X1_28,21,Chapter 1,U.S. men who lack confidence in the local police: felt less safe,33,pct,,text,Y,WP112,
C1_6_living_better_more,22,Chart 1.6,"Safety compared with five years ago, by living standards and confidence in local police: standard of living getting better, % more safe",46,pct,,chart,Y,WP31; WP112,
C1_6_living_better_same,22,Chart 1.6,"Safety compared with five years ago, by living standards and confidence in local police: standard of living getting better, % about as safe",34,pct,,chart,Y,WP31; WP112,
C1_6_living_better_less,22,Chart 1.6,"Safety compared with five years ago, by living standards and confidence in local police: standard of living getting better, % less safe",18,pct,,chart,Y,WP31; WP112,
C1_6_living_worse_more,22,Chart 1.6,"Safety compared with five years ago, by living standards and confidence in local police: standard of living getting worse, % more safe",23,pct,,chart,Y,WP31; WP112,
C1_6_living_worse_same,22,Chart 1.6,"Safety compared with five years ago, by living standards and confidence in local police: standard of living getting worse, % about as safe",33,pct,,chart,Y,WP31; WP112,
C1_6_living_worse_less,22,Chart 1.6,"Safety compared with five years ago, by living standards and confidence in local police: standard of living getting worse, % less safe",41,pct,,chart,Y,WP31; WP112,
C1_6_police_yes_more,22,Chart 1.6,"Safety compared with five years ago, by living standards and confidence in local police: confidence in local police, % more safe",30,pct,,chart,Y,WP31; WP112,
C1_6_police_yes_same,22,Chart 1.6,"Safety compared with five years ago, by living standards and confidence in local police: confidence in local police, % about as safe",42,pct,,chart,Y,WP31; WP112,
C1_6_police_yes_less,22,Chart 1.6,"Safety compared with five years ago, by living standards and confidence in local police: confidence in local police, % less safe",25,pct,,chart,Y,WP31; WP112,
C1_6_police_no_more,22,Chart 1.6,"Safety compared with five years ago, by living standards and confidence in local police: no confidence in local police, % more safe",21,pct,,chart,Y,WP31; WP112,
C1_6_police_no_same,22,Chart 1.6,"Safety compared with five years ago, by living standards and confidence in local police: no confidence in local police, % about as safe",32,pct,,chart,Y,WP31; WP112,
C1_6_police_no_less,22,Chart 1.6,"Safety compared with five years ago, by living standards and confidence in local police: no confidence in local police, % less safe",44,pct,,chart,Y,WP31; WP112,
X1_29,22,Chapter 1,"Correlation between country mean safety score (1 more, 2 about as, 3 less safe) and GDP per capita (footnote 34)",0.033,r,0.05,text,N,,"Pearson correlation across countries, using the external data snapshot in reports/external/. The external series have been revised since 2020, so tolerance is 0.05. GDP per capita, current US$ (NY.GDP.PCAP.CD), 2018."
X1_30,22,Chapter 1,Correlation between country mean safety score and 2018 GDP growth (footnote 34),0.468,r,0.05,text,N,,"Pearson correlation across countries, using the external data snapshot in reports/external/. The external series have been revised since 2020, so tolerance is 0.05. GDP growth, annual % (NY.GDP.MKTP.KD.ZG), 2018. On the footnote's scale (1 = more safe, 3 = less safe) faster growth goes with lower scores, so the correlation is negative (-0.455); its size is within 0.013 of the published 0.468. The report appears to print it without the sign."
X1_31,23,Chapter 1,The word 'risk' suggests danger more than opportunity,60,pct,,text,N,,
X1_32,23,Chapter 1,The word 'risk' suggests opportunity more than danger,21,pct,,text,N,,
X1_33,23,Chapter 1,Think about both danger and opportunity,8,pct,,text,N,,
X1_34,23,Chapter 1,"Neither, don't know or refused",12,pct,,text,N,,
C1_7_central_asia_opp,23,Chart 1.7,"Risk: opportunity or danger, by region: Central Asia, % opportunity",45,pct,,chart,N,,Small segments without a label in the chart are not recorded.
C1_7_central_asia_danger,23,Chart 1.7,"Risk: opportunity or danger, by region: Central Asia, % danger",31,pct,,chart,N,,Small segments without a label in the chart are not recorded.
C1_7_central_asia_both,23,Chart 1.7,"Risk: opportunity or danger, by region: Central Asia, % both",15,pct,,chart,N,,Small segments without a label in the chart are not recorded.
C1_7_central_asia_neither,23,Chart 1.7,"Risk: opportunity or danger, by region: Central Asia, % neither",2,pct,,chart,N,,Small segments without a label in the chart are not recorded.
C1_7_central_asia_dk,23,Chart 1.7,"Risk: opportunity or danger, by region: Central Asia, % don't know/refused",7,pct,,chart,N,,Small segments without a label in the chart are not recorded.
C1_7_north_america_opp,23,Chart 1.7,"Risk: opportunity or danger, by region: Northern America, % opportunity",34,pct,,chart,N,,Small segments without a label in the chart are not recorded.
C1_7_north_america_danger,23,Chart 1.7,"Risk: opportunity or danger, by region: Northern America, % danger",64,pct,,chart,N,,Small segments without a label in the chart are not recorded.
C1_7_north_america_both,23,Chart 1.7,"Risk: opportunity or danger, by region: Northern America, % both",2,pct,,chart,N,,Small segments without a label in the chart are not recorded.
C1_7_north_west_europe_opp,23,Chart 1.7,"Risk: opportunity or danger, by region: Northern/Western Europe, % opportunity",28,pct,,chart,N,,Small segments without a label in the chart are not recorded.
C1_7_north_west_europe_danger,23,Chart 1.7,"Risk: opportunity or danger, by region: Northern/Western Europe, % danger",65,pct,,chart,N,,Small segments without a label in the chart are not recorded.
C1_7_north_west_europe_both,23,Chart 1.7,"Risk: opportunity or danger, by region: Northern/Western Europe, % both",4,pct,,chart,N,,Small segments without a label in the chart are not recorded.
C1_7_east_africa_opp,23,Chart 1.7,"Risk: opportunity or danger, by region: Eastern Africa, % opportunity",28,pct,,chart,N,,Small segments without a label in the chart are not recorded.
C1_7_east_africa_danger,23,Chart 1.7,"Risk: opportunity or danger, by region: Eastern Africa, % danger",63,pct,,chart,N,,Small segments without a label in the chart are not recorded.
C1_7_east_africa_both,23,Chart 1.7,"Risk: opportunity or danger, by region: Eastern Africa, % both",3,pct,,chart,N,,Small segments without a label in the chart are not recorded.
C1_7_east_africa_dk,23,Chart 1.7,"Risk: opportunity or danger, by region: Eastern Africa, % don't know/refused",5,pct,,chart,N,,Small segments without a label in the chart are not recorded.
C1_7_aus_nz_opp,23,Chart 1.7,"Risk: opportunity or danger, by region: Australia & New Zealand, % opportunity",23,pct,,chart,N,,Small segments without a label in the chart are not recorded.
C1_7_aus_nz_danger,23,Chart 1.7,"Risk: opportunity or danger, by region: Australia & New Zealand, % danger",73,pct,,chart,N,,Small segments without a label in the chart are not recorded.
C1_7_aus_nz_both,23,Chart 1.7,"Risk: opportunity or danger, by region: Australia & New Zealand, % both",2,pct,,chart,N,,Small segments without a label in the chart are not recorded.
C1_7_south_asia_opp,23,Chart 1.7,"Risk: opportunity or danger, by region: Southern Asia, % opportunity",22,pct,,chart,N,,Small segments without a label in the chart are not recorded.
C1_7_south_asia_danger,23,Chart 1.7,"Risk: opportunity or danger, by region: Southern Asia, % danger",53,pct,,chart,N,,Small segments without a label in the chart are not recorded.
C1_7_south_asia_both,23,Chart 1.7,"Risk: opportunity or danger, by region: Southern Asia, % both",9,pct,,chart,N,,Small segments without a label in the chart are not recorded.
C1_7_south_asia_neither,23,Chart 1.7,"Risk: opportunity or danger, by region: Southern Asia, % neither",6,pct,,chart,N,,Small segments without a label in the chart are not recorded.
C1_7_south_asia_dk,23,Chart 1.7,"Risk: opportunity or danger, by region: Southern Asia, % don't know/refused",10,pct,,chart,N,,Small segments without a label in the chart are not recorded.
C1_7_east_europe_opp,23,Chart 1.7,"Risk: opportunity or danger, by region: Eastern Europe, % opportunity",21,pct,,chart,N,,Small segments without a label in the chart are not recorded.
C1_7_east_europe_danger,23,Chart 1.7,"Risk: opportunity or danger, by region: Eastern Europe, % danger",57,pct,,chart,N,,Small segments without a label in the chart are not recorded.
C1_7_east_europe_both,23,Chart 1.7,"Risk: opportunity or danger, by region: Eastern Europe, % both",10,pct,,chart,N,,Small segments without a label in the chart are not recorded.
C1_7_east_europe_neither,23,Chart 1.7,"Risk: opportunity or danger, by region: Eastern Europe, % neither",3,pct,,chart,N,,Small segments without a label in the chart are not recorded.
C1_7_east_europe_dk,23,Chart 1.7,"Risk: opportunity or danger, by region: Eastern Europe, % don't know/refused",8,pct,,chart,N,,Small segments without a label in the chart are not recorded.
C1_7_east_asia_opp,23,Chart 1.7,"Risk: opportunity or danger, by region: Eastern Asia, % opportunity",21,pct,,chart,N,,Small segments without a label in the chart are not recorded.
C1_7_east_asia_danger,23,Chart 1.7,"Risk: opportunity or danger, by region: Eastern Asia, % danger",47,pct,,chart,N,,Small segments without a label in the chart are not recorded.
C1_7_east_asia_both,23,Chart 1.7,"Risk: opportunity or danger, by region: Eastern Asia, % both",11,pct,,chart,N,,Small segments without a label in the chart are not recorded.
C1_7_east_asia_neither,23,Chart 1.7,"Risk: opportunity or danger, by region: Eastern Asia, % neither",5,pct,,chart,N,,Small segments without a label in the chart are not recorded.
C1_7_east_asia_dk,23,Chart 1.7,"Risk: opportunity or danger, by region: Eastern Asia, % don't know/refused",15,pct,,chart,N,,Small segments without a label in the chart are not recorded.
C1_7_southeast_asia_opp,23,Chart 1.7,"Risk: opportunity or danger, by region: Southeastern Asia, % opportunity",20,pct,,chart,N,,Small segments without a label in the chart are not recorded.
C1_7_southeast_asia_danger,23,Chart 1.7,"Risk: opportunity or danger, by region: Southeastern Asia, % danger",71,pct,,chart,N,,Small segments without a label in the chart are not recorded.
C1_7_southeast_asia_both,23,Chart 1.7,"Risk: opportunity or danger, by region: Southeastern Asia, % both",3,pct,,chart,N,,Small segments without a label in the chart are not recorded.
C1_7_southeast_asia_dk,23,Chart 1.7,"Risk: opportunity or danger, by region: Southeastern Asia, % don't know/refused",5,pct,,chart,N,,Small segments without a label in the chart are not recorded.
C1_7_middle_east_opp,23,Chart 1.7,"Risk: opportunity or danger, by region: Middle East, % opportunity",19,pct,,chart,N,,Small segments without a label in the chart are not recorded.
C1_7_middle_east_danger,23,Chart 1.7,"Risk: opportunity or danger, by region: Middle East, % danger",57,pct,,chart,N,,Small segments without a label in the chart are not recorded.
C1_7_middle_east_both,23,Chart 1.7,"Risk: opportunity or danger, by region: Middle East, % both",12,pct,,chart,N,,Small segments without a label in the chart are not recorded.
C1_7_middle_east_neither,23,Chart 1.7,"Risk: opportunity or danger, by region: Middle East, % neither",7,pct,,chart,N,,Small segments without a label in the chart are not recorded.
C1_7_middle_east_dk,23,Chart 1.7,"Risk: opportunity or danger, by region: Middle East, % don't know/refused",5,pct,,chart,N,,Small segments without a label in the chart are not recorded.
C1_7_south_europe_opp,23,Chart 1.7,"Risk: opportunity or danger, by region: Southern Europe, % opportunity",17,pct,,chart,N,,Small segments without a label in the chart are not recorded.
C1_7_south_europe_danger,23,Chart 1.7,"Risk: opportunity or danger, by region: Southern Europe, % danger",75,pct,,chart,N,,Small segments without a label in the chart are not recorded.
C1_7_south_europe_both,23,Chart 1.7,"Risk: opportunity or danger, by region: Southern Europe, % both",7,pct,,chart,N,,Small segments without a label in the chart are not recorded.
C1_7_southern_africa_opp,23,Chart 1.7,"Risk: opportunity or danger, by region: Southern Africa, % opportunity",17,pct,,chart,N,,Small segments without a label in the chart are not recorded.
C1_7_southern_africa_danger,23,Chart 1.7,"Risk: opportunity or danger, by region: Southern Africa, % danger",75,pct,,chart,N,,Small segments without a label in the chart are not recorded.
C1_7_southern_africa_both,23,Chart 1.7,"Risk: opportunity or danger, by region: Southern Africa, % both",6,pct,,chart,N,,Small segments without a label in the chart are not recorded.
C1_7_southern_africa_dk,23,Chart 1.7,"Risk: opportunity or danger, by region: Southern Africa, % don't know/refused",2,pct,,chart,N,,Small segments without a label in the chart are not recorded.
C1_7_north_africa_opp,23,Chart 1.7,"Risk: opportunity or danger, by region: Northern Africa, % opportunity",15,pct,,chart,N,,Small segments without a label in the chart are not recorded.
C1_7_north_africa_danger,23,Chart 1.7,"Risk: opportunity or danger, by region: Northern Africa, % danger",64,pct,,chart,N,,Small segments without a label in the chart are not recorded.
C1_7_north_africa_both,23,Chart 1.7,"Risk: opportunity or danger, by region: Northern Africa, % both",11,pct,,chart,N,,Small segments without a label in the chart are not recorded.
C1_7_north_africa_neither,23,Chart 1.7,"Risk: opportunity or danger, by region: Northern Africa, % neither",2,pct,,chart,N,,Small segments without a label in the chart are not recorded.
C1_7_north_africa_dk,23,Chart 1.7,"Risk: opportunity or danger, by region: Northern Africa, % don't know/refused",8,pct,,chart,N,,Small segments without a label in the chart are not recorded.
C1_7_central_west_africa_opp,23,Chart 1.7,"Risk: opportunity or danger, by region: Central/Western Africa, % opportunity",11,pct,,chart,N,,Small segments without a label in the chart are not recorded.
C1_7_central_west_africa_danger,23,Chart 1.7,"Risk: opportunity or danger, by region: Central/Western Africa, % danger",76,pct,,chart,N,,Small segments without a label in the chart are not recorded.
C1_7_central_west_africa_both,23,Chart 1.7,"Risk: opportunity or danger, by region: Central/Western Africa, % both",7,pct,,chart,N,,Small segments without a label in the chart are not recorded.
C1_7_central_west_africa_dk,23,Chart 1.7,"Risk: opportunity or danger, by region: Central/Western Africa, % don't know/refused",4,pct,,chart,N,,Small segments without a label in the chart are not recorded.
C1_7_latin_america_opp,23,Chart 1.7,"Risk: opportunity or danger, by region: Latin America & Caribbean, % opportunity",11,pct,,chart,N,,Small segments without a label in the chart are not recorded.
C1_7_latin_america_danger,23,Chart 1.7,"Risk: opportunity or danger, by region: Latin America & Caribbean, % danger",86,pct,,chart,N,,Small segments without a label in the chart are not recorded.
C1_7_latin_america_both,23,Chart 1.7,"Risk: opportunity or danger, by region: Latin America & Caribbean, % both",2,pct,,chart,N,,Small segments without a label in the chart are not recorded.
X1_35,24,Chapter 1,Countries where at least one in three people said risk signifies opportunity,19,count,0,text,N,,Counted on rounded country percentages (33% or more).
X1_36,24,Chapter 1,"Of those countries, high-income or upper-middle-income economies",14,count,0,text,N,,
X1_37_ARE,24,Chapter 1,United Arab Emirates: 'risk' means opportunity,57,pct,,text,N,,
X1_37_BHR,24,Chapter 1,Bahrain: 'risk' means opportunity,44,pct,,text,N,,
X1_37_KWT,24,Chapter 1,Kuwait: 'risk' means opportunity,37,pct,,text,N,,
X1_37_SAU,24,Chapter 1,Saudi Arabia: 'risk' means opportunity,34,pct,,text,N,,
X1_37_DEU,24,Chapter 1,Germany: 'risk' means opportunity,39,pct,,text,N,,
X1_37_SVN,24,Chapter 1,Slovenia: 'risk' means opportunity,38,pct,,text,N,,
X1_37_AUT,24,Chapter 1,Austria: 'risk' means opportunity,34,pct,,text,N,,
X1_37_USA,24,Chapter 1,U.S.: 'risk' means opportunity,34,pct,,text,N,,
X1_38,24,Chapter 1,Spanish-language interviews: 'risk' means opportunity,12,pct,,text,Y,GWP_INTERVIEW_LANGUAGE,
X1_39,24,Chapter 1,Latin America & Caribbean: 'risk' means opportunity,11,pct,,text,N,,
X1_40,24,Chapter 1,Spain: 'risk' means opportunity,12,pct,,text,N,,
C1_8_english_opp,24,Chart 1.8,"Risk: opportunity or danger, by survey language: English, % opportunity",27,pct,,chart,Y,GWP_INTERVIEW_LANGUAGE,Language of interview is not in the public data.
C1_8_english_danger,24,Chart 1.8,"Risk: opportunity or danger, by survey language: English, % danger",67,pct,,chart,Y,GWP_INTERVIEW_LANGUAGE,Language of interview is not in the public data.
C1_8_english_both,24,Chart 1.8,"Risk: opportunity or danger, by survey language: English, % both",4,pct,,chart,Y,GWP_INTERVIEW_LANGUAGE,Language of interview is not in the public data.
C1_8_russian_opp,24,Chart 1.8,"Risk: opportunity or danger, by survey language: Russian, % opportunity",26,pct,,chart,Y,GWP_INTERVIEW_LANGUAGE,Language of interview is not in the public data.
C1_8_russian_danger,24,Chart 1.8,"Risk: opportunity or danger, by survey language: Russian, % danger",56,pct,,chart,Y,GWP_INTERVIEW_LANGUAGE,Language of interview is not in the public data.
C1_8_russian_both,24,Chart 1.8,"Risk: opportunity or danger, by survey language: Russian, % both",7,pct,,chart,Y,GWP_INTERVIEW_LANGUAGE,Language of interview is not in the public data.
C1_8_russian_neither,24,Chart 1.8,"Risk: opportunity or danger, by survey language: Russian, % neither",2,pct,,chart,Y,GWP_INTERVIEW_LANGUAGE,Language of interview is not in the public data.
C1_8_russian_dk,24,Chart 1.8,"Risk: opportunity or danger, by survey language: Russian, % don't know/refused",9,pct,,chart,Y,GWP_INTERVIEW_LANGUAGE,Language of interview is not in the public data.
C1_8_chinese_opp,24,Chart 1.8,"Risk: opportunity or danger, by survey language: Chinese, % opportunity",21,pct,,chart,Y,GWP_INTERVIEW_LANGUAGE,Language of interview is not in the public data.
C1_8_chinese_danger,24,Chart 1.8,"Risk: opportunity or danger, by survey language: Chinese, % danger",44,pct,,chart,Y,GWP_INTERVIEW_LANGUAGE,Language of interview is not in the public data.
C1_8_chinese_both,24,Chart 1.8,"Risk: opportunity or danger, by survey language: Chinese, % both",13,pct,,chart,Y,GWP_INTERVIEW_LANGUAGE,Language of interview is not in the public data.
C1_8_chinese_neither,24,Chart 1.8,"Risk: opportunity or danger, by survey language: Chinese, % neither",6,pct,,chart,Y,GWP_INTERVIEW_LANGUAGE,Language of interview is not in the public data.
C1_8_chinese_dk,24,Chart 1.8,"Risk: opportunity or danger, by survey language: Chinese, % don't know/refused",16,pct,,chart,Y,GWP_INTERVIEW_LANGUAGE,Language of interview is not in the public data.
C1_8_arabic_opp,24,Chart 1.8,"Risk: opportunity or danger, by survey language: Arabic, % opportunity",18,pct,,chart,Y,GWP_INTERVIEW_LANGUAGE,Language of interview is not in the public data.
C1_8_arabic_danger,24,Chart 1.8,"Risk: opportunity or danger, by survey language: Arabic, % danger",65,pct,,chart,Y,GWP_INTERVIEW_LANGUAGE,Language of interview is not in the public data.
C1_8_arabic_both,24,Chart 1.8,"Risk: opportunity or danger, by survey language: Arabic, % both",10,pct,,chart,Y,GWP_INTERVIEW_LANGUAGE,Language of interview is not in the public data.
C1_8_arabic_neither,24,Chart 1.8,"Risk: opportunity or danger, by survey language: Arabic, % neither",2,pct,,chart,Y,GWP_INTERVIEW_LANGUAGE,Language of interview is not in the public data.
C1_8_arabic_dk,24,Chart 1.8,"Risk: opportunity or danger, by survey language: Arabic, % don't know/refused",5,pct,,chart,Y,GWP_INTERVIEW_LANGUAGE,Language of interview is not in the public data.
C1_8_french_opp,24,Chart 1.8,"Risk: opportunity or danger, by survey language: French, % opportunity",15,pct,,chart,Y,GWP_INTERVIEW_LANGUAGE,Language of interview is not in the public data.
C1_8_french_danger,24,Chart 1.8,"Risk: opportunity or danger, by survey language: French, % danger",79,pct,,chart,Y,GWP_INTERVIEW_LANGUAGE,Language of interview is not in the public data.
C1_8_french_both,24,Chart 1.8,"Risk: opportunity or danger, by survey language: French, % both",3,pct,,chart,Y,GWP_INTERVIEW_LANGUAGE,Language of interview is not in the public data.
C1_8_french_dk,24,Chart 1.8,"Risk: opportunity or danger, by survey language: French, % don't know/refused",2,pct,,chart,Y,GWP_INTERVIEW_LANGUAGE,Language of interview is not in the public data.
C1_8_spanish_opp,24,Chart 1.8,"Risk: opportunity or danger, by survey language: Spanish, % opportunity",12,pct,,chart,Y,GWP_INTERVIEW_LANGUAGE,Language of interview is not in the public data.
C1_8_spanish_danger,24,Chart 1.8,"Risk: opportunity or danger, by survey language: Spanish, % danger",85,pct,,chart,Y,GWP_INTERVIEW_LANGUAGE,Language of interview is not in the public data.
C1_8_spanish_both,24,Chart 1.8,"Risk: opportunity or danger, by survey language: Spanish, % both",2,pct,,chart,Y,GWP_INTERVIEW_LANGUAGE,Language of interview is not in the public data.
X1_41,25,Chapter 1,Men: 'risk' means opportunity,23,pct,,text,N,,
X1_42,25,Chapter 1,Women: 'risk' means opportunity,19,pct,,text,N,,
C1_9_world_low,25,Chart 1.9,"'Risk' as opportunity, by gender and country income group: World, Low income",24,pct,,chart,N,,"The data give 24.9% (women 24.3%, men 25.6%). Not explained."
C1_9_world_lower_middle,25,Chart 1.9,"'Risk' as opportunity, by gender and country income group: World, Lower-middle income",21,pct,,chart,N,,
C1_9_world_upper_middle,25,Chart 1.9,"'Risk' as opportunity, by gender and country income group: World, Upper-middle income",18,pct,,chart,N,,
C1_9_world_high,25,Chart 1.9,"'Risk' as opportunity, by gender and country income group: World, High income",26,pct,,chart,N,,
C1_9_women_low,25,Chart 1.9,"'Risk' as opportunity, by gender and country income group: Women, Low income",24,pct,,chart,N,,
C1_9_women_lower_middle,25,Chart 1.9,"'Risk' as opportunity, by gender and country income group: Women, Lower-middle income",21,pct,,chart,N,,
C1_9_women_upper_middle,25,Chart 1.9,"'Risk' as opportunity, by gender and country income group: Women, Upper-middle income",15,pct,,chart,N,,
C1_9_women_high,25,Chart 1.9,"'Risk' as opportunity, by gender and country income group: Women, High income",22,pct,,chart,N,,
C1_9_men_low,25,Chart 1.9,"'Risk' as opportunity, by gender and country income group: Men, Low income",26,pct,,chart,N,,
C1_9_men_lower_middle,25,Chart 1.9,"'Risk' as opportunity, by gender and country income group: Men, Lower-middle income",21,pct,,chart,N,,
C1_9_men_upper_middle,25,Chart 1.9,"'Risk' as opportunity, by gender and country income group: Men, Upper-middle income",22,pct,,chart,N,,
C1_9_men_high,25,Chart 1.9,"'Risk' as opportunity, by gender and country income group: Men, High income",30,pct,,chart,N,,
X1_43,25,Chapter 1,Countries where men's % seeing risk as opportunity is more than 10 points above women's,14,count,0,text,N,,Gap between the rounded percentages for men and women.
X1_44_BHR_men,25,Chapter 1,Bahrain: men who see risk as opportunity,51,pct,,text,N,,
X1_44_BHR_women,25,Chapter 1,Bahrain: women who see risk as opportunity,30,pct,,text,N,,
X1_44_AUT_men,25,Chapter 1,Austria: men who see risk as opportunity,42,pct,,text,N,,
X1_44_AUT_women,25,Chapter 1,Austria: women who see risk as opportunity,26,pct,,text,N,,
X1_44_JPN_men,25,Chapter 1,Japan: men who see risk as opportunity,21,pct,,text,N,,
X1_44_JPN_women,25,Chapter 1,Japan: women who see risk as opportunity,8,pct,,text,N,,
X1_44_USA_men,25,Chapter 1,U.S.: men who see risk as opportunity,40,pct,,text,N,,
X1_44_USA_women,25,Chapter 1,U.S.: women who see risk as opportunity,28,pct,,text,N,,
X1_45,26,Chapter 1,16+ years of education: 'risk' means opportunity,25,pct,,text,N,,
X1_46,26,Chapter 1,0-8 years of education: 'risk' means opportunity,20,pct,,text,N,,
X1_47,26,Chapter 1,Living comfortably on present income: 'risk' means opportunity,29,pct,,text,N,,
X1_48,26,Chapter 1,Finding it very difficult on present income: 'risk' means opportunity,18,pct,,text,N,,
C1_10_educ_0_8_opp,26,Chart 1.10,"Risk: opportunity or danger, by education and feelings about household income: 0-8 years education, % opportunity",20,pct,,chart,N,,
C1_10_educ_0_8_danger,26,Chart 1.10,"Risk: opportunity or danger, by education and feelings about household income: 0-8 years education, % danger",55,pct,,chart,N,,
C1_10_educ_0_8_both,26,Chart 1.10,"Risk: opportunity or danger, by education and feelings about household income: 0-8 years education, % both",7,pct,,chart,N,,
C1_10_educ_0_8_neither,26,Chart 1.10,"Risk: opportunity or danger, by education and feelings about household income: 0-8 years education, % neither",5,pct,,chart,N,,
C1_10_educ_0_8_dk,26,Chart 1.10,"Risk: opportunity or danger, by education and feelings about household income: 0-8 years education, % don't know/refused",13,pct,,chart,N,,
C1_10_educ_9_15_opp,26,Chart 1.10,"Risk: opportunity or danger, by education and feelings about household income: 9-15 years education, % opportunity",22,pct,,chart,N,,
C1_10_educ_9_15_danger,26,Chart 1.10,"Risk: opportunity or danger, by education and feelings about household income: 9-15 years education, % danger",64,pct,,chart,N,,
C1_10_educ_9_15_both,26,Chart 1.10,"Risk: opportunity or danger, by education and feelings about household income: 9-15 years education, % both",7,pct,,chart,N,,
C1_10_educ_9_15_neither,26,Chart 1.10,"Risk: opportunity or danger, by education and feelings about household income: 9-15 years education, % neither",3,pct,,chart,N,,
C1_10_educ_9_15_dk,26,Chart 1.10,"Risk: opportunity or danger, by education and feelings about household income: 9-15 years education, % don't know/refused",4,pct,,chart,N,,
C1_10_educ_16plus_opp,26,Chart 1.10,"Risk: opportunity or danger, by education and feelings about household income: 16+ years education, % opportunity",25,pct,,chart,N,,
C1_10_educ_16plus_danger,26,Chart 1.10,"Risk: opportunity or danger, by education and feelings about household income: 16+ years education, % danger",60,pct,,chart,N,,
C1_10_educ_16plus_both,26,Chart 1.10,"Risk: opportunity or danger, by education and feelings about household income: 16+ years education, % both",11,pct,,chart,N,,
C1_10_educ_16plus_neither,26,Chart 1.10,"Risk: opportunity or danger, by education and feelings about household income: 16+ years education, % neither",3,pct,,chart,N,,
C1_10_educ_16plus_dk,26,Chart 1.10,"Risk: opportunity or danger, by education and feelings about household income: 16+ years education, % don't know/refused",2,pct,,chart,N,,
C1_10_comfortable_opp,26,Chart 1.10,"Risk: opportunity or danger, by education and feelings about household income: living comfortably, % opportunity",29,pct,,chart,N,,
C1_10_comfortable_danger,26,Chart 1.10,"Risk: opportunity or danger, by education and feelings about household income: living comfortably, % danger",58,pct,,chart,N,,
C1_10_comfortable_both,26,Chart 1.10,"Risk: opportunity or danger, by education and feelings about household income: living comfortably, % both",6,pct,,chart,N,,
C1_10_comfortable_neither,26,Chart 1.10,"Risk: opportunity or danger, by education and feelings about household income: living comfortably, % neither",3,pct,,chart,N,,
C1_10_comfortable_dk,26,Chart 1.10,"Risk: opportunity or danger, by education and feelings about household income: living comfortably, % don't know/refused",5,pct,,chart,N,,
C1_10_getting_by_opp,26,Chart 1.10,"Risk: opportunity or danger, by education and feelings about household income: getting by, % opportunity",21,pct,,chart,N,,
C1_10_getting_by_danger,26,Chart 1.10,"Risk: opportunity or danger, by education and feelings about household income: getting by, % danger",60,pct,,chart,N,,
C1_10_getting_by_both,26,Chart 1.10,"Risk: opportunity or danger, by education and feelings about household income: getting by, % both",8,pct,,chart,N,,
C1_10_getting_by_neither,26,Chart 1.10,"Risk: opportunity or danger, by education and feelings about household income: getting by, % neither",4,pct,,chart,N,,
C1_10_getting_by_dk,26,Chart 1.10,"Risk: opportunity or danger, by education and feelings about household income: getting by, % don't know/refused",8,pct,,chart,N,,
C1_10_difficult_opp,26,Chart 1.10,"Risk: opportunity or danger, by education and feelings about household income: finding it difficult, % opportunity",19,pct,,chart,N,,
C1_10_difficult_danger,26,Chart 1.10,"Risk: opportunity or danger, by education and feelings about household income: finding it difficult, % danger",62,pct,,chart,N,,
C1_10_difficult_both,26,Chart 1.10,"Risk: opportunity or danger, by education and feelings about household income: finding it difficult, % both",7,pct,,chart,N,,
C1_10_difficult_neither,26,Chart 1.10,"Risk: opportunity or danger, by education and feelings about household income: finding it difficult, % neither",4,pct,,chart,N,,
C1_10_difficult_dk,26,Chart 1.10,"Risk: opportunity or danger, by education and feelings about household income: finding it difficult, % don't know/refused",9,pct,,chart,N,,
C1_10_very_difficult_opp,26,Chart 1.10,"Risk: opportunity or danger, by education and feelings about household income: finding it very difficult, % opportunity",18,pct,,chart,N,,
C1_10_very_difficult_danger,26,Chart 1.10,"Risk: opportunity or danger, by education and feelings about household income: finding it very difficult, % danger",62,pct,,chart,N,,
C1_10_very_difficult_both,26,Chart 1.10,"Risk: opportunity or danger, by education and feelings about household income: finding it very difficult, % both",8,pct,,chart,N,,
C1_10_very_difficult_neither,26,Chart 1.10,"Risk: opportunity or danger, by education and feelings about household income: finding it very difficult, % neither",3,pct,,chart,N,,
C1_10_very_difficult_dk,26,Chart 1.10,"Risk: opportunity or danger, by education and feelings about household income: finding it very difficult, % don't know/refused",9,pct,,chart,N,,
X2_01,27,Chapter 2,Key finding: countries where more than 40% named health problems as the first or second biggest safety threat,12,count,0,text,N,,"Country, region and group figures are the % of respondents who name the risk (or any risk in the group) as their first or second response."
X2_02,27,Chapter 2,Key finding: gave 'no risk' as their first response,19,pct,,text,N,,
X2_03,27,Chapter 2,Key finding: said 'no risk' as their second response,21,pct,,text,N,,
X2_04,29,Chapter 2,First response: do not face any risks,19,pct,,text,N,,
X2_05,29,Chapter 2,First response: don't know or no answer,10,pct,,text,N,,
X2_06,29,Chapter 2,First response: road-related accidents or injuries,16,pct,,text,N,,The data give 15.4%. Not explained.
X2_07,29,Chapter 2,"First response: crime, violence or terrorism",12,pct,,text,N,,
X2_08,29,Chapter 2,First response: personal health problems,11,pct,,text,N,,
X2_09,29,Chapter 2,"Second response: no risks, don't know, or not asked the follow-up",55,pct,,text,N,,
X2_10,29,Chapter 2,Second response: road-related accidents or injuries,8,pct,,text,N,,
X2_11,29,Chapter 2,"Second response: crime, violence or terrorism",7,pct,,text,N,,
X2_12,29,Chapter 2,Second response: personal health issues,8,pct,,text,N,,"Code 9 (personal health condition/illness), as in X2_08. Adding code 10 (drugs, alcohol, smoking) gives 7.6%. Code 9 gives 6.7%. The 8% may be the health group used in Chart 2.2 (codes 9 and 10: 7.6%)."
X2_13,29,Chapter 2,First or second response: road-related accidents,23,pct,,text,N,,Global 'first or second response' figures add the % naming the risk first and the % naming it second (Chart 2.1 method): someone who names the same category twice counts twice.
X2_14,29,Chapter 2,First or second response: crime or violence,19,pct,,text,N,,Global 'first or second response' figures add the % naming the risk first and the % naming it second (Chart 2.1 method): someone who names the same category twice counts twice.
X2_15,29,Chapter 2,First or second response: health problems,18,pct,,text,N,,Global 'first or second response' figures add the % naming the risk first and the % naming it second (Chart 2.1 method): someone who names the same category twice counts twice.
X2_16,29,Chapter 2,First or second response: personal finances,8,pct,,text,N,,Global 'first or second response' figures add the % naming the risk first and the % naming it second (Chart 2.1 method): someone who names the same category twice counts twice.
X2_17,29,Chapter 2,First or second response: general economic conditions,8,pct,,text,N,,Global 'first or second response' figures add the % naming the risk first and the % naming it second (Chart 2.1 method): someone who names the same category twice counts twice.
C2_1_none,29,Chart 2.1,"Top two perceived risks, global (first + second response): Nothing/no risks",40,pct,,chart,N,,Global 'first or second response' figures add the % naming the risk first and the % naming it second (Chart 2.1 method): someone who names the same category twice counts twice. Drowning is printed as '<.5'.
C2_1_road,29,Chart 2.1,"Top two perceived risks, global (first + second response): Road-related accidents/injuries",23,pct,,chart,N,,Global 'first or second response' figures add the % naming the risk first and the % naming it second (Chart 2.1 method): someone who names the same category twice counts twice. Drowning is printed as '<.5'.
C2_1_crime,29,Chart 2.1,"Top two perceived risks, global (first + second response): Crime/violence/terrorism",19,pct,,chart,N,,Global 'first or second response' figures add the % naming the risk first and the % naming it second (Chart 2.1 method): someone who names the same category twice counts twice. Drowning is printed as '<.5'.
C2_1_health,29,Chart 2.1,"Top two perceived risks, global (first + second response): Health: personal health condition/illness",18,pct,,chart,N,,Global 'first or second response' figures add the % naming the risk first and the % naming it second (Chart 2.1 method): someone who names the same category twice counts twice. Drowning is printed as '<.5'.
C2_1_other,29,Chart 2.1,"Top two perceived risks, global (first + second response): Other",11,pct,,chart,N,,Global 'first or second response' figures add the % naming the risk first and the % naming it second (Chart 2.1 method): someone who names the same category twice counts twice. Drowning is printed as '<.5'.
C2_1_economy,29,Chart 2.1,"Top two perceived risks, global (first + second response): Economy-related",8,pct,,chart,N,,Global 'first or second response' figures add the % naming the risk first and the % naming it second (Chart 2.1 method): someone who names the same category twice counts twice. Drowning is printed as '<.5'.
C2_1_financial,29,Chart 2.1,"Top two perceived risks, global (first + second response): Financial: not having enough money",8,pct,,chart,N,,Global 'first or second response' figures add the % naming the risk first and the % naming it second (Chart 2.1 method): someone who names the same category twice counts twice. Drowning is printed as '<.5'.
C2_1_climate,29,Chart 2.1,"Top two perceived risks, global (first + second response): Climate change/natural disasters/weather",6,pct,,chart,N,,Global 'first or second response' figures add the % naming the risk first and the % naming it second (Chart 2.1 method): someone who names the same category twice counts twice. Drowning is printed as '<.5'.
C2_1_cooking,29,Chart 2.1,"Top two perceived risks, global (first + second response): Cooking or other household accidents",4,pct,,chart,N,,Global 'first or second response' figures add the % naming the risk first and the % naming it second (Chart 2.1 method): someone who names the same category twice counts twice. Drowning is printed as '<.5'.
C2_1_other_transport,29,Chart 2.1,"Top two perceived risks, global (first + second response): Other transportation-related accidents",3,pct,,chart,N,,Global 'first or second response' figures add the % naming the risk first and the % naming it second (Chart 2.1 method): someone who names the same category twice counts twice. Drowning is printed as '<.5'.
C2_1_work,29,Chart 2.1,"Top two perceived risks, global (first + second response): Work-related accidents",3,pct,,chart,N,,Global 'first or second response' figures add the % naming the risk first and the % naming it second (Chart 2.1 method): someone who names the same category twice counts twice. Drowning is printed as '<.5'.
C2_1_politics,29,Chart 2.1,"Top two perceived risks, global (first + second response): Politics/political situation/corruption",3,pct,,chart,N,,Global 'first or second response' figures add the % naming the risk first and the % naming it second (Chart 2.1 method): someone who names the same category twice counts twice. Drowning is printed as '<.5'.
C2_1_food,29,Chart 2.1,"Top two perceived risks, global (first + second response): Food-related: eating unsafe food",2,pct,,chart,N,,Global 'first or second response' figures add the % naming the risk first and the % naming it second (Chart 2.1 method): someone who names the same category twice counts twice. Drowning is printed as '<.5'.
C2_1_drugs,29,Chart 2.1,"Top two perceived risks, global (first + second response): Health: drugs, alcohol, smoking",2,pct,,chart,N,,Global 'first or second response' figures add the % naming the risk first and the % naming it second (Chart 2.1 method): someone who names the same category twice counts twice. Drowning is printed as '<.5'.
C2_1_pollution,29,Chart 2.1,"Top two perceived risks, global (first + second response): Pollution",1,pct,,chart,N,,Global 'first or second response' figures add the % naming the risk first and the % naming it second (Chart 2.1 method): someone who names the same category twice counts twice. Drowning is printed as '<.5'.
C2_1_mental,29,Chart 2.1,"Top two perceived risks, global (first + second response): Mental stress/exhaustion",1,pct,,chart,N,,Global 'first or second response' figures add the % naming the risk first and the % naming it second (Chart 2.1 method): someone who names the same category twice counts twice. Drowning is printed as '<.5'.
C2_1_water,29,Chart 2.1,"Top two perceived risks, global (first + second response): Water supply or drinking unclean water",1,pct,,chart,N,,Global 'first or second response' figures add the % naming the risk first and the % naming it second (Chart 2.1 method): someone who names the same category twice counts twice. Drowning is printed as '<.5'.
C2_1_internet,29,Chart 2.1,"Top two perceived risks, global (first + second response): Internet/technology-related risks",1,pct,,chart,N,,Global 'first or second response' figures add the % naming the risk first and the % naming it second (Chart 2.1 method): someone who names the same category twice counts twice. Drowning is printed as '<.5'.
C2_1_drowning,29,Chart 2.1,"Top two perceived risks, global (first + second response): Drowning",0,pct,,chart,N,,Global 'first or second response' figures add the % naming the risk first and the % naming it second (Chart 2.1 method): someone who names the same category twice counts twice. Drowning is printed as '<.5'.
X2_18,30,Chapter 2,Low-income economies: financial or economic problems among top two risks,29,pct,,text,N,,"Country, region and group figures are the % of respondents who name the risk (or any risk in the group) as their first or second response."
C2_2_north_america_road,30-31,Chart 2.2,"Top two perceived risks, by region: Northern America, road/transport-related",36,pct,,chart,N,,"Country, region and group figures are the % of respondents who name the risk (or any risk in the group) as their first or second response."
C2_2_north_america_health,30-31,Chart 2.2,"Top two perceived risks, by region: Northern America, health/illness",16,pct,,chart,N,,"Country, region and group figures are the % of respondents who name the risk (or any risk in the group) as their first or second response."
C2_2_north_america_crime,30-31,Chart 2.2,"Top two perceived risks, by region: Northern America, crime/violence",19,pct,,chart,N,,"Country, region and group figures are the % of respondents who name the risk (or any risk in the group) as their first or second response."
C2_2_north_america_financial,30-31,Chart 2.2,"Top two perceived risks, by region: Northern America, financial/economic problems",13,pct,,chart,N,,"Country, region and group figures are the % of respondents who name the risk (or any risk in the group) as their first or second response."
C2_2_north_america_environment,30-31,Chart 2.2,"Top two perceived risks, by region: Northern America, environment/natural disasters/weather",6,pct,,chart,N,,"Country, region and group figures are the % of respondents who name the risk (or any risk in the group) as their first or second response."
C2_2_north_america_food_water,30-31,Chart 2.2,"Top two perceived risks, by region: Northern America, food- or water-related",2,pct,,chart,N,,"Country, region and group figures are the % of respondents who name the risk (or any risk in the group) as their first or second response."
C2_2_north_america_political,30-31,Chart 2.2,"Top two perceived risks, by region: Northern America, political/institutional problems",10,pct,,chart,N,,"Country, region and group figures are the % of respondents who name the risk (or any risk in the group) as their first or second response."
C2_2_latin_america_road,30-31,Chart 2.2,"Top two perceived risks, by region: Latin America & Caribbean, road/transport-related",22,pct,,chart,N,,"Country, region and group figures are the % of respondents who name the risk (or any risk in the group) as their first or second response."
C2_2_latin_america_health,30-31,Chart 2.2,"Top two perceived risks, by region: Latin America & Caribbean, health/illness",12,pct,,chart,N,,"Country, region and group figures are the % of respondents who name the risk (or any risk in the group) as their first or second response."
C2_2_latin_america_crime,30-31,Chart 2.2,"Top two perceived risks, by region: Latin America & Caribbean, crime/violence",59,pct,,chart,N,,"Country, region and group figures are the % of respondents who name the risk (or any risk in the group) as their first or second response."
C2_2_latin_america_financial,30-31,Chart 2.2,"Top two perceived risks, by region: Latin America & Caribbean, financial/economic problems",7,pct,,chart,N,,"Country, region and group figures are the % of respondents who name the risk (or any risk in the group) as their first or second response."
C2_2_latin_america_environment,30-31,Chart 2.2,"Top two perceived risks, by region: Latin America & Caribbean, environment/natural disasters/weather",4,pct,,chart,N,,"Country, region and group figures are the % of respondents who name the risk (or any risk in the group) as their first or second response."
C2_2_latin_america_food_water,30-31,Chart 2.2,"Top two perceived risks, by region: Latin America & Caribbean, food- or water-related",1,pct,,chart,N,,"Country, region and group figures are the % of respondents who name the risk (or any risk in the group) as their first or second response."
C2_2_latin_america_political,30-31,Chart 2.2,"Top two perceived risks, by region: Latin America & Caribbean, political/institutional problems",1,pct,,chart,N,,"Country, region and group figures are the % of respondents who name the risk (or any risk in the group) as their first or second response."
C2_2_north_africa_road,30-31,Chart 2.2,"Top two perceived risks, by region: Northern Africa, road/transport-related",22,pct,,chart,N,,"Country, region and group figures are the % of respondents who name the risk (or any risk in the group) as their first or second response."
C2_2_north_africa_health,30-31,Chart 2.2,"Top two perceived risks, by region: Northern Africa, health/illness",25,pct,,chart,N,,"Country, region and group figures are the % of respondents who name the risk (or any risk in the group) as their first or second response."
C2_2_north_africa_crime,30-31,Chart 2.2,"Top two perceived risks, by region: Northern Africa, crime/violence",25,pct,,chart,N,,"Country, region and group figures are the % of respondents who name the risk (or any risk in the group) as their first or second response."
C2_2_north_africa_financial,30-31,Chart 2.2,"Top two perceived risks, by region: Northern Africa, financial/economic problems",23,pct,,chart,N,,"Country, region and group figures are the % of respondents who name the risk (or any risk in the group) as their first or second response."
C2_2_north_africa_environment,30-31,Chart 2.2,"Top two perceived risks, by region: Northern Africa, environment/natural disasters/weather",4,pct,,chart,N,,"Country, region and group figures are the % of respondents who name the risk (or any risk in the group) as their first or second response."
C2_2_north_africa_food_water,30-31,Chart 2.2,"Top two perceived risks, by region: Northern Africa, food- or water-related",3,pct,,chart,N,,"Country, region and group figures are the % of respondents who name the risk (or any risk in the group) as their first or second response."
C2_2_north_africa_political,30-31,Chart 2.2,"Top two perceived risks, by region: Northern Africa, political/institutional problems",3,pct,,chart,N,,"Country, region and group figures are the % of respondents who name the risk (or any risk in the group) as their first or second response."
C2_2_central_west_africa_road,30-31,Chart 2.2,"Top two perceived risks, by region: Central/Western Africa, road/transport-related",28,pct,,chart,N,,"Country, region and group figures are the % of respondents who name the risk (or any risk in the group) as their first or second response."
C2_2_central_west_africa_health,30-31,Chart 2.2,"Top two perceived risks, by region: Central/Western Africa, health/illness",20,pct,,chart,N,,"Country, region and group figures are the % of respondents who name the risk (or any risk in the group) as their first or second response."
C2_2_central_west_africa_crime,30-31,Chart 2.2,"Top two perceived risks, by region: Central/Western Africa, crime/violence",31,pct,,chart,N,,"Country, region and group figures are the % of respondents who name the risk (or any risk in the group) as their first or second response."
C2_2_central_west_africa_financial,30-31,Chart 2.2,"Top two perceived risks, by region: Central/Western Africa, financial/economic problems",23,pct,,chart,N,,"Country, region and group figures are the % of respondents who name the risk (or any risk in the group) as their first or second response."
C2_2_central_west_africa_environment,30-31,Chart 2.2,"Top two perceived risks, by region: Central/Western Africa, environment/natural disasters/weather",9,pct,,chart,N,,"Country, region and group figures are the % of respondents who name the risk (or any risk in the group) as their first or second response."
C2_2_central_west_africa_food_water,30-31,Chart 2.2,"Top two perceived risks, by region: Central/Western Africa, food- or water-related",5,pct,,chart,N,,"Country, region and group figures are the % of respondents who name the risk (or any risk in the group) as their first or second response."
C2_2_central_west_africa_political,30-31,Chart 2.2,"Top two perceived risks, by region: Central/Western Africa, political/institutional problems",2,pct,,chart,N,,"Country, region and group figures are the % of respondents who name the risk (or any risk in the group) as their first or second response."
C2_2_east_africa_road,30-31,Chart 2.2,"Top two perceived risks, by region: Eastern Africa, road/transport-related",14,pct,,chart,N,,"Country, region and group figures are the % of respondents who name the risk (or any risk in the group) as their first or second response."
C2_2_east_africa_health,30-31,Chart 2.2,"Top two perceived risks, by region: Eastern Africa, health/illness",19,pct,,chart,N,,"Country, region and group figures are the % of respondents who name the risk (or any risk in the group) as their first or second response."
C2_2_east_africa_crime,30-31,Chart 2.2,"Top two perceived risks, by region: Eastern Africa, crime/violence",26,pct,,chart,N,,"Country, region and group figures are the % of respondents who name the risk (or any risk in the group) as their first or second response."
C2_2_east_africa_financial,30-31,Chart 2.2,"Top two perceived risks, by region: Eastern Africa, financial/economic problems",29,pct,,chart,N,,"Country, region and group figures are the % of respondents who name the risk (or any risk in the group) as their first or second response."
C2_2_east_africa_environment,30-31,Chart 2.2,"Top two perceived risks, by region: Eastern Africa, environment/natural disasters/weather",5,pct,,chart,N,,"Country, region and group figures are the % of respondents who name the risk (or any risk in the group) as their first or second response."
C2_2_east_africa_food_water,30-31,Chart 2.2,"Top two perceived risks, by region: Eastern Africa, food- or water-related",6,pct,,chart,N,,"Country, region and group figures are the % of respondents who name the risk (or any risk in the group) as their first or second response."
C2_2_east_africa_political,30-31,Chart 2.2,"Top two perceived risks, by region: Eastern Africa, political/institutional problems",6,pct,,chart,N,,"Country, region and group figures are the % of respondents who name the risk (or any risk in the group) as their first or second response."
C2_2_southern_africa_road,30-31,Chart 2.2,"Top two perceived risks, by region: Southern Africa, road/transport-related",14,pct,,chart,N,,"Country, region and group figures are the % of respondents who name the risk (or any risk in the group) as their first or second response."
C2_2_southern_africa_health,30-31,Chart 2.2,"Top two perceived risks, by region: Southern Africa, health/illness",11,pct,,chart,N,,"Country, region and group figures are the % of respondents who name the risk (or any risk in the group) as their first or second response."
C2_2_southern_africa_crime,30-31,Chart 2.2,"Top two perceived risks, by region: Southern Africa, crime/violence",58,pct,,chart,N,,"Country, region and group figures are the % of respondents who name the risk (or any risk in the group) as their first or second response."
C2_2_southern_africa_financial,30-31,Chart 2.2,"Top two perceived risks, by region: Southern Africa, financial/economic problems",8,pct,,chart,N,,"Country, region and group figures are the % of respondents who name the risk (or any risk in the group) as their first or second response."
C2_2_southern_africa_environment,30-31,Chart 2.2,"Top two perceived risks, by region: Southern Africa, environment/natural disasters/weather",3,pct,,chart,N,,"Country, region and group figures are the % of respondents who name the risk (or any risk in the group) as their first or second response."
C2_2_southern_africa_food_water,30-31,Chart 2.2,"Top two perceived risks, by region: Southern Africa, food- or water-related",2,pct,,chart,N,,"Country, region and group figures are the % of respondents who name the risk (or any risk in the group) as their first or second response."
C2_2_southern_africa_political,30-31,Chart 2.2,"Top two perceived risks, by region: Southern Africa, political/institutional problems",1,pct,,chart,N,,"Country, region and group figures are the % of respondents who name the risk (or any risk in the group) as their first or second response."
C2_2_south_europe_road,30-31,Chart 2.2,"Top two perceived risks, by region: Southern Europe, road/transport-related",31,pct,,chart,N,,"Country, region and group figures are the % of respondents who name the risk (or any risk in the group) as their first or second response."
C2_2_south_europe_health,30-31,Chart 2.2,"Top two perceived risks, by region: Southern Europe, health/illness",27,pct,,chart,N,,"Country, region and group figures are the % of respondents who name the risk (or any risk in the group) as their first or second response."
C2_2_south_europe_crime,30-31,Chart 2.2,"Top two perceived risks, by region: Southern Europe, crime/violence",21,pct,,chart,N,,"Country, region and group figures are the % of respondents who name the risk (or any risk in the group) as their first or second response."
C2_2_south_europe_financial,30-31,Chart 2.2,"Top two perceived risks, by region: Southern Europe, financial/economic problems",23,pct,,chart,N,,"Country, region and group figures are the % of respondents who name the risk (or any risk in the group) as their first or second response."
C2_2_south_europe_environment,30-31,Chart 2.2,"Top two perceived risks, by region: Southern Europe, environment/natural disasters/weather",10,pct,,chart,N,,"Country, region and group figures are the % of respondents who name the risk (or any risk in the group) as their first or second response."
C2_2_south_europe_food_water,30-31,Chart 2.2,"Top two perceived risks, by region: Southern Europe, food- or water-related",5,pct,,chart,N,,"Country, region and group figures are the % of respondents who name the risk (or any risk in the group) as their first or second response."
C2_2_south_europe_political,30-31,Chart 2.2,"Top two perceived risks, by region: Southern Europe, political/institutional problems",7,pct,,chart,N,,"Country, region and group figures are the % of respondents who name the risk (or any risk in the group) as their first or second response."
C2_2_north_west_europe_road,30-31,Chart 2.2,"Top two perceived risks, by region: Northern/Western Europe, road/transport-related",33,pct,,chart,N,,"Country, region and group figures are the % of respondents who name the risk (or any risk in the group) as their first or second response."
C2_2_north_west_europe_health,30-31,Chart 2.2,"Top two perceived risks, by region: Northern/Western Europe, health/illness",23,pct,,chart,N,,"Country, region and group figures are the % of respondents who name the risk (or any risk in the group) as their first or second response."
C2_2_north_west_europe_crime,30-31,Chart 2.2,"Top two perceived risks, by region: Northern/Western Europe, crime/violence",19,pct,,chart,N,,"Country, region and group figures are the % of respondents who name the risk (or any risk in the group) as their first or second response."
C2_2_north_west_europe_financial,30-31,Chart 2.2,"Top two perceived risks, by region: Northern/Western Europe, financial/economic problems",16,pct,,chart,N,,"Country, region and group figures are the % of respondents who name the risk (or any risk in the group) as their first or second response."
C2_2_north_west_europe_environment,30-31,Chart 2.2,"Top two perceived risks, by region: Northern/Western Europe, environment/natural disasters/weather",10,pct,,chart,N,,"Country, region and group figures are the % of respondents who name the risk (or any risk in the group) as their first or second response."
C2_2_north_west_europe_food_water,30-31,Chart 2.2,"Top two perceived risks, by region: Northern/Western Europe, food- or water-related",5,pct,,chart,N,,"Country, region and group figures are the % of respondents who name the risk (or any risk in the group) as their first or second response."
C2_2_north_west_europe_political,30-31,Chart 2.2,"Top two perceived risks, by region: Northern/Western Europe, political/institutional problems",7,pct,,chart,N,,"Country, region and group figures are the % of respondents who name the risk (or any risk in the group) as their first or second response."
C2_2_east_europe_road,30-31,Chart 2.2,"Top two perceived risks, by region: Eastern Europe, road/transport-related",24,pct,,chart,N,,"Country, region and group figures are the % of respondents who name the risk (or any risk in the group) as their first or second response."
C2_2_east_europe_health,30-31,Chart 2.2,"Top two perceived risks, by region: Eastern Europe, health/illness",29,pct,,chart,N,,"Country, region and group figures are the % of respondents who name the risk (or any risk in the group) as their first or second response."
C2_2_east_europe_crime,30-31,Chart 2.2,"Top two perceived risks, by region: Eastern Europe, crime/violence",16,pct,,chart,N,,"Country, region and group figures are the % of respondents who name the risk (or any risk in the group) as their first or second response."
C2_2_east_europe_financial,30-31,Chart 2.2,"Top two perceived risks, by region: Eastern Europe, financial/economic problems",17,pct,,chart,N,,"Country, region and group figures are the % of respondents who name the risk (or any risk in the group) as their first or second response."
C2_2_east_europe_environment,30-31,Chart 2.2,"Top two perceived risks, by region: Eastern Europe, environment/natural disasters/weather",6,pct,,chart,N,,"Country, region and group figures are the % of respondents who name the risk (or any risk in the group) as their first or second response."
C2_2_east_europe_food_water,30-31,Chart 2.2,"Top two perceived risks, by region: Eastern Europe, food- or water-related",1,pct,,chart,N,,"Country, region and group figures are the % of respondents who name the risk (or any risk in the group) as their first or second response."
C2_2_east_europe_political,30-31,Chart 2.2,"Top two perceived risks, by region: Eastern Europe, political/institutional problems",2,pct,,chart,N,,"Country, region and group figures are the % of respondents who name the risk (or any risk in the group) as their first or second response."
C2_2_middle_east_road,30-31,Chart 2.2,"Top two perceived risks, by region: Middle East, road/transport-related",17,pct,,chart,N,,"Country, region and group figures are the % of respondents who name the risk (or any risk in the group) as their first or second response."
C2_2_middle_east_health,30-31,Chart 2.2,"Top two perceived risks, by region: Middle East, health/illness",16,pct,,chart,N,,"Country, region and group figures are the % of respondents who name the risk (or any risk in the group) as their first or second response."
C2_2_middle_east_crime,30-31,Chart 2.2,"Top two perceived risks, by region: Middle East, crime/violence",16,pct,,chart,N,,"Country, region and group figures are the % of respondents who name the risk (or any risk in the group) as their first or second response."
C2_2_middle_east_financial,30-31,Chart 2.2,"Top two perceived risks, by region: Middle East, financial/economic problems",27,pct,,chart,N,,"Country, region and group figures are the % of respondents who name the risk (or any risk in the group) as their first or second response."
C2_2_middle_east_environment,30-31,Chart 2.2,"Top two perceived risks, by region: Middle East, environment/natural disasters/weather",5,pct,,chart,N,,"Country, region and group figures are the % of respondents who name the risk (or any risk in the group) as their first or second response."
C2_2_middle_east_food_water,30-31,Chart 2.2,"Top two perceived risks, by region: Middle East, food- or water-related",1,pct,,chart,N,,"Country, region and group figures are the % of respondents who name the risk (or any risk in the group) as their first or second response."
C2_2_middle_east_political,30-31,Chart 2.2,"Top two perceived risks, by region: Middle East, political/institutional problems",6,pct,,chart,N,,"Country, region and group figures are the % of respondents who name the risk (or any risk in the group) as their first or second response."
C2_2_central_asia_road,30-31,Chart 2.2,"Top two perceived risks, by region: Central Asia, road/transport-related",16,pct,,chart,N,,"Country, region and group figures are the % of respondents who name the risk (or any risk in the group) as their first or second response."
C2_2_central_asia_health,30-31,Chart 2.2,"Top two perceived risks, by region: Central Asia, health/illness",24,pct,,chart,N,,"Country, region and group figures are the % of respondents who name the risk (or any risk in the group) as their first or second response."
C2_2_central_asia_crime,30-31,Chart 2.2,"Top two perceived risks, by region: Central Asia, crime/violence",6,pct,,chart,N,,"Country, region and group figures are the % of respondents who name the risk (or any risk in the group) as their first or second response."
C2_2_central_asia_financial,30-31,Chart 2.2,"Top two perceived risks, by region: Central Asia, financial/economic problems",18,pct,,chart,N,,"Country, region and group figures are the % of respondents who name the risk (or any risk in the group) as their first or second response."
C2_2_central_asia_environment,30-31,Chart 2.2,"Top two perceived risks, by region: Central Asia, environment/natural disasters/weather",7,pct,,chart,N,,"Country, region and group figures are the % of respondents who name the risk (or any risk in the group) as their first or second response."
C2_2_central_asia_food_water,30-31,Chart 2.2,"Top two perceived risks, by region: Central Asia, food- or water-related",3,pct,,chart,N,,"Country, region and group figures are the % of respondents who name the risk (or any risk in the group) as their first or second response."
C2_2_central_asia_political,30-31,Chart 2.2,"Top two perceived risks, by region: Central Asia, political/institutional problems",2,pct,,chart,N,,"Country, region and group figures are the % of respondents who name the risk (or any risk in the group) as their first or second response."
C2_2_south_asia_road,30-31,Chart 2.2,"Top two perceived risks, by region: Southern Asia, road/transport-related",28,pct,,chart,N,,"Country, region and group figures are the % of respondents who name the risk (or any risk in the group) as their first or second response."
C2_2_south_asia_health,30-31,Chart 2.2,"Top two perceived risks, by region: Southern Asia, health/illness",11,pct,,chart,N,,"Country, region and group figures are the % of respondents who name the risk (or any risk in the group) as their first or second response."
C2_2_south_asia_crime,30-31,Chart 2.2,"Top two perceived risks, by region: Southern Asia, crime/violence",8,pct,,chart,N,,"Country, region and group figures are the % of respondents who name the risk (or any risk in the group) as their first or second response."
C2_2_south_asia_financial,30-31,Chart 2.2,"Top two perceived risks, by region: Southern Asia, financial/economic problems",12,pct,,chart,N,,"Country, region and group figures are the % of respondents who name the risk (or any risk in the group) as their first or second response."
C2_2_south_asia_environment,30-31,Chart 2.2,"Top two perceived risks, by region: Southern Asia, environment/natural disasters/weather",7,pct,,chart,N,,"Country, region and group figures are the % of respondents who name the risk (or any risk in the group) as their first or second response."
C2_2_south_asia_food_water,30-31,Chart 2.2,"Top two perceived risks, by region: Southern Asia, food- or water-related",3,pct,,chart,N,,"Country, region and group figures are the % of respondents who name the risk (or any risk in the group) as their first or second response."
C2_2_south_asia_political,30-31,Chart 2.2,"Top two perceived risks, by region: Southern Asia, political/institutional problems",2,pct,,chart,N,,"Country, region and group figures are the % of respondents who name the risk (or any risk in the group) as their first or second response."
C2_2_east_asia_road,30-31,Chart 2.2,"Top two perceived risks, by region: Eastern Asia, road/transport-related",16,pct,,chart,N,,"Country, region and group figures are the % of respondents who name the risk (or any risk in the group) as their first or second response."
C2_2_east_asia_health,30-31,Chart 2.2,"Top two perceived risks, by region: Eastern Asia, health/illness",24,pct,,chart,N,,"Country, region and group figures are the % of respondents who name the risk (or any risk in the group) as their first or second response."
C2_2_east_asia_crime,30-31,Chart 2.2,"Top two perceived risks, by region: Eastern Asia, crime/violence",4,pct,,chart,N,,"Country, region and group figures are the % of respondents who name the risk (or any risk in the group) as their first or second response."
C2_2_east_asia_financial,30-31,Chart 2.2,"Top two perceived risks, by region: Eastern Asia, financial/economic problems",15,pct,,chart,N,,"Country, region and group figures are the % of respondents who name the risk (or any risk in the group) as their first or second response."
C2_2_east_asia_environment,30-31,Chart 2.2,"Top two perceived risks, by region: Eastern Asia, environment/natural disasters/weather",11,pct,,chart,N,,"Country, region and group figures are the % of respondents who name the risk (or any risk in the group) as their first or second response."
C2_2_east_asia_food_water,30-31,Chart 2.2,"Top two perceived risks, by region: Eastern Asia, food- or water-related",5,pct,,chart,N,,"Country, region and group figures are the % of respondents who name the risk (or any risk in the group) as their first or second response."
C2_2_east_asia_political,30-31,Chart 2.2,"Top two perceived risks, by region: Eastern Asia, political/institutional problems",1,pct,,chart,N,,"Country, region and group figures are the % of respondents who name the risk (or any risk in the group) as their first or second response."
C2_2_southeast_asia_road,30-31,Chart 2.2,"Top two perceived risks, by region: Southeastern Asia, road/transport-related",32,pct,,chart,N,,"Country, region and group figures are the % of respondents who name the risk (or any risk in the group) as their first or second response."
C2_2_southeast_asia_health,30-31,Chart 2.2,"Top two perceived risks, by region: Southeastern Asia, health/illness",18,pct,,chart,N,,"Country, region and group figures are the % of respondents who name the risk (or any risk in the group) as their first or second response."
C2_2_southeast_asia_crime,30-31,Chart 2.2,"Top two perceived risks, by region: Southeastern Asia, crime/violence",12,pct,,chart,N,,"Country, region and group figures are the % of respondents who name the risk (or any risk in the group) as their first or second response."
C2_2_southeast_asia_financial,30-31,Chart 2.2,"Top two perceived risks, by region: Southeastern Asia, financial/economic problems",9,pct,,chart,N,,"Country, region and group figures are the % of respondents who name the risk (or any risk in the group) as their first or second response."
C2_2_southeast_asia_environment,30-31,Chart 2.2,"Top two perceived risks, by region: Southeastern Asia, environment/natural disasters/weather",6,pct,,chart,N,,"Country, region and group figures are the % of respondents who name the risk (or any risk in the group) as their first or second response."
C2_2_southeast_asia_food_water,30-31,Chart 2.2,"Top two perceived risks, by region: Southeastern Asia, food- or water-related",2,pct,,chart,N,,"Country, region and group figures are the % of respondents who name the risk (or any risk in the group) as their first or second response."
C2_2_southeast_asia_political,30-31,Chart 2.2,"Top two perceived risks, by region: Southeastern Asia, political/institutional problems",0,pct,,chart,N,,"Country, region and group figures are the % of respondents who name the risk (or any risk in the group) as their first or second response."
C2_2_aus_nz_road,30-31,Chart 2.2,"Top two perceived risks, by region: Australia & New Zealand, road/transport-related",53,pct,,chart,N,,"Country, region and group figures are the % of respondents who name the risk (or any risk in the group) as their first or second response."
C2_2_aus_nz_health,30-31,Chart 2.2,"Top two perceived risks, by region: Australia & New Zealand, health/illness",17,pct,,chart,N,,"Country, region and group figures are the % of respondents who name the risk (or any risk in the group) as their first or second response."
C2_2_aus_nz_crime,30-31,Chart 2.2,"Top two perceived risks, by region: Australia & New Zealand, crime/violence",27,pct,,chart,N,,"Country, region and group figures are the % of respondents who name the risk (or any risk in the group) as their first or second response."
C2_2_aus_nz_financial,30-31,Chart 2.2,"Top two perceived risks, by region: Australia & New Zealand, financial/economic problems",12,pct,,chart,N,,"Country, region and group figures are the % of respondents who name the risk (or any risk in the group) as their first or second response."
C2_2_aus_nz_environment,30-31,Chart 2.2,"Top two perceived risks, by region: Australia & New Zealand, environment/natural disasters/weather",6,pct,,chart,N,,"Country, region and group figures are the % of respondents who name the risk (or any risk in the group) as their first or second response."
C2_2_aus_nz_food_water,30-31,Chart 2.2,"Top two perceived risks, by region: Australia & New Zealand, food- or water-related",0,pct,,chart,N,,"Country, region and group figures are the % of respondents who name the risk (or any risk in the group) as their first or second response."
C2_2_aus_nz_political,30-31,Chart 2.2,"Top two perceived risks, by region: Australia & New Zealand, political/institutional problems",3,pct,,chart,N,,"Country, region and group figures are the % of respondents who name the risk (or any risk in the group) as their first or second response."
X2_19,32,Chapter 2,People who named road- or transportation-related risks among the top two ('more than 1 billion'),1000000000,count,500000000,text,N,,Population counts are the sum of PROJWT (population projection weight) over the respondents concerned. Printed as 'more than 1 billion'; tolerance 500 million covers 1.0-1.5 billion.
C2_3_NZL,32,Chart 2.3,Named road or transport hazards among top two threats: New Zealand (top 5),59,pct,,chart,N,,"Country, region and group figures are the % of respondents who name the risk (or any risk in the group) as their first or second response. The traffic fatality rates in the chart are WHO figures and are not recorded."
C2_3_FIN,32,Chart 2.3,Named road or transport hazards among top two threats: Finland (top 5),54,pct,,chart,N,,"Country, region and group figures are the % of respondents who name the risk (or any risk in the group) as their first or second response. The traffic fatality rates in the chart are WHO figures and are not recorded."
C2_3_AUS,32,Chart 2.3,Named road or transport hazards among top two threats: Australia (top 5),51,pct,,chart,N,,"Country, region and group figures are the % of respondents who name the risk (or any risk in the group) as their first or second response. The traffic fatality rates in the chart are WHO figures and are not recorded."
C2_3_NOR,32,Chart 2.3,Named road or transport hazards among top two threats: Norway (top 5),51,pct,,chart,N,,"Country, region and group figures are the % of respondents who name the risk (or any risk in the group) as their first or second response. The traffic fatality rates in the chart are WHO figures and are not recorded."
C2_3_ISR,32,Chart 2.3,Named road or transport hazards among top two threats: Israel (top 5),49,pct,,chart,N,,"Country, region and group figures are the % of respondents who name the risk (or any risk in the group) as their first or second response. The traffic fatality rates in the chart are WHO figures and are not recorded."
C2_3_RWA,32,Chart 2.3,Named road or transport hazards among top two threats: Rwanda (bottom 5),7,pct,,chart,N,,"Country, region and group figures are the % of respondents who name the risk (or any risk in the group) as their first or second response. The traffic fatality rates in the chart are WHO figures and are not recorded."
C2_3_YEM,32,Chart 2.3,Named road or transport hazards among top two threats: Yemen (bottom 5),6,pct,,chart,N,,"Country, region and group figures are the % of respondents who name the risk (or any risk in the group) as their first or second response. The traffic fatality rates in the chart are WHO figures and are not recorded."
C2_3_IRN,32,Chart 2.3,Named road or transport hazards among top two threats: Iran (bottom 5),5,pct,,chart,N,,"Country, region and group figures are the % of respondents who name the risk (or any risk in the group) as their first or second response. The traffic fatality rates in the chart are WHO figures and are not recorded."
C2_3_UZB,32,Chart 2.3,Named road or transport hazards among top two threats: Uzbekistan (bottom 5),5,pct,,chart,N,,"Country, region and group figures are the % of respondents who name the risk (or any risk in the group) as their first or second response. The traffic fatality rates in the chart are WHO figures and are not recorded."
C2_3_MDG,32,Chart 2.3,Named road or transport hazards among top two threats: Madagascar (bottom 5),3,pct,,chart,N,,"Country, region and group figures are the % of respondents who name the risk (or any risk in the group) as their first or second response. The traffic fatality rates in the chart are WHO figures and are not recorded."
X2_20,32,Chapter 2,Countries where more than 50% named road or transportation hazards among the top two,4,count,0,text,N,,
X2_21_RWA,32,Chapter 2,Rwanda: named road-related accidents among the top two,7,pct,,text,N,,
X2_21_MDG,32,Chapter 2,Madagascar: named road-related accidents among the top two,3,pct,,text,N,,
X2_22,33,Chapter 2,Australia: named road- and transportation-related risks as a top threat,51,pct,,text,N,,
C2_4_women_15_29,34,Chart 2.4,"Named road-related hazards among the top two, by gender and age: women, age 15-29",24,pct,,chart,N,,
C2_4_women_30_49,34,Chart 2.4,"Named road-related hazards among the top two, by gender and age: women, age 30-49",23,pct,,chart,N,,
C2_4_women_50_64,34,Chart 2.4,"Named road-related hazards among the top two, by gender and age: women, age 50-64",20,pct,,chart,N,,
C2_4_women_65plus,34,Chart 2.4,"Named road-related hazards among the top two, by gender and age: women, age 65+",14,pct,,chart,N,,
C2_4_men_15_29,34,Chart 2.4,"Named road-related hazards among the top two, by gender and age: men, age 15-29",30,pct,,chart,N,,
C2_4_men_30_49,34,Chart 2.4,"Named road-related hazards among the top two, by gender and age: men, age 30-49",30,pct,,chart,N,,
C2_4_men_50_64,34,Chart 2.4,"Named road-related hazards among the top two, by gender and age: men, age 50-64",24,pct,,chart,N,,
C2_4_men_65plus,34,Chart 2.4,"Named road-related hazards among the top two, by gender and age: men, age 65+",17,pct,,chart,N,,
X2_23_comfortable,34,Chapter 2,Living comfortably on present income: named road-related concerns,31,pct,,text,N,,
X2_23_difficult,34,Chapter 2,Finding it difficult on present income: named road-related concerns,21,pct,,text,N,,
X2_23_very_difficult,34,Chapter 2,Finding it very difficult on present income: named road-related concerns,19,pct,,text,N,,
X2_24_educ_16plus,34,Chapter 2,16+ years of education: named road-related hazards,34,pct,,text,N,,
X2_24_educ_0_8,34,Chapter 2,0-8 years of education: named road-related hazards,17,pct,,text,N,,
X2_25_urban,34,Chapter 2,Urban dwellers (large city or suburb): named road-related hazards,25,pct,,text,N,,"Urbanicity2 = 2 (large city or suburb). The data give 27.7%. Alternatives: road code 1 only gives 24.6% urban and 20.1% rural; by the six-category Urbanicity, 20% rural/farm, 24% small town, 27% large city, 29% suburb. None reproduces both figures with the road/transport definition that matches the rest of the page."
X2_25_rural,34,Chapter 2,Rural dwellers (rural area or small town): named road-related hazards,21,pct,,text,N,,Urbanicity2 = 1 (rural area or small town). The data give 22.4%. See X2_25_urban.
X2_26,35,Chapter 2,"Named crime, violence or terrorism as one of the two greatest threats, global",19,pct,,text,N,,Global 'first or second response' figures add the % naming the risk first and the % naming it second (Chart 2.1 method): someone who names the same category twice counts twice.
X2_27,35,Chapter 2,"Afghanistan: named crime, violence or terrorism",82,pct,,text,N,,
X2_28,35,Chapter 2,"Brazil: named crime, violence or terrorism",68,pct,,text,N,,
C2_5_min,35,Chart 2.5,"World map, named crime-related issues among top two threats: lowest country (legend)",1,pct,,chart,N,,"World map: legend end points are the lowest and highest country values. Country, region and group figures are the % of respondents who name the risk (or any risk in the group) as their first or second response."
C2_5_max,35,Chart 2.5,"World map, named crime-related issues among top two threats: highest country (legend)",82,pct,,chart,N,,"World map: legend end points are the lowest and highest country values. Country, region and group figures are the % of respondents who name the risk (or any risk in the group) as their first or second response."
C2_5_AFG,35,Chart 2.5,"World map, named crime-related issues among top two threats: Afghanistan (top 3)",82,pct,,chart,N,,"World map: legend end points are the lowest and highest country values. Country, region and group figures are the % of respondents who name the risk (or any risk in the group) as their first or second response."
C2_5_BRA,35,Chart 2.5,"World map, named crime-related issues among top two threats: Brazil (top 3)",68,pct,,chart,N,,"World map: legend end points are the lowest and highest country values. Country, region and group figures are the % of respondents who name the risk (or any risk in the group) as their first or second response."
C2_5_VEN,35,Chart 2.5,"World map, named crime-related issues among top two threats: Venezuela (top 3)",62,pct,,chart,N,,"World map: legend end points are the lowest and highest country values. Country, region and group figures are the % of respondents who name the risk (or any risk in the group) as their first or second response."
C2_5_CHN,35,Chart 2.5,"World map, named crime-related issues among top two threats: China (bottom 3)",2,pct,,chart,N,,"World map: legend end points are the lowest and highest country values. Country, region and group figures are the % of respondents who name the risk (or any risk in the group) as their first or second response."
C2_5_TKM,35,Chart 2.5,"World map, named crime-related issues among top two threats: Turkmenistan (bottom 3)",1,pct,,chart,N,,"World map: legend end points are the lowest and highest country values. Country, region and group figures are the % of respondents who name the risk (or any risk in the group) as their first or second response."
C2_5_UZB,35,Chart 2.5,"World map, named crime-related issues among top two threats: Uzbekistan (bottom 3)",1,pct,,chart,N,,"World map: legend end points are the lowest and highest country values. Country, region and group figures are the % of respondents who name the risk (or any risk in the group) as their first or second response."
X2_29_n50,35,Chapter 2,Countries where at least 50% named crime or violence among the top two,17,count,0,text,N,,
X2_29_latam,35,Chapter 2,"Of those, countries in Latin America & Caribbean",11,count,0,text,N,,
X2_29_latam_pct,35,Chapter 2,Latin America & Caribbean: named crime or violence ('(59%)'),59,pct,,text,N,,"The 59% follows 'were in Latin America'; 11 of 17 is 65%, so it is read as the regional figure (Chart 2.6)."
X2_30,36,Chapter 2,South Africa: mentioned crime and violence,61,pct,,text,N,,
C2_6_latin_america_total,36,Chart 2.6,"Named crime or violence among top two, by gender and region: Latin America & Caribbean, total",59,pct,,chart,N,,
C2_6_latin_america_women,36,Chart 2.6,"Named crime or violence among top two, by gender and region: Latin America & Caribbean, % women",61,pct,,chart,N,,
C2_6_latin_america_men,36,Chart 2.6,"Named crime or violence among top two, by gender and region: Latin America & Caribbean, % men",57,pct,,chart,N,,
C2_6_southern_africa_total,36,Chart 2.6,"Named crime or violence among top two, by gender and region: Southern Africa, total",58,pct,,chart,N,,
C2_6_southern_africa_women,36,Chart 2.6,"Named crime or violence among top two, by gender and region: Southern Africa, % women",61,pct,,chart,N,,
C2_6_southern_africa_men,36,Chart 2.6,"Named crime or violence among top two, by gender and region: Southern Africa, % men",55,pct,,chart,N,,
C2_6_central_west_africa_total,36,Chart 2.6,"Named crime or violence among top two, by gender and region: Central/Western Africa, total",31,pct,,chart,N,,
C2_6_central_west_africa_women,36,Chart 2.6,"Named crime or violence among top two, by gender and region: Central/Western Africa, % women",31,pct,,chart,N,,
C2_6_central_west_africa_men,36,Chart 2.6,"Named crime or violence among top two, by gender and region: Central/Western Africa, % men",32,pct,,chart,N,,
C2_6_aus_nz_total,36,Chart 2.6,"Named crime or violence among top two, by gender and region: Australia & New Zealand, total",27,pct,,chart,N,,
C2_6_aus_nz_women,36,Chart 2.6,"Named crime or violence among top two, by gender and region: Australia & New Zealand, % women",34,pct,,chart,N,,
C2_6_aus_nz_men,36,Chart 2.6,"Named crime or violence among top two, by gender and region: Australia & New Zealand, % men",18,pct,,chart,N,,
C2_6_east_africa_total,36,Chart 2.6,"Named crime or violence among top two, by gender and region: Eastern Africa, total",26,pct,,chart,N,,
C2_6_east_africa_women,36,Chart 2.6,"Named crime or violence among top two, by gender and region: Eastern Africa, % women",24,pct,,chart,N,,
C2_6_east_africa_men,36,Chart 2.6,"Named crime or violence among top two, by gender and region: Eastern Africa, % men",27,pct,,chart,N,,
C2_6_north_africa_total,36,Chart 2.6,"Named crime or violence among top two, by gender and region: Northern Africa, total",25,pct,,chart,N,,
C2_6_north_africa_women,36,Chart 2.6,"Named crime or violence among top two, by gender and region: Northern Africa, % women",26,pct,,chart,N,,
C2_6_north_africa_men,36,Chart 2.6,"Named crime or violence among top two, by gender and region: Northern Africa, % men",23,pct,,chart,N,,
C2_6_south_europe_total,36,Chart 2.6,"Named crime or violence among top two, by gender and region: Southern Europe, total",21,pct,,chart,N,,
C2_6_south_europe_women,36,Chart 2.6,"Named crime or violence among top two, by gender and region: Southern Europe, % women",23,pct,,chart,N,,
C2_6_south_europe_men,36,Chart 2.6,"Named crime or violence among top two, by gender and region: Southern Europe, % men",19,pct,,chart,N,,
C2_6_north_america_total,36,Chart 2.6,"Named crime or violence among top two, by gender and region: Northern America, total",19,pct,,chart,N,,
C2_6_north_america_women,36,Chart 2.6,"Named crime or violence among top two, by gender and region: Northern America, % women",23,pct,,chart,N,,
C2_6_north_america_men,36,Chart 2.6,"Named crime or violence among top two, by gender and region: Northern America, % men",16,pct,,chart,N,,
C2_6_north_west_europe_total,36,Chart 2.6,"Named crime or violence among top two, by gender and region: Northern/Western Europe, total",19,pct,,chart,N,,
C2_6_north_west_europe_women,36,Chart 2.6,"Named crime or violence among top two, by gender and region: Northern/Western Europe, % women",20,pct,,chart,N,,
C2_6_north_west_europe_men,36,Chart 2.6,"Named crime or violence among top two, by gender and region: Northern/Western Europe, % men",19,pct,,chart,N,,
C2_6_middle_east_total,36,Chart 2.6,"Named crime or violence among top two, by gender and region: Middle East, total",16,pct,,chart,N,,
C2_6_middle_east_women,36,Chart 2.6,"Named crime or violence among top two, by gender and region: Middle East, % women",16,pct,,chart,N,,
C2_6_middle_east_men,36,Chart 2.6,"Named crime or violence among top two, by gender and region: Middle East, % men",16,pct,,chart,N,,
C2_6_east_europe_total,36,Chart 2.6,"Named crime or violence among top two, by gender and region: Eastern Europe, total",16,pct,,chart,N,,
C2_6_east_europe_women,36,Chart 2.6,"Named crime or violence among top two, by gender and region: Eastern Europe, % women",18,pct,,chart,N,,
C2_6_east_europe_men,36,Chart 2.6,"Named crime or violence among top two, by gender and region: Eastern Europe, % men",13,pct,,chart,N,,
C2_6_southeast_asia_total,36,Chart 2.6,"Named crime or violence among top two, by gender and region: Southeastern Asia, total",12,pct,,chart,N,,
C2_6_southeast_asia_women,36,Chart 2.6,"Named crime or violence among top two, by gender and region: Southeastern Asia, % women",13,pct,,chart,N,,
C2_6_southeast_asia_men,36,Chart 2.6,"Named crime or violence among top two, by gender and region: Southeastern Asia, % men",11,pct,,chart,N,,
C2_6_south_asia_total,36,Chart 2.6,"Named crime or violence among top two, by gender and region: Southern Asia, total",8,pct,,chart,N,,
C2_6_south_asia_women,36,Chart 2.6,"Named crime or violence among top two, by gender and region: Southern Asia, % women",8,pct,,chart,N,,
C2_6_south_asia_men,36,Chart 2.6,"Named crime or violence among top two, by gender and region: Southern Asia, % men",8,pct,,chart,N,,
C2_6_central_asia_total,36,Chart 2.6,"Named crime or violence among top two, by gender and region: Central Asia, total",6,pct,,chart,N,,
C2_6_central_asia_women,36,Chart 2.6,"Named crime or violence among top two, by gender and region: Central Asia, % women",6,pct,,chart,N,,
C2_6_central_asia_men,36,Chart 2.6,"Named crime or violence among top two, by gender and region: Central Asia, % men",6,pct,,chart,N,,
C2_6_east_asia_total,36,Chart 2.6,"Named crime or violence among top two, by gender and region: Eastern Asia, total",4,pct,,chart,N,,
C2_6_east_asia_women,36,Chart 2.6,"Named crime or violence among top two, by gender and region: Eastern Asia, % women",5,pct,,chart,N,,
C2_6_east_asia_men,36,Chart 2.6,"Named crime or violence among top two, by gender and region: Eastern Asia, % men",3,pct,,chart,N,,
X2_31_men,36,Chapter 2,Australia & New Zealand: men who cited crime or violence,18,pct,,text,N,,
X2_31_women,36,Chapter 2,Australia & New Zealand: women who cited crime or violence,34,pct,,text,N,,
X2_32_AUS_men,37,Chapter 2,"Australia: men who feel safe walking alone at night (Gallup World Poll, 2019)",85,pct,,text,Y,WP113,
X2_32_AUS_women,37,Chapter 2,"Australia: women who feel safe walking alone at night (Gallup World Poll, 2019)",47,pct,,text,Y,WP113,
X2_32_AUS_gap,37,Chapter 2,"Australia: gender gap (men minus women), feel safe walking alone at night (Gallup World Poll, 2019)",38,pct,,text,Y,WP113,
X2_32_NZL_men,37,Chapter 2,"New Zealand: men who feel safe walking alone at night (Gallup World Poll, 2019)",82,pct,,text,Y,WP113,
X2_32_NZL_women,37,Chapter 2,"New Zealand: women who feel safe walking alone at night (Gallup World Poll, 2019)",58,pct,,text,Y,WP113,
X2_32_NZL_gap,37,Chapter 2,"New Zealand: gender gap, feel safe walking alone at night (Gallup World Poll, 2019)",24,pct,,text,Y,WP113,
X2_32_largest,37,Chapter 2,Country with the largest gender gap in feeling safe walking alone at night,AUS,text,,text,Y,WP113,Text finding: ISO3 code of the country at this rank.
X2_33,38,Chapter 2,Correlation between % naming crime or violence among top two and the GINI index (footnote 24),0.553,r,0.05,text,N,,"Pearson correlation across countries, using the external data snapshot in reports/external/. The external series have been revised since 2020, so tolerance is 0.05. SI.POV.GINI, most recent value up to 2018."
X2_34,38,Chapter 2,Countries used in the GINI correlation (footnote 24),131,count,0,text,N,,
C2_8_min,39,Chart 2.8,"World map, named health-related problems among top two threats: lowest country (legend)",3,pct,,chart,N,,"World map: legend end points are the lowest and highest country values. Country, region and group figures are the % of respondents who name the risk (or any risk in the group) as their first or second response. Health = codes 9 and 10 (as in Chart 2.2)."
C2_8_max,39,Chart 2.8,"World map, named health-related problems among top two threats: highest country (legend)",50,pct,,chart,N,,"World map: legend end points are the lowest and highest country values. Country, region and group figures are the % of respondents who name the risk (or any risk in the group) as their first or second response. Health = codes 9 and 10 (as in Chart 2.2)."
C2_8_SRB,39,Chart 2.8,"World map, named health-related problems among top two threats: Serbia (top 3)",50,pct,,chart,N,,"World map: legend end points are the lowest and highest country values. Country, region and group figures are the % of respondents who name the risk (or any risk in the group) as their first or second response. Health = codes 9 and 10 (as in Chart 2.2)."
C2_8_POL,39,Chart 2.8,"World map, named health-related problems among top two threats: Poland (top 3)",47,pct,,chart,N,,"World map: legend end points are the lowest and highest country values. Country, region and group figures are the % of respondents who name the risk (or any risk in the group) as their first or second response. Health = codes 9 and 10 (as in Chart 2.2)."
C2_8_HRV,39,Chart 2.8,"World map, named health-related problems among top two threats: Croatia (top 3)",47,pct,,chart,N,,"World map: legend end points are the lowest and highest country values. Country, region and group figures are the % of respondents who name the risk (or any risk in the group) as their first or second response. Health = codes 9 and 10 (as in Chart 2.2)."
C2_8_AFG,39,Chart 2.8,"World map, named health-related problems among top two threats: Afghanistan (bottom 3)",5,pct,,chart,N,,"World map: legend end points are the lowest and highest country values. Country, region and group figures are the % of respondents who name the risk (or any risk in the group) as their first or second response. Health = codes 9 and 10 (as in Chart 2.2)."
C2_8_LBY,39,Chart 2.8,"World map, named health-related problems among top two threats: Libya (bottom 3)",4,pct,,chart,N,,"World map: legend end points are the lowest and highest country values. Country, region and group figures are the % of respondents who name the risk (or any risk in the group) as their first or second response. Health = codes 9 and 10 (as in Chart 2.2)."
C2_8_MMR,39,Chart 2.8,"World map, named health-related problems among top two threats: Myanmar (bottom 3)",3,pct,,chart,N,,"World map: legend end points are the lowest and highest country values. Country, region and group figures are the % of respondents who name the risk (or any risk in the group) as their first or second response. Health = codes 9 and 10 (as in Chart 2.2)."
X2_35_65plus,40,Chapter 2,Aged 65+: named health problems among top two,26,pct,,text,N,,
X2_35_15_29,40,Chapter 2,Aged 15-29: named health problems among top two,13,pct,,text,N,,
X2_36_women,40,Chapter 2,Women: named health problems among top two,20,pct,,text,N,,
X2_36_men,40,Chapter 2,Men: named health problems among top two,17,pct,,text,N,,
X2_37,40,Chapter 2,Correlation between % naming health problems and the crude death rate (footnote 29),0.525,r,0.05,text,N,,"Pearson correlation across countries, using the external data snapshot in reports/external/. The external series have been revised since 2020, so tolerance is 0.05. SP.DYN.CDRT.IN, 2018."
X2_38,42,Chapter 2,"Named financial or economic problems among the two biggest threats, global",16,pct,,text,N,,Global 'first or second response' figures add the % naming the risk first and the % naming it second (Chart 2.1 method): someone who names the same category twice counts twice.
X2_39,42,Chapter 2,Rwanda: named economic or financial difficulties,74,pct,,text,N,,
X2_40,42,Chapter 2,Lithuania: cited economic difficulties,43,pct,,text,N,,
C2_10_RWA,42,Chart 2.10,Most likely to name economic or financial difficulties among top two: Rwanda,74,pct,,chart,N,,"Country, region and group figures are the % of respondents who name the risk (or any risk in the group) as their first or second response. The GDP per capita values in the chart are World Bank figures and are not recorded."
C2_10_BEN,42,Chart 2.10,Most likely to name economic or financial difficulties among top two: Benin,49,pct,,chart,N,,"Country, region and group figures are the % of respondents who name the risk (or any risk in the group) as their first or second response. The GDP per capita values in the chart are World Bank figures and are not recorded."
C2_10_LBN,42,Chart 2.10,Most likely to name economic or financial difficulties among top two: Lebanon,47,pct,,chart,N,,"Country, region and group figures are the % of respondents who name the risk (or any risk in the group) as their first or second response. The GDP per capita values in the chart are World Bank figures and are not recorded."
C2_10_IRN,42,Chart 2.10,Most likely to name economic or financial difficulties among top two: Iran,45,pct,,chart,N,,"Country, region and group figures are the % of respondents who name the risk (or any risk in the group) as their first or second response. The GDP per capita values in the chart are World Bank figures and are not recorded."
C2_10_AFG,42,Chart 2.10,Most likely to name economic or financial difficulties among top two: Afghanistan,45,pct,,chart,N,,"Country, region and group figures are the % of respondents who name the risk (or any risk in the group) as their first or second response. The GDP per capita values in the chart are World Bank figures and are not recorded."
C2_10_LTU,42,Chart 2.10,Most likely to name economic or financial difficulties among top two: Lithuania,43,pct,,chart,N,,"Country, region and group figures are the % of respondents who name the risk (or any risk in the group) as their first or second response. The GDP per capita values in the chart are World Bank figures and are not recorded."
C2_10_MDA,42,Chart 2.10,Most likely to name economic or financial difficulties among top two: Moldova,38,pct,,chart,N,,"Country, region and group figures are the % of respondents who name the risk (or any risk in the group) as their first or second response. The GDP per capita values in the chart are World Bank figures and are not recorded."
C2_10_NER,42,Chart 2.10,Most likely to name economic or financial difficulties among top two: Niger,37,pct,,chart,N,,"Country, region and group figures are the % of respondents who name the risk (or any risk in the group) as their first or second response. The GDP per capita values in the chart are World Bank figures and are not recorded."
C2_10_UGA,42,Chart 2.10,Most likely to name economic or financial difficulties among top two: Uganda,37,pct,,chart,N,,"Country, region and group figures are the % of respondents who name the risk (or any risk in the group) as their first or second response. The GDP per capita values in the chart are World Bank figures and are not recorded."
C2_10_YEM,42,Chart 2.10,Most likely to name economic or financial difficulties among top two: Yemen,37,pct,,chart,N,,"Country, region and group figures are the % of respondents who name the risk (or any risk in the group) as their first or second response. The GDP per capita values in the chart are World Bank figures and are not recorded."
X2_41,43,Chapter 2,"Named environment- or weather-related risks among the two greatest threats, global",8,pct,,text,N,,Global 'first or second response' figures add the % naming the risk first and the % naming it second (Chart 2.1 method): someone who names the same category twice counts twice. Environment = pollution (13) and climate change/natural disasters/weather (16).
X2_42,43,Chapter 2,Nepal: named environmental and weather-related problems,30,pct,,text,N,,
C2_11_NPL,43,Chart 2.11,Most likely to name environment- or weather-related problems among top two: Nepal,30,pct,,chart,N,,"Country, region and group figures are the % of respondents who name the risk (or any risk in the group) as their first or second response."
C2_11_SEN,43,Chart 2.11,Most likely to name environment- or weather-related problems among top two: Senegal,21,pct,,chart,N,,"Country, region and group figures are the % of respondents who name the risk (or any risk in the group) as their first or second response."
C2_11_PHL,43,Chart 2.11,Most likely to name environment- or weather-related problems among top two: Philippines,17,pct,,chart,N,,"Country, region and group figures are the % of respondents who name the risk (or any risk in the group) as their first or second response."
C2_11_ITA,43,Chart 2.11,Most likely to name environment- or weather-related problems among top two: Italy,16,pct,,chart,N,,"Country, region and group figures are the % of respondents who name the risk (or any risk in the group) as their first or second response."
C2_11_JPN,43,Chart 2.11,Most likely to name environment- or weather-related problems among top two: Japan,15,pct,,chart,N,,"Country, region and group figures are the % of respondents who name the risk (or any risk in the group) as their first or second response."
C2_11_ROU,43,Chart 2.11,Most likely to name environment- or weather-related problems among top two: Romania,14,pct,,chart,N,,"Country, region and group figures are the % of respondents who name the risk (or any risk in the group) as their first or second response."
C2_11_TWN,43,Chart 2.11,Most likely to name environment- or weather-related problems among top two: Taiwan,14,pct,,chart,N,,"Country, region and group figures are the % of respondents who name the risk (or any risk in the group) as their first or second response."
C2_11_AZE,43,Chart 2.11,Most likely to name environment- or weather-related problems among top two: Azerbaijan,13,pct,,chart,N,,"Country, region and group figures are the % of respondents who name the risk (or any risk in the group) as their first or second response."
C2_11_XKX,43,Chart 2.11,Most likely to name environment- or weather-related problems among top two: Kosovo,13,pct,,chart,N,,"Country, region and group figures are the % of respondents who name the risk (or any risk in the group) as their first or second response."
C2_11_LBN,43,Chart 2.11,Most likely to name environment- or weather-related problems among top two: Lebanon,13,pct,,chart,N,,"Country, region and group figures are the % of respondents who name the risk (or any risk in the group) as their first or second response."
X2_43,43,Chapter 2,Climate change a very serious threat to their country in the next 20 years,41,pct,,text,N,,Cross-reference to Chapter 6 (L5 = very serious threat).
X2_44,43,Chapter 2,Mentioned climate change/natural disasters as a top threat to their safety ('no more than 6%'),6,pct,,text,N,,Global 'first or second response' figures add the % naming the risk first and the % naming it second (Chart 2.1 method): someone who names the same category twice counts twice. Code 16 only.
X2_45,44,Chapter 2,"Named political or institutional problems among the two biggest threats, global",3,pct,,text,N,,Global 'first or second response' figures add the % naming the risk first and the % naming it second (Chart 2.1 method): someone who names the same category twice counts twice.
X2_46_LBN,44,Chapter 2,Lebanon: named political/institutional problems,24,pct,,text,N,,
X2_46_HKG,44,Chapter 2,Hong Kong: named political/institutional problems,23,pct,,text,N,,
X2_47,44,Chapter 2,Countries where more than 20% named political/institutional problems,2,count,0,text,N,,
C2_12_LBN,44,Chart 2.12,Most likely to name political or institutional problems among top two: Lebanon,24,pct,,chart,N,,"Country, region and group figures are the % of respondents who name the risk (or any risk in the group) as their first or second response."
C2_12_HKG,44,Chart 2.12,Most likely to name political or institutional problems among top two: Hong Kong,23,pct,,chart,N,,"Country, region and group figures are the % of respondents who name the risk (or any risk in the group) as their first or second response."
C2_12_IRQ,44,Chart 2.12,Most likely to name political or institutional problems among top two: Iraq,19,pct,,chart,N,,"Country, region and group figures are the % of respondents who name the risk (or any risk in the group) as their first or second response."
C2_12_KOR,44,Chart 2.12,Most likely to name political or institutional problems among top two: South Korea,18,pct,,chart,N,,"Country, region and group figures are the % of respondents who name the risk (or any risk in the group) as their first or second response."
C2_12_ETH,44,Chart 2.12,Most likely to name political or institutional problems among top two: Ethiopia,16,pct,,chart,N,,"Country, region and group figures are the % of respondents who name the risk (or any risk in the group) as their first or second response."
C2_12_LBY,44,Chart 2.12,Most likely to name political or institutional problems among top two: Libya,15,pct,,chart,N,,"Country, region and group figures are the % of respondents who name the risk (or any risk in the group) as their first or second response."
C2_12_BEL,44,Chart 2.12,Most likely to name political or institutional problems among top two: Belgium,13,pct,,chart,N,,"Country, region and group figures are the % of respondents who name the risk (or any risk in the group) as their first or second response."
C2_12_USA,44,Chart 2.12,Most likely to name political or institutional problems among top two: United States,11,pct,,chart,N,,"Country, region and group figures are the % of respondents who name the risk (or any risk in the group) as their first or second response."
C2_12_ESP,44,Chart 2.12,Most likely to name political or institutional problems among top two: Spain,11,pct,,chart,N,,"Country, region and group figures are the % of respondents who name the risk (or any risk in the group) as their first or second response."
C2_12_CYP,44,Chart 2.12,Most likely to name political or institutional problems among top two: Cyprus,11,pct,,chart,N,,"Country, region and group figures are the % of respondents who name the risk (or any risk in the group) as their first or second response."
X2_48_KOR,45,Chapter 2,South Korea: named political or institutional risks,18,pct,,text,N,,
X2_48_BEL,45,Chapter 2,Belgium: named political or institutional risks,13,pct,,text,N,,
X2_48_USA,45,Chapter 2,U.S.: named political or institutional risks,11,pct,,text,N,,
X2_48_ESP,45,Chapter 2,Spain: named political or institutional risks,11,pct,,text,N,,
X2_48_CYP,45,Chapter 2,Cyprus: named political or institutional risks,11,pct,,text,N,,
X2_49,47,Chapter 2,"Said unsafe food or water were among the two biggest threats, global",3,pct,,text,N,,Global 'first or second response' figures add the % naming the risk first and the % naming it second (Chart 2.1 method): someone who names the same category twice counts twice.
X2_50,47,Chapter 2,People who said unsafe food or water were among the two biggest threats ('300 million'),300000000,count,30000000,text,N,,Population counts are the sum of PROJWT (population projection weight) over the respondents concerned. 3.2% of the 5.36 billion adults (sum of PROJWT) is about 170 million; not explained.
X2_51,47,Chapter 2,"Cited water supply or unclean water, global",1,pct,,text,N,,Global 'first or second response' figures add the % naming the risk first and the % naming it second (Chart 2.1 method): someone who names the same category twice counts twice.
X2_52,47,Chapter 2,"Cited contaminated or unsafe food, global",2,pct,,text,N,,Global 'first or second response' figures add the % naming the risk first and the % naming it second (Chart 2.1 method): someone who names the same category twice counts twice.
C2_13_MWI,47,Chart 2.13,Most likely to name food- or water-related risks among top two: Malawi,16,pct,,chart,N,,"Country, region and group figures are the % of respondents who name the risk (or any risk in the group) as their first or second response."
C2_13_AZE,47,Chart 2.13,Most likely to name food- or water-related risks among top two: Azerbaijan,11,pct,,chart,N,,"Country, region and group figures are the % of respondents who name the risk (or any risk in the group) as their first or second response."
C2_13_LSO,47,Chart 2.13,Most likely to name food- or water-related risks among top two: Lesotho,11,pct,,chart,N,,"Country, region and group figures are the % of respondents who name the risk (or any risk in the group) as their first or second response."
C2_13_MRT,47,Chart 2.13,Most likely to name food- or water-related risks among top two: Mauritania,11,pct,,chart,N,,"Country, region and group figures are the % of respondents who name the risk (or any risk in the group) as their first or second response."
C2_13_TCD,47,Chart 2.13,Most likely to name food- or water-related risks among top two: Chad,10,pct,,chart,N,,"Country, region and group figures are the % of respondents who name the risk (or any risk in the group) as their first or second response."
C2_13_LUX,47,Chart 2.13,Most likely to name food- or water-related risks among top two: Luxembourg,10,pct,,chart,N,,"Country, region and group figures are the % of respondents who name the risk (or any risk in the group) as their first or second response."
C2_13_KEN,47,Chart 2.13,Most likely to name food- or water-related risks among top two: Kenya,9,pct,,chart,N,,"Country, region and group figures are the % of respondents who name the risk (or any risk in the group) as their first or second response."
C2_13_ZWE,47,Chart 2.13,Most likely to name food- or water-related risks among top two: Zimbabwe,9,pct,,chart,N,,"Country, region and group figures are the % of respondents who name the risk (or any risk in the group) as their first or second response."
C2_13_TZA,47,Chart 2.13,Most likely to name food- or water-related risks among top two: Tanzania,8,pct,,chart,N,,"Country, region and group figures are the % of respondents who name the risk (or any risk in the group) as their first or second response."
C2_13_TJK,47,Chart 2.13,Most likely to name food- or water-related risks among top two: Tajikistan,8,pct,,chart,N,,"Country, region and group figures are the % of respondents who name the risk (or any risk in the group) as their first or second response."
C2_13_FRA,47,Chart 2.13,Most likely to name food- or water-related risks among top two: France,7,pct,,chart,N,,"Country, region and group figures are the % of respondents who name the risk (or any risk in the group) as their first or second response."
X2_53_LUX,48,Chapter 2,Luxembourg: named food- or water-related risks,10,pct,,text,N,,
X2_53_FRA,48,Chapter 2,France: named food- or water-related risks,7,pct,,text,N,,
X2_54,48,Chapter 2,France: government does a good job ensuring the food you buy is safe,36,pct,,text,N,,Cross-reference to Chapter 9 (L16A).
X2_55,48,Chapter 2,Correlation between % naming food/water risks and access to basic drinking water (footnote 55),-0.427,r,0.05,text,N,,"Pearson correlation across countries, using the external data snapshot in reports/external/. The external series have been revised since 2020, so tolerance is 0.05. SH.H2O.BASW.ZS, 2017."
X2_56,48,Chapter 2,"Correlation between % naming food/water risks and droughts, floods, extreme temperatures (footnote 56)",0.425,r,0.05,text,N,,"Pearson correlation across countries, using the external data snapshot in reports/external/. The external series have been revised since 2020, so tolerance is 0.05. EN.CLC.MDAT.ZS (average 1990-2009)."
X2_57,49,Chapter 2,Said they faced no risks at all (first response),19,pct,,text,N,,
X2_58,49,Chapter 2,Said they faced no further risks after their first response,21,pct,,text,N,,
X2_59,49,Chapter 2,Countries where more than half said they faced no risks,20,count,0,text,N,,"Country, region and group figures are the % of respondents who name the risk (or any risk in the group) as their first or second response."
X2_60,49,Chapter 2,"Of those, countries rated 'Not Free' by Freedom House (2020)",11,count,,text,N,,Freedom in the World 2020 status (external data). Freedom House 2020 gives 10 Not Free and 8 Partly Free; Thailand was Not Free in the 2019 edition.
X2_61,49,Chapter 2,"Of those, countries rated 'Partly Free' by Freedom House (2020)",7,count,,text,N,,Freedom in the World 2020 status (external data). See X2_60.
C2_14_MMR,49,Chart 2.14,Most likely to say they faced no risks (first or second response): Myanmar,89,pct,,chart,N,,"Country, region and group figures are the % of respondents who name the risk (or any risk in the group) as their first or second response."
C2_14_LKA,49,Chart 2.14,Most likely to say they faced no risks (first or second response): Sri Lanka,74,pct,,chart,N,,"Country, region and group figures are the % of respondents who name the risk (or any risk in the group) as their first or second response."
C2_14_UZB,49,Chart 2.14,Most likely to say they faced no risks (first or second response): Uzbekistan,73,pct,,chart,N,,"Country, region and group figures are the % of respondents who name the risk (or any risk in the group) as their first or second response."
C2_14_LBY,49,Chart 2.14,Most likely to say they faced no risks (first or second response): Libya,70,pct,,chart,N,,"Country, region and group figures are the % of respondents who name the risk (or any risk in the group) as their first or second response."
C2_14_TKM,49,Chart 2.14,Most likely to say they faced no risks (first or second response): Turkmenistan,68,pct,,chart,N,,"Country, region and group figures are the % of respondents who name the risk (or any risk in the group) as their first or second response."
C2_14_MAR,49,Chart 2.14,Most likely to say they faced no risks (first or second response): Morocco,68,pct,,chart,N,,"Country, region and group figures are the % of respondents who name the risk (or any risk in the group) as their first or second response."
C2_14_BGD,49,Chart 2.14,Most likely to say they faced no risks (first or second response): Bangladesh,68,pct,,chart,N,,"Country, region and group figures are the % of respondents who name the risk (or any risk in the group) as their first or second response."
C2_14_PHL,49,Chart 2.14,Most likely to say they faced no risks (first or second response): Philippines,66,pct,,chart,N,,"Country, region and group figures are the % of respondents who name the risk (or any risk in the group) as their first or second response."
C2_14_KWT,49,Chart 2.14,Most likely to say they faced no risks (first or second response): Kuwait,64,pct,,chart,N,,"Country, region and group figures are the % of respondents who name the risk (or any risk in the group) as their first or second response."
C2_14_THA,49,Chart 2.14,Most likely to say they faced no risks (first or second response): Thailand,63,pct,,chart,N,,"Country, region and group figures are the % of respondents who name the risk (or any risk in the group) as their first or second response."
X2_62_educ_0_8,49,Chapter 2,Up to eight years of education: said they faced no risk,45,pct,,text,N,,
X2_62_educ_16plus,49,Chapter 2,16+ years of education: said they faced no risk,32,pct,,text,N,,
X2_63,49,Chapter 2,Correlation between % saying they face no risks and the Freedom in the World score (footnote 57),-0.295,r,0.05,text,N,,"Pearson correlation across countries, using the external data snapshot in reports/external/. The external series have been revised since 2020, so tolerance is 0.05. Freedom House total score, 2020 edition. Printed as 'N=-0.295'."
X3_01,"51, 53",Chapter 3,"Answered the numeracy question correctly (10% is the same as 1 out of 10), worldwide",40,pct,,text,N,,
X3_02,53,Chapter 3,Answered the numeracy question incorrectly (10% is bigger or smaller than 1 out of 10),18,pct,,text,N,,'fewer than one in five (18%)'
X3_03,53,Chapter 3,Said they did not know the answer to the numeracy question,41,pct,,text,N,,Don't know only (code 98); refused (1%) is not included.
X3_04,53,Chapter 3,16+ years of education: answered the numeracy question incorrectly,14,pct,,text,N,,
X3_05,53,Chapter 3,16+ years of education: did not know the answer to the numeracy question,15,pct,,text,N,,Don't know plus refused; don't know alone is 14.5%.
X3_06_men,54,Chapter 3,Answered the numeracy question correctly: men,43,pct,,text,N,,
X3_06_women,54,Chapter 3,Answered the numeracy question correctly: women,37,pct,,text,N,,
C3_1_women_edu_0_8,54,Chart 3.1,"Numeracy: % answered 10% is the same as 1 out of 10, women, 0-8 years education",23,pct,,chart,N,,
C3_1_women_edu_9_15,54,Chart 3.1,"Numeracy: % answered 10% is the same as 1 out of 10, women, 9-15 years education",45,pct,,chart,N,,
C3_1_women_edu_16plus,54,Chart 3.1,"Numeracy: % answered 10% is the same as 1 out of 10, women, 16+ years education",69,pct,,chart,N,,
C3_1_men_edu_0_8,54,Chart 3.1,"Numeracy: % answered 10% is the same as 1 out of 10, men, 0-8 years education",28,pct,,chart,N,,
C3_1_men_edu_9_15,54,Chart 3.1,"Numeracy: % answered 10% is the same as 1 out of 10, men, 9-15 years education",48,pct,,chart,N,,
C3_1_men_edu_16plus,54,Chart 3.1,"Numeracy: % answered 10% is the same as 1 out of 10, men, 16+ years education",72,pct,,chart,N,,
X3_07_aus_nz,55,Chapter 3,"Answered the numeracy question correctly, by region: Australia & New Zealand",77,pct,,text,N,,
X3_07_north_america,55,Chapter 3,"Answered the numeracy question correctly, by region: Northern America",75,pct,,text,N,,
X3_07_northwest_europe,55,Chapter 3,"Answered the numeracy question correctly, by region: Northern/Western Europe",66,pct,,text,N,,
X3_07_latin_america,55,Chapter 3,"Answered the numeracy question correctly, by region: Latin America & Caribbean",27,pct,,text,N,,
X3_07_south_asia,55,Chapter 3,"Answered the numeracy question correctly, by region: Southern Asia",21,pct,,text,N,,
X3_08_east_africa,55,Chapter 3,"Answered the numeracy question correctly, each sub-Saharan African region ('at/around 26%'): Eastern Africa",26,pct,,text,N,,"The text gives one figure, 'at/around 26%', for all three regions; Chart 3.2 shows 26, 25 and 26."
X3_08_central_west_africa,55,Chapter 3,"Answered the numeracy question correctly, each sub-Saharan African region ('at/around 26%'): Central/Western Africa",26,pct,,text,N,,"The text gives one figure, 'at/around 26%', for all three regions; Chart 3.2 shows 26, 25 and 26."
X3_08_southern_africa,55,Chapter 3,"Answered the numeracy question correctly, each sub-Saharan African region ('at/around 26%'): Southern Africa",26,pct,,text,N,,"The text gives one figure, 'at/around 26%', for all three regions; Chart 3.2 shows 26, 25 and 26."
X3_09,55,Chapter 3,Regions where fewer said 10% is bigger than 1 out of 10 than said it is smaller,"east_asia, northwest_europe, south_asia, south_europe",text,,text,N,,"'in all regions except Eastern and Southern Asia and Northern/Western and Southern Europe, more people said that 10% is bigger than 1 out of 10 than answered that it is smaller'. Region keys, sorted."
C3_2_aus_nz_same,55,Chart 3.2,"Numeracy question answers: Australia & New Zealand, % 10% is the same as 1 out of 10",77,pct,,chart,N,,
C3_2_aus_nz_bigger,55,Chart 3.2,"Numeracy question answers: Australia & New Zealand, % 10% is bigger",3,pct,,chart,N,,
C3_2_aus_nz_smaller,55,Chart 3.2,"Numeracy question answers: Australia & New Zealand, % 10% is smaller",2,pct,,chart,N,,
C3_2_aus_nz_dk,55,Chart 3.2,"Numeracy question answers: Australia & New Zealand, % do not know/refused",18,pct,,chart,N,,
C3_2_north_america_same,55,Chart 3.2,"Numeracy question answers: Northern America, % 10% is the same as 1 out of 10",75,pct,,chart,N,,
C3_2_north_america_bigger,55,Chart 3.2,"Numeracy question answers: Northern America, % 10% is bigger",5,pct,,chart,N,,
C3_2_north_america_smaller,55,Chart 3.2,"Numeracy question answers: Northern America, % 10% is smaller",3,pct,,chart,N,,
C3_2_north_america_dk,55,Chart 3.2,"Numeracy question answers: Northern America, % do not know/refused",17,pct,,chart,N,,
C3_2_northwest_europe_same,55,Chart 3.2,"Numeracy question answers: Northern/Western Europe, % 10% is the same as 1 out of 10",66,pct,,chart,N,,
C3_2_northwest_europe_bigger,55,Chart 3.2,"Numeracy question answers: Northern/Western Europe, % 10% is bigger",5,pct,,chart,N,,
C3_2_northwest_europe_smaller,55,Chart 3.2,"Numeracy question answers: Northern/Western Europe, % 10% is smaller",7,pct,,chart,N,,
C3_2_northwest_europe_dk,55,Chart 3.2,"Numeracy question answers: Northern/Western Europe, % do not know/refused",23,pct,,chart,N,,
C3_2_south_europe_same,55,Chart 3.2,"Numeracy question answers: Southern Europe, % 10% is the same as 1 out of 10",63,pct,,chart,N,,
C3_2_south_europe_bigger,55,Chart 3.2,"Numeracy question answers: Southern Europe, % 10% is bigger",7,pct,,chart,N,,
C3_2_south_europe_smaller,55,Chart 3.2,"Numeracy question answers: Southern Europe, % 10% is smaller",9,pct,,chart,N,,
C3_2_south_europe_dk,55,Chart 3.2,"Numeracy question answers: Southern Europe, % do not know/refused",22,pct,,chart,N,,
C3_2_central_asia_same,55,Chart 3.2,"Numeracy question answers: Central Asia, % 10% is the same as 1 out of 10",57,pct,,chart,N,,
C3_2_central_asia_bigger,55,Chart 3.2,"Numeracy question answers: Central Asia, % 10% is bigger",9,pct,,chart,N,,
C3_2_central_asia_smaller,55,Chart 3.2,"Numeracy question answers: Central Asia, % 10% is smaller",8,pct,,chart,N,,
C3_2_central_asia_dk,55,Chart 3.2,"Numeracy question answers: Central Asia, % do not know/refused",26,pct,,chart,N,,
C3_2_east_europe_same,55,Chart 3.2,"Numeracy question answers: Eastern Europe, % 10% is the same as 1 out of 10",56,pct,,chart,N,,
C3_2_east_europe_bigger,55,Chart 3.2,"Numeracy question answers: Eastern Europe, % 10% is bigger",10,pct,,chart,N,,
C3_2_east_europe_smaller,55,Chart 3.2,"Numeracy question answers: Eastern Europe, % 10% is smaller",6,pct,,chart,N,,
C3_2_east_europe_dk,55,Chart 3.2,"Numeracy question answers: Eastern Europe, % do not know/refused",27,pct,,chart,N,,
C3_2_middle_east_same,55,Chart 3.2,"Numeracy question answers: Middle East, % 10% is the same as 1 out of 10",50,pct,,chart,N,,
C3_2_middle_east_bigger,55,Chart 3.2,"Numeracy question answers: Middle East, % 10% is bigger",10,pct,,chart,N,,
C3_2_middle_east_smaller,55,Chart 3.2,"Numeracy question answers: Middle East, % 10% is smaller",6,pct,,chart,N,,
C3_2_middle_east_dk,55,Chart 3.2,"Numeracy question answers: Middle East, % do not know/refused",34,pct,,chart,N,,
C3_2_east_asia_same,55,Chart 3.2,"Numeracy question answers: Eastern Asia, % 10% is the same as 1 out of 10",50,pct,,chart,N,,
C3_2_east_asia_bigger,55,Chart 3.2,"Numeracy question answers: Eastern Asia, % 10% is bigger",6,pct,,chart,N,,
C3_2_east_asia_smaller,55,Chart 3.2,"Numeracy question answers: Eastern Asia, % 10% is smaller",7,pct,,chart,N,,
C3_2_east_asia_dk,55,Chart 3.2,"Numeracy question answers: Eastern Asia, % do not know/refused",37,pct,,chart,N,,
C3_2_north_africa_same,55,Chart 3.2,"Numeracy question answers: Northern Africa, % 10% is the same as 1 out of 10",45,pct,,chart,N,,
C3_2_north_africa_bigger,55,Chart 3.2,"Numeracy question answers: Northern Africa, % 10% is bigger",11,pct,,chart,N,,
C3_2_north_africa_smaller,55,Chart 3.2,"Numeracy question answers: Northern Africa, % 10% is smaller",8,pct,,chart,N,,
C3_2_north_africa_dk,55,Chart 3.2,"Numeracy question answers: Northern Africa, % do not know/refused",37,pct,,chart,N,,
C3_2_southeast_asia_same,55,Chart 3.2,"Numeracy question answers: Southeastern Asia, % 10% is the same as 1 out of 10",33,pct,,chart,N,,
C3_2_southeast_asia_bigger,55,Chart 3.2,"Numeracy question answers: Southeastern Asia, % 10% is bigger",10,pct,,chart,N,,
C3_2_southeast_asia_smaller,55,Chart 3.2,"Numeracy question answers: Southeastern Asia, % 10% is smaller",10,pct,,chart,N,,
C3_2_southeast_asia_dk,55,Chart 3.2,"Numeracy question answers: Southeastern Asia, % do not know/refused",47,pct,,chart,N,,
C3_2_latin_america_same,55,Chart 3.2,"Numeracy question answers: Latin America & Caribbean, % 10% is the same as 1 out of 10",27,pct,,chart,N,,
C3_2_latin_america_bigger,55,Chart 3.2,"Numeracy question answers: Latin America & Caribbean, % 10% is bigger",11,pct,,chart,N,,
C3_2_latin_america_smaller,55,Chart 3.2,"Numeracy question answers: Latin America & Caribbean, % 10% is smaller",6,pct,,chart,N,,
C3_2_latin_america_dk,55,Chart 3.2,"Numeracy question answers: Latin America & Caribbean, % do not know/refused",55,pct,,chart,N,,
C3_2_southern_africa_same,55,Chart 3.2,"Numeracy question answers: Southern Africa, % 10% is the same as 1 out of 10",26,pct,,chart,N,,
C3_2_southern_africa_bigger,55,Chart 3.2,"Numeracy question answers: Southern Africa, % 10% is bigger",13,pct,,chart,N,,
C3_2_southern_africa_smaller,55,Chart 3.2,"Numeracy question answers: Southern Africa, % 10% is smaller",4,pct,,chart,N,,
C3_2_southern_africa_dk,55,Chart 3.2,"Numeracy question answers: Southern Africa, % do not know/refused",56,pct,,chart,N,,
C3_2_east_africa_same,55,Chart 3.2,"Numeracy question answers: Eastern Africa, % 10% is the same as 1 out of 10",26,pct,,chart,N,,
C3_2_east_africa_bigger,55,Chart 3.2,"Numeracy question answers: Eastern Africa, % 10% is bigger",16,pct,,chart,N,,
C3_2_east_africa_smaller,55,Chart 3.2,"Numeracy question answers: Eastern Africa, % 10% is smaller",12,pct,,chart,N,,
C3_2_east_africa_dk,55,Chart 3.2,"Numeracy question answers: Eastern Africa, % do not know/refused",46,pct,,chart,N,,
C3_2_central_west_africa_same,55,Chart 3.2,"Numeracy question answers: Central/Western Africa, % 10% is the same as 1 out of 10",25,pct,,chart,N,,
C3_2_central_west_africa_bigger,55,Chart 3.2,"Numeracy question answers: Central/Western Africa, % 10% is bigger",18,pct,,chart,N,,
C3_2_central_west_africa_smaller,55,Chart 3.2,"Numeracy question answers: Central/Western Africa, % 10% is smaller",12,pct,,chart,N,,
C3_2_central_west_africa_dk,55,Chart 3.2,"Numeracy question answers: Central/Western Africa, % do not know/refused",44,pct,,chart,N,,
C3_2_south_asia_same,55,Chart 3.2,"Numeracy question answers: Southern Asia, % 10% is the same as 1 out of 10",21,pct,,chart,N,,
C3_2_south_asia_bigger,55,Chart 3.2,"Numeracy question answers: Southern Asia, % 10% is bigger",10,pct,,chart,N,,
C3_2_south_asia_smaller,55,Chart 3.2,"Numeracy question answers: Southern Asia, % 10% is smaller",15,pct,,chart,N,,
C3_2_south_asia_dk,55,Chart 3.2,"Numeracy question answers: Southern Asia, % do not know/refused",54,pct,,chart,N,,
X3_10_traffic,57,Chapter 3,Average rating (0-10) of the likelihood of this happening in the next two years: being in a traffic accident,3.7,mean,0.1,text,N,,"Mean of the 0-10 ratings, don't know and refused excluded."
X3_10_attacked,57,Chapter 3,Average rating (0-10) of the likelihood of this happening in the next two years: being physically attacked,2.5,mean,0.1,text,N,,"Mean of the 0-10 ratings, don't know and refused excluded."
X3_10_lightning,57,Chapter 3,Average rating (0-10) of the likelihood of this happening in the next two years: being struck by lightning,1.9,mean,0.1,text,N,,"Mean of the 0-10 ratings, don't know and refused excluded."
X3_10_drowning,57,Chapter 3,Average rating (0-10) of the likelihood of this happening in the next two years: drowning,1.6,mean,0.1,text,N,,"Mean of the 0-10 ratings, don't know and refused excluded."
X3_10_aeroplane,57,Chapter 3,Average rating (0-10) of the likelihood of this happening in the next two years: being in an aeroplane accident,1.3,mean,0.1,text,N,,"Mean of the 0-10 ratings, don't know and refused excluded."
C3_3_traffic_r0,57,Chart 3.3,Perceived likelihood of being in a traffic accident in the next two years: % not likely at all (0),27,pct,,chart,N,,Percentages include don't know/refused in the base (not shown in the chart).
C3_3_traffic_r1_4,57,Chart 3.3,Perceived likelihood of being in a traffic accident in the next two years: % somewhat unlikely (1-4),26,pct,,chart,N,,Percentages include don't know/refused in the base (not shown in the chart).
C3_3_traffic_r5,57,Chart 3.3,Perceived likelihood of being in a traffic accident in the next two years: % about as likely as unlikely (5),17,pct,,chart,N,,Percentages include don't know/refused in the base (not shown in the chart).
C3_3_traffic_r6_9,57,Chart 3.3,Perceived likelihood of being in a traffic accident in the next two years: % somewhat likely (6-9),15,pct,,chart,N,,Percentages include don't know/refused in the base (not shown in the chart).
C3_3_traffic_r10,57,Chart 3.3,Perceived likelihood of being in a traffic accident in the next two years: % very likely (10),8,pct,,chart,N,,Percentages include don't know/refused in the base (not shown in the chart).
C3_3_traffic_mean,57,Chart 3.3,Perceived likelihood of being in a traffic accident in the next two years: average rating,3.7,mean,0.1,chart,N,,
C3_3_attacked_r0,57,Chart 3.3,Perceived likelihood of being physically attacked in the next two years: % not likely at all (0),42,pct,,chart,N,,Percentages include don't know/refused in the base (not shown in the chart).
C3_3_attacked_r1_4,57,Chart 3.3,Perceived likelihood of being physically attacked in the next two years: % somewhat unlikely (1-4),27,pct,,chart,N,,Percentages include don't know/refused in the base (not shown in the chart).
C3_3_attacked_r5,57,Chart 3.3,Perceived likelihood of being physically attacked in the next two years: % about as likely as unlikely (5),10,pct,,chart,N,,Percentages include don't know/refused in the base (not shown in the chart).
C3_3_attacked_r6_9,57,Chart 3.3,Perceived likelihood of being physically attacked in the next two years: % somewhat likely (6-9),9,pct,,chart,N,,Percentages include don't know/refused in the base (not shown in the chart).
C3_3_attacked_r10,57,Chart 3.3,Perceived likelihood of being physically attacked in the next two years: % very likely (10),5,pct,,chart,N,,Percentages include don't know/refused in the base (not shown in the chart).
C3_3_attacked_mean,57,Chart 3.3,Perceived likelihood of being physically attacked in the next two years: average rating,2.5,mean,0.1,chart,N,,
C3_3_lightning_r0,57,Chart 3.3,Perceived likelihood of being struck by lightning in the next two years: % not likely at all (0),50,pct,,chart,N,,Percentages include don't know/refused in the base (not shown in the chart).
C3_3_lightning_r1_4,57,Chart 3.3,Perceived likelihood of being struck by lightning in the next two years: % somewhat unlikely (1-4),26,pct,,chart,N,,Percentages include don't know/refused in the base (not shown in the chart).
C3_3_lightning_r5,57,Chart 3.3,Perceived likelihood of being struck by lightning in the next two years: % about as likely as unlikely (5),7,pct,,chart,N,,Percentages include don't know/refused in the base (not shown in the chart).
C3_3_lightning_r6_9,57,Chart 3.3,Perceived likelihood of being struck by lightning in the next two years: % somewhat likely (6-9),5,pct,,chart,N,,Percentages include don't know/refused in the base (not shown in the chart).
C3_3_lightning_r10,57,Chart 3.3,Perceived likelihood of being struck by lightning in the next two years: % very likely (10),5,pct,,chart,N,,Percentages include don't know/refused in the base (not shown in the chart).
C3_3_lightning_mean,57,Chart 3.3,Perceived likelihood of being struck by lightning in the next two years: average rating,1.9,mean,0.1,chart,N,,
C3_3_drowning_r0,57,Chart 3.3,Perceived likelihood of drowning in the next two years: % not likely at all (0),56,pct,,chart,N,,Percentages include don't know/refused in the base (not shown in the chart).
C3_3_drowning_r1_4,57,Chart 3.3,Perceived likelihood of drowning in the next two years: % somewhat unlikely (1-4),23,pct,,chart,N,,Percentages include don't know/refused in the base (not shown in the chart).
C3_3_drowning_r5,57,Chart 3.3,Perceived likelihood of drowning in the next two years: % about as likely as unlikely (5),6,pct,,chart,N,,Percentages include don't know/refused in the base (not shown in the chart).
C3_3_drowning_r6_9,57,Chart 3.3,Perceived likelihood of drowning in the next two years: % somewhat likely (6-9),5,pct,,chart,N,,Percentages include don't know/refused in the base (not shown in the chart).
C3_3_drowning_r10,57,Chart 3.3,Perceived likelihood of drowning in the next two years: % very likely (10),4,pct,,chart,N,,Percentages include don't know/refused in the base (not shown in the chart).
C3_3_drowning_mean,57,Chart 3.3,Perceived likelihood of drowning in the next two years: average rating,1.6,mean,0.1,chart,N,,
C3_3_aeroplane_r0,57,Chart 3.3,Perceived likelihood of being in an aeroplane accident in the next two years: % not likely at all (0),62,pct,,chart,N,,Percentages include don't know/refused in the base (not shown in the chart).
C3_3_aeroplane_r1_4,57,Chart 3.3,Perceived likelihood of being in an aeroplane accident in the next two years: % somewhat unlikely (1-4),21,pct,,chart,N,,Percentages include don't know/refused in the base (not shown in the chart).
C3_3_aeroplane_r5,57,Chart 3.3,Perceived likelihood of being in an aeroplane accident in the next two years: % about as likely as unlikely (5),5,pct,,chart,N,,Percentages include don't know/refused in the base (not shown in the chart).
C3_3_aeroplane_r6_9,57,Chart 3.3,Perceived likelihood of being in an aeroplane accident in the next two years: % somewhat likely (6-9),3,pct,,chart,N,,Percentages include don't know/refused in the base (not shown in the chart).
C3_3_aeroplane_r10,57,Chart 3.3,Perceived likelihood of being in an aeroplane accident in the next two years: % very likely (10),3,pct,,chart,N,,Percentages include don't know/refused in the base (not shown in the chart).
C3_3_aeroplane_mean,57,Chart 3.3,Perceived likelihood of being in an aeroplane accident in the next two years: average rating,1.3,mean,0.1,chart,N,,
X3_11_correct,58,Chapter 3,"Average likelihood rating of being struck by lightning, by numeracy: answered the numeracy question correctly",1.6,mean,0.1,text,N,,Incorrect = said 10% is bigger or smaller than 1 out of 10 (don't know excluded).
X3_11_incorrect,58,Chapter 3,"Average likelihood rating of being struck by lightning, by numeracy: answered it incorrectly",2.2,mean,0.1,text,N,,Incorrect = said 10% is bigger or smaller than 1 out of 10 (don't know excluded).
C3_4_world_traffic,60,Chart 3.4,"Average likelihood rating (0-10): world, being in a traffic accident",3.7,mean,0.1,chart,N,,
C3_4_world_attacked,60,Chart 3.4,"Average likelihood rating (0-10): world, being physically attacked",2.5,mean,0.1,chart,N,,
C3_4_world_lightning,60,Chart 3.4,"Average likelihood rating (0-10): world, being struck by lightning",1.9,mean,0.1,chart,N,,
C3_4_world_drowning,60,Chart 3.4,"Average likelihood rating (0-10): world, drowning",1.6,mean,0.1,chart,N,,
C3_4_world_aeroplane,60,Chart 3.4,"Average likelihood rating (0-10): world, being in an aeroplane accident",1.3,mean,0.1,chart,N,,
C3_4_east_africa_traffic,60,Chart 3.4,"Average likelihood rating (0-10): Eastern Africa, being in a traffic accident",4.3,mean,0.1,chart,N,,
C3_4_east_africa_attacked,60,Chart 3.4,"Average likelihood rating (0-10): Eastern Africa, being physically attacked",3.2,mean,0.1,chart,N,,
C3_4_east_africa_lightning,60,Chart 3.4,"Average likelihood rating (0-10): Eastern Africa, being struck by lightning",2.8,mean,0.1,chart,N,,
C3_4_east_africa_drowning,60,Chart 3.4,"Average likelihood rating (0-10): Eastern Africa, drowning",2.5,mean,0.1,chart,N,,
C3_4_east_africa_aeroplane,60,Chart 3.4,"Average likelihood rating (0-10): Eastern Africa, being in an aeroplane accident",1.6,mean,0.1,chart,N,,
C3_4_central_west_africa_traffic,60,Chart 3.4,"Average likelihood rating (0-10): Central/Western Africa, being in a traffic accident",2.9,mean,0.1,chart,N,,
C3_4_central_west_africa_attacked,60,Chart 3.4,"Average likelihood rating (0-10): Central/Western Africa, being physically attacked",2.7,mean,0.1,chart,N,,
C3_4_central_west_africa_lightning,60,Chart 3.4,"Average likelihood rating (0-10): Central/Western Africa, being struck by lightning",1.7,mean,0.1,chart,N,,
C3_4_central_west_africa_drowning,60,Chart 3.4,"Average likelihood rating (0-10): Central/Western Africa, drowning",1.6,mean,0.1,chart,N,,
C3_4_central_west_africa_aeroplane,60,Chart 3.4,"Average likelihood rating (0-10): Central/Western Africa, being in an aeroplane accident",1.1,mean,0.1,chart,N,,
C3_4_north_africa_traffic,60,Chart 3.4,"Average likelihood rating (0-10): Northern Africa, being in a traffic accident",4.4,mean,0.1,chart,N,,
C3_4_north_africa_attacked,60,Chart 3.4,"Average likelihood rating (0-10): Northern Africa, being physically attacked",2.9,mean,0.1,chart,N,,
C3_4_north_africa_lightning,60,Chart 3.4,"Average likelihood rating (0-10): Northern Africa, being struck by lightning",2.2,mean,0.1,chart,N,,
C3_4_north_africa_drowning,60,Chart 3.4,"Average likelihood rating (0-10): Northern Africa, drowning",2.0,mean,0.1,chart,N,,
C3_4_north_africa_aeroplane,60,Chart 3.4,"Average likelihood rating (0-10): Northern Africa, being in an aeroplane accident",1.1,mean,0.1,chart,N,,
C3_4_southern_africa_traffic,60,Chart 3.4,"Average likelihood rating (0-10): Southern Africa, being in a traffic accident",5.2,mean,0.1,chart,N,,
C3_4_southern_africa_attacked,60,Chart 3.4,"Average likelihood rating (0-10): Southern Africa, being physically attacked",5.2,mean,0.1,chart,N,,
C3_4_southern_africa_lightning,60,Chart 3.4,"Average likelihood rating (0-10): Southern Africa, being struck by lightning",3.8,mean,0.1,chart,N,,
C3_4_southern_africa_drowning,60,Chart 3.4,"Average likelihood rating (0-10): Southern Africa, drowning",2.8,mean,0.1,chart,N,,
C3_4_southern_africa_aeroplane,60,Chart 3.4,"Average likelihood rating (0-10): Southern Africa, being in an aeroplane accident",2.3,mean,0.1,chart,N,,
C3_4_latin_america_traffic,60,Chart 3.4,"Average likelihood rating (0-10): Latin America & Caribbean, being in a traffic accident",5.2,mean,0.1,chart,N,,
C3_4_latin_america_attacked,60,Chart 3.4,"Average likelihood rating (0-10): Latin America & Caribbean, being physically attacked",4.9,mean,0.1,chart,N,,
C3_4_latin_america_lightning,60,Chart 3.4,"Average likelihood rating (0-10): Latin America & Caribbean, being struck by lightning",2.7,mean,0.1,chart,N,,
C3_4_latin_america_drowning,60,Chart 3.4,"Average likelihood rating (0-10): Latin America & Caribbean, drowning",2.5,mean,0.1,chart,N,,
C3_4_latin_america_aeroplane,60,Chart 3.4,"Average likelihood rating (0-10): Latin America & Caribbean, being in an aeroplane accident",1.6,mean,0.1,chart,N,,
C3_4_north_america_traffic,60,Chart 3.4,"Average likelihood rating (0-10): Northern America, being in a traffic accident",4.9,mean,0.1,chart,N,,
C3_4_north_america_attacked,60,Chart 3.4,"Average likelihood rating (0-10): Northern America, being physically attacked",3.0,mean,0.1,chart,N,,
C3_4_north_america_lightning,60,Chart 3.4,"Average likelihood rating (0-10): Northern America, being struck by lightning",1.2,mean,0.1,chart,N,,
C3_4_north_america_drowning,60,Chart 3.4,"Average likelihood rating (0-10): Northern America, drowning",1.4,mean,0.1,chart,N,,
C3_4_north_america_aeroplane,60,Chart 3.4,"Average likelihood rating (0-10): Northern America, being in an aeroplane accident",1.5,mean,0.1,chart,N,,
C3_4_central_asia_traffic,60,Chart 3.4,"Average likelihood rating (0-10): Central Asia, being in a traffic accident",3.3,mean,0.1,chart,N,,
C3_4_central_asia_attacked,60,Chart 3.4,"Average likelihood rating (0-10): Central Asia, being physically attacked",1.6,mean,0.1,chart,N,,
C3_4_central_asia_lightning,60,Chart 3.4,"Average likelihood rating (0-10): Central Asia, being struck by lightning",1.5,mean,0.1,chart,N,,
C3_4_central_asia_drowning,60,Chart 3.4,"Average likelihood rating (0-10): Central Asia, drowning",1.4,mean,0.1,chart,N,,
C3_4_central_asia_aeroplane,60,Chart 3.4,"Average likelihood rating (0-10): Central Asia, being in an aeroplane accident",1.3,mean,0.1,chart,N,,
C3_4_east_asia_traffic,60,Chart 3.4,"Average likelihood rating (0-10): Eastern Asia, being in a traffic accident",2.2,mean,0.1,chart,N,,
C3_4_east_asia_attacked,60,Chart 3.4,"Average likelihood rating (0-10): Eastern Asia, being physically attacked",1.2,mean,0.1,chart,N,,
C3_4_east_asia_lightning,60,Chart 3.4,"Average likelihood rating (0-10): Eastern Asia, being struck by lightning",0.8,mean,0.1,chart,N,,
C3_4_east_asia_drowning,60,Chart 3.4,"Average likelihood rating (0-10): Eastern Asia, drowning",0.8,mean,0.1,chart,N,,
C3_4_east_asia_aeroplane,60,Chart 3.4,"Average likelihood rating (0-10): Eastern Asia, being in an aeroplane accident",0.7,mean,0.1,chart,N,,
C3_4_southeast_asia_traffic,60,Chart 3.4,"Average likelihood rating (0-10): Southeastern Asia, being in a traffic accident",3.7,mean,0.1,chart,N,,
C3_4_southeast_asia_attacked,60,Chart 3.4,"Average likelihood rating (0-10): Southeastern Asia, being physically attacked",2.4,mean,0.1,chart,N,,
C3_4_southeast_asia_lightning,60,Chart 3.4,"Average likelihood rating (0-10): Southeastern Asia, being struck by lightning",2.0,mean,0.1,chart,N,,
C3_4_southeast_asia_drowning,60,Chart 3.4,"Average likelihood rating (0-10): Southeastern Asia, drowning",2.0,mean,0.1,chart,N,,
C3_4_southeast_asia_aeroplane,60,Chart 3.4,"Average likelihood rating (0-10): Southeastern Asia, being in an aeroplane accident",1.5,mean,0.1,chart,N,,
C3_4_south_asia_traffic,60,Chart 3.4,"Average likelihood rating (0-10): Southern Asia, being in a traffic accident",3.8,mean,0.1,chart,N,,
C3_4_south_asia_attacked,60,Chart 3.4,"Average likelihood rating (0-10): Southern Asia, being physically attacked",2.2,mean,0.1,chart,N,,
C3_4_south_asia_lightning,60,Chart 3.4,"Average likelihood rating (0-10): Southern Asia, being struck by lightning",2.9,mean,0.1,chart,N,,
C3_4_south_asia_drowning,60,Chart 3.4,"Average likelihood rating (0-10): Southern Asia, drowning",1.9,mean,0.1,chart,N,,
C3_4_south_asia_aeroplane,60,Chart 3.4,"Average likelihood rating (0-10): Southern Asia, being in an aeroplane accident",1.4,mean,0.1,chart,N,,
C3_4_middle_east_traffic,60,Chart 3.4,"Average likelihood rating (0-10): Middle East, being in a traffic accident",4.6,mean,0.1,chart,N,,
C3_4_middle_east_attacked,60,Chart 3.4,"Average likelihood rating (0-10): Middle East, being physically attacked",2.7,mean,0.1,chart,N,,
C3_4_middle_east_lightning,60,Chart 3.4,"Average likelihood rating (0-10): Middle East, being struck by lightning",2.2,mean,0.1,chart,N,,
C3_4_middle_east_drowning,60,Chart 3.4,"Average likelihood rating (0-10): Middle East, drowning",1.9,mean,0.1,chart,N,,
C3_4_middle_east_aeroplane,60,Chart 3.4,"Average likelihood rating (0-10): Middle East, being in an aeroplane accident",1.6,mean,0.1,chart,N,,
C3_4_east_europe_traffic,60,Chart 3.4,"Average likelihood rating (0-10): Eastern Europe, being in a traffic accident",4.3,mean,0.1,chart,N,,
C3_4_east_europe_attacked,60,Chart 3.4,"Average likelihood rating (0-10): Eastern Europe, being physically attacked",3.0,mean,0.1,chart,N,,
C3_4_east_europe_lightning,60,Chart 3.4,"Average likelihood rating (0-10): Eastern Europe, being struck by lightning",2.1,mean,0.1,chart,N,,
C3_4_east_europe_drowning,60,Chart 3.4,"Average likelihood rating (0-10): Eastern Europe, drowning",1.4,mean,0.1,chart,N,,
C3_4_east_europe_aeroplane,60,Chart 3.4,"Average likelihood rating (0-10): Eastern Europe, being in an aeroplane accident",1.4,mean,0.1,chart,N,,
C3_4_northwest_europe_traffic,60,Chart 3.4,"Average likelihood rating (0-10): Northern/Western Europe, being in a traffic accident",4.5,mean,0.1,chart,N,,
C3_4_northwest_europe_attacked,60,Chart 3.4,"Average likelihood rating (0-10): Northern/Western Europe, being physically attacked",3.5,mean,0.1,chart,N,,
C3_4_northwest_europe_lightning,60,Chart 3.4,"Average likelihood rating (0-10): Northern/Western Europe, being struck by lightning",1.1,mean,0.1,chart,N,,
C3_4_northwest_europe_drowning,60,Chart 3.4,"Average likelihood rating (0-10): Northern/Western Europe, drowning",1.2,mean,0.1,chart,N,,
C3_4_northwest_europe_aeroplane,60,Chart 3.4,"Average likelihood rating (0-10): Northern/Western Europe, being in an aeroplane accident",1.3,mean,0.1,chart,N,,
C3_4_south_europe_traffic,60,Chart 3.4,"Average likelihood rating (0-10): Southern Europe, being in a traffic accident",5.1,mean,0.1,chart,N,,
C3_4_south_europe_attacked,60,Chart 3.4,"Average likelihood rating (0-10): Southern Europe, being physically attacked",4.1,mean,0.1,chart,N,,
C3_4_south_europe_lightning,60,Chart 3.4,"Average likelihood rating (0-10): Southern Europe, being struck by lightning",2.0,mean,0.1,chart,N,,
C3_4_south_europe_drowning,60,Chart 3.4,"Average likelihood rating (0-10): Southern Europe, drowning",1.8,mean,0.1,chart,N,,
C3_4_south_europe_aeroplane,60,Chart 3.4,"Average likelihood rating (0-10): Southern Europe, being in an aeroplane accident",1.8,mean,0.1,chart,N,,
C3_4_aus_nz_traffic,60,Chart 3.4,"Average likelihood rating (0-10): Australia & New Zealand, being in a traffic accident",4.8,mean,0.1,chart,N,,
C3_4_aus_nz_attacked,60,Chart 3.4,"Average likelihood rating (0-10): Australia & New Zealand, being physically attacked",2.9,mean,0.1,chart,N,,
C3_4_aus_nz_lightning,60,Chart 3.4,"Average likelihood rating (0-10): Australia & New Zealand, being struck by lightning",0.8,mean,0.1,chart,N,,
C3_4_aus_nz_drowning,60,Chart 3.4,"Average likelihood rating (0-10): Australia & New Zealand, drowning",1.2,mean,0.1,chart,N,,
C3_4_aus_nz_aeroplane,60,Chart 3.4,"Average likelihood rating (0-10): Australia & New Zealand, being in an aeroplane accident",1.4,mean,0.1,chart,N,,
X3_12,60,Chapter 3,Share of the variation in likelihood ratings explained by country differences ('about 10%'),10,pct,2.5,text,N,,'About 10%': tolerance 2.5. Between-country share of the variance (eta squared) of each person's mean of the five 0-10 likelihood ratings; the report does not give its method (see README).
X3_13_weather,62,Chapter 3,Very worried this could cause them serious harm: severe weather events,34,pct,,text,N,,
X3_13_crime,62,Chapter 3,Very worried this could cause them serious harm: violent crime,32,pct,,text,N,,
X3_13_food,62,Chapter 3,Very worried this could cause them serious harm: the food you eat,21,pct,,text,N,,
X3_13_water,62,Chapter 3,Very worried this could cause them serious harm: the water you drink,18,pct,,text,N,,
X3_13_power,62,Chapter 3,Very worried this could cause them serious harm: electrical powerlines,20,pct,,text,N,,
X3_13_appliances,62,Chapter 3,Very worried this could cause them serious harm: household appliances,9,pct,,text,N,,
X3_13_mental,62,Chapter 3,Very worried this could cause them serious harm: mental health issues,19,pct,,text,N,,
C3_5_food_worried,62,Chart 3.5,The food you eat: % very worried,21,pct,,chart,N,,
C3_5_food_experienced,62,Chart 3.5,The food you eat: % have experienced serious harm,17,pct,,chart,N,,
C3_5_food_gap,62,Chart 3.5,"The food you eat: gap, very worried minus experienced (points)",4,pct,,chart,N,,
C3_5_water_worried,62,Chart 3.5,The water you drink: % very worried,18,pct,,chart,N,,
C3_5_water_experienced,62,Chart 3.5,The water you drink: % have experienced serious harm,14,pct,,chart,N,,
C3_5_water_gap,62,Chart 3.5,"The water you drink: gap, very worried minus experienced (points)",4,pct,,chart,N,,
C3_5_crime_worried,62,Chart 3.5,Violent crime: % very worried,32,pct,,chart,N,,
C3_5_crime_experienced,62,Chart 3.5,Violent crime: % have experienced serious harm,18,pct,,chart,N,,
C3_5_crime_gap,62,Chart 3.5,"Violent crime: gap, very worried minus experienced (points)",14,pct,,chart,N,,
C3_5_weather_worried,62,Chart 3.5,Severe weather events: % very worried,34,pct,,chart,N,,
C3_5_weather_experienced,62,Chart 3.5,Severe weather events: % have experienced serious harm,22,pct,,chart,N,,
C3_5_weather_gap,62,Chart 3.5,"Severe weather events: gap, very worried minus experienced (points)",12,pct,,chart,N,,
C3_5_power_worried,62,Chart 3.5,Electrical powerlines: % very worried,20,pct,,chart,N,,
C3_5_power_experienced,62,Chart 3.5,Electrical powerlines: % have experienced serious harm,13,pct,,chart,N,,
C3_5_power_gap,62,Chart 3.5,"Electrical powerlines: gap, very worried minus experienced (points)",7,pct,,chart,N,,
C3_5_appliances_worried,62,Chart 3.5,Household appliances: % very worried,9,pct,,chart,N,,
C3_5_appliances_experienced,62,Chart 3.5,Household appliances: % have experienced serious harm,8,pct,,chart,N,,
C3_5_appliances_gap,62,Chart 3.5,"Household appliances: gap, very worried minus experienced (points)",1,pct,,chart,N,,
C3_5_mental_worried,62,Chart 3.5,Mental health issues: % very worried,19,pct,,chart,N,,
C3_5_mental_experienced,62,Chart 3.5,Mental health issues: % have experienced serious harm,20,pct,,chart,N,,
C3_5_mental_gap,62,Chart 3.5,"Mental health issues: gap, very worried minus experienced (points)",-1,pct,,chart,N,,
X3_14,63,Chapter 3,"Worry Index, global (0-100)",40,index,,text,N,,
X3_15,63,Chapter 3,"Experience of Harm Index, global (0-100)",16,index,,text,N,,
X3_16_southern_africa_worry,64,Chapter 3,"Index score by region: Worry Index, Southern Africa",58,index,,text,N,,
X3_16_latin_america_worry,64,Chapter 3,"Index score by region: Worry Index, Latin America & Caribbean",52,index,,text,N,,
X3_16_southern_africa_experience,64,Chapter 3,"Index score by region: Experience of Harm Index, Southern Africa",32,index,,text,N,,
C3_6_latin_america_worry,64,Chart 3.6,"Index scores (0-100): Latin America & Caribbean, Worry Index",52,index,,chart,N,,"The legend reads '% Very worried' and '% Have experienced', but the values are the two index scores."
C3_6_latin_america_experience,64,Chart 3.6,"Index scores (0-100): Latin America & Caribbean, Experience of Harm Index",22,index,,chart,N,,"The legend reads '% Very worried' and '% Have experienced', but the values are the two index scores."
C3_6_latin_america_gap,64,Chart 3.6,"Index scores (0-100): Latin America & Caribbean, gap (points)",30,index,,chart,N,,"The legend reads '% Very worried' and '% Have experienced', but the values are the two index scores."
C3_6_southeast_asia_worry,64,Chart 3.6,"Index scores (0-100): Southeastern Asia, Worry Index",48,index,,chart,N,,"The legend reads '% Very worried' and '% Have experienced', but the values are the two index scores."
C3_6_southeast_asia_experience,64,Chart 3.6,"Index scores (0-100): Southeastern Asia, Experience of Harm Index",18,index,,chart,N,,"The legend reads '% Very worried' and '% Have experienced', but the values are the two index scores."
C3_6_southeast_asia_gap,64,Chart 3.6,"Index scores (0-100): Southeastern Asia, gap (points)",30,index,,chart,N,,"The legend reads '% Very worried' and '% Have experienced', but the values are the two index scores."
C3_6_south_europe_worry,64,Chart 3.6,"Index scores (0-100): Southern Europe, Worry Index",44,index,,chart,N,,"The legend reads '% Very worried' and '% Have experienced', but the values are the two index scores."
C3_6_south_europe_experience,64,Chart 3.6,"Index scores (0-100): Southern Europe, Experience of Harm Index",15,index,,chart,N,,"The legend reads '% Very worried' and '% Have experienced', but the values are the two index scores."
C3_6_south_europe_gap,64,Chart 3.6,"Index scores (0-100): Southern Europe, gap (points)",29,index,,chart,N,,"The legend reads '% Very worried' and '% Have experienced', but the values are the two index scores."
C3_6_east_europe_worry,64,Chart 3.6,"Index scores (0-100): Eastern Europe, Worry Index",35,index,,chart,N,,"The legend reads '% Very worried' and '% Have experienced', but the values are the two index scores."
C3_6_east_europe_experience,64,Chart 3.6,"Index scores (0-100): Eastern Europe, Experience of Harm Index",8,index,,chart,N,,"The legend reads '% Very worried' and '% Have experienced', but the values are the two index scores."
C3_6_east_europe_gap,64,Chart 3.6,"Index scores (0-100): Eastern Europe, gap (points)",27,index,,chart,N,,"The legend reads '% Very worried' and '% Have experienced', but the values are the two index scores."
C3_6_east_asia_worry,64,Chart 3.6,"Index scores (0-100): Eastern Asia, Worry Index",33,index,,chart,N,,"The legend reads '% Very worried' and '% Have experienced', but the values are the two index scores."
C3_6_east_asia_experience,64,Chart 3.6,"Index scores (0-100): Eastern Asia, Experience of Harm Index",7,index,,chart,N,,"The legend reads '% Very worried' and '% Have experienced', but the values are the two index scores."
C3_6_east_asia_gap,64,Chart 3.6,"Index scores (0-100): Eastern Asia, gap (points)",26,index,,chart,N,,"The legend reads '% Very worried' and '% Have experienced', but the values are the two index scores."
C3_6_southern_africa_worry,64,Chart 3.6,"Index scores (0-100): Southern Africa, Worry Index",58,index,,chart,N,,"The legend reads '% Very worried' and '% Have experienced', but the values are the two index scores."
C3_6_southern_africa_experience,64,Chart 3.6,"Index scores (0-100): Southern Africa, Experience of Harm Index",32,index,,chart,N,,"The legend reads '% Very worried' and '% Have experienced', but the values are the two index scores."
C3_6_southern_africa_gap,64,Chart 3.6,"Index scores (0-100): Southern Africa, gap (points)",26,index,,chart,N,,"The legend reads '% Very worried' and '% Have experienced', but the values are the two index scores."
C3_6_central_west_africa_worry,64,Chart 3.6,"Index scores (0-100): Central/Western Africa, Worry Index",48,index,,chart,N,,"The legend reads '% Very worried' and '% Have experienced', but the values are the two index scores."
C3_6_central_west_africa_experience,64,Chart 3.6,"Index scores (0-100): Central/Western Africa, Experience of Harm Index",23,index,,chart,N,,"The legend reads '% Very worried' and '% Have experienced', but the values are the two index scores."
C3_6_central_west_africa_gap,64,Chart 3.6,"Index scores (0-100): Central/Western Africa, gap (points)",25,index,,chart,N,,"The legend reads '% Very worried' and '% Have experienced', but the values are the two index scores."
C3_6_north_africa_worry,64,Chart 3.6,"Index scores (0-100): Northern Africa, Worry Index",42,index,,chart,N,,"The legend reads '% Very worried' and '% Have experienced', but the values are the two index scores."
C3_6_north_africa_experience,64,Chart 3.6,"Index scores (0-100): Northern Africa, Experience of Harm Index",18,index,,chart,N,,"The legend reads '% Very worried' and '% Have experienced', but the values are the two index scores."
C3_6_north_africa_gap,64,Chart 3.6,"Index scores (0-100): Northern Africa, gap (points)",24,index,,chart,N,,"The legend reads '% Very worried' and '% Have experienced', but the values are the two index scores."
C3_6_south_asia_worry,64,Chart 3.6,"Index scores (0-100): Southern Asia, Worry Index",43,index,,chart,N,,"The legend reads '% Very worried' and '% Have experienced', but the values are the two index scores."
C3_6_south_asia_experience,64,Chart 3.6,"Index scores (0-100): Southern Asia, Experience of Harm Index",20,index,,chart,N,,"The legend reads '% Very worried' and '% Have experienced', but the values are the two index scores."
C3_6_south_asia_gap,64,Chart 3.6,"Index scores (0-100): Southern Asia, gap (points)",23,index,,chart,N,,"The legend reads '% Very worried' and '% Have experienced', but the values are the two index scores."
C3_6_central_asia_worry,64,Chart 3.6,"Index scores (0-100): Central Asia, Worry Index",29,index,,chart,N,,"The legend reads '% Very worried' and '% Have experienced', but the values are the two index scores."
C3_6_central_asia_experience,64,Chart 3.6,"Index scores (0-100): Central Asia, Experience of Harm Index",7,index,,chart,N,,"The legend reads '% Very worried' and '% Have experienced', but the values are the two index scores."
C3_6_central_asia_gap,64,Chart 3.6,"Index scores (0-100): Central Asia, gap (points)",22,index,,chart,N,,"The legend reads '% Very worried' and '% Have experienced', but the values are the two index scores."
C3_6_northwest_europe_worry,64,Chart 3.6,"Index scores (0-100): Northern/Western Europe, Worry Index",34,index,,chart,N,,"The legend reads '% Very worried' and '% Have experienced', but the values are the two index scores."
C3_6_northwest_europe_experience,64,Chart 3.6,"Index scores (0-100): Northern/Western Europe, Experience of Harm Index",13,index,,chart,N,,"The legend reads '% Very worried' and '% Have experienced', but the values are the two index scores."
C3_6_northwest_europe_gap,64,Chart 3.6,"Index scores (0-100): Northern/Western Europe, gap (points)",21,index,,chart,N,,"The legend reads '% Very worried' and '% Have experienced', but the values are the two index scores."
C3_6_middle_east_worry,64,Chart 3.6,"Index scores (0-100): Middle East, Worry Index",41,index,,chart,N,,"The legend reads '% Very worried' and '% Have experienced', but the values are the two index scores."
C3_6_middle_east_experience,64,Chart 3.6,"Index scores (0-100): Middle East, Experience of Harm Index",21,index,,chart,N,,"The legend reads '% Very worried' and '% Have experienced', but the values are the two index scores."
C3_6_middle_east_gap,64,Chart 3.6,"Index scores (0-100): Middle East, gap (points)",20,index,,chart,N,,"The legend reads '% Very worried' and '% Have experienced', but the values are the two index scores."
C3_6_east_africa_worry,64,Chart 3.6,"Index scores (0-100): Eastern Africa, Worry Index",45,index,,chart,N,,"The legend reads '% Very worried' and '% Have experienced', but the values are the two index scores."
C3_6_east_africa_experience,64,Chart 3.6,"Index scores (0-100): Eastern Africa, Experience of Harm Index",30,index,,chart,N,,"The legend reads '% Very worried' and '% Have experienced', but the values are the two index scores."
C3_6_east_africa_gap,64,Chart 3.6,"Index scores (0-100): Eastern Africa, gap (points)",15,index,,chart,N,,"The legend reads '% Very worried' and '% Have experienced', but the values are the two index scores."
C3_6_north_america_worry,64,Chart 3.6,"Index scores (0-100): Northern America, Worry Index",34,index,,chart,N,,"The legend reads '% Very worried' and '% Have experienced', but the values are the two index scores."
C3_6_north_america_experience,64,Chart 3.6,"Index scores (0-100): Northern America, Experience of Harm Index",20,index,,chart,N,,"The legend reads '% Very worried' and '% Have experienced', but the values are the two index scores."
C3_6_north_america_gap,64,Chart 3.6,"Index scores (0-100): Northern America, gap (points)",14,index,,chart,N,,"The legend reads '% Very worried' and '% Have experienced', but the values are the two index scores."
C3_6_aus_nz_worry,64,Chart 3.6,"Index scores (0-100): Australia & New Zealand, Worry Index",29,index,,chart,N,,"The legend reads '% Very worried' and '% Have experienced', but the values are the two index scores."
C3_6_aus_nz_experience,64,Chart 3.6,"Index scores (0-100): Australia & New Zealand, Experience of Harm Index",16,index,,chart,N,,"The legend reads '% Very worried' and '% Have experienced', but the values are the two index scores."
C3_6_aus_nz_gap,64,Chart 3.6,"Index scores (0-100): Australia & New Zealand, gap (points)",13,index,,chart,N,,"The legend reads '% Very worried' and '% Have experienced', but the values are the two index scores."
X3_17,65,Chapter 3,Average gap between the Worry and Experience of Harm Indices across countries ('about 23 points'),23,index,,text,N,,Unweighted mean of the country gaps.
X3_18,65,Chapter 3,Country with the lowest Worry Index,SWE,text,,text,N,,
X3_19_worry,65,Chapter 3,Sweden: Worry Index,19,index,,text,N,,
X3_19_experience,65,Chapter 3,Sweden: Experience of Harm Index,13,index,,text,N,,
X3_19_gap,65,Chapter 3,Sweden: gap between the two indices (points),6,index,,text,N,,
X3_20_worry_women,67,Chapter 3,Index score by gender: worry women,43,index,,text,N,,
X3_20_worry_men,67,Chapter 3,Index score by gender: worry men,38,index,,text,N,,
X3_20_experience_men,67,Chapter 3,Index score by gender: experience men,17,index,,text,N,,
X3_20_experience_women,67,Chapter 3,Index score by gender: experience women,16,index,,text,N,,
X3_21_north_america_women,67,Chapter 3,"Worry Index by gender, regions with the largest gender gap: north america women",39,index,,text,N,,
X3_21_north_america_men,67,Chapter 3,"Worry Index by gender, regions with the largest gender gap: north america men",29,index,,text,N,,
X3_21_aus_nz_women,67,Chapter 3,"Worry Index by gender, regions with the largest gender gap: aus nz women",34,index,,text,N,,
X3_21_aus_nz_men,67,Chapter 3,"Worry Index by gender, regions with the largest gender gap: aus nz men",24,index,,text,N,,
X3_21_south_europe_women,67,Chapter 3,"Worry Index by gender, regions with the largest gender gap: south europe women",48,index,,text,N,,
X3_21_south_europe_men,67,Chapter 3,"Worry Index by gender, regions with the largest gender gap: south europe men",40,index,,text,N,,
X3_21_southern_africa_women,67,Chapter 3,"Worry Index by gender, regions with the largest gender gap: southern africa women",62,index,,text,N,,
X3_21_southern_africa_men,67,Chapter 3,"Worry Index by gender, regions with the largest gender gap: southern africa men",53,index,,text,N,,
X3_21_latin_america_women,67,Chapter 3,"Worry Index by gender, regions with the largest gender gap: latin america women",55,index,,text,N,,
X3_21_latin_america_men,67,Chapter 3,"Worry Index by gender, regions with the largest gender gap: latin america men",48,index,,text,N,,
X3_22_comfortable,67,Chapter 3,Worry Index by feelings about household income: living comfortably on present income,35,index,,text,N,,
X3_22_very_difficult,67,Chapter 3,Worry Index by feelings about household income: finding it very difficult,47,index,,text,N,,
X4_01,"69, 80",Chapter 4,"Wear a seat belt in a motorised vehicle when one is available, worldwide",77,pct,,text,N,,
X4_02,"69, 82",Chapter 4,"Government should require businesses to adopt safety procedures and rules, worldwide",85,pct,,text,N,,'Nearly nine in 10' (page 69); 85% on page 82.
X4_03_family,71,Chapter 4,Would look to this source for food safety information: friends or family,73,pct,,text,N,,
X4_03_labels,71,Chapter 4,Would look to this source for food safety information: packaging or food labels,69,pct,,text,N,,
X4_03_medical,71,Chapter 4,Would look to this source for food safety information: medical professionals,68,pct,,text,N,,
X4_03_news,71,Chapter 4,"Would look to this source for food safety information: newspapers, television or radio",56,pct,,text,N,,
X4_03_authority,71,Chapter 4,Would look to this source for food safety information: government food safety agency,52,pct,,text,N,,
X4_03_internet,71,Chapter 4,Would look to this source for food safety information: internet/social media,51,pct,,text,N,,
X4_03_famous,71,Chapter 4,Would look to this source for food safety information: a famous person,34,pct,,text,N,,
X4_03_religious,71,Chapter 4,Would look to this source for food safety information: local religious leaders,26,pct,,text,N,,
C4_1_family_world,72,Chart 4.1,Would look to friends or family for food safety information: world,73,pct,,chart,N,,
C4_1_family_low,72,Chart 4.1,Would look to friends or family for food safety information: low income,72,pct,,chart,N,,
C4_1_family_lower_middle,72,Chart 4.1,Would look to friends or family for food safety information: lower-middle income,72,pct,,chart,N,,
C4_1_family_upper_middle,72,Chart 4.1,Would look to friends or family for food safety information: upper-middle income,77,pct,,chart,N,,
C4_1_family_high,72,Chart 4.1,Would look to friends or family for food safety information: high income,65,pct,,chart,N,,
C4_1_labels_world,72,Chart 4.1,Would look to packaging or food labels for food safety information: world,69,pct,,chart,N,,
C4_1_labels_low,72,Chart 4.1,Would look to packaging or food labels for food safety information: low income,54,pct,,chart,N,,
C4_1_labels_lower_middle,72,Chart 4.1,Would look to packaging or food labels for food safety information: lower-middle income,59,pct,,chart,N,,
C4_1_labels_upper_middle,72,Chart 4.1,Would look to packaging or food labels for food safety information: upper-middle income,76,pct,,chart,N,,
C4_1_labels_high,72,Chart 4.1,Would look to packaging or food labels for food safety information: high income,78,pct,,chart,N,,
C4_1_medical_world,72,Chart 4.1,Would look to medical professionals for food safety information: world,68,pct,,chart,N,,
C4_1_medical_low,72,Chart 4.1,Would look to medical professionals for food safety information: low income,69,pct,,chart,N,,
C4_1_medical_lower_middle,72,Chart 4.1,Would look to medical professionals for food safety information: lower-middle income,63,pct,,chart,N,,
C4_1_medical_upper_middle,72,Chart 4.1,Would look to medical professionals for food safety information: upper-middle income,69,pct,,chart,N,,
C4_1_medical_high,72,Chart 4.1,Would look to medical professionals for food safety information: high income,74,pct,,chart,N,,
C4_1_news_world,72,Chart 4.1,"Would look to newspapers, television or radio for food safety information: world",56,pct,,chart,N,,
C4_1_news_low,72,Chart 4.1,"Would look to newspapers, television or radio for food safety information: low income",52,pct,,chart,N,,
C4_1_news_lower_middle,72,Chart 4.1,"Would look to newspapers, television or radio for food safety information: lower-middle income",52,pct,,chart,N,,
C4_1_news_upper_middle,72,Chart 4.1,"Would look to newspapers, television or radio for food safety information: upper-middle income",63,pct,,chart,N,,
C4_1_news_high,72,Chart 4.1,"Would look to newspapers, television or radio for food safety information: high income",50,pct,,chart,N,,
C4_1_authority_world,72,Chart 4.1,Would look to government food safety agency for food safety information: world,52,pct,,chart,N,,
C4_1_authority_low,72,Chart 4.1,Would look to government food safety agency for food safety information: low income,42,pct,,chart,N,,
C4_1_authority_lower_middle,72,Chart 4.1,Would look to government food safety agency for food safety information: lower-middle income,45,pct,,chart,N,,
C4_1_authority_upper_middle,72,Chart 4.1,Would look to government food safety agency for food safety information: upper-middle income,56,pct,,chart,N,,
C4_1_authority_high,72,Chart 4.1,Would look to government food safety agency for food safety information: high income,65,pct,,chart,N,,
C4_1_internet_world,72,Chart 4.1,Would look to internet/social media for food safety information: world,51,pct,,chart,N,,
C4_1_internet_low,72,Chart 4.1,Would look to internet/social media for food safety information: low income,32,pct,,chart,N,,
C4_1_internet_lower_middle,72,Chart 4.1,Would look to internet/social media for food safety information: lower-middle income,40,pct,,chart,N,,
C4_1_internet_upper_middle,72,Chart 4.1,Would look to internet/social media for food safety information: upper-middle income,61,pct,,chart,N,,
C4_1_internet_high,72,Chart 4.1,Would look to internet/social media for food safety information: high income,59,pct,,chart,N,,
C4_1_famous_world,72,Chart 4.1,Would look to a famous person for food safety information: world,34,pct,,chart,N,,
C4_1_famous_low,72,Chart 4.1,Would look to a famous person for food safety information: low income,55,pct,,chart,N,,
C4_1_famous_lower_middle,72,Chart 4.1,Would look to a famous person for food safety information: lower-middle income,42,pct,,chart,N,,
C4_1_famous_upper_middle,72,Chart 4.1,Would look to a famous person for food safety information: upper-middle income,31,pct,,chart,N,,
C4_1_famous_high,72,Chart 4.1,Would look to a famous person for food safety information: high income,18,pct,,chart,N,,
C4_1_religious_world,72,Chart 4.1,Would look to local religious leaders for food safety information: world,26,pct,,chart,N,,
C4_1_religious_low,72,Chart 4.1,Would look to local religious leaders for food safety information: low income,50,pct,,chart,N,,
C4_1_religious_lower_middle,72,Chart 4.1,Would look to local religious leaders for food safety information: lower-middle income,36,pct,,chart,N,,
C4_1_religious_upper_middle,72,Chart 4.1,Would look to local religious leaders for food safety information: upper-middle income,20,pct,,chart,N,,
C4_1_religious_high,72,Chart 4.1,Would look to local religious leaders for food safety information: high income,13,pct,,chart,N,,
X4_04_famous,73,Chapter 4,Low-income economies: would look to this source for food safety information: a famous person,55,pct,,text,N,,
X4_04_religious,73,Chapter 4,Low-income economies: would look to this source for food safety information: local religious leaders,50,pct,,text,N,,
X4_05_east_africa,73,Chapter 4,"Would look to a famous person for food safety information, by region: Eastern Africa",54,pct,,text,N,,
X4_05_central_west_africa,73,Chapter 4,"Would look to a famous person for food safety information, by region: Central/Western Africa",53,pct,,text,N,,
X4_05_southern_africa,73,Chapter 4,"Would look to a famous person for food safety information, by region: Southern Africa",50,pct,,text,N,,
X4_05_south_asia,73,Chapter 4,"Would look to a famous person for food safety information, by region: Southern Asia",44,pct,,text,N,,
X4_05_southeast_asia,73,Chapter 4,"Would look to a famous person for food safety information, by region: Southeastern Asia",42,pct,,text,N,,
X4_06,73,Chapter 4,"Religion is an important part of daily life, average in Eastern Africa (footnote 12)",96,pct,,text,Y,WP119,"Gallup World Poll item, not in the public data; WP119 is assumed to be the item (see README)."
X4_07,73,Chapter 4,"Religion is an important part of daily life, average across the European Union (footnote 13)",40,pct,,text,Y,WP119,Gallup World Poll item; EU = REG_GLOBAL code 1 (EU-28 in 2019).
C4_2_east_africa_family,74,Chart 4.2,"Would look to source for food safety information: Eastern Africa, friends or family",69,pct,,chart,N,,
C4_2_east_africa_labels,74,Chart 4.2,"Would look to source for food safety information: Eastern Africa, packaging or food labels",60,pct,,chart,N,,
C4_2_east_africa_medical,74,Chart 4.2,"Would look to source for food safety information: Eastern Africa, medical professionals",72,pct,,chart,N,,
C4_2_east_africa_news,74,Chart 4.2,"Would look to source for food safety information: Eastern Africa, newspapers, television or radio",59,pct,,chart,N,,
C4_2_east_africa_authority,74,Chart 4.2,"Would look to source for food safety information: Eastern Africa, government food safety agency",49,pct,,chart,N,,
C4_2_east_africa_internet,74,Chart 4.2,"Would look to source for food safety information: Eastern Africa, internet/social media",39,pct,,chart,N,,
C4_2_east_africa_famous,74,Chart 4.2,"Would look to source for food safety information: Eastern Africa, a famous person",54,pct,,chart,N,,
C4_2_east_africa_religious,74,Chart 4.2,"Would look to source for food safety information: Eastern Africa, local religious leaders",54,pct,,chart,N,,
C4_2_central_west_africa_family,74,Chart 4.2,"Would look to source for food safety information: Central/Western Africa, friends or family",67,pct,,chart,N,,
C4_2_central_west_africa_labels,74,Chart 4.2,"Would look to source for food safety information: Central/Western Africa, packaging or food labels",61,pct,,chart,N,,
C4_2_central_west_africa_medical,74,Chart 4.2,"Would look to source for food safety information: Central/Western Africa, medical professionals",76,pct,,chart,N,,
C4_2_central_west_africa_news,74,Chart 4.2,"Would look to source for food safety information: Central/Western Africa, newspapers, television or radio",48,pct,,chart,N,,
C4_2_central_west_africa_authority,74,Chart 4.2,"Would look to source for food safety information: Central/Western Africa, government food safety agency",63,pct,,chart,N,,
C4_2_central_west_africa_internet,74,Chart 4.2,"Would look to source for food safety information: Central/Western Africa, internet/social media",36,pct,,chart,N,,
C4_2_central_west_africa_famous,74,Chart 4.2,"Would look to source for food safety information: Central/Western Africa, a famous person",53,pct,,chart,N,,
C4_2_central_west_africa_religious,74,Chart 4.2,"Would look to source for food safety information: Central/Western Africa, local religious leaders",43,pct,,chart,N,,
C4_2_north_africa_family,74,Chart 4.2,"Would look to source for food safety information: Northern Africa, friends or family",68,pct,,chart,N,,
C4_2_north_africa_labels,74,Chart 4.2,"Would look to source for food safety information: Northern Africa, packaging or food labels",61,pct,,chart,N,,
C4_2_north_africa_medical,74,Chart 4.2,"Would look to source for food safety information: Northern Africa, medical professionals",38,pct,,chart,N,,
C4_2_north_africa_news,74,Chart 4.2,"Would look to source for food safety information: Northern Africa, newspapers, television or radio",41,pct,,chart,N,,
C4_2_north_africa_authority,74,Chart 4.2,"Would look to source for food safety information: Northern Africa, government food safety agency",18,pct,,chart,N,,
C4_2_north_africa_internet,74,Chart 4.2,"Would look to source for food safety information: Northern Africa, internet/social media",38,pct,,chart,N,,
C4_2_north_africa_famous,74,Chart 4.2,"Would look to source for food safety information: Northern Africa, a famous person",16,pct,,chart,N,,
C4_2_north_africa_religious,74,Chart 4.2,"Would look to source for food safety information: Northern Africa, local religious leaders",17,pct,,chart,N,,
C4_2_southern_africa_family,74,Chart 4.2,"Would look to source for food safety information: Southern Africa, friends or family",74,pct,,chart,N,,
C4_2_southern_africa_labels,74,Chart 4.2,"Would look to source for food safety information: Southern Africa, packaging or food labels",83,pct,,chart,N,,
C4_2_southern_africa_medical,74,Chart 4.2,"Would look to source for food safety information: Southern Africa, medical professionals",85,pct,,chart,N,,
C4_2_southern_africa_news,74,Chart 4.2,"Would look to source for food safety information: Southern Africa, newspapers, television or radio",77,pct,,chart,N,,
C4_2_southern_africa_authority,74,Chart 4.2,"Would look to source for food safety information: Southern Africa, government food safety agency",81,pct,,chart,N,,
C4_2_southern_africa_internet,74,Chart 4.2,"Would look to source for food safety information: Southern Africa, internet/social media",69,pct,,chart,N,,
C4_2_southern_africa_famous,74,Chart 4.2,"Would look to source for food safety information: Southern Africa, a famous person",50,pct,,chart,N,,
C4_2_southern_africa_religious,74,Chart 4.2,"Would look to source for food safety information: Southern Africa, local religious leaders",55,pct,,chart,N,,
C4_2_latin_america_family,74,Chart 4.2,"Would look to source for food safety information: Latin America & Caribbean, friends or family",74,pct,,chart,N,,
C4_2_latin_america_labels,74,Chart 4.2,"Would look to source for food safety information: Latin America & Caribbean, packaging or food labels",76,pct,,chart,N,,
C4_2_latin_america_medical,74,Chart 4.2,"Would look to source for food safety information: Latin America & Caribbean, medical professionals",85,pct,,chart,N,,
C4_2_latin_america_news,74,Chart 4.2,"Would look to source for food safety information: Latin America & Caribbean, newspapers, television or radio",54,pct,,chart,N,,
C4_2_latin_america_authority,74,Chart 4.2,"Would look to source for food safety information: Latin America & Caribbean, government food safety agency",58,pct,,chart,N,,
C4_2_latin_america_internet,74,Chart 4.2,"Would look to source for food safety information: Latin America & Caribbean, internet/social media",68,pct,,chart,N,,
C4_2_latin_america_famous,74,Chart 4.2,"Would look to source for food safety information: Latin America & Caribbean, a famous person",27,pct,,chart,N,,
C4_2_latin_america_religious,74,Chart 4.2,"Would look to source for food safety information: Latin America & Caribbean, local religious leaders",32,pct,,chart,N,,
C4_2_north_america_family,74,Chart 4.2,"Would look to source for food safety information: Northern America, friends or family",65,pct,,chart,N,,
C4_2_north_america_labels,74,Chart 4.2,"Would look to source for food safety information: Northern America, packaging or food labels",81,pct,,chart,N,,
C4_2_north_america_medical,74,Chart 4.2,"Would look to source for food safety information: Northern America, medical professionals",80,pct,,chart,N,,
C4_2_north_america_news,74,Chart 4.2,"Would look to source for food safety information: Northern America, newspapers, television or radio",47,pct,,chart,N,,
C4_2_north_america_authority,74,Chart 4.2,"Would look to source for food safety information: Northern America, government food safety agency",75,pct,,chart,N,,
C4_2_north_america_internet,74,Chart 4.2,"Would look to source for food safety information: Northern America, internet/social media",60,pct,,chart,N,,
C4_2_north_america_famous,74,Chart 4.2,"Would look to source for food safety information: Northern America, a famous person",15,pct,,chart,N,,
C4_2_north_america_religious,74,Chart 4.2,"Would look to source for food safety information: Northern America, local religious leaders",20,pct,,chart,N,,
C4_2_central_asia_family,74,Chart 4.2,"Would look to source for food safety information: Central Asia, friends or family",72,pct,,chart,N,,
C4_2_central_asia_labels,74,Chart 4.2,"Would look to source for food safety information: Central Asia, packaging or food labels",73,pct,,chart,N,,
C4_2_central_asia_medical,74,Chart 4.2,"Would look to source for food safety information: Central Asia, medical professionals",52,pct,,chart,N,,
C4_2_central_asia_news,74,Chart 4.2,"Would look to source for food safety information: Central Asia, newspapers, television or radio",24,pct,,chart,N,,
C4_2_central_asia_authority,74,Chart 4.2,"Would look to source for food safety information: Central Asia, government food safety agency",29,pct,,chart,N,,
C4_2_central_asia_internet,74,Chart 4.2,"Would look to source for food safety information: Central Asia, internet/social media",32,pct,,chart,N,,
C4_2_central_asia_famous,74,Chart 4.2,"Would look to source for food safety information: Central Asia, a famous person",28,pct,,chart,N,,
C4_2_central_asia_religious,74,Chart 4.2,"Would look to source for food safety information: Central Asia, local religious leaders",15,pct,,chart,N,,
C4_2_east_asia_family,74,Chart 4.2,"Would look to source for food safety information: Eastern Asia, friends or family",78,pct,,chart,N,,
C4_2_east_asia_labels,74,Chart 4.2,"Would look to source for food safety information: Eastern Asia, packaging or food labels",77,pct,,chart,N,,
C4_2_east_asia_medical,74,Chart 4.2,"Would look to source for food safety information: Eastern Asia, medical professionals",70,pct,,chart,N,,
C4_2_east_asia_news,74,Chart 4.2,"Would look to source for food safety information: Eastern Asia, newspapers, television or radio",73,pct,,chart,N,,
C4_2_east_asia_authority,74,Chart 4.2,"Would look to source for food safety information: Eastern Asia, government food safety agency",61,pct,,chart,N,,
C4_2_east_asia_internet,74,Chart 4.2,"Would look to source for food safety information: Eastern Asia, internet/social media",61,pct,,chart,N,,
C4_2_east_asia_famous,74,Chart 4.2,"Would look to source for food safety information: Eastern Asia, a famous person",31,pct,,chart,N,,
C4_2_east_asia_religious,74,Chart 4.2,"Would look to source for food safety information: Eastern Asia, local religious leaders",13,pct,,chart,N,,
C4_2_southeast_asia_family,74,Chart 4.2,"Would look to source for food safety information: Southeastern Asia, friends or family",75,pct,,chart,N,,
C4_2_southeast_asia_labels,74,Chart 4.2,"Would look to source for food safety information: Southeastern Asia, packaging or food labels",77,pct,,chart,N,,
C4_2_southeast_asia_medical,74,Chart 4.2,"Would look to source for food safety information: Southeastern Asia, medical professionals",66,pct,,chart,N,,
C4_2_southeast_asia_news,74,Chart 4.2,"Would look to source for food safety information: Southeastern Asia, newspapers, television or radio",66,pct,,chart,N,,
C4_2_southeast_asia_authority,74,Chart 4.2,"Would look to source for food safety information: Southeastern Asia, government food safety agency",54,pct,,chart,N,,
C4_2_southeast_asia_internet,74,Chart 4.2,"Would look to source for food safety information: Southeastern Asia, internet/social media",60,pct,,chart,N,,
C4_2_southeast_asia_famous,74,Chart 4.2,"Would look to source for food safety information: Southeastern Asia, a famous person",42,pct,,chart,N,,
C4_2_southeast_asia_religious,74,Chart 4.2,"Would look to source for food safety information: Southeastern Asia, local religious leaders",43,pct,,chart,N,,
C4_2_south_asia_family,74,Chart 4.2,"Would look to source for food safety information: Southern Asia, friends or family",74,pct,,chart,N,,
C4_2_south_asia_labels,74,Chart 4.2,"Would look to source for food safety information: Southern Asia, packaging or food labels",51,pct,,chart,N,,
C4_2_south_asia_medical,74,Chart 4.2,"Would look to source for food safety information: Southern Asia, medical professionals",63,pct,,chart,N,,
C4_2_south_asia_news,74,Chart 4.2,"Would look to source for food safety information: Southern Asia, newspapers, television or radio",50,pct,,chart,N,,
C4_2_south_asia_authority,74,Chart 4.2,"Would look to source for food safety information: Southern Asia, government food safety agency",41,pct,,chart,N,,
C4_2_south_asia_internet,74,Chart 4.2,"Would look to source for food safety information: Southern Asia, internet/social media",34,pct,,chart,N,,
C4_2_south_asia_famous,74,Chart 4.2,"Would look to source for food safety information: Southern Asia, a famous person",44,pct,,chart,N,,
C4_2_south_asia_religious,74,Chart 4.2,"Would look to source for food safety information: Southern Asia, local religious leaders",34,pct,,chart,N,,
C4_2_middle_east_family,74,Chart 4.2,"Would look to source for food safety information: Middle East, friends or family",75,pct,,chart,N,,
C4_2_middle_east_labels,74,Chart 4.2,"Would look to source for food safety information: Middle East, packaging or food labels",73,pct,,chart,N,,
C4_2_middle_east_medical,74,Chart 4.2,"Would look to source for food safety information: Middle East, medical professionals",65,pct,,chart,N,,
C4_2_middle_east_news,74,Chart 4.2,"Would look to source for food safety information: Middle East, newspapers, television or radio",42,pct,,chart,N,,
C4_2_middle_east_authority,74,Chart 4.2,"Would look to source for food safety information: Middle East, government food safety agency",40,pct,,chart,N,,
C4_2_middle_east_internet,74,Chart 4.2,"Would look to source for food safety information: Middle East, internet/social media",55,pct,,chart,N,,
C4_2_middle_east_famous,74,Chart 4.2,"Would look to source for food safety information: Middle East, a famous person",32,pct,,chart,N,,
C4_2_middle_east_religious,74,Chart 4.2,"Would look to source for food safety information: Middle East, local religious leaders",35,pct,,chart,N,,
C4_2_east_europe_family,74,Chart 4.2,"Would look to source for food safety information: Eastern Europe, friends or family",62,pct,,chart,N,,
C4_2_east_europe_labels,74,Chart 4.2,"Would look to source for food safety information: Eastern Europe, packaging or food labels",70,pct,,chart,N,,
C4_2_east_europe_medical,74,Chart 4.2,"Would look to source for food safety information: Eastern Europe, medical professionals",43,pct,,chart,N,,
C4_2_east_europe_news,74,Chart 4.2,"Would look to source for food safety information: Eastern Europe, newspapers, television or radio",30,pct,,chart,N,,
C4_2_east_europe_authority,74,Chart 4.2,"Would look to source for food safety information: Eastern Europe, government food safety agency",30,pct,,chart,N,,
C4_2_east_europe_internet,74,Chart 4.2,"Would look to source for food safety information: Eastern Europe, internet/social media",49,pct,,chart,N,,
C4_2_east_europe_famous,74,Chart 4.2,"Would look to source for food safety information: Eastern Europe, a famous person",23,pct,,chart,N,,
C4_2_east_europe_religious,74,Chart 4.2,"Would look to source for food safety information: Eastern Europe, local religious leaders",9,pct,,chart,N,,
C4_2_northwest_europe_family,74,Chart 4.2,"Would look to source for food safety information: Northern/Western Europe, friends or family",66,pct,,chart,N,,
C4_2_northwest_europe_labels,74,Chart 4.2,"Would look to source for food safety information: Northern/Western Europe, packaging or food labels",72,pct,,chart,N,,
C4_2_northwest_europe_medical,74,Chart 4.2,"Would look to source for food safety information: Northern/Western Europe, medical professionals",68,pct,,chart,N,,
C4_2_northwest_europe_news,74,Chart 4.2,"Would look to source for food safety information: Northern/Western Europe, newspapers, television or radio",47,pct,,chart,N,,
C4_2_northwest_europe_authority,74,Chart 4.2,"Would look to source for food safety information: Northern/Western Europe, government food safety agency",59,pct,,chart,N,,
C4_2_northwest_europe_internet,74,Chart 4.2,"Would look to source for food safety information: Northern/Western Europe, internet/social media",59,pct,,chart,N,,
C4_2_northwest_europe_famous,74,Chart 4.2,"Would look to source for food safety information: Northern/Western Europe, a famous person",20,pct,,chart,N,,
C4_2_northwest_europe_religious,74,Chart 4.2,"Would look to source for food safety information: Northern/Western Europe, local religious leaders",7,pct,,chart,N,,
C4_2_south_europe_family,74,Chart 4.2,"Would look to source for food safety information: Southern Europe, friends or family",66,pct,,chart,N,,
C4_2_south_europe_labels,74,Chart 4.2,"Would look to source for food safety information: Southern Europe, packaging or food labels",84,pct,,chart,N,,
C4_2_south_europe_medical,74,Chart 4.2,"Would look to source for food safety information: Southern Europe, medical professionals",75,pct,,chart,N,,
C4_2_south_europe_news,74,Chart 4.2,"Would look to source for food safety information: Southern Europe, newspapers, television or radio",39,pct,,chart,N,,
C4_2_south_europe_authority,74,Chart 4.2,"Would look to source for food safety information: Southern Europe, government food safety agency",66,pct,,chart,N,,
C4_2_south_europe_internet,74,Chart 4.2,"Would look to source for food safety information: Southern Europe, internet/social media",51,pct,,chart,N,,
C4_2_south_europe_famous,74,Chart 4.2,"Would look to source for food safety information: Southern Europe, a famous person",15,pct,,chart,N,,
C4_2_south_europe_religious,74,Chart 4.2,"Would look to source for food safety information: Southern Europe, local religious leaders",10,pct,,chart,N,,
C4_2_aus_nz_family,74,Chart 4.2,"Would look to source for food safety information: Australia & New Zealand, friends or family",65,pct,,chart,N,,
C4_2_aus_nz_labels,74,Chart 4.2,"Would look to source for food safety information: Australia & New Zealand, packaging or food labels",82,pct,,chart,N,,
C4_2_aus_nz_medical,74,Chart 4.2,"Would look to source for food safety information: Australia & New Zealand, medical professionals",70,pct,,chart,N,,
C4_2_aus_nz_news,74,Chart 4.2,"Would look to source for food safety information: Australia & New Zealand, newspapers, television or radio",44,pct,,chart,N,,
C4_2_aus_nz_authority,74,Chart 4.2,"Would look to source for food safety information: Australia & New Zealand, government food safety agency",75,pct,,chart,N,,
C4_2_aus_nz_internet,74,Chart 4.2,"Would look to source for food safety information: Australia & New Zealand, internet/social media",65,pct,,chart,N,,
C4_2_aus_nz_famous,74,Chart 4.2,"Would look to source for food safety information: Australia & New Zealand, a famous person",10,pct,,chart,N,,
C4_2_aus_nz_religious,74,Chart 4.2,"Would look to source for food safety information: Australia & New Zealand, local religious leaders",8,pct,,chart,N,,
X4_08_family,75,Chapter 4,Would trust this source most for food safety information: friends or family,31,pct,,text,N,,Among those who would use at least one source (the respondents asked the trust question).
X4_08_medical,75,Chapter 4,Would trust this source most for food safety information: medical professionals,22,pct,,text,N,,Among those who would use at least one source (the respondents asked the trust question).
X4_08_authority,75,Chapter 4,Would trust this source most for food safety information: government food safety agency,15,pct,,text,N,,Among those who would use at least one source (the respondents asked the trust question).
X4_08_famous,75,Chapter 4,Would trust this source most for food safety information: a famous person,1,pct,,text,N,,Among those who would use at least one source (the respondents asked the trust question).
X4_08_religious,75,Chapter 4,Would trust this source most for food safety information: local religious leaders,1,pct,,text,N,,Among those who would use at least one source (the respondents asked the trust question).
C4_3_family_use,75,Chart 4.3,"% yes, would use friends or family",73,pct,,chart,N,,
C4_3_family_trust,75,Chart 4.3,% would trust friends or family most,31,pct,,chart,N,,Among those who would use at least one source.
C4_3_labels_use,75,Chart 4.3,"% yes, would use packaging or food labels",69,pct,,chart,N,,
C4_3_labels_trust,75,Chart 4.3,% would trust packaging or food labels most,6,pct,,chart,N,,Among those who would use at least one source.
C4_3_medical_use,75,Chart 4.3,"% yes, would use medical professionals",68,pct,,chart,N,,
C4_3_medical_trust,75,Chart 4.3,% would trust medical professionals most,22,pct,,chart,N,,Among those who would use at least one source.
C4_3_news_use,75,Chart 4.3,"% yes, would use newspapers, television or radio",56,pct,,chart,N,,
C4_3_news_trust,75,Chart 4.3,"% would trust newspapers, television or radio most",6,pct,,chart,N,,Among those who would use at least one source.
C4_3_authority_use,75,Chart 4.3,"% yes, would use government food safety agency",52,pct,,chart,N,,
C4_3_authority_trust,75,Chart 4.3,% would trust government food safety agency most,15,pct,,chart,N,,Among those who would use at least one source.
C4_3_internet_use,75,Chart 4.3,"% yes, would use internet/social media",51,pct,,chart,N,,
C4_3_internet_trust,75,Chart 4.3,% would trust internet/social media most,8,pct,,chart,N,,Among those who would use at least one source.
C4_3_famous_use,75,Chart 4.3,"% yes, would use a famous person",34,pct,,chart,N,,
C4_3_famous_trust,75,Chart 4.3,% would trust a famous person most,1,pct,,chart,N,,Among those who would use at least one source.
C4_3_religious_use,75,Chart 4.3,"% yes, would use local religious leaders",26,pct,,chart,N,,
C4_3_religious_trust,75,Chart 4.3,% would trust local religious leaders most,1,pct,,chart,N,,Among those who would use at least one source.
C4_4_world_family,76,Chart 4.4,Would trust friends or family most: world,31,pct,,chart,N,,Among those who would use at least one source. The '% Other' segment is not labelled.
C4_4_world_medical,76,Chart 4.4,Would trust medical professionals most: world,22,pct,,chart,N,,Among those who would use at least one source. The '% Other' segment is not labelled.
C4_4_world_authority,76,Chart 4.4,Would trust government food safety agency most: world,15,pct,,chart,N,,Among those who would use at least one source. The '% Other' segment is not labelled.
C4_4_women_family,76,Chart 4.4,Would trust friends or family most: women,32,pct,,chart,N,,Among those who would use at least one source. The '% Other' segment is not labelled.
C4_4_women_medical,76,Chart 4.4,Would trust medical professionals most: women,23,pct,,chart,N,,Among those who would use at least one source. The '% Other' segment is not labelled.
C4_4_women_authority,76,Chart 4.4,Would trust government food safety agency most: women,14,pct,,chart,N,,Among those who would use at least one source. The '% Other' segment is not labelled.
C4_4_men_family,76,Chart 4.4,Would trust friends or family most: men,31,pct,,chart,N,,Among those who would use at least one source. The '% Other' segment is not labelled.
C4_4_men_medical,76,Chart 4.4,Would trust medical professionals most: men,21,pct,,chart,N,,Among those who would use at least one source. The '% Other' segment is not labelled.
C4_4_men_authority,76,Chart 4.4,Would trust government food safety agency most: men,15,pct,,chart,N,,Among those who would use at least one source. The '% Other' segment is not labelled.
C4_4_edu_0_8_family,76,Chart 4.4,Would trust friends or family most: 0-8 years education,38,pct,,chart,N,,Among those who would use at least one source. The '% Other' segment is not labelled.
C4_4_edu_0_8_medical,76,Chart 4.4,Would trust medical professionals most: 0-8 years education,22,pct,,chart,N,,Among those who would use at least one source. The '% Other' segment is not labelled.
C4_4_edu_0_8_authority,76,Chart 4.4,Would trust government food safety agency most: 0-8 years education,10,pct,,chart,N,,Among those who would use at least one source. The '% Other' segment is not labelled.
C4_4_edu_9_15_family,76,Chart 4.4,Would trust friends or family most: 9-15 years education,28,pct,,chart,N,,Among those who would use at least one source. The '% Other' segment is not labelled.
C4_4_edu_9_15_medical,76,Chart 4.4,Would trust medical professionals most: 9-15 years education,23,pct,,chart,N,,Among those who would use at least one source. The '% Other' segment is not labelled.
C4_4_edu_9_15_authority,76,Chart 4.4,Would trust government food safety agency most: 9-15 years education,16,pct,,chart,N,,Among those who would use at least one source. The '% Other' segment is not labelled.
C4_4_edu_16plus_family,76,Chart 4.4,Would trust friends or family most: 16+ years education,21,pct,,chart,N,,Among those who would use at least one source. The '% Other' segment is not labelled.
C4_4_edu_16plus_medical,76,Chart 4.4,Would trust medical professionals most: 16+ years education,20,pct,,chart,N,,Among those who would use at least one source. The '% Other' segment is not labelled.
C4_4_edu_16plus_authority,76,Chart 4.4,Would trust government food safety agency most: 16+ years education,25,pct,,chart,N,,Among those who would use at least one source. The '% Other' segment is not labelled.
X4_09_police,77,Chapter 4,Lost bag of great financial value: 'very likely' to be returned by: police,49,pct,,text,N,,The text says the neighbour 'would be likely' to return it; 38% matches 'very likely'.
X4_09_neighbour,77,Chapter 4,Lost bag of great financial value: 'very likely' to be returned by: neighbour,38,pct,,text,N,,The text says the neighbour 'would be likely' to return it; 38% matches 'very likely'.
X4_09_stranger,77,Chapter 4,Lost bag of great financial value: 'very likely' to be returned by: stranger,7,pct,,text,N,,The text says the neighbour 'would be likely' to return it; 38% matches 'very likely'.
X4_10_police,77,Chapter 4,High-income economies: 'very likely' a lost bag would be returned by: police,68,pct,,text,N,,
X4_10_neighbour,77,Chapter 4,High-income economies: 'very likely' a lost bag would be returned by: neighbour,57,pct,,text,N,,
X4_11,78,Chapter 4,Correlation across countries: average social trust score and % who trust the food safety authority most (footnote 17),0.529,correlation,0.01,text,N,,
X4_12,78,Chapter 4,Countries in the correlation in footnote 17,139,count,,text,N,,
X4_13,79,Chapter 4,Countries surveyed in the World Risk Poll,142,count,,text,N,,
X4_14,79,Chapter 4,Surveyed countries with no seat belt law,6,count,,text,N,,"External data: WHO Global status report on road safety 2018, Table A7."
X4_15,79,Chapter 4,Countries with no seat belt law where most people wear a seat belt,"LBR, MEX, NER",text,,text,N,,"ISO3 codes, sorted: 'In Liberia, Mexico and Niger, most people still reported that they wear seat belts'."
X4_16,79,Chapter 4,Countries with no seat belt law where less than half wear a seat belt,"AFG, BEN, BGD",text,,text,N,,"ISO3 codes, sorted."
X4_17,80,Chapter 4,"Do not typically wear a seat belt in a motorised vehicle, worldwide",20,pct,,text,N,,
C4_6_wear_world,80,Chart 4.6,Wear a seat belt when available: world,77,pct,,chart,N,,
C4_6_law_world,80,Chart 4.6,% of countries with a seat belt law: world,90,pct,,chart,N,,External data: WHO seat belt law by country (Table A7 of the WHO Global status report on road safety 2018).
C4_6_wear_low,80,Chart 4.6,Wear a seat belt when available: low income,45,pct,,chart,N,,
C4_6_law_low,80,Chart 4.6,% of countries with a seat belt law: low income,76,pct,,chart,N,,External data: WHO seat belt law by country (Table A7 of the WHO Global status report on road safety 2018).
C4_6_wear_lower_middle,80,Chart 4.6,Wear a seat belt when available: lower-middle income,59,pct,,chart,N,,
C4_6_law_lower_middle,80,Chart 4.6,% of countries with a seat belt law: lower-middle income,88,pct,,chart,N,,External data: WHO seat belt law by country (Table A7 of the WHO Global status report on road safety 2018).
C4_6_wear_upper_middle,80,Chart 4.6,Wear a seat belt when available: upper-middle income,90,pct,,chart,N,,
C4_6_law_upper_middle,80,Chart 4.6,% of countries with a seat belt law: upper-middle income,93,pct,,chart,N,,External data: WHO seat belt law by country (Table A7 of the WHO Global status report on road safety 2018).
C4_6_wear_high,80,Chart 4.6,Wear a seat belt when available: high income,96,pct,,chart,N,,
C4_6_law_high,80,Chart 4.6,% of countries with a seat belt law: high income,96,pct,,chart,N,,External data: WHO seat belt law by country (Table A7 of the WHO Global status report on road safety 2018).
X4_18_edu_0_8,81,Chapter 4,"Wear a seat belt when available, by education: 0-8 years education",70,pct,,text,N,,
X4_18_edu_16plus,81,Chapter 4,"Wear a seat belt when available, by education: 16+ years education",92,pct,,text,N,,
C4_7_low_women,81,Chart 4.7,"Wear a seat belt when available: low income, women",41,pct,,chart,N,,
C4_7_low_men,81,Chart 4.7,"Wear a seat belt when available: low income, men",50,pct,,chart,N,,
C4_7_low_edu_0_8,81,Chart 4.7,"Wear a seat belt when available: low income, 0-8 years education",42,pct,,chart,N,,
C4_7_low_edu_9_15,81,Chart 4.7,"Wear a seat belt when available: low income, 9-15 years education",55,pct,,chart,N,,
C4_7_low_edu_16plus,81,Chart 4.7,"Wear a seat belt when available: low income, 16+ years education",52,pct,,chart,N,,
C4_7_lower_middle_women,81,Chart 4.7,"Wear a seat belt when available: lower-middle income, women",53,pct,,chart,N,,
C4_7_lower_middle_men,81,Chart 4.7,"Wear a seat belt when available: lower-middle income, men",64,pct,,chart,N,,
C4_7_lower_middle_edu_0_8,81,Chart 4.7,"Wear a seat belt when available: lower-middle income, 0-8 years education",53,pct,,chart,N,,
C4_7_lower_middle_edu_9_15,81,Chart 4.7,"Wear a seat belt when available: lower-middle income, 9-15 years education",64,pct,,chart,N,,
C4_7_lower_middle_edu_16plus,81,Chart 4.7,"Wear a seat belt when available: lower-middle income, 16+ years education",72,pct,,chart,N,,
C4_7_upper_middle_women,81,Chart 4.7,"Wear a seat belt when available: upper-middle income, women",90,pct,,chart,N,,
C4_7_upper_middle_men,81,Chart 4.7,"Wear a seat belt when available: upper-middle income, men",91,pct,,chart,N,,
C4_7_upper_middle_edu_0_8,81,Chart 4.7,"Wear a seat belt when available: upper-middle income, 0-8 years education",90,pct,,chart,N,,
C4_7_upper_middle_edu_9_15,81,Chart 4.7,"Wear a seat belt when available: upper-middle income, 9-15 years education",89,pct,,chart,N,,
C4_7_upper_middle_edu_16plus,81,Chart 4.7,"Wear a seat belt when available: upper-middle income, 16+ years education",94,pct,,chart,N,,
C4_7_high_women,81,Chart 4.7,"Wear a seat belt when available: high income, women",96,pct,,chart,N,,
C4_7_high_men,81,Chart 4.7,"Wear a seat belt when available: high income, men",96,pct,,chart,N,,
C4_7_high_edu_0_8,81,Chart 4.7,"Wear a seat belt when available: high income, 0-8 years education",93,pct,,chart,N,,
C4_7_high_edu_9_15,81,Chart 4.7,"Wear a seat belt when available: high income, 9-15 years education",96,pct,,chart,N,,
C4_7_high_edu_16plus,81,Chart 4.7,"Wear a seat belt when available: high income, 16+ years education",98,pct,,chart,N,,
X4_19_none,82,Chapter 4,Wear a seat belt when available: countries with no seat belt law,58,pct,,text,N,,External data: WHO Table A7 (see README for the grouping).
X4_19_partial,82,Chapter 4,Wear a seat belt when available: countries with a partial seat belt law,72,pct,,text,N,,External data: WHO Table A7 (see README for the grouping).
X4_19_full,82,Chapter 4,Wear a seat belt when available: countries with a full (front and rear) seat belt law,93,pct,,text,N,,External data: WHO Table A7 (see README for the grouping).
C4_8_none,82,Chart 4.8,Wear a seat belt when available: countries with no seat belt law,58,pct,,chart,N,,External data: WHO Table A7 (see README for the grouping).
C4_8_partial,82,Chart 4.8,Wear a seat belt when available: countries with a partial seat belt law,72,pct,,chart,N,,External data: WHO Table A7 (see README for the grouping).
C4_8_full,82,Chart 4.8,Wear a seat belt when available: countries with a full (front and rear) seat belt law,93,pct,,chart,N,,External data: WHO Table A7 (see README for the grouping).
X4_20_south_europe,82,Chapter 4,Government should require businesses to adopt safety procedures and rules: Southern Europe,95,pct,,text,N,,
X4_20_south_asia,82,Chapter 4,Government should require businesses to adopt safety procedures and rules: Southern Asia,76,pct,,text,N,,
X4_20_IND,82,Chapter 4,Government should require businesses to adopt safety procedures and rules: India,74,pct,,text,N,,
X4_21,82,Chapter 4,Region with the lowest agreement that government should require businesses to adopt safety rules,south_asia,text,,text,N,,
X5_01_farmer,84,Chapter 5,Share of workers by occupation: Farmer/farmworker/fisher,23,pct,,text,N,,
X5_01_vendor,84,Chapter 5,Share of workers by occupation: Vendor/small scale trader/self-employed without hired workers,15,pct,,text,N,,
X5_01_manager,84,Chapter 5,Share of workers by occupation: Hired manager/executive/official,4,pct,,text,N,,
C5_1_farmer,84,Chart 5.1,Share of workers by sector or role: Farmer/farmworker/fisher,23,pct,,chart,N,,Workers: employed full or part time (the respondents asked the work questions).
C5_1_vendor,84,Chart 5.1,Share of workers by sector or role: Vendor/small scale trader/self-employed without hired workers,15,pct,,chart,N,,Workers: employed full or part time (the respondents asked the work questions).
C5_1_service,84,Chart 5.1,Share of workers by sector or role: Hired service worker,13,pct,,chart,N,,Workers: employed full or part time (the respondents asked the work questions).
C5_1_clerical,84,Chart 5.1,Share of workers by sector or role: Clerical/other office worker/sales worker,10,pct,,chart,N,,Workers: employed full or part time (the respondents asked the work questions).
C5_1_other,84,Chart 5.1,Share of workers by sector or role: Other,9,pct,,chart,N,,Workers: employed full or part time (the respondents asked the work questions).
C5_1_professional,84,Chart 5.1,Share of workers by sector or role: Professional,9,pct,,chart,N,,Workers: employed full or part time (the respondents asked the work questions).
C5_1_business_owner,84,Chart 5.1,Share of workers by sector or role: Business owner with hired workers,8,pct,,chart,N,,Workers: employed full or part time (the respondents asked the work questions).
C5_1_construction,84,Chart 5.1,Share of workers by sector or role: Construction/manufacturing/production worker,7,pct,,chart,N,,Workers: employed full or part time (the respondents asked the work questions).
C5_1_manager,84,Chart 5.1,Share of workers by sector or role: Hired manager/executive/official,4,pct,,chart,N,,Workers: employed full or part time (the respondents asked the work questions).
C5_1_dk,84,Chart 5.1,Share of workers by sector or role: Do not know,1,pct,,chart,N,,Workers: employed full or part time (the respondents asked the work questions).
C5_1_refused,84,Chart 5.1,Share of workers by sector or role: Refused,1,pct,,chart,N,,Workers: employed full or part time (the respondents asked the work questions).
X5_02,"85, 88",Chapter 5,"Workers who have ever been seriously injured while working, worldwide",19,pct,,text,N,,
X5_03,"85, 88",Chapter 5,"Workers who have ever been seriously injured while working, in people ('about/nearly 600 million')",600000000,count,50000000,text,N,,"Sum of population projection weights; 'about 600 million' (p. 85), 'nearly 600 million' (p. 88)."
X5_04,"85, 90",Chapter 5,Farmers/farmworkers/fishers: ever seriously injured while working,27,pct,,text,N,,
X5_05,"85, 90",Chapter 5,Construction/manufacturing/production workers: ever seriously injured while working,22,pct,,text,N,,
X5_06,"85, 96",Chapter 5,France: workers naming physical violence and harassment as a risk at work,32,pct,,text,N,,
X5_07_northwest_europe,85,Chapter 5,Workers naming physical violence and harassment as a risk at work ('at least one in four in each region'): Northern/Western Europe,25,pct,,text,N,,'At least one in four' is recorded as 25; page 96 gives 23% for this region.
X5_07_aus_nz,85,Chapter 5,Workers naming physical violence and harassment as a risk at work ('at least one in four in each region'): Australia & New Zealand,25,pct,5,text,N,,"'At least one in four' is recorded as 25, with a tolerance of 5 so that values from 25 to 30 fit."
X5_08_injured,"85, 102",Chapter 5,Workers who have experienced serious harm from mental health issues: ever seriously injured at work,32,pct,,text,N,,
X5_08_not_injured,"85, 102",Chapter 5,Workers who have experienced serious harm from mental health issues: never seriously injured at work,18,pct,,text,N,,
X5_09,"85, 103",Chapter 5,Workers for an employer who feel free to report safety problems without fear of punishment ('more than eight in 10'),80,pct,5,text,N,,"'More than eight in 10': recorded as 80, tolerance 5."
X5_10_difficult,85,Chapter 5,"Ever seriously injured at work, by view of safety rules: safety rules make the job more difficult",32,pct,,text,N,,
X5_10_good,85,Chapter 5,"Ever seriously injured at work, by view of safety rules: safety rules are a good thing",15,pct,,text,N,,
X5_11_edu_16plus,85,Chapter 5,"Workers who say safety rules at work are a good thing, by education: 16+ years education",89,pct,,text,N,,
X5_11_edu_0_8,85,Chapter 5,"Workers who say safety rules at work are a good thing, by education: 0-8 years education",72,pct,,text,N,,
X5_12_low,88,Chapter 5,"Ever seriously injured while working, by country income group: low income",31,pct,,text,N,,
X5_12_high,88,Chapter 5,"Ever seriously injured while working, by country income group: high income",15,pct,,text,N,,
C5_2_SLE,88,Chart 5.2,Ever seriously injured while working (map): Sierra Leone (top 3),69,pct,,chart,N,,"The legend ends (3% and 68%) look like the lowest and highest country values truncated, not rounded."
C5_2_GMB,88,Chart 5.2,Ever seriously injured while working (map): The Gambia (top 3),64,pct,,chart,N,,"The legend ends (3% and 68%) look like the lowest and highest country values truncated, not rounded."
C5_2_MWI,88,Chart 5.2,Ever seriously injured while working (map): Malawi (top 3),62,pct,,chart,N,,"The legend ends (3% and 68%) look like the lowest and highest country values truncated, not rounded."
C5_2_ITA,88,Chart 5.2,Ever seriously injured while working (map): Italy (bottom 3),7,pct,,chart,N,,"The legend ends (3% and 68%) look like the lowest and highest country values truncated, not rounded."
C5_2_SGP,88,Chart 5.2,Ever seriously injured while working (map): Singapore (bottom 3),5,pct,,chart,N,,"The legend ends (3% and 68%) look like the lowest and highest country values truncated, not rounded."
C5_2_POL,88,Chart 5.2,Ever seriously injured while working (map): Poland (bottom 3),4,pct,,chart,N,,"The legend ends (3% and 68%) look like the lowest and highest country values truncated, not rounded."
C5_2_legend_min,88,Chart 5.2,Ever seriously injured while working (map): legend minimum,3,pct,,chart,N,,"The legend ends (3% and 68%) look like the lowest and highest country values truncated, not rounded."
C5_2_legend_max,88,Chart 5.2,Ever seriously injured while working (map): legend maximum,68,pct,,chart,N,,"The legend ends (3% and 68%) look like the lowest and highest country values truncated, not rounded."
T5_1_SLE,89,Table 5.1,Countries where more than 50% of workers have been seriously injured: SLE,69,pct,,table,N,,
T5_1_GMB,89,Table 5.1,Countries where more than 50% of workers have been seriously injured: GMB,64,pct,,table,N,,
T5_1_MWI,89,Table 5.1,Countries where more than 50% of workers have been seriously injured: MWI,62,pct,,table,N,,
T5_1_MMR,89,Table 5.1,Countries where more than 50% of workers have been seriously injured: MMR,58,pct,,table,N,,
T5_1_LBR,89,Table 5.1,Countries where more than 50% of workers have been seriously injured: LBR,55,pct,,table,N,,
T5_1_UGA,89,Table 5.1,Countries where more than 50% of workers have been seriously injured: UGA,52,pct,,table,N,,
T5_1_ZMB,89,Table 5.1,Countries where more than 50% of workers have been seriously injured: ZMB,51,pct,,table,N,,
X5_13,89,Chapter 5,Countries where more than 50% of workers have been seriously injured while working,7,count,,text,N,,
X5_14,89,Chapter 5,Sierra Leone: workers ever seriously injured while working (highest in the world),69,pct,,text,N,,
C5_3_farmer,90,Chart 5.3,"Ever seriously injured while working, by profession: Agricultural labourer",27,pct,,chart,N,,
C5_3_construction,90,Chart 5.3,"Ever seriously injured while working, by profession: Construction/manufacturing",22,pct,,chart,N,,
C5_3_business_owner,90,Chart 5.3,"Ever seriously injured while working, by profession: Business owner",22,pct,,chart,N,,
C5_3_vendor,90,Chart 5.3,"Ever seriously injured while working, by profession: Vendor/trader",20,pct,,chart,N,,
C5_3_service,90,Chart 5.3,"Ever seriously injured while working, by profession: Hired worker",19,pct,,chart,N,,
C5_3_professional,90,Chart 5.3,"Ever seriously injured while working, by profession: Professional",12,pct,,chart,N,,
C5_3_manager,90,Chart 5.3,"Ever seriously injured while working, by profession: Hired manager/official",12,pct,,chart,N,,
C5_3_clerical,90,Chart 5.3,"Ever seriously injured while working, by profession: Clerical worker",7,pct,,chart,N,,
C5_4_north_america_construction,91,Chart 5.4,"Ever seriously injured while working: Northern America, % construction/manufacturing/production workers",30,pct,,chart,N,,
C5_4_north_america_farmer,91,Chart 5.4,"Ever seriously injured while working: Northern America, % farmers/agricultural",11,pct,,chart,N,,
C5_4_north_america_gap,91,Chart 5.4,"Ever seriously injured while working: Northern America, gap between the two (points, absolute)",19,pct,,chart,N,,
C5_4_central_asia_construction,91,Chart 5.4,"Ever seriously injured while working: Central Asia, % construction/manufacturing/production workers",29,pct,,chart,N,,
C5_4_central_asia_farmer,91,Chart 5.4,"Ever seriously injured while working: Central Asia, % farmers/agricultural",15,pct,,chart,N,,
C5_4_central_asia_gap,91,Chart 5.4,"Ever seriously injured while working: Central Asia, gap between the two (points, absolute)",14,pct,,chart,N,,
C5_4_south_europe_construction,91,Chart 5.4,"Ever seriously injured while working: Southern Europe, % construction/manufacturing/production workers",13,pct,,chart,N,,
C5_4_south_europe_farmer,91,Chart 5.4,"Ever seriously injured while working: Southern Europe, % farmers/agricultural",27,pct,,chart,N,,
C5_4_south_europe_gap,91,Chart 5.4,"Ever seriously injured while working: Southern Europe, gap between the two (points, absolute)",14,pct,,chart,N,,
C5_4_aus_nz_construction,91,Chart 5.4,"Ever seriously injured while working: Australia & New Zealand, % construction/manufacturing/production workers",28,pct,,chart,N,,
C5_4_aus_nz_farmer,91,Chart 5.4,"Ever seriously injured while working: Australia & New Zealand, % farmers/agricultural",40,pct,,chart,N,,
C5_4_aus_nz_gap,91,Chart 5.4,"Ever seriously injured while working: Australia & New Zealand, gap between the two (points, absolute)",12,pct,,chart,N,,
C5_4_southeast_asia_construction,91,Chart 5.4,"Ever seriously injured while working: Southeastern Asia, % construction/manufacturing/production workers",18,pct,,chart,N,,
C5_4_southeast_asia_farmer,91,Chart 5.4,"Ever seriously injured while working: Southeastern Asia, % farmers/agricultural",29,pct,,chart,N,,
C5_4_southeast_asia_gap,91,Chart 5.4,"Ever seriously injured while working: Southeastern Asia, gap between the two (points, absolute)",11,pct,,chart,N,,
C5_4_east_asia_construction,91,Chart 5.4,"Ever seriously injured while working: Eastern Asia, % construction/manufacturing/production workers",8,pct,,chart,N,,
C5_4_east_asia_farmer,91,Chart 5.4,"Ever seriously injured while working: Eastern Asia, % farmers/agricultural",16,pct,,chart,N,,
C5_4_east_asia_gap,91,Chart 5.4,"Ever seriously injured while working: Eastern Asia, gap between the two (points, absolute)",8,pct,,chart,N,,
C5_4_east_africa_construction,91,Chart 5.4,"Ever seriously injured while working: Eastern Africa, % construction/manufacturing/production workers",40,pct,,chart,N,,
C5_4_east_africa_farmer,91,Chart 5.4,"Ever seriously injured while working: Eastern Africa, % farmers/agricultural",34,pct,,chart,N,,
C5_4_east_africa_gap,91,Chart 5.4,"Ever seriously injured while working: Eastern Africa, gap between the two (points, absolute)",6,pct,,chart,N,,
C5_4_southern_africa_construction,91,Chart 5.4,"Ever seriously injured while working: Southern Africa, % construction/manufacturing/production workers",18,pct,,chart,N,,
C5_4_southern_africa_farmer,91,Chart 5.4,"Ever seriously injured while working: Southern Africa, % farmers/agricultural",24,pct,,chart,N,,
C5_4_southern_africa_gap,91,Chart 5.4,"Ever seriously injured while working: Southern Africa, gap between the two (points, absolute)",6,pct,,chart,N,,
C5_4_central_west_africa_construction,91,Chart 5.4,"Ever seriously injured while working: Central/Western Africa, % construction/manufacturing/production workers",38,pct,,chart,N,,
C5_4_central_west_africa_farmer,91,Chart 5.4,"Ever seriously injured while working: Central/Western Africa, % farmers/agricultural",34,pct,,chart,N,,
C5_4_central_west_africa_gap,91,Chart 5.4,"Ever seriously injured while working: Central/Western Africa, gap between the two (points, absolute)",4,pct,,chart,N,,
C5_4_north_africa_construction,91,Chart 5.4,"Ever seriously injured while working: Northern Africa, % construction/manufacturing/production workers",23,pct,,chart,N,,
C5_4_north_africa_farmer,91,Chart 5.4,"Ever seriously injured while working: Northern Africa, % farmers/agricultural",19,pct,,chart,N,,
C5_4_north_africa_gap,91,Chart 5.4,"Ever seriously injured while working: Northern Africa, gap between the two (points, absolute)",4,pct,,chart,N,,
C5_4_latin_america_construction,91,Chart 5.4,"Ever seriously injured while working: Latin America & Caribbean, % construction/manufacturing/production workers",35,pct,,chart,N,,
C5_4_latin_america_farmer,91,Chart 5.4,"Ever seriously injured while working: Latin America & Caribbean, % farmers/agricultural",38,pct,,chart,N,,
C5_4_latin_america_gap,91,Chart 5.4,"Ever seriously injured while working: Latin America & Caribbean, gap between the two (points, absolute)",3,pct,,chart,N,,
C5_4_middle_east_construction,91,Chart 5.4,"Ever seriously injured while working: Middle East, % construction/manufacturing/production workers",38,pct,,chart,N,,
C5_4_middle_east_farmer,91,Chart 5.4,"Ever seriously injured while working: Middle East, % farmers/agricultural",40,pct,,chart,N,,
C5_4_middle_east_gap,91,Chart 5.4,"Ever seriously injured while working: Middle East, gap between the two (points, absolute)",2,pct,,chart,N,,
C5_4_south_asia_construction,91,Chart 5.4,"Ever seriously injured while working: Southern Asia, % construction/manufacturing/production workers",30,pct,,chart,N,,
C5_4_south_asia_farmer,91,Chart 5.4,"Ever seriously injured while working: Southern Asia, % farmers/agricultural",32,pct,,chart,N,,
C5_4_south_asia_gap,91,Chart 5.4,"Ever seriously injured while working: Southern Asia, gap between the two (points, absolute)",2,pct,,chart,N,,
C5_4_northwest_europe_construction,91,Chart 5.4,"Ever seriously injured while working: Northern/Western Europe, % construction/manufacturing/production workers",25,pct,,chart,N,,
C5_4_northwest_europe_farmer,91,Chart 5.4,"Ever seriously injured while working: Northern/Western Europe, % farmers/agricultural",26,pct,,chart,N,,
C5_4_northwest_europe_gap,91,Chart 5.4,"Ever seriously injured while working: Northern/Western Europe, gap between the two (points, absolute)",1,pct,,chart,N,,
C5_4_east_europe_construction,91,Chart 5.4,"Ever seriously injured while working: Eastern Europe, % construction/manufacturing/production workers",20,pct,,chart,N,,
C5_4_east_europe_farmer,91,Chart 5.4,"Ever seriously injured while working: Eastern Europe, % farmers/agricultural",20,pct,,chart,N,,
C5_4_east_europe_gap,91,Chart 5.4,"Ever seriously injured while working: Eastern Europe, gap between the two (points, absolute)",0,pct,,chart,N,,
X5_15_men,92,Chapter 5,"Workers ever seriously injured while working, by gender: men",23,pct,,text,N,,
X5_15_women,92,Chapter 5,"Workers ever seriously injured while working, by gender: women",14,pct,,text,N,,
C5_5_women_business_owner,92,Chart 5.5,"Ever seriously injured while working: women, Business owner with hired employees",19,pct,,chart,N,,
C5_5_men_business_owner,92,Chart 5.5,"Ever seriously injured while working: men, Business owner with hired employees",24,pct,,chart,N,,
C5_5_women_vendor,92,Chart 5.5,"Ever seriously injured while working: women, Vendor/small scale trader/self-employed",15,pct,,chart,N,,
C5_5_men_vendor,92,Chart 5.5,"Ever seriously injured while working: men, Vendor/small scale trader/self-employed",23,pct,,chart,N,,
C5_5_women_professional,92,Chart 5.5,"Ever seriously injured while working: women, Professional",10,pct,,chart,N,,
C5_5_men_professional,92,Chart 5.5,"Ever seriously injured while working: men, Professional",14,pct,,chart,N,,
C5_5_women_manager,92,Chart 5.5,"Ever seriously injured while working: women, Hired manager/executive/official",11,pct,,chart,N,,
C5_5_men_manager,92,Chart 5.5,"Ever seriously injured while working: men, Hired manager/executive/official",13,pct,,chart,N,,
C5_5_women_clerical,92,Chart 5.5,"Ever seriously injured while working: women, Clerical/office worker",4,pct,,chart,N,,
C5_5_men_clerical,92,Chart 5.5,"Ever seriously injured while working: men, Clerical/office worker",11,pct,,chart,N,,
C5_5_women_service,92,Chart 5.5,"Ever seriously injured while working: women, Hired service worker",13,pct,,chart,N,,
C5_5_men_service,92,Chart 5.5,"Ever seriously injured while working: men, Hired service worker",23,pct,,chart,N,,
C5_5_women_construction,92,Chart 5.5,"Ever seriously injured while working: women, Construction/manufacturing/production",12,pct,,chart,N,,
C5_5_men_construction,92,Chart 5.5,"Ever seriously injured while working: men, Construction/manufacturing/production",25,pct,,chart,N,,
C5_5_women_farmer,92,Chart 5.5,"Ever seriously injured while working: women, Farmer/farmworker/fisher",23,pct,,chart,N,,
C5_5_men_farmer,92,Chart 5.5,"Ever seriously injured while working: men, Farmer/farmworker/fisher",30,pct,,chart,N,,
X5_16_men,93,Chapter 5,"Southern Asia: workers ever seriously injured, by gender: men",29,pct,,text,N,,
X5_16_women,93,Chapter 5,"Southern Asia: workers ever seriously injured, by gender: women",27,pct,,text,N,,
X5_17_men,93,Chapter 5,"Southern Asia: farmers/farmworkers/fishers ever seriously injured, by gender ('men (32%) and women (32%) who work in the region's large agricultural sector'): men",32,pct,,text,N,,"Read as the injury rate among agricultural workers, which the data reproduces. As the share of workers in agriculture (as the sentence can also be read) the data gives 39% of men and 41% of women."
X5_17_women,93,Chapter 5,"Southern Asia: farmers/farmworkers/fishers ever seriously injured, by gender ('men (32%) and women (32%) who work in the region's large agricultural sector'): women",32,pct,,text,N,,"Read as the injury rate among agricultural workers, which the data reproduces. As the share of workers in agriculture (as the sentence can also be read) the data gives 39% of men and 41% of women."
X5_18_men,93,Chapter 5,"Sri Lanka: workers ever seriously injured, by gender: men",41,pct,,text,N,,
X5_18_women,93,Chapter 5,"Sri Lanka: workers ever seriously injured, by gender: women",27,pct,,text,N,,
X5_19_edu_16plus,93,Chapter 5,"Workers ever seriously injured, by education: 16+ years education",10,pct,,text,N,,
X5_19_edu_0_8,93,Chapter 5,"Workers ever seriously injured, by education: 0-8 years education",24,pct,,text,N,,
C5_6_women_edu_0_8,93,Chart 5.6,"Ever seriously injured while working: women, 0-8 years education",19,pct,,chart,N,,
C5_6_men_edu_0_8,93,Chart 5.6,"Ever seriously injured while working: men, 0-8 years education",32,pct,,chart,N,,
C5_6_women_edu_9_15,93,Chart 5.6,"Ever seriously injured while working: women, 9-15 years education",10,pct,,chart,N,,
C5_6_men_edu_9_15,93,Chart 5.6,"Ever seriously injured while working: men, 9-15 years education",31,pct,,chart,N,,
C5_6_women_edu_16plus,93,Chart 5.6,"Ever seriously injured while working: women, 16+ years education",3,pct,,chart,N,,
C5_6_men_edu_16plus,93,Chart 5.6,"Ever seriously injured while working: men, 16+ years education",6,pct,,chart,N,,
X5_20_trips,94,Chapter 5,Workers naming this as a source of risk to their safety at work: tripping or falling,45,pct,,text,N,,
X5_20_fire,94,Chapter 5,Workers naming this as a source of risk to their safety at work: fire,25,pct,,text,N,,
X5_20_machinery,94,Chapter 5,Workers naming this as a source of risk to their safety at work: operating equipment or heavy machinery,23,pct,,text,N,,
X5_20_chemicals,94,Chapter 5,Workers naming this as a source of risk to their safety at work: exposure to chemicals or biological substances,21,pct,,text,N,,
X5_20_violence,94,Chapter 5,Workers naming this as a source of risk to their safety at work: physical harassment or violence,17,pct,,text,N,,
X5_21_low,94,Chapter 5,Workers naming at least one of the five sources of risk: low-income economies,74,pct,,text,N,,
X5_21_not_low,94,Chapter 5,Workers naming at least one of the five sources of risk: all other economies,58,pct,,text,N,,
X5_22,95,Chapter 5,Bangladesh: workers naming fire as a risk at work,50,pct,,text,N,,
C5_7_east_africa_fire,95,Chart 5.7,"Top perceived risk at work excluding trips and falls: Eastern Africa, % fire",43,pct,,chart,N,,
C5_7_middle_east_fire,95,Chart 5.7,"Top perceived risk at work excluding trips and falls: Middle East, % fire",43,pct,,chart,N,,
C5_7_central_west_africa_fire,95,Chart 5.7,"Top perceived risk at work excluding trips and falls: Central/Western Africa, % fire",40,pct,,chart,N,,
C5_7_southern_africa_machinery,95,Chart 5.7,"Top perceived risk at work excluding trips and falls: Southern Africa, % operating equipment or heavy machinery",39,pct,,chart,N,,
C5_7_latin_america_chemicals,95,Chart 5.7,"Top perceived risk at work excluding trips and falls: Latin America & Caribbean, % exposure to chemicals or biological substances",34,pct,,chart,N,,
C5_7_east_europe_machinery,95,Chart 5.7,"Top perceived risk at work excluding trips and falls: Eastern Europe, % operating equipment or heavy machinery",30,pct,,chart,N,,
C5_7_south_asia_fire,95,Chart 5.7,"Top perceived risk at work excluding trips and falls: Southern Asia, % fire",30,pct,,chart,N,,
C5_7_aus_nz_chemicals,95,Chart 5.7,"Top perceived risk at work excluding trips and falls: Australia & New Zealand, % exposure to chemicals or biological substances",29,pct,,chart,N,,
C5_7_north_america_chemicals,95,Chart 5.7,"Top perceived risk at work excluding trips and falls: Northern America, % exposure to chemicals or biological substances",29,pct,,chart,N,,
C5_7_north_africa_fire,95,Chart 5.7,"Top perceived risk at work excluding trips and falls: Northern Africa, % fire",26,pct,,chart,N,,
C5_7_south_europe_chemicals,95,Chart 5.7,"Top perceived risk at work excluding trips and falls: Southern Europe, % exposure to chemicals or biological substances",26,pct,,chart,N,,
C5_7_central_asia_machinery,95,Chart 5.7,"Top perceived risk at work excluding trips and falls: Central Asia, % operating equipment or heavy machinery",25,pct,,chart,N,,
C5_7_southeast_asia_fire,95,Chart 5.7,"Top perceived risk at work excluding trips and falls: Southeastern Asia, % fire",25,pct,,chart,N,,
C5_7_northwest_europe_violence,95,Chart 5.7,"Top perceived risk at work excluding trips and falls: Northern/Western Europe, % physical harassment or violence",23,pct,,chart,N,,
C5_7_east_asia_machinery,95,Chart 5.7,"Top perceived risk at work excluding trips and falls: Eastern Asia, % operating equipment or heavy machinery",16,pct,,chart,N,,
C5_7_east_asia_fire,95,Chart 5.7,"Top perceived risk at work excluding trips and falls: Eastern Asia, % fire",16,pct,,chart,N,,
C5_7_top_east_africa,95,Chart 5.7,Top perceived risk at work excluding trips and falls: Eastern Africa,fire,text,,chart,N,,
C5_7_top_central_west_africa,95,Chart 5.7,Top perceived risk at work excluding trips and falls: Central/Western Africa,fire,text,,chart,N,,
C5_7_top_north_africa,95,Chart 5.7,Top perceived risk at work excluding trips and falls: Northern Africa,fire,text,,chart,N,,
C5_7_top_southern_africa,95,Chart 5.7,Top perceived risk at work excluding trips and falls: Southern Africa,machinery,text,,chart,N,,
C5_7_top_latin_america,95,Chart 5.7,Top perceived risk at work excluding trips and falls: Latin America & Caribbean,chemicals,text,,chart,N,,
C5_7_top_north_america,95,Chart 5.7,Top perceived risk at work excluding trips and falls: Northern America,chemicals,text,,chart,N,,
C5_7_top_central_asia,95,Chart 5.7,Top perceived risk at work excluding trips and falls: Central Asia,machinery,text,,chart,N,,
C5_7_top_east_asia,95,Chart 5.7,Top perceived risk at work excluding trips and falls: Eastern Asia,fire / machinery,text,,chart,N,,Eastern Asia shows a tie between machinery and fire (16% each).
C5_7_top_southeast_asia,95,Chart 5.7,Top perceived risk at work excluding trips and falls: Southeastern Asia,fire,text,,chart,N,,
C5_7_top_south_asia,95,Chart 5.7,Top perceived risk at work excluding trips and falls: Southern Asia,fire,text,,chart,N,,
C5_7_top_middle_east,95,Chart 5.7,Top perceived risk at work excluding trips and falls: Middle East,fire,text,,chart,N,,
C5_7_top_east_europe,95,Chart 5.7,Top perceived risk at work excluding trips and falls: Eastern Europe,machinery,text,,chart,N,,
C5_7_top_northwest_europe,95,Chart 5.7,Top perceived risk at work excluding trips and falls: Northern/Western Europe,violence,text,,chart,N,,
C5_7_top_south_europe,95,Chart 5.7,Top perceived risk at work excluding trips and falls: Southern Europe,chemicals,text,,chart,N,,
C5_7_top_aus_nz,95,Chart 5.7,Top perceived risk at work excluding trips and falls: Australia & New Zealand,chemicals,text,,chart,N,,
X5_23_northwest_europe,96,Chapter 5,Workers naming physical violence and harassment as a risk at work: Northern/Western Europe,23,pct,,text,N,,
X5_23_aus_nz,96,Chapter 5,Workers naming physical violence and harassment as a risk at work: Australia & New Zealand,28,pct,,text,N,,
X5_24_women,96,Chapter 5,France: workers naming physical violence and harassment as a risk at work: women,38,pct,,text,N,,
X5_24_men,96,Chapter 5,France: workers naming physical violence and harassment as a risk at work: men,28,pct,,text,N,,
C5_8_FRA_all,97,Chart 5.8,"Workers naming physical violence/harassment as a risk: FRA, all",32,pct,,chart,N,,
C5_8_FRA_women,97,Chart 5.8,"Workers naming physical violence/harassment as a risk: FRA, women",38,pct,,chart,N,,
C5_8_FRA_men,97,Chart 5.8,"Workers naming physical violence/harassment as a risk: FRA, men",28,pct,,chart,N,,
C5_8_AUS_all,97,Chart 5.8,"Workers naming physical violence/harassment as a risk: AUS, all",28,pct,,chart,N,,
C5_8_AUS_women,97,Chart 5.8,"Workers naming physical violence/harassment as a risk: AUS, women",32,pct,,chart,N,,
C5_8_AUS_men,97,Chart 5.8,"Workers naming physical violence/harassment as a risk: AUS, men",25,pct,,chart,N,,
C5_8_FIN_all,97,Chart 5.8,"Workers naming physical violence/harassment as a risk: FIN, all",27,pct,,chart,N,,
C5_8_FIN_women,97,Chart 5.8,"Workers naming physical violence/harassment as a risk: FIN, women",42,pct,,chart,N,,
C5_8_FIN_men,97,Chart 5.8,"Workers naming physical violence/harassment as a risk: FIN, men",14,pct,,chart,N,,
C5_8_BEL_all,97,Chart 5.8,"Workers naming physical violence/harassment as a risk: BEL, all",26,pct,,chart,N,,
C5_8_BEL_women,97,Chart 5.8,"Workers naming physical violence/harassment as a risk: BEL, women",29,pct,,chart,N,,
C5_8_BEL_men,97,Chart 5.8,"Workers naming physical violence/harassment as a risk: BEL, men",23,pct,,chart,N,,
C5_8_NZL_all,97,Chart 5.8,"Workers naming physical violence/harassment as a risk: NZL, all",25,pct,,chart,N,,
C5_8_NZL_women,97,Chart 5.8,"Workers naming physical violence/harassment as a risk: NZL, women",28,pct,,chart,N,,
C5_8_NZL_men,97,Chart 5.8,"Workers naming physical violence/harassment as a risk: NZL, men",23,pct,,chart,N,,
C5_8_SWE_all,97,Chart 5.8,"Workers naming physical violence/harassment as a risk: SWE, all",24,pct,,chart,N,,
C5_8_SWE_women,97,Chart 5.8,"Workers naming physical violence/harassment as a risk: SWE, women",32,pct,,chart,N,,
C5_8_SWE_men,97,Chart 5.8,"Workers naming physical violence/harassment as a risk: SWE, men",17,pct,,chart,N,,
C5_8_GBR_all,97,Chart 5.8,"Workers naming physical violence/harassment as a risk: GBR, all",24,pct,,chart,N,,
C5_8_GBR_women,97,Chart 5.8,"Workers naming physical violence/harassment as a risk: GBR, women",28,pct,,chart,N,,
C5_8_GBR_men,97,Chart 5.8,"Workers naming physical violence/harassment as a risk: GBR, men",20,pct,,chart,N,,
C5_8_NLD_all,97,Chart 5.8,"Workers naming physical violence/harassment as a risk: NLD, all",24,pct,,chart,N,,
C5_8_NLD_women,97,Chart 5.8,"Workers naming physical violence/harassment as a risk: NLD, women",28,pct,,chart,N,,
C5_8_NLD_men,97,Chart 5.8,"Workers naming physical violence/harassment as a risk: NLD, men",20,pct,,chart,N,,
C5_8_IRL_all,97,Chart 5.8,"Workers naming physical violence/harassment as a risk: IRL, all",23,pct,,chart,N,,
C5_8_IRL_women,97,Chart 5.8,"Workers naming physical violence/harassment as a risk: IRL, women",28,pct,,chart,N,,
C5_8_IRL_men,97,Chart 5.8,"Workers naming physical violence/harassment as a risk: IRL, men",18,pct,,chart,N,,
C5_8_LUX_all,97,Chart 5.8,"Workers naming physical violence/harassment as a risk: LUX, all",22,pct,,chart,N,,
C5_8_LUX_women,97,Chart 5.8,"Workers naming physical violence/harassment as a risk: LUX, women",22,pct,,chart,N,,
C5_8_LUX_men,97,Chart 5.8,"Workers naming physical violence/harassment as a risk: LUX, men",22,pct,,chart,N,,
C5_8_DNK_all,97,Chart 5.8,"Workers naming physical violence/harassment as a risk: DNK, all",20,pct,,chart,N,,
C5_8_DNK_women,97,Chart 5.8,"Workers naming physical violence/harassment as a risk: DNK, women",29,pct,,chart,N,,
C5_8_DNK_men,97,Chart 5.8,"Workers naming physical violence/harassment as a risk: DNK, men",12,pct,,chart,N,,
C5_8_NOR_all,97,Chart 5.8,"Workers naming physical violence/harassment as a risk: NOR, all",19,pct,,chart,N,,
C5_8_NOR_women,97,Chart 5.8,"Workers naming physical violence/harassment as a risk: NOR, women",27,pct,,chart,N,,
C5_8_NOR_men,97,Chart 5.8,"Workers naming physical violence/harassment as a risk: NOR, men",12,pct,,chart,N,,
C5_8_DEU_all,97,Chart 5.8,"Workers naming physical violence/harassment as a risk: DEU, all",17,pct,,chart,N,,
C5_8_DEU_women,97,Chart 5.8,"Workers naming physical violence/harassment as a risk: DEU, women",22,pct,,chart,N,,
C5_8_DEU_men,97,Chart 5.8,"Workers naming physical violence/harassment as a risk: DEU, men",11,pct,,chart,N,,
C5_8_CHE_all,97,Chart 5.8,"Workers naming physical violence/harassment as a risk: CHE, all",17,pct,,chart,N,,
C5_8_CHE_women,97,Chart 5.8,"Workers naming physical violence/harassment as a risk: CHE, women",18,pct,,chart,N,,
C5_8_CHE_men,97,Chart 5.8,"Workers naming physical violence/harassment as a risk: CHE, men",15,pct,,chart,N,,
C5_8_AUT_all,97,Chart 5.8,"Workers naming physical violence/harassment as a risk: AUT, all",15,pct,,chart,N,,
C5_8_AUT_women,97,Chart 5.8,"Workers naming physical violence/harassment as a risk: AUT, women",19,pct,,chart,N,,
C5_8_AUT_men,97,Chart 5.8,"Workers naming physical violence/harassment as a risk: AUT, men",12,pct,,chart,N,,
C5_8_LTU_all,97,Chart 5.8,"Workers naming physical violence/harassment as a risk: LTU, all",8,pct,,chart,N,,
C5_8_LTU_women,97,Chart 5.8,"Workers naming physical violence/harassment as a risk: LTU, women",8,pct,,chart,N,,
C5_8_LTU_men,97,Chart 5.8,"Workers naming physical violence/harassment as a risk: LTU, men",7,pct,,chart,N,,
C5_8_LVA_all,97,Chart 5.8,"Workers naming physical violence/harassment as a risk: LVA, all",6,pct,,chart,N,,
C5_8_LVA_women,97,Chart 5.8,"Workers naming physical violence/harassment as a risk: LVA, women",8,pct,,chart,N,,
C5_8_LVA_men,97,Chart 5.8,"Workers naming physical violence/harassment as a risk: LVA, men",5,pct,,chart,N,,
C5_8_EST_all,97,Chart 5.8,"Workers naming physical violence/harassment as a risk: EST, all",6,pct,,chart,N,,
C5_8_EST_women,97,Chart 5.8,"Workers naming physical violence/harassment as a risk: EST, women",8,pct,,chart,N,,
C5_8_EST_men,97,Chart 5.8,"Workers naming physical violence/harassment as a risk: EST, men",4,pct,,chart,N,,
X5_25_women,98,Chapter 5,"Workers naming physical violence or harassment as a risk at work, by gender: women",17,pct,,text,N,,
X5_25_men,98,Chapter 5,"Workers naming physical violence or harassment as a risk at work, by gender: men",18,pct,,text,N,,
X5_26_low_men,98,Chapter 5,Workers naming physical violence or harassment as a risk at work: low men,39,pct,,text,N,,
X5_26_low_women,98,Chapter 5,Workers naming physical violence or harassment as a risk at work: low women,36,pct,,text,N,,
X5_26_high_women,98,Chapter 5,Workers naming physical violence or harassment as a risk at work: high women,24,pct,,text,N,,
X5_26_high_men,98,Chapter 5,Workers naming physical violence or harassment as a risk at work: high men,18,pct,,text,N,,
C5_9_women_low_machinery,98,Chart 5.9,"Source of risk at work, operating equipment or heavy machinery: women, low income",27,pct,,chart,N,,
C5_9_women_low_fire,98,Chart 5.9,"Source of risk at work, fire: women, low income",46,pct,,chart,N,,
C5_9_women_low_violence,98,Chart 5.9,"Source of risk at work, physical harassment or violence: women, low income",36,pct,,chart,N,,
C5_9_women_low_chemicals,98,Chart 5.9,"Source of risk at work, exposure to chemicals or biological substances: women, low income",31,pct,,chart,N,,
C5_9_women_low_trips,98,Chart 5.9,"Source of risk at work, tripping or falling: women, low income",57,pct,,chart,N,,
C5_9_women_lower_middle_machinery,98,Chart 5.9,"Source of risk at work, operating equipment or heavy machinery: women, lower-middle income",15,pct,,chart,N,,
C5_9_women_lower_middle_fire,98,Chart 5.9,"Source of risk at work, fire: women, lower-middle income",32,pct,,chart,N,,
C5_9_women_lower_middle_violence,98,Chart 5.9,"Source of risk at work, physical harassment or violence: women, lower-middle income",17,pct,,chart,N,,
C5_9_women_lower_middle_chemicals,98,Chart 5.9,"Source of risk at work, exposure to chemicals or biological substances: women, lower-middle income",19,pct,,chart,N,,
C5_9_women_lower_middle_trips,98,Chart 5.9,"Source of risk at work, tripping or falling: women, lower-middle income",36,pct,,chart,N,,
C5_9_women_upper_middle_machinery,98,Chart 5.9,"Source of risk at work, operating equipment or heavy machinery: women, upper-middle income",13,pct,,chart,N,,
C5_9_women_upper_middle_fire,98,Chart 5.9,"Source of risk at work, fire: women, upper-middle income",17,pct,,chart,N,,
C5_9_women_upper_middle_violence,98,Chart 5.9,"Source of risk at work, physical harassment or violence: women, upper-middle income",9,pct,,chart,N,,
C5_9_women_upper_middle_chemicals,98,Chart 5.9,"Source of risk at work, exposure to chemicals or biological substances: women, upper-middle income",15,pct,,chart,N,,
C5_9_women_upper_middle_trips,98,Chart 5.9,"Source of risk at work, tripping or falling: women, upper-middle income",39,pct,,chart,N,,
C5_9_women_high_machinery,98,Chart 5.9,"Source of risk at work, operating equipment or heavy machinery: women, high income",12,pct,,chart,N,,
C5_9_women_high_fire,98,Chart 5.9,"Source of risk at work, fire: women, high income",16,pct,,chart,N,,
C5_9_women_high_violence,98,Chart 5.9,"Source of risk at work, physical harassment or violence: women, high income",24,pct,,chart,N,,
C5_9_women_high_chemicals,98,Chart 5.9,"Source of risk at work, exposure to chemicals or biological substances: women, high income",18,pct,,chart,N,,
C5_9_women_high_trips,98,Chart 5.9,"Source of risk at work, tripping or falling: women, high income",56,pct,,chart,N,,
C5_9_men_low_machinery,98,Chart 5.9,"Source of risk at work, operating equipment or heavy machinery: men, low income",36,pct,,chart,N,,
C5_9_men_low_fire,98,Chart 5.9,"Source of risk at work, fire: men, low income",41,pct,,chart,N,,
C5_9_men_low_violence,98,Chart 5.9,"Source of risk at work, physical harassment or violence: men, low income",39,pct,,chart,N,,
C5_9_men_low_chemicals,98,Chart 5.9,"Source of risk at work, exposure to chemicals or biological substances: men, low income",34,pct,,chart,N,,
C5_9_men_low_trips,98,Chart 5.9,"Source of risk at work, tripping or falling: men, low income",60,pct,,chart,N,,
C5_9_men_lower_middle_machinery,98,Chart 5.9,"Source of risk at work, operating equipment or heavy machinery: men, lower-middle income",28,pct,,chart,N,,
C5_9_men_lower_middle_fire,98,Chart 5.9,"Source of risk at work, fire: men, lower-middle income",28,pct,,chart,N,,
C5_9_men_lower_middle_violence,98,Chart 5.9,"Source of risk at work, physical harassment or violence: men, lower-middle income",20,pct,,chart,N,,
C5_9_men_lower_middle_chemicals,98,Chart 5.9,"Source of risk at work, exposure to chemicals or biological substances: men, lower-middle income",23,pct,,chart,N,,
C5_9_men_lower_middle_trips,98,Chart 5.9,"Source of risk at work, tripping or falling: men, lower-middle income",40,pct,,chart,N,,
C5_9_men_upper_middle_machinery,98,Chart 5.9,"Source of risk at work, operating equipment or heavy machinery: men, upper-middle income",29,pct,,chart,N,,
C5_9_men_upper_middle_fire,98,Chart 5.9,"Source of risk at work, fire: men, upper-middle income",24,pct,,chart,N,,
C5_9_men_upper_middle_violence,98,Chart 5.9,"Source of risk at work, physical harassment or violence: men, upper-middle income",13,pct,,chart,N,,
C5_9_men_upper_middle_chemicals,98,Chart 5.9,"Source of risk at work, exposure to chemicals or biological substances: men, upper-middle income",23,pct,,chart,N,,
C5_9_men_upper_middle_trips,98,Chart 5.9,"Source of risk at work, tripping or falling: men, upper-middle income",45,pct,,chart,N,,
C5_9_men_high_machinery,98,Chart 5.9,"Source of risk at work, operating equipment or heavy machinery: men, high income",31,pct,,chart,N,,
C5_9_men_high_fire,98,Chart 5.9,"Source of risk at work, fire: men, high income",23,pct,,chart,N,,
C5_9_men_high_violence,98,Chart 5.9,"Source of risk at work, physical harassment or violence: men, high income",18,pct,,chart,N,,
C5_9_men_high_chemicals,98,Chart 5.9,"Source of risk at work, exposure to chemicals or biological substances: men, high income",27,pct,,chart,N,,
C5_9_men_high_trips,98,Chart 5.9,"Source of risk at work, tripping or falling: men, high income",59,pct,,chart,N,,
C5_10_trips,99,Chart 5.10,Workers who (or someone they work with) experienced harm at work in the past two years: Tripping or falling,30,pct,,chart,N,,
C5_10_machinery,99,Chart 5.10,Workers who (or someone they work with) experienced harm at work in the past two years: Operating equipment or heavy machinery,15,pct,,chart,N,,
C5_10_violence,99,Chart 5.10,Workers who (or someone they work with) experienced harm at work in the past two years: Physical violence or harassment,12,pct,,chart,N,,
C5_10_fire,99,Chart 5.10,Workers who (or someone they work with) experienced harm at work in the past two years: Fire,10,pct,,chart,N,,
C5_10_chemicals,99,Chart 5.10,Workers who (or someone they work with) experienced harm at work in the past two years: Exposure to chemicals,9,pct,,chart,N,,
X5_27,99,Chapter 5,Workers who (or a co-worker) were injured in a trip or fall at work in the past two years,30,pct,,text,N,,
X5_28_low,99,Chapter 5,Workers who (or someone they know) were hurt by three or more of the five causes: low income,20,pct,,text,N,,
X5_28_high,99,Chapter 5,Workers who (or someone they know) were hurt by three or more of the five causes: high income,9,pct,,text,N,,
X5_29_machinery_men,99,Chapter 5,"Workers who (or a co-worker) experienced harm at work in the past two years, by gender: machinery men",19,pct,,text,N,,
X5_29_machinery_women,99,Chapter 5,"Workers who (or a co-worker) experienced harm at work in the past two years, by gender: machinery women",11,pct,,text,N,,
X5_29_fire_men,99,Chapter 5,"Workers who (or a co-worker) experienced harm at work in the past two years, by gender: fire men",10,pct,,text,N,,
X5_29_fire_women,99,Chapter 5,"Workers who (or a co-worker) experienced harm at work in the past two years, by gender: fire women",9,pct,,text,N,,
X5_29_violence_men,99,Chapter 5,"Workers who (or a co-worker) experienced harm at work in the past two years, by gender: violence men",12,pct,,text,N,,
X5_29_violence_women,99,Chapter 5,"Workers who (or a co-worker) experienced harm at work in the past two years, by gender: violence women",11,pct,,text,N,,
X5_30,99,Chapter 5,"Workers who (or a co-worker) experienced harm from physical harassment or violence at work, worldwide",12,pct,,text,N,,
X5_31_aus_nz,99,Chapter 5,Workers who (or a co-worker) experienced harm from physical harassment or violence at work: Australia & New Zealand,30,pct,,text,N,,
X5_31_southern_africa,99,Chapter 5,Workers who (or a co-worker) experienced harm from physical harassment or violence at work: Southern Africa,30,pct,,text,N,,
X5_31_central_west_africa,99,Chapter 5,Workers who (or a co-worker) experienced harm from physical harassment or violence at work: Central/Western Africa,26,pct,,text,N,,
X5_31_east_africa,99,Chapter 5,Workers who (or a co-worker) experienced harm from physical harassment or violence at work: Eastern Africa,26,pct,,text,N,,
X5_31_north_america,99,Chapter 5,Workers who (or a co-worker) experienced harm from physical harassment or violence at work: Northern America,23,pct,,text,N,,
X5_32,99,Chapter 5,Regions where fewer than 5% experienced harm from physical harassment or violence at work,"central_asia, east_asia, east_europe",text,,text,N,,"Region keys, sorted."
C5_11_aus_nz,100,Chart 5.11,Experienced harm from physical harassment or violence while working in the past two years: Australia & New Zealand,30,pct,,chart,N,,
C5_11_southern_africa,100,Chart 5.11,Experienced harm from physical harassment or violence while working in the past two years: Southern Africa,30,pct,,chart,N,,
C5_11_central_west_africa,100,Chart 5.11,Experienced harm from physical harassment or violence while working in the past two years: Central/Western Africa,26,pct,,chart,N,,
C5_11_east_africa,100,Chart 5.11,Experienced harm from physical harassment or violence while working in the past two years: Eastern Africa,26,pct,,chart,N,,
C5_11_north_america,100,Chart 5.11,Experienced harm from physical harassment or violence while working in the past two years: Northern America,23,pct,,chart,N,,
C5_11_northwest_europe,100,Chart 5.11,Experienced harm from physical harassment or violence while working in the past two years: Northern/Western Europe,19,pct,,chart,N,,
C5_11_middle_east,100,Chart 5.11,Experienced harm from physical harassment or violence while working in the past two years: Middle East,15,pct,,chart,N,,
C5_11_south_asia,100,Chart 5.11,Experienced harm from physical harassment or violence while working in the past two years: Southern Asia,12,pct,,chart,N,,
C5_11_north_africa,100,Chart 5.11,Experienced harm from physical harassment or violence while working in the past two years: Northern Africa,12,pct,,chart,N,,
C5_11_latin_america,100,Chart 5.11,Experienced harm from physical harassment or violence while working in the past two years: Latin America & Caribbean,12,pct,,chart,N,,
C5_11_south_europe,100,Chart 5.11,Experienced harm from physical harassment or violence while working in the past two years: Southern Europe,11,pct,,chart,N,,
C5_11_southeast_asia,100,Chart 5.11,Experienced harm from physical harassment or violence while working in the past two years: Southeastern Asia,8,pct,,chart,N,,
C5_11_east_asia,100,Chart 5.11,Experienced harm from physical harassment or violence while working in the past two years: Eastern Asia,4,pct,,chart,N,,
C5_11_central_asia,100,Chart 5.11,Experienced harm from physical harassment or violence while working in the past two years: Central Asia,4,pct,,chart,N,,
C5_11_east_europe,100,Chart 5.11,Experienced harm from physical harassment or violence while working in the past two years: Eastern Europe,4,pct,,chart,N,,
X5_33_ZMB_women,100,Chapter 5,"Working women who experienced workplace violence or harassment (self or co-worker): Zambia, women",47,pct,,text,N,,
X5_33_AUS_women,100,Chapter 5,"Working women who experienced workplace violence or harassment (self or co-worker): Australia, women",39,pct,,text,N,,
X5_33_AUS_men,100,Chapter 5,"Working women who experienced workplace violence or harassment (self or co-worker): Australia, men",24,pct,,text,N,,
X5_34,100,Chapter 5,Country ranked first for working women's experience of workplace violence or harassment,ZMB,text,,text,N,,
X5_35,100,Chapter 5,Australia's rank for working women's experience of workplace violence or harassment,6,rank,0,text,N,,
C5_12_trips_age_15_29,101,Chart 5.12,"Experienced harm at work in the past two years, Tripping or falling: age 15-29",32,pct,,chart,N,,
C5_12_trips_age_50_64,101,Chart 5.12,"Experienced harm at work in the past two years, Tripping or falling: age 50-64",30,pct,,chart,N,,
C5_12_machinery_age_15_29,101,Chart 5.12,"Experienced harm at work in the past two years, Operating equipment or heavy machinery: age 15-29",19,pct,,chart,N,,
C5_12_machinery_age_50_64,101,Chart 5.12,"Experienced harm at work in the past two years, Operating equipment or heavy machinery: age 50-64",13,pct,,chart,N,,
C5_12_violence_age_15_29,101,Chart 5.12,"Experienced harm at work in the past two years, Physical violence or harassment: age 15-29",14,pct,,chart,N,,
C5_12_violence_age_50_64,101,Chart 5.12,"Experienced harm at work in the past two years, Physical violence or harassment: age 50-64",10,pct,,chart,N,,
C5_12_fire_age_15_29,101,Chart 5.12,"Experienced harm at work in the past two years, Fire: age 15-29",13,pct,,chart,N,,
C5_12_fire_age_50_64,101,Chart 5.12,"Experienced harm at work in the past two years, Fire: age 50-64",8,pct,,chart,N,,
C5_12_chemicals_age_15_29,101,Chart 5.12,"Experienced harm at work in the past two years, Exposure to chemicals: age 15-29",11,pct,,chart,N,,
C5_12_chemicals_age_50_64,101,Chart 5.12,"Experienced harm at work in the past two years, Exposure to chemicals: age 50-64",7,pct,,chart,N,,
X5_36_none,102,Chapter 5,"Workers who experienced harm from mental health issues, by number of workplace injury types: no injuries at work in the past two years",13,pct,,text,N,,
X5_36_all_five,102,Chapter 5,"Workers who experienced harm from mental health issues, by number of workplace injury types: all five types",64,pct,,text,N,,
C5_13_violence_yes,103,Chart 5.13,Experienced mental health issues: experienced harm from physical harassment or violence at work,47,pct,,chart,N,,
C5_13_violence_no,103,Chart 5.13,Experienced mental health issues: did not experience harm from physical harassment or violence at work,18,pct,,chart,N,,
C5_13_chemicals_yes,103,Chart 5.13,Experienced mental health issues: experienced harm from exposure to chemicals or biological substances at work,45,pct,,chart,N,,
C5_13_chemicals_no,103,Chart 5.13,Experienced mental health issues: did not experience harm from exposure to chemicals or biological substances at work,19,pct,,chart,N,,
C5_13_fire_yes,103,Chart 5.13,Experienced mental health issues: experienced harm from fire at work,43,pct,,chart,N,,
C5_13_fire_no,103,Chart 5.13,Experienced mental health issues: did not experience harm from fire at work,19,pct,,chart,N,,
C5_13_machinery_yes,103,Chart 5.13,Experienced mental health issues: experienced harm from operating equipment or heavy machinery at work,39,pct,,chart,N,,
C5_13_machinery_no,103,Chart 5.13,Experienced mental health issues: did not experience harm from operating equipment or heavy machinery at work,18,pct,,chart,N,,
X5_37,103,Chapter 5,Mental health harm among workers harmed by physical violence and harassment at work,47,pct,,text,N,,
X5_38_SEN,103,Chapter 5,Free to report safety problems without fear of punishment: Senegal,55,pct,,text,N,,
X5_38_PAK,103,Chapter 5,Free to report safety problems without fear of punishment: Pakistan,44,pct,,text,N,,
X5_39,103,Chapter 5,Countries where fewer than 60% feel free to report safety problems,2,count,,text,N,,
X5_40,103,Chapter 5,Regions where fewer than 60% feel free to report safety problems,none,text,,text,N,,'the percentage never fell below 60% of workers in any region of the world'
X5_41,104,Chapter 5,Correlation across countries: % free to report safety problems and the UL Safety Index,0.53,correlation,0.01,text,N,,"Needs the UL Safety Index (discontinued in April 2020), which could not be fetched."
X5_42,105,Chapter 5,Correlation across countries: % free to report safety problems and GDP per capita (log) (footnote 36),0.614,correlation,0.01,text,N,,External data: World Bank GDP per capita (see README).
X5_43,105,Chapter 5,Countries in the correlation in footnote 36,142,count,,text,N,,
X5_44_comfortable,105,Chapter 5,"Free to report safety problems without fear of punishment, by feelings about household income: living comfortably",87,pct,,text,N,,
X5_44_difficult,105,Chapter 5,"Free to report safety problems without fear of punishment, by feelings about household income: finding it difficult or very difficult",72,pct,,text,N,,
X5_45_employer,105,Chapter 5,"Other than themselves, who is most responsible for their safety at work: employer",68,pct,,text,N,,'About one in 10' said nobody (recorded as 10).
X5_45_government,105,Chapter 5,"Other than themselves, who is most responsible for their safety at work: government",12,pct,,text,N,,'About one in 10' said nobody (recorded as 10).
X5_45_union,105,Chapter 5,"Other than themselves, who is most responsible for their safety at work: union",5,pct,,text,N,,'About one in 10' said nobody (recorded as 10).
X5_45_nobody,105,Chapter 5,"Other than themselves, who is most responsible for their safety at work: nobody",10,pct,,text,N,,'About one in 10' said nobody (recorded as 10).
X5_46,106,Chapter 5,Workers who said safety rules at their place of work were 'a good thing',81,pct,,text,N,,
C5_15_edu_0_8_all,106,Chart 5.15,Safety rules at work are a good thing: 0-8 years education,72,pct,,chart,N,,
C5_15_edu_0_8_women,106,Chart 5.15,"Safety rules at work are a good thing: 0-8 years education, women",71,pct,,chart,N,,
C5_15_edu_0_8_men,106,Chart 5.15,"Safety rules at work are a good thing: 0-8 years education, men",72,pct,,chart,N,,
C5_15_edu_9_15_all,106,Chart 5.15,Safety rules at work are a good thing: 9-15 years education,84,pct,,chart,N,,
C5_15_edu_9_15_women,106,Chart 5.15,"Safety rules at work are a good thing: 9-15 years education, women",86,pct,,chart,N,,
C5_15_edu_9_15_men,106,Chart 5.15,"Safety rules at work are a good thing: 9-15 years education, men",82,pct,,chart,N,,
C5_15_edu_16plus_all,106,Chart 5.15,Safety rules at work are a good thing: 16+ years education,89,pct,,chart,N,,
C5_15_edu_16plus_women,106,Chart 5.15,"Safety rules at work are a good thing: 16+ years education, women",90,pct,,chart,N,,
C5_15_edu_16plus_men,106,Chart 5.15,"Safety rules at work are a good thing: 16+ years education, men",89,pct,,chart,N,,
X5_47,107,Chapter 5,"Employees engaged at work, worldwide (Gallup World Poll 2019)",21,pct,,text,Y,GWP_EMPLOYEE_ENGAGEMENT,Gallup's employee engagement measure; not in the public data.
X5_48_engaged,107,Chapter 5,"Free to report safety problems without fear of punishment, by employee engagement: engaged",81,pct,,text,Y,GWP_EMPLOYEE_ENGAGEMENT,
X5_48_disengaged,107,Chapter 5,"Free to report safety problems without fear of punishment, by employee engagement: actively disengaged",67,pct,,text,Y,GWP_EMPLOYEE_ENGAGEMENT,
X5_49_engaged_good,107,Chapter 5,"View of safety rules at work, by employee engagement: engaged good",81,pct,,text,Y,GWP_EMPLOYEE_ENGAGEMENT,'Disengaged' read as actively disengaged.
X5_49_engaged_difficult,107,Chapter 5,"View of safety rules at work, by employee engagement: engaged difficult",5,pct,,text,Y,GWP_EMPLOYEE_ENGAGEMENT,'Disengaged' read as actively disengaged.
X5_49_disengaged_good,107,Chapter 5,"View of safety rules at work, by employee engagement: disengaged good",65,pct,,text,Y,GWP_EMPLOYEE_ENGAGEMENT,'Disengaged' read as actively disengaged.
X5_49_disengaged_difficult,107,Chapter 5,"View of safety rules at work, by employee engagement: disengaged difficult",13,pct,,text,Y,GWP_EMPLOYEE_ENGAGEMENT,'Disengaged' read as actively disengaged.
X5_50,107,Chapter 5,Countries in the employee engagement analysis (footnote 38),108,count,,text,Y,GWP_EMPLOYEE_ENGAGEMENT,
C5_16_low_engaged,107,Chart 5.16,"Free to report safety problems: engaged, low income",63,pct,,chart,Y,GWP_EMPLOYEE_ENGAGEMENT,"As printed, by the legend colours. The text gives engaged 81% and actively disengaged 67% worldwide, so the legend may be swapped."
C5_16_low_disengaged,107,Chart 5.16,"Free to report safety problems: actively disengaged, low income",77,pct,,chart,Y,GWP_EMPLOYEE_ENGAGEMENT,"As printed, by the legend colours. The text gives engaged 81% and actively disengaged 67% worldwide, so the legend may be swapped."
C5_16_lower_middle_engaged,107,Chart 5.16,"Free to report safety problems: engaged, lower-middle income",62,pct,,chart,Y,GWP_EMPLOYEE_ENGAGEMENT,"As printed, by the legend colours. The text gives engaged 81% and actively disengaged 67% worldwide, so the legend may be swapped."
C5_16_lower_middle_disengaged,107,Chart 5.16,"Free to report safety problems: actively disengaged, lower-middle income",72,pct,,chart,Y,GWP_EMPLOYEE_ENGAGEMENT,"As printed, by the legend colours. The text gives engaged 81% and actively disengaged 67% worldwide, so the legend may be swapped."
C5_16_upper_middle_engaged,107,Chart 5.16,"Free to report safety problems: engaged, upper-middle income",73,pct,,chart,Y,GWP_EMPLOYEE_ENGAGEMENT,"As printed, by the legend colours. The text gives engaged 81% and actively disengaged 67% worldwide, so the legend may be swapped."
C5_16_upper_middle_disengaged,107,Chart 5.16,"Free to report safety problems: actively disengaged, upper-middle income",87,pct,,chart,Y,GWP_EMPLOYEE_ENGAGEMENT,"As printed, by the legend colours. The text gives engaged 81% and actively disengaged 67% worldwide, so the legend may be swapped."
C5_16_high_engaged,107,Chart 5.16,"Free to report safety problems: engaged, high income",66,pct,,chart,Y,GWP_EMPLOYEE_ENGAGEMENT,"As printed, by the legend colours. The text gives engaged 81% and actively disengaged 67% worldwide, so the legend may be swapped."
C5_16_high_disengaged,107,Chart 5.16,"Free to report safety problems: actively disengaged, high income",90,pct,,chart,Y,GWP_EMPLOYEE_ENGAGEMENT,"As printed, by the legend colours. The text gives engaged 81% and actively disengaged 67% worldwide, so the legend may be swapped."
X6_01,"109, 111",Chapter 6,Climate change a very serious threat to people in the country in the next 20 years (global),41,pct,,text,N,,
X6_02,109,Chapter 6,Climate change a somewhat serious threat (global),28,pct,,text,N,,
X6_03,109,Chapter 6,Climate change not a threat at all (global),13,pct,,text,N,,
X6_04,"109, 117",Chapter 6,China: climate change a very serious threat,23,pct,,text,N,,
X6_05,"109, 117, 118",Chapter 6,United States: climate change not a threat at all,21,pct,,text,N,,
X6_06,111,Chapter 6,Climate change threat: don't know or refused (global) ('nearly one in five'),18,pct,,text,N,,
X6_07,111,Chapter 6,People who did not know or refused on the climate change question ('roughly 1 billion people'),1000000000,count,150000000,text,N,,Sum of PROJWT (adult population) of those answering don't know or refused.
C6_1_very,111,Chart 6.1,Threat posed by climate change to people in the country in the next 20 years (global): % very serious threat,41,pct,,chart,N,,
C6_1_somewhat,111,Chart 6.1,Threat posed by climate change to people in the country in the next 20 years (global): % somewhat serious threat,28,pct,,chart,N,,
C6_1_not,111,Chart 6.1,Threat posed by climate change to people in the country in the next 20 years (global): % not a threat at all,13,pct,,chart,N,,
C6_1_dk,111,Chart 6.1,Threat posed by climate change to people in the country in the next 20 years (global): % don't know/refused,18,pct,,chart,N,,
C6_2_southern_europe_very,112,Chart 6.2,"Climate change a threat to people in the country in the next 20 years, by region: % very serious threat, Southern Europe",73,pct,,chart,N,,
C6_2_southern_europe_somewhat,112,Chart 6.2,"Climate change a threat to people in the country in the next 20 years, by region: % somewhat serious threat, Southern Europe",20,pct,,chart,N,,
C6_2_latin_america_very,112,Chart 6.2,"Climate change a threat to people in the country in the next 20 years, by region: % very serious threat, Latin America & Caribbean",71,pct,,chart,N,,
C6_2_latin_america_somewhat,112,Chart 6.2,"Climate change a threat to people in the country in the next 20 years, by region: % somewhat serious threat, Latin America & Caribbean",14,pct,,chart,N,,
C6_2_southern_africa_very,112,Chart 6.2,"Climate change a threat to people in the country in the next 20 years, by region: % very serious threat, Southern Africa",60,pct,,chart,N,,
C6_2_southern_africa_somewhat,112,Chart 6.2,"Climate change a threat to people in the country in the next 20 years, by region: % somewhat serious threat, Southern Africa",12,pct,,chart,N,,
C6_2_northern_western_europe_very,112,Chart 6.2,"Climate change a threat to people in the country in the next 20 years, by region: % very serious threat, Northern/Western Europe",56,pct,,chart,N,,
C6_2_northern_western_europe_somewhat,112,Chart 6.2,"Climate change a threat to people in the country in the next 20 years, by region: % somewhat serious threat, Northern/Western Europe",32,pct,,chart,N,,
C6_2_australia_nz_very,112,Chart 6.2,"Climate change a threat to people in the country in the next 20 years, by region: % very serious threat, Australia & New Zealand",51,pct,,chart,N,,
C6_2_australia_nz_somewhat,112,Chart 6.2,"Climate change a threat to people in the country in the next 20 years, by region: % somewhat serious threat, Australia & New Zealand",30,pct,,chart,N,,
C6_2_northern_america_very,112,Chart 6.2,"Climate change a threat to people in the country in the next 20 years, by region: % very serious threat, Northern America",50,pct,,chart,N,,
C6_2_northern_america_somewhat,112,Chart 6.2,"Climate change a threat to people in the country in the next 20 years, by region: % somewhat serious threat, Northern America",25,pct,,chart,N,,
C6_2_eastern_europe_very,112,Chart 6.2,"Climate change a threat to people in the country in the next 20 years, by region: % very serious threat, Eastern Europe",47,pct,,chart,N,,
C6_2_eastern_europe_somewhat,112,Chart 6.2,"Climate change a threat to people in the country in the next 20 years, by region: % somewhat serious threat, Eastern Europe",26,pct,,chart,N,,
C6_2_central_western_africa_very,112,Chart 6.2,"Climate change a threat to people in the country in the next 20 years, by region: % very serious threat, Central/Western Africa",45,pct,,chart,N,,
C6_2_central_western_africa_somewhat,112,Chart 6.2,"Climate change a threat to people in the country in the next 20 years, by region: % somewhat serious threat, Central/Western Africa",23,pct,,chart,N,,
C6_2_east_africa_very,112,Chart 6.2,"Climate change a threat to people in the country in the next 20 years, by region: % very serious threat, Eastern Africa",41,pct,,chart,N,,
C6_2_east_africa_somewhat,112,Chart 6.2,"Climate change a threat to people in the country in the next 20 years, by region: % somewhat serious threat, Eastern Africa",22,pct,,chart,N,,
C6_2_southeastern_asia_very,112,Chart 6.2,"Climate change a threat to people in the country in the next 20 years, by region: % very serious threat, Southeastern Asia",41,pct,,chart,N,,
C6_2_southeastern_asia_somewhat,112,Chart 6.2,"Climate change a threat to people in the country in the next 20 years, by region: % somewhat serious threat, Southeastern Asia",25,pct,,chart,N,,
C6_2_middle_east_very,112,Chart 6.2,"Climate change a threat to people in the country in the next 20 years, by region: % very serious threat, Middle East",37,pct,,chart,N,,
C6_2_middle_east_somewhat,112,Chart 6.2,"Climate change a threat to people in the country in the next 20 years, by region: % somewhat serious threat, Middle East",29,pct,,chart,N,,
C6_2_southern_asia_very,112,Chart 6.2,"Climate change a threat to people in the country in the next 20 years, by region: % very serious threat, Southern Asia",34,pct,,chart,N,,
C6_2_southern_asia_somewhat,112,Chart 6.2,"Climate change a threat to people in the country in the next 20 years, by region: % somewhat serious threat, Southern Asia",28,pct,,chart,N,,
C6_2_central_asia_very,112,Chart 6.2,"Climate change a threat to people in the country in the next 20 years, by region: % very serious threat, Central Asia",34,pct,,chart,N,,
C6_2_central_asia_somewhat,112,Chart 6.2,"Climate change a threat to people in the country in the next 20 years, by region: % somewhat serious threat, Central Asia",30,pct,,chart,N,,
C6_2_eastern_asia_very,112,Chart 6.2,"Climate change a threat to people in the country in the next 20 years, by region: % very serious threat, Eastern Asia",28,pct,,chart,N,,
C6_2_eastern_asia_somewhat,112,Chart 6.2,"Climate change a threat to people in the country in the next 20 years, by region: % somewhat serious threat, Eastern Asia",36,pct,,chart,N,,
C6_2_northern_africa_very,112,Chart 6.2,"Climate change a threat to people in the country in the next 20 years, by region: % very serious threat, Northern Africa",26,pct,,chart,N,,
C6_2_northern_africa_somewhat,112,Chart 6.2,"Climate change a threat to people in the country in the next 20 years, by region: % somewhat serious threat, Northern Africa",34,pct,,chart,N,,
X6_08,113,Chapter 6,Lowest regional % saying climate change is a very or somewhat serious threat ('at least 60%' in every region),60,pct,,text,N,,Reproduced as the minimum over the 15 regions of % very + % somewhat serious.
X6_09,113,Chapter 6,Southern Europe: climate change a very serious threat,73,pct,,text,N,,
X6_10,113,Chapter 6,Latin America & Caribbean: climate change a very serious threat,71,pct,,text,N,,
X6_11,113,Chapter 6,16+ years of education: climate change a very serious threat,54,pct,,text,N,,
X6_12,113,Chapter 6,0-8 years of education: climate change a very serious threat ('nearly one in three'),30,pct,,text,N,,
C6_3_global_very,113,Chart 6.3,"Climate change threat, by education level and age: % very serious threat, global",41,pct,,chart,N,,
C6_3_global_somewhat,113,Chart 6.3,"Climate change threat, by education level and age: % somewhat serious threat, global",28,pct,,chart,N,,
C6_3_global_not,113,Chart 6.3,"Climate change threat, by education level and age: % not a threat at all, global",13,pct,,chart,N,,
C6_3_edu_0_8_very,113,Chart 6.3,"Climate change threat, by education level and age: % very serious threat, 0-8 years education",30,pct,,chart,N,,
C6_3_edu_0_8_somewhat,113,Chart 6.3,"Climate change threat, by education level and age: % somewhat serious threat, 0-8 years education",26,pct,,chart,N,,
C6_3_edu_0_8_not,113,Chart 6.3,"Climate change threat, by education level and age: % not a threat at all, 0-8 years education",17,pct,,chart,N,,
C6_3_edu_9_15_very,113,Chart 6.3,"Climate change threat, by education level and age: % very serious threat, 9-15 years education",48,pct,,chart,N,,
C6_3_edu_9_15_somewhat,113,Chart 6.3,"Climate change threat, by education level and age: % somewhat serious threat, 9-15 years education",29,pct,,chart,N,,
C6_3_edu_9_15_not,113,Chart 6.3,"Climate change threat, by education level and age: % not a threat at all, 9-15 years education",12,pct,,chart,N,,
C6_3_edu_16plus_very,113,Chart 6.3,"Climate change threat, by education level and age: % very serious threat, 16+ years education",54,pct,,chart,N,,
C6_3_edu_16plus_somewhat,113,Chart 6.3,"Climate change threat, by education level and age: % somewhat serious threat, 16+ years education",31,pct,,chart,N,,
C6_3_edu_16plus_not,113,Chart 6.3,"Climate change threat, by education level and age: % not a threat at all, 16+ years education",9,pct,,chart,N,,
C6_3_age_15_29_very,113,Chart 6.3,"Climate change threat, by education level and age: % very serious threat, age 15-29",42,pct,,chart,N,,
C6_3_age_15_29_somewhat,113,Chart 6.3,"Climate change threat, by education level and age: % somewhat serious threat, age 15-29",29,pct,,chart,N,,
C6_3_age_15_29_not,113,Chart 6.3,"Climate change threat, by education level and age: % not a threat at all, age 15-29",14,pct,,chart,N,,
C6_3_age_30_49_very,113,Chart 6.3,"Climate change threat, by education level and age: % very serious threat, age 30-49",41,pct,,chart,N,,
C6_3_age_30_49_somewhat,113,Chart 6.3,"Climate change threat, by education level and age: % somewhat serious threat, age 30-49",29,pct,,chart,N,,
C6_3_age_30_49_not,113,Chart 6.3,"Climate change threat, by education level and age: % not a threat at all, age 30-49",12,pct,,chart,N,,
C6_3_age_50_64_very,113,Chart 6.3,"Climate change threat, by education level and age: % very serious threat, age 50-64",39,pct,,chart,N,,
C6_3_age_50_64_somewhat,113,Chart 6.3,"Climate change threat, by education level and age: % somewhat serious threat, age 50-64",25,pct,,chart,N,,
C6_3_age_50_64_not,113,Chart 6.3,"Climate change threat, by education level and age: % not a threat at all, age 50-64",14,pct,,chart,N,,
C6_3_age_65plus_very,113,Chart 6.3,"Climate change threat, by education level and age: % very serious threat, age 65+",38,pct,,chart,N,,
C6_3_age_65plus_somewhat,113,Chart 6.3,"Climate change threat, by education level and age: % somewhat serious threat, age 65+",25,pct,,chart,N,,
C6_3_age_65plus_not,113,Chart 6.3,"Climate change threat, by education level and age: % not a threat at all, age 65+",15,pct,,chart,N,,
C6_4_latin_america_correct,114,Chart 6.4,"Climate change a very serious threat, by numeracy (10% is the same as 1 out of 10) and region: % very serious, answered correctly, Latin America & Caribbean",76,pct,,chart,N,,
C6_4_latin_america_not_correct,114,Chart 6.4,"Climate change a very serious threat, by numeracy (10% is the same as 1 out of 10) and region: % very serious, did not answer correctly, Latin America & Caribbean",69,pct,,chart,N,,
C6_4_southern_africa_correct,114,Chart 6.4,"Climate change a very serious threat, by numeracy (10% is the same as 1 out of 10) and region: % very serious, answered correctly, Southern Africa",73,pct,,chart,N,,
C6_4_southern_africa_not_correct,114,Chart 6.4,"Climate change a very serious threat, by numeracy (10% is the same as 1 out of 10) and region: % very serious, did not answer correctly, Southern Africa",55,pct,,chart,N,,
C6_4_southern_europe_correct,114,Chart 6.4,"Climate change a very serious threat, by numeracy (10% is the same as 1 out of 10) and region: % very serious, answered correctly, Southern Europe",73,pct,,chart,N,,
C6_4_southern_europe_not_correct,114,Chart 6.4,"Climate change a very serious threat, by numeracy (10% is the same as 1 out of 10) and region: % very serious, did not answer correctly, Southern Europe",72,pct,,chart,N,,
C6_4_northern_western_europe_correct,114,Chart 6.4,"Climate change a very serious threat, by numeracy (10% is the same as 1 out of 10) and region: % very serious, answered correctly, Northern/Western Europe",59,pct,,chart,N,,
C6_4_northern_western_europe_not_correct,114,Chart 6.4,"Climate change a very serious threat, by numeracy (10% is the same as 1 out of 10) and region: % very serious, did not answer correctly, Northern/Western Europe",51,pct,,chart,N,,
C6_4_australia_nz_correct,114,Chart 6.4,"Climate change a very serious threat, by numeracy (10% is the same as 1 out of 10) and region: % very serious, answered correctly, Australia & New Zealand",53,pct,,chart,N,,
C6_4_australia_nz_not_correct,114,Chart 6.4,"Climate change a very serious threat, by numeracy (10% is the same as 1 out of 10) and region: % very serious, did not answer correctly, Australia & New Zealand",45,pct,,chart,N,,
C6_4_northern_america_correct,114,Chart 6.4,"Climate change a very serious threat, by numeracy (10% is the same as 1 out of 10) and region: % very serious, answered correctly, Northern America",52,pct,,chart,N,,
C6_4_northern_america_not_correct,114,Chart 6.4,"Climate change a very serious threat, by numeracy (10% is the same as 1 out of 10) and region: % very serious, did not answer correctly, Northern America",43,pct,,chart,N,,
C6_4_southeastern_asia_correct,114,Chart 6.4,"Climate change a very serious threat, by numeracy (10% is the same as 1 out of 10) and region: % very serious, answered correctly, Southeastern Asia",52,pct,,chart,N,,
C6_4_southeastern_asia_not_correct,114,Chart 6.4,"Climate change a very serious threat, by numeracy (10% is the same as 1 out of 10) and region: % very serious, did not answer correctly, Southeastern Asia",36,pct,,chart,N,,
C6_4_central_western_africa_correct,114,Chart 6.4,"Climate change a very serious threat, by numeracy (10% is the same as 1 out of 10) and region: % very serious, answered correctly, Central/Western Africa",51,pct,,chart,N,,
C6_4_central_western_africa_not_correct,114,Chart 6.4,"Climate change a very serious threat, by numeracy (10% is the same as 1 out of 10) and region: % very serious, did not answer correctly, Central/Western Africa",42,pct,,chart,N,,
C6_4_eastern_europe_correct,114,Chart 6.4,"Climate change a very serious threat, by numeracy (10% is the same as 1 out of 10) and region: % very serious, answered correctly, Eastern Europe",48,pct,,chart,N,,
C6_4_eastern_europe_not_correct,114,Chart 6.4,"Climate change a very serious threat, by numeracy (10% is the same as 1 out of 10) and region: % very serious, did not answer correctly, Eastern Europe",46,pct,,chart,N,,
C6_4_east_africa_correct,114,Chart 6.4,"Climate change a very serious threat, by numeracy (10% is the same as 1 out of 10) and region: % very serious, answered correctly, Eastern Africa",46,pct,,chart,N,,
C6_4_east_africa_not_correct,114,Chart 6.4,"Climate change a very serious threat, by numeracy (10% is the same as 1 out of 10) and region: % very serious, did not answer correctly, Eastern Africa",39,pct,,chart,N,,
C6_4_middle_east_correct,114,Chart 6.4,"Climate change a very serious threat, by numeracy (10% is the same as 1 out of 10) and region: % very serious, answered correctly, Middle East",41,pct,,chart,N,,
C6_4_middle_east_not_correct,114,Chart 6.4,"Climate change a very serious threat, by numeracy (10% is the same as 1 out of 10) and region: % very serious, did not answer correctly, Middle East",32,pct,,chart,N,,
C6_4_southern_asia_correct,114,Chart 6.4,"Climate change a very serious threat, by numeracy (10% is the same as 1 out of 10) and region: % very serious, answered correctly, Southern Asia",39,pct,,chart,N,,
C6_4_southern_asia_not_correct,114,Chart 6.4,"Climate change a very serious threat, by numeracy (10% is the same as 1 out of 10) and region: % very serious, did not answer correctly, Southern Asia",33,pct,,chart,N,,
C6_4_central_asia_correct,114,Chart 6.4,"Climate change a very serious threat, by numeracy (10% is the same as 1 out of 10) and region: % very serious, answered correctly, Central Asia",34,pct,,chart,N,,
C6_4_central_asia_not_correct,114,Chart 6.4,"Climate change a very serious threat, by numeracy (10% is the same as 1 out of 10) and region: % very serious, did not answer correctly, Central Asia",33,pct,,chart,N,,
C6_4_eastern_asia_correct,114,Chart 6.4,"Climate change a very serious threat, by numeracy (10% is the same as 1 out of 10) and region: % very serious, answered correctly, Eastern Asia",32,pct,,chart,N,,
C6_4_eastern_asia_not_correct,114,Chart 6.4,"Climate change a very serious threat, by numeracy (10% is the same as 1 out of 10) and region: % very serious, did not answer correctly, Eastern Asia",23,pct,,chart,N,,
C6_4_northern_africa_correct,114,Chart 6.4,"Climate change a very serious threat, by numeracy (10% is the same as 1 out of 10) and region: % very serious, answered correctly, Northern Africa",29,pct,,chart,N,,
C6_4_northern_africa_not_correct,114,Chart 6.4,"Climate change a very serious threat, by numeracy (10% is the same as 1 out of 10) and region: % very serious, did not answer correctly, Northern Africa",24,pct,,chart,N,,
X6_13,115,Chapter 6,High-income countries: climate change a very serious threat,56,pct,,text,N,,
X6_14,115,Chapter 6,Low-income countries: climate change a very serious threat,38,pct,,text,N,,
X6_15_lower_middle,115,Chapter 6,Lower-middle-income countries: climate change a very serious threat ('37% in each'),37,pct,,text,N,,
X6_15_upper_middle,115,Chapter 6,Upper-middle-income countries: climate change a very serious threat ('37% in each'),37,pct,,text,N,,
C6_5_latin_america_women,115,Chart 6.5,"Climate change a very serious threat, by region and gender: % women, Latin America & Caribbean",69,pct,,chart,N,,
C6_5_latin_america_men,115,Chart 6.5,"Climate change a very serious threat, by region and gender: % men, Latin America & Caribbean",74,pct,,chart,N,,
C6_5_southern_europe_women,115,Chart 6.5,"Climate change a very serious threat, by region and gender: % women, Southern Europe",74,pct,,chart,N,,
C6_5_southern_europe_men,115,Chart 6.5,"Climate change a very serious threat, by region and gender: % men, Southern Europe",71,pct,,chart,N,,
C6_5_southern_africa_women,115,Chart 6.5,"Climate change a very serious threat, by region and gender: % women, Southern Africa",57,pct,,chart,N,,
C6_5_southern_africa_men,115,Chart 6.5,"Climate change a very serious threat, by region and gender: % men, Southern Africa",63,pct,,chart,N,,
C6_5_northern_western_europe_women,115,Chart 6.5,"Climate change a very serious threat, by region and gender: % women, Northern/Western Europe",60,pct,,chart,N,,
C6_5_northern_western_europe_men,115,Chart 6.5,"Climate change a very serious threat, by region and gender: % men, Northern/Western Europe",52,pct,,chart,N,,
C6_5_central_western_africa_women,115,Chart 6.5,"Climate change a very serious threat, by region and gender: % women, Central/Western Africa",41,pct,,chart,N,,
C6_5_central_western_africa_men,115,Chart 6.5,"Climate change a very serious threat, by region and gender: % men, Central/Western Africa",48,pct,,chart,N,,
C6_5_eastern_europe_women,115,Chart 6.5,"Climate change a very serious threat, by region and gender: % women, Eastern Europe",49,pct,,chart,N,,
C6_5_eastern_europe_men,115,Chart 6.5,"Climate change a very serious threat, by region and gender: % men, Eastern Europe",46,pct,,chart,N,,
C6_5_northern_america_women,115,Chart 6.5,"Climate change a very serious threat, by region and gender: % women, Northern America",54,pct,,chart,N,,
C6_5_northern_america_men,115,Chart 6.5,"Climate change a very serious threat, by region and gender: % men, Northern America",46,pct,,chart,N,,
C6_5_australia_nz_women,115,Chart 6.5,"Climate change a very serious threat, by region and gender: % women, Australia & New Zealand",57,pct,,chart,N,,
C6_5_australia_nz_men,115,Chart 6.5,"Climate change a very serious threat, by region and gender: % men, Australia & New Zealand",45,pct,,chart,N,,
C6_5_east_africa_women,115,Chart 6.5,"Climate change a very serious threat, by region and gender: % women, Eastern Africa",39,pct,,chart,N,,
C6_5_east_africa_men,115,Chart 6.5,"Climate change a very serious threat, by region and gender: % men, Eastern Africa",43,pct,,chart,N,,
C6_5_southeastern_asia_women,115,Chart 6.5,"Climate change a very serious threat, by region and gender: % women, Southeastern Asia",39,pct,,chart,N,,
C6_5_southeastern_asia_men,115,Chart 6.5,"Climate change a very serious threat, by region and gender: % men, Southeastern Asia",43,pct,,chart,N,,
C6_5_southern_asia_women,115,Chart 6.5,"Climate change a very serious threat, by region and gender: % women, Southern Asia",32,pct,,chart,N,,
C6_5_southern_asia_men,115,Chart 6.5,"Climate change a very serious threat, by region and gender: % men, Southern Asia",37,pct,,chart,N,,
C6_5_middle_east_women,115,Chart 6.5,"Climate change a very serious threat, by region and gender: % women, Middle East",37,pct,,chart,N,,
C6_5_middle_east_men,115,Chart 6.5,"Climate change a very serious threat, by region and gender: % men, Middle East",37,pct,,chart,N,,
C6_5_central_asia_women,115,Chart 6.5,"Climate change a very serious threat, by region and gender: % women, Central Asia",33,pct,,chart,N,,
C6_5_central_asia_men,115,Chart 6.5,"Climate change a very serious threat, by region and gender: % men, Central Asia",35,pct,,chart,N,,
C6_5_eastern_asia_women,115,Chart 6.5,"Climate change a very serious threat, by region and gender: % women, Eastern Asia",26,pct,,chart,N,,
C6_5_eastern_asia_men,115,Chart 6.5,"Climate change a very serious threat, by region and gender: % men, Eastern Asia",30,pct,,chart,N,,
C6_5_northern_africa_women,115,Chart 6.5,"Climate change a very serious threat, by region and gender: % women, Northern Africa",26,pct,,chart,N,,
C6_5_northern_africa_men,115,Chart 6.5,"Climate change a very serious threat, by region and gender: % men, Northern Africa",27,pct,,chart,N,,
X6_16,115,Chapter 6,Middle East: gap (women minus men) in % saying climate change is a very serious threat ('an equal percentage'),0,pct,,text,N,,
X6_17_east_africa,116,Chapter 6,Eastern Africa: climate change not a threat at all ('about one in five'),20,pct,,text,N,,
X6_17_northern_america,116,Chapter 6,Northern America: climate change not a threat at all ('about one in five'),20,pct,,text,N,,
X6_17_central_asia,116,Chapter 6,Central Asia: climate change not a threat at all ('about one in five'),19,pct,,text,N,,
X6_17_northern_africa,116,Chapter 6,Northern Africa: climate change not a threat at all ('about one in five'),18,pct,,text,N,,
X6_17_southern_asia,116,Chapter 6,Southern Asia: climate change not a threat at all ('about one in five'),17,pct,,text,N,,
C6_6_east_africa,116,Chart 6.6,"Climate change not a threat at all, by region: % not a threat at all, Eastern Africa",20,pct,,chart,N,,
C6_6_northern_america,116,Chart 6.6,"Climate change not a threat at all, by region: % not a threat at all, Northern America",20,pct,,chart,N,,
C6_6_central_asia,116,Chart 6.6,"Climate change not a threat at all, by region: % not a threat at all, Central Asia",19,pct,,chart,N,,
C6_6_northern_africa,116,Chart 6.6,"Climate change not a threat at all, by region: % not a threat at all, Northern Africa",18,pct,,chart,N,,
C6_6_southern_asia,116,Chart 6.6,"Climate change not a threat at all, by region: % not a threat at all, Southern Asia",17,pct,,chart,N,,
C6_6_central_western_africa,116,Chart 6.6,"Climate change not a threat at all, by region: % not a threat at all, Central/Western Africa",14,pct,,chart,N,,
C6_6_australia_nz,116,Chart 6.6,"Climate change not a threat at all, by region: % not a threat at all, Australia & New Zealand",14,pct,,chart,N,,
C6_6_middle_east,116,Chart 6.6,"Climate change not a threat at all, by region: % not a threat at all, Middle East",14,pct,,chart,N,,
C6_6_southeastern_asia,116,Chart 6.6,"Climate change not a threat at all, by region: % not a threat at all, Southeastern Asia",13,pct,,chart,N,,
C6_6_eastern_asia,116,Chart 6.6,"Climate change not a threat at all, by region: % not a threat at all, Eastern Asia",11,pct,,chart,N,,
C6_6_eastern_europe,116,Chart 6.6,"Climate change not a threat at all, by region: % not a threat at all, Eastern Europe",11,pct,,chart,N,,
C6_6_southern_africa,116,Chart 6.6,"Climate change not a threat at all, by region: % not a threat at all, Southern Africa",10,pct,,chart,N,,
C6_6_latin_america,116,Chart 6.6,"Climate change not a threat at all, by region: % not a threat at all, Latin America & Caribbean",8,pct,,chart,N,,
C6_6_northern_western_europe,116,Chart 6.6,"Climate change not a threat at all, by region: % not a threat at all, Northern/Western Europe",7,pct,,chart,N,,
C6_6_southern_europe,116,Chart 6.6,"Climate change not a threat at all, by region: % not a threat at all, Southern Europe",5,pct,,chart,N,,
X6_18,117,Chapter 6,Ethiopia: climate change not a threat at all,39,pct,,text,N,,
X6_19,117,Chapter 6,Ethiopia: % with no more than eight years of education,78,pct,,text,N,,
X6_20,117,Chapter 6,Finland: climate change not a threat at all ('almost one in five'),18,pct,,text,N,,
X6_21_LAO,117,Chapter 6,Laos: climate change question answered don't know (or refused),54,pct,,text,N,,Reproduced as don't know plus refused.
X6_21_NPL,117,Chapter 6,Nepal: climate change question answered don't know (or refused),46,pct,,text,N,,Reproduced as don't know plus refused.
X6_21_KHM,117,Chapter 6,Cambodia: climate change question answered don't know (or refused),42,pct,,text,N,,Reproduced as don't know plus refused.
X6_22,117,Chapter 6,China: climate change a somewhat serious threat,36,pct,,text,N,,
X6_23,117,Chapter 6,China: climate change not a threat at all,12,pct,,text,N,,
X6_24,117,Chapter 6,China: did not know (or refused) on climate change ('nearly 30%'),30,pct,,text,N,,
X6_25,117,Chapter 6,India: climate change not a threat at all,19,pct,,text,N,,
X6_26,117,Chapter 6,India: climate change a very serious threat,35,pct,,text,N,,
X6_27,117,Chapter 6,Footnote 10: 'average percentage of people in a country who have 0-8 years of education' across the 142 countries,44,pct,,text,N,,Reproduced as the population-weighted (PROJWT) global share with 0-8 years of education. The unweighted mean of the 142 country shares is 36%.
X6_28,"117, 163, 174",Chapter 6,Countries and territories in the World Risk Poll,142,count,0,text,N,,
X6_29,118,Chapter 6,U.S. South: climate change a very serious threat,42,pct,,text,N,,
X6_30,118,Chapter 6,U.S. outside the South: climate change a very serious threat,53,pct,,text,N,,
X6_31,118,Chapter 6,U.S. South: experienced (self or someone known) serious harm from severe weather in the past two years,42,pct,,text,N,,
X6_32,118,Chapter 6,U.S. outside the South: experienced serious harm from severe weather in the past two years,30,pct,,text,N,,
C6_7_south_very,118,Chart 6.7,"Climate change threat and experience of harm from severe weather, by U.S. region: % very serious threat, South",42,pct,,chart,N,,"REGION2_USA: South = 3, North/Midwest = Northeast (1) + Midwest (2), West = 4."
C6_7_south_somewhat,118,Chart 6.7,"Climate change threat and experience of harm from severe weather, by U.S. region: % somewhat serious threat, South",27,pct,,chart,N,,"REGION2_USA: South = 3, North/Midwest = Northeast (1) + Midwest (2), West = 4."
C6_7_south_not,118,Chart 6.7,"Climate change threat and experience of harm from severe weather, by U.S. region: % not a threat at all, South",22,pct,,chart,N,,"REGION2_USA: South = 3, North/Midwest = Northeast (1) + Midwest (2), West = 4."
C6_7_south_experienced,118,Chart 6.7,"Climate change threat and experience of harm from severe weather, by U.S. region: % experienced severe weather, South",42,pct,,chart,N,,"REGION2_USA: South = 3, North/Midwest = Northeast (1) + Midwest (2), West = 4."
C6_7_north_midwest_very,118,Chart 6.7,"Climate change threat and experience of harm from severe weather, by U.S. region: % very serious threat, North/Midwest",51,pct,,chart,N,,"REGION2_USA: South = 3, North/Midwest = Northeast (1) + Midwest (2), West = 4."
C6_7_north_midwest_somewhat,118,Chart 6.7,"Climate change threat and experience of harm from severe weather, by U.S. region: % somewhat serious threat, North/Midwest",24,pct,,chart,N,,"REGION2_USA: South = 3, North/Midwest = Northeast (1) + Midwest (2), West = 4."
C6_7_north_midwest_not,118,Chart 6.7,"Climate change threat and experience of harm from severe weather, by U.S. region: % not a threat at all, North/Midwest",19,pct,,chart,N,,"REGION2_USA: South = 3, North/Midwest = Northeast (1) + Midwest (2), West = 4."
C6_7_north_midwest_experienced,118,Chart 6.7,"Climate change threat and experience of harm from severe weather, by U.S. region: % experienced severe weather, North/Midwest",30,pct,,chart,N,,"REGION2_USA: South = 3, North/Midwest = Northeast (1) + Midwest (2), West = 4."
C6_7_west_very,118,Chart 6.7,"Climate change threat and experience of harm from severe weather, by U.S. region: % very serious threat, West",58,pct,,chart,N,,"REGION2_USA: South = 3, North/Midwest = Northeast (1) + Midwest (2), West = 4."
C6_7_west_somewhat,118,Chart 6.7,"Climate change threat and experience of harm from severe weather, by U.S. region: % somewhat serious threat, West",20,pct,,chart,N,,"REGION2_USA: South = 3, North/Midwest = Northeast (1) + Midwest (2), West = 4."
C6_7_west_not,118,Chart 6.7,"Climate change threat and experience of harm from severe weather, by U.S. region: % not a threat at all, West",22,pct,,chart,N,,"REGION2_USA: South = 3, North/Midwest = Northeast (1) + Midwest (2), West = 4."
C6_7_west_experienced,118,Chart 6.7,"Climate change threat and experience of harm from severe weather, by U.S. region: % experienced severe weather, West",30,pct,,chart,N,,"REGION2_USA: South = 3, North/Midwest = Northeast (1) + Midwest (2), West = 4."
X6_33,119,Chapter 6,Experienced harm from severe weather: climate change a very serious threat,53,pct,,text,N,,
X6_34,119,Chapter 6,Did not experience harm from severe weather: climate change a very serious threat,38,pct,,text,N,,
C6_8_yes_very,119,Chart 6.8,"Climate change threat, by experience of harm from severe weather events: % very serious threat, experienced harm: yes",53,pct,,chart,N,,
C6_8_yes_somewhat,119,Chart 6.8,"Climate change threat, by experience of harm from severe weather events: % somewhat serious threat, experienced harm: yes",25,pct,,chart,N,,
C6_8_yes_not,119,Chart 6.8,"Climate change threat, by experience of harm from severe weather events: % not a threat at all, experienced harm: yes",11,pct,,chart,N,,
C6_8_yes_dk,119,Chart 6.8,"Climate change threat, by experience of harm from severe weather events: % don't know/refused, experienced harm: yes",12,pct,,chart,N,,
C6_8_no_very,119,Chart 6.8,"Climate change threat, by experience of harm from severe weather events: % very serious threat, experienced harm: no",38,pct,,chart,N,,
C6_8_no_somewhat,119,Chart 6.8,"Climate change threat, by experience of harm from severe weather events: % somewhat serious threat, experienced harm: no",29,pct,,chart,N,,
C6_8_no_not,119,Chart 6.8,"Climate change threat, by experience of harm from severe weather events: % not a threat at all, experienced harm: no",14,pct,,chart,N,,
C6_8_no_dk,119,Chart 6.8,"Climate change threat, by experience of harm from severe weather events: % don't know/refused, experienced harm: no",19,pct,,chart,N,,
X6_35,120,Chapter 6,"Footnote 18: respondents who did not know or had no opinion, excluded from the regression (% of projection-weighted sample)",18,pct,,text,N,,
X6_36,120,Chapter 6,"Model: average probability of saying climate change is a very serious threat, 16+ years of education",67,pct,,text,Y,WP93; WP94; WP1233,Multilevel logistic regression; see README for the specification used. Needs Gallup World Poll data that are not in the public release; see README.
C6_9_edu_0_8_very,120,Chart 6.9,"Average probability of saying climate change is a very serious threat / not a threat at all, by education (model): % very serious threat, 0-8 years education",55,pct,,chart,Y,WP93; WP94; WP1233,Multilevel logistic regression; see README for the specification used. Needs Gallup World Poll data that are not in the public release; see README.
C6_9_edu_0_8_not,120,Chart 6.9,"Average probability of saying climate change is a very serious threat / not a threat at all, by education (model): % not a threat at all, 0-8 years education",13,pct,,chart,Y,WP93; WP94; WP1233,Multilevel logistic regression; see README for the specification used. Needs Gallup World Poll data that are not in the public release; see README.
C6_9_edu_9_15_very,120,Chart 6.9,"Average probability of saying climate change is a very serious threat / not a threat at all, by education (model): % very serious threat, 9-15 years education",61,pct,,chart,Y,WP93; WP94; WP1233,Multilevel logistic regression; see README for the specification used. Needs Gallup World Poll data that are not in the public release; see README.
C6_9_edu_9_15_not,120,Chart 6.9,"Average probability of saying climate change is a very serious threat / not a threat at all, by education (model): % not a threat at all, 9-15 years education",9,pct,,chart,Y,WP93; WP94; WP1233,Multilevel logistic regression; see README for the specification used. Needs Gallup World Poll data that are not in the public release; see README.
C6_9_edu_16plus_very,120,Chart 6.9,"Average probability of saying climate change is a very serious threat / not a threat at all, by education (model): % very serious threat, 16+ years education",67,pct,,chart,Y,WP93; WP94; WP1233,Multilevel logistic regression; see README for the specification used. Needs Gallup World Poll data that are not in the public release; see README.
C6_9_edu_16plus_not,120,Chart 6.9,"Average probability of saying climate change is a very serious threat / not a threat at all, by education (model): % not a threat at all, 16+ years education",6,pct,,chart,Y,WP93; WP94; WP1233,Multilevel logistic regression; see README for the specification used. Needs Gallup World Poll data that are not in the public release; see README.
C6_10_women_age_15_29_very,121,Chart 6.10,"Climate change threat, by age and gender: % very serious threat, women, age 15-29",41,pct,,chart,N,,
C6_10_women_age_15_29_somewhat,121,Chart 6.10,"Climate change threat, by age and gender: % somewhat serious threat, women, age 15-29",28,pct,,chart,N,,
C6_10_women_age_15_29_not,121,Chart 6.10,"Climate change threat, by age and gender: % not a threat at all, women, age 15-29",13,pct,,chart,N,,
C6_10_women_age_30_49_very,121,Chart 6.10,"Climate change threat, by age and gender: % very serious threat, women, age 30-49",39,pct,,chart,N,,
C6_10_women_age_30_49_somewhat,121,Chart 6.10,"Climate change threat, by age and gender: % somewhat serious threat, women, age 30-49",30,pct,,chart,N,,
C6_10_women_age_30_49_not,121,Chart 6.10,"Climate change threat, by age and gender: % not a threat at all, women, age 30-49",11,pct,,chart,N,,
C6_10_women_age_50_64_very,121,Chart 6.10,"Climate change threat, by age and gender: % very serious threat, women, age 50-64",38,pct,,chart,N,,
C6_10_women_age_50_64_somewhat,121,Chart 6.10,"Climate change threat, by age and gender: % somewhat serious threat, women, age 50-64",24,pct,,chart,N,,
C6_10_women_age_50_64_not,121,Chart 6.10,"Climate change threat, by age and gender: % not a threat at all, women, age 50-64",13,pct,,chart,N,,
C6_10_women_age_65plus_very,121,Chart 6.10,"Climate change threat, by age and gender: % very serious threat, women, age 65+",39,pct,,chart,N,,
C6_10_women_age_65plus_somewhat,121,Chart 6.10,"Climate change threat, by age and gender: % somewhat serious threat, women, age 65+",25,pct,,chart,N,,
C6_10_women_age_65plus_not,121,Chart 6.10,"Climate change threat, by age and gender: % not a threat at all, women, age 65+",12,pct,,chart,N,,
C6_10_men_age_15_29_very,121,Chart 6.10,"Climate change threat, by age and gender: % very serious threat, men, age 15-29",43,pct,,chart,N,,
C6_10_men_age_15_29_somewhat,121,Chart 6.10,"Climate change threat, by age and gender: % somewhat serious threat, men, age 15-29",30,pct,,chart,N,,
C6_10_men_age_15_29_not,121,Chart 6.10,"Climate change threat, by age and gender: % not a threat at all, men, age 15-29",15,pct,,chart,N,,
C6_10_men_age_30_49_very,121,Chart 6.10,"Climate change threat, by age and gender: % very serious threat, men, age 30-49",43,pct,,chart,N,,
C6_10_men_age_30_49_somewhat,121,Chart 6.10,"Climate change threat, by age and gender: % somewhat serious threat, men, age 30-49",29,pct,,chart,N,,
C6_10_men_age_30_49_not,121,Chart 6.10,"Climate change threat, by age and gender: % not a threat at all, men, age 30-49",14,pct,,chart,N,,
C6_10_men_age_50_64_very,121,Chart 6.10,"Climate change threat, by age and gender: % very serious threat, men, age 50-64",40,pct,,chart,N,,
C6_10_men_age_50_64_somewhat,121,Chart 6.10,"Climate change threat, by age and gender: % somewhat serious threat, men, age 50-64",27,pct,,chart,N,,
C6_10_men_age_50_64_not,121,Chart 6.10,"Climate change threat, by age and gender: % not a threat at all, men, age 50-64",15,pct,,chart,N,,
C6_10_men_age_65plus_very,121,Chart 6.10,"Climate change threat, by age and gender: % very serious threat, men, age 65+",37,pct,,chart,N,,
C6_10_men_age_65plus_somewhat,121,Chart 6.10,"Climate change threat, by age and gender: % somewhat serious threat, men, age 65+",26,pct,,chart,N,,
C6_10_men_age_65plus_not,121,Chart 6.10,"Climate change threat, by age and gender: % not a threat at all, men, age 65+",17,pct,,chart,N,,
X6_37,109,Chapter 6,High-income country with the highest % saying climate change is not a threat at all,United States,text,,text,N,,Key finding 2: 'The U.S. ... had the highest percentage of climate change sceptics among high-income countries'.
X7_01,"123, 125",Chapter 7,Genetically modified food will mostly harm people in the country in the next 20 years (global),48,pct,,text,N,,
X7_02,"123, 125",Chapter 7,Genetically modified food will mostly help (global),21,pct,,text,N,,
X7_03,123,Chapter 7,Low-income countries: GM food will mostly help,43,pct,,text,N,,
X7_04,"123, 129",Chapter 7,High-income ('higher-income') countries: GM food will mostly help,22,pct,,text,N,,
X7_05,123,Chapter 7,Nuclear power will mostly help (global),40,pct,,text,N,,
X7_06,123,Chapter 7,Nuclear power will mostly harm (global),29,pct,,text,N,,
X7_07_nuclear,125,Chapter 7,Nuclear power will mostly help ('about four in 10'),40,pct,,text,N,,
X7_07_ai,125,Chapter 7,Artificial intelligence will mostly help ('about four in 10'),40,pct,,text,N,,
X7_08_nuclear,125,Chapter 7,Nuclear power will mostly harm ('nearly three in 10'),30,pct,,text,N,,
X7_08_ai,125,Chapter 7,Artificial intelligence will mostly harm ('nearly three in 10'),30,pct,,text,N,,
C7_1_gm_help,125,Chart 7.1,"New technologies will mostly help or mostly harm people in the next 20 years (global): % mostly help, genetically modified food",21,pct,,chart,N,,
C7_1_gm_harm,125,Chart 7.1,"New technologies will mostly help or mostly harm people in the next 20 years (global): % mostly harm, genetically modified food",48,pct,,chart,N,,
C7_1_gm_none,125,Chart 7.1,"New technologies will mostly help or mostly harm people in the next 20 years (global): % no opinion/neither/don't know/refused, genetically modified food",31,pct,,chart,N,,
C7_1_nuclear_help,125,Chart 7.1,"New technologies will mostly help or mostly harm people in the next 20 years (global): % mostly help, nuclear power",40,pct,,chart,N,,
C7_1_nuclear_harm,125,Chart 7.1,"New technologies will mostly help or mostly harm people in the next 20 years (global): % mostly harm, nuclear power",29,pct,,chart,N,,
C7_1_nuclear_none,125,Chart 7.1,"New technologies will mostly help or mostly harm people in the next 20 years (global): % no opinion/neither/don't know/refused, nuclear power",31,pct,,chart,N,,
C7_1_ai_help,125,Chart 7.1,"New technologies will mostly help or mostly harm people in the next 20 years (global): % mostly help, artificial intelligence",41,pct,,chart,N,,
C7_1_ai_harm,125,Chart 7.1,"New technologies will mostly help or mostly harm people in the next 20 years (global): % mostly harm, artificial intelligence",30,pct,,chart,N,,
C7_1_ai_none,125,Chart 7.1,"New technologies will mostly help or mostly harm people in the next 20 years (global): % no opinion/neither/don't know/refused, artificial intelligence",29,pct,,chart,N,,
C7_2_eastern_europe_help,127,Chart 7.2,"Genetically modified food will mostly help or mostly harm, by region: % mostly help, Eastern Europe",8,pct,,chart,N,,
C7_2_eastern_europe_harm,127,Chart 7.2,"Genetically modified food will mostly help or mostly harm, by region: % mostly harm, Eastern Europe",74,pct,,chart,N,,
C7_2_southern_europe_help,127,Chart 7.2,"Genetically modified food will mostly help or mostly harm, by region: % mostly help, Southern Europe",17,pct,,chart,N,,
C7_2_southern_europe_harm,127,Chart 7.2,"Genetically modified food will mostly help or mostly harm, by region: % mostly harm, Southern Europe",66,pct,,chart,N,,
C7_2_latin_america_help,127,Chart 7.2,"Genetically modified food will mostly help or mostly harm, by region: % mostly help, Latin America & Caribbean",13,pct,,chart,N,,
C7_2_latin_america_harm,127,Chart 7.2,"Genetically modified food will mostly help or mostly harm, by region: % mostly harm, Latin America & Caribbean",61,pct,,chart,N,,
C7_2_northern_america_help,127,Chart 7.2,"Genetically modified food will mostly help or mostly harm, by region: % mostly help, Northern America",26,pct,,chart,N,,
C7_2_northern_america_harm,127,Chart 7.2,"Genetically modified food will mostly help or mostly harm, by region: % mostly harm, Northern America",60,pct,,chart,N,,
C7_2_central_asia_help,127,Chart 7.2,"Genetically modified food will mostly help or mostly harm, by region: % mostly help, Central Asia",14,pct,,chart,N,,
C7_2_central_asia_harm,127,Chart 7.2,"Genetically modified food will mostly help or mostly harm, by region: % mostly harm, Central Asia",60,pct,,chart,N,,
C7_2_northern_western_europe_help,127,Chart 7.2,"Genetically modified food will mostly help or mostly harm, by region: % mostly help, Northern/Western Europe",18,pct,,chart,N,,
C7_2_northern_western_europe_harm,127,Chart 7.2,"Genetically modified food will mostly help or mostly harm, by region: % mostly harm, Northern/Western Europe",58,pct,,chart,N,,
C7_2_middle_east_help,127,Chart 7.2,"Genetically modified food will mostly help or mostly harm, by region: % mostly help, Middle East",16,pct,,chart,N,,
C7_2_middle_east_harm,127,Chart 7.2,"Genetically modified food will mostly help or mostly harm, by region: % mostly harm, Middle East",55,pct,,chart,N,,
C7_2_eastern_asia_help,127,Chart 7.2,"Genetically modified food will mostly help or mostly harm, by region: % mostly help, Eastern Asia",17,pct,,chart,N,,
C7_2_eastern_asia_harm,127,Chart 7.2,"Genetically modified food will mostly help or mostly harm, by region: % mostly harm, Eastern Asia",50,pct,,chart,N,,
C7_2_australia_nz_help,127,Chart 7.2,"Genetically modified food will mostly help or mostly harm, by region: % mostly help, Australia & New Zealand",32,pct,,chart,N,,
C7_2_australia_nz_harm,127,Chart 7.2,"Genetically modified food will mostly help or mostly harm, by region: % mostly harm, Australia & New Zealand",49,pct,,chart,N,,
C7_2_northern_africa_help,127,Chart 7.2,"Genetically modified food will mostly help or mostly harm, by region: % mostly help, Northern Africa",11,pct,,chart,N,,
C7_2_northern_africa_harm,127,Chart 7.2,"Genetically modified food will mostly help or mostly harm, by region: % mostly harm, Northern Africa",48,pct,,chart,N,,
C7_2_southern_africa_help,127,Chart 7.2,"Genetically modified food will mostly help or mostly harm, by region: % mostly help, Southern Africa",35,pct,,chart,N,,
C7_2_southern_africa_harm,127,Chart 7.2,"Genetically modified food will mostly help or mostly harm, by region: % mostly harm, Southern Africa",44,pct,,chart,N,,
C7_2_southeastern_asia_help,127,Chart 7.2,"Genetically modified food will mostly help or mostly harm, by region: % mostly help, Southeastern Asia",19,pct,,chart,N,,
C7_2_southeastern_asia_harm,127,Chart 7.2,"Genetically modified food will mostly help or mostly harm, by region: % mostly harm, Southeastern Asia",39,pct,,chart,N,,
C7_2_southern_asia_help,127,Chart 7.2,"Genetically modified food will mostly help or mostly harm, by region: % mostly help, Southern Asia",29,pct,,chart,N,,
C7_2_southern_asia_harm,127,Chart 7.2,"Genetically modified food will mostly help or mostly harm, by region: % mostly harm, Southern Asia",36,pct,,chart,N,,
C7_2_central_western_africa_help,127,Chart 7.2,"Genetically modified food will mostly help or mostly harm, by region: % mostly help, Central/Western Africa",33,pct,,chart,N,,
C7_2_central_western_africa_harm,127,Chart 7.2,"Genetically modified food will mostly help or mostly harm, by region: % mostly harm, Central/Western Africa",35,pct,,chart,N,,
C7_2_east_africa_help,127,Chart 7.2,"Genetically modified food will mostly help or mostly harm, by region: % mostly help, Eastern Africa",43,pct,,chart,N,,
C7_2_east_africa_harm,127,Chart 7.2,"Genetically modified food will mostly help or mostly harm, by region: % mostly harm, Eastern Africa",35,pct,,chart,N,,
X7_09,128,Chapter 7,Footnote 14: correlation between country Food and Shelter Index and % saying GM food will mostly help,-0.562,r,0.01,text,Y,WP40; WP43,"The Food and Shelter Index is a Gallup World Poll index (WP40, WP43). Needs Gallup World Poll data that are not in the public release; see README."
X7_10,128,Chapter 7,Footnote 14: countries with both data points,108,count,,text,Y,WP40; WP43,
X7_11,129,Chapter 7,Low-income economies: GM food will mostly help,42,pct,,text,N,,
X7_12,129,Chapter 7,High-income economies: GM food will mostly harm,57,pct,,text,N,,
X7_13,129,Chapter 7,"High-income economies, very worried the food they eat could cause serious harm: GM food will mostly harm",74,pct,,text,N,,
X7_14,129,Chapter 7,"High-income economies, not worried about the food they eat: GM food will mostly harm",45,pct,,text,N,,
X7_15,129,Chapter 7,Southern Europe: nuclear power will mostly harm,62,pct,,text,N,,
X7_16,129,Chapter 7,Spain: nuclear power will mostly harm,67,pct,,text,N,,
X7_17,129,Chapter 7,Low-income economies: nuclear power will mostly help,52,pct,,text,N,,
X7_18,129,Chapter 7,Low-income economies: nuclear power will mostly harm,21,pct,,text,N,,
X7_19,129,Chapter 7,High-income economies: nuclear power will mostly help,39,pct,,text,N,,
X7_20,129,Chapter 7,High-income economies: nuclear power will mostly harm,43,pct,,text,N,,
C7_4_southern_europe_help,130,Chart 7.4,"Nuclear power will mostly help or mostly harm, by region: % mostly help, Southern Europe",23,pct,,chart,N,,
C7_4_southern_europe_harm,130,Chart 7.4,"Nuclear power will mostly help or mostly harm, by region: % mostly harm, Southern Europe",62,pct,,chart,N,,
C7_4_northern_western_europe_help,130,Chart 7.4,"Nuclear power will mostly help or mostly harm, by region: % mostly help, Northern/Western Europe",36,pct,,chart,N,,
C7_4_northern_western_europe_harm,130,Chart 7.4,"Nuclear power will mostly help or mostly harm, by region: % mostly harm, Northern/Western Europe",46,pct,,chart,N,,
C7_4_australia_nz_help,130,Chart 7.4,"Nuclear power will mostly help or mostly harm, by region: % mostly help, Australia & New Zealand",40,pct,,chart,N,,
C7_4_australia_nz_harm,130,Chart 7.4,"Nuclear power will mostly help or mostly harm, by region: % mostly harm, Australia & New Zealand",42,pct,,chart,N,,
C7_4_latin_america_help,130,Chart 7.4,"Nuclear power will mostly help or mostly harm, by region: % mostly help, Latin America & Caribbean",29,pct,,chart,N,,
C7_4_latin_america_harm,130,Chart 7.4,"Nuclear power will mostly help or mostly harm, by region: % mostly harm, Latin America & Caribbean",42,pct,,chart,N,,
C7_4_central_asia_help,130,Chart 7.4,"Nuclear power will mostly help or mostly harm, by region: % mostly help, Central Asia",32,pct,,chart,N,,
C7_4_central_asia_harm,130,Chart 7.4,"Nuclear power will mostly help or mostly harm, by region: % mostly harm, Central Asia",39,pct,,chart,N,,
C7_4_eastern_europe_help,130,Chart 7.4,"Nuclear power will mostly help or mostly harm, by region: % mostly help, Eastern Europe",34,pct,,chart,N,,
C7_4_eastern_europe_harm,130,Chart 7.4,"Nuclear power will mostly help or mostly harm, by region: % mostly harm, Eastern Europe",38,pct,,chart,N,,
C7_4_northern_america_help,130,Chart 7.4,"Nuclear power will mostly help or mostly harm, by region: % mostly help, Northern America",46,pct,,chart,N,,
C7_4_northern_america_harm,130,Chart 7.4,"Nuclear power will mostly help or mostly harm, by region: % mostly harm, Northern America",37,pct,,chart,N,,
C7_4_northern_africa_help,130,Chart 7.4,"Nuclear power will mostly help or mostly harm, by region: % mostly help, Northern Africa",30,pct,,chart,N,,
C7_4_northern_africa_harm,130,Chart 7.4,"Nuclear power will mostly help or mostly harm, by region: % mostly harm, Northern Africa",32,pct,,chart,N,,
C7_4_southeastern_asia_help,130,Chart 7.4,"Nuclear power will mostly help or mostly harm, by region: % mostly help, Southeastern Asia",35,pct,,chart,N,,
C7_4_southeastern_asia_harm,130,Chart 7.4,"Nuclear power will mostly help or mostly harm, by region: % mostly harm, Southeastern Asia",32,pct,,chart,N,,
C7_4_southern_africa_help,130,Chart 7.4,"Nuclear power will mostly help or mostly harm, by region: % mostly help, Southern Africa",44,pct,,chart,N,,
C7_4_southern_africa_harm,130,Chart 7.4,"Nuclear power will mostly help or mostly harm, by region: % mostly harm, Southern Africa",31,pct,,chart,N,,
C7_4_east_africa_help,130,Chart 7.4,"Nuclear power will mostly help or mostly harm, by region: % mostly help, Eastern Africa",50,pct,,chart,N,,
C7_4_east_africa_harm,130,Chart 7.4,"Nuclear power will mostly help or mostly harm, by region: % mostly harm, Eastern Africa",27,pct,,chart,N,,
C7_4_middle_east_help,130,Chart 7.4,"Nuclear power will mostly help or mostly harm, by region: % mostly help, Middle East",48,pct,,chart,N,,
C7_4_middle_east_harm,130,Chart 7.4,"Nuclear power will mostly help or mostly harm, by region: % mostly harm, Middle East",27,pct,,chart,N,,
C7_4_southern_asia_help,130,Chart 7.4,"Nuclear power will mostly help or mostly harm, by region: % mostly help, Southern Asia",41,pct,,chart,N,,
C7_4_southern_asia_harm,130,Chart 7.4,"Nuclear power will mostly help or mostly harm, by region: % mostly harm, Southern Asia",25,pct,,chart,N,,
C7_4_central_western_africa_help,130,Chart 7.4,"Nuclear power will mostly help or mostly harm, by region: % mostly help, Central/Western Africa",48,pct,,chart,N,,
C7_4_central_western_africa_harm,130,Chart 7.4,"Nuclear power will mostly help or mostly harm, by region: % mostly harm, Central/Western Africa",22,pct,,chart,N,,
C7_4_eastern_asia_help,130,Chart 7.4,"Nuclear power will mostly help or mostly harm, by region: % mostly help, Eastern Asia",44,pct,,chart,N,,
C7_4_eastern_asia_harm,130,Chart 7.4,"Nuclear power will mostly help or mostly harm, by region: % mostly harm, Eastern Asia",20,pct,,chart,N,,
X7_21_edu_0_8,131,Chapter 7,"High-income economies, 0-8 years education: nuclear power will mostly help",29,pct,,text,N,,
X7_21_edu_9_15,131,Chapter 7,"High-income economies, 9-15 years education: nuclear power will mostly help",37,pct,,text,N,,
X7_21_edu_16plus,131,Chapter 7,"High-income economies, 16+ years education: nuclear power will mostly help",46,pct,,text,N,,
C7_5_edu_0_8_help,131,Chart 7.5,"Nuclear power will mostly help or mostly harm, by education (high-income economies): % mostly help, 0-8 years education",29,pct,,chart,N,,
C7_5_edu_0_8_harm,131,Chart 7.5,"Nuclear power will mostly help or mostly harm, by education (high-income economies): % mostly harm, 0-8 years education",45,pct,,chart,N,,
C7_5_edu_9_15_help,131,Chart 7.5,"Nuclear power will mostly help or mostly harm, by education (high-income economies): % mostly help, 9-15 years education",37,pct,,chart,N,,
C7_5_edu_9_15_harm,131,Chart 7.5,"Nuclear power will mostly help or mostly harm, by education (high-income economies): % mostly harm, 9-15 years education",45,pct,,chart,N,,
C7_5_edu_16plus_help,131,Chart 7.5,"Nuclear power will mostly help or mostly harm, by education (high-income economies): % mostly help, 16+ years education",46,pct,,chart,N,,
C7_5_edu_16plus_harm,131,Chart 7.5,"Nuclear power will mostly help or mostly harm, by education (high-income economies): % mostly harm, 16+ years education",39,pct,,chart,N,,
C7_6_low_correct,131,Chart 7.6,"Nuclear power will mostly help, by numeracy and country income group: % mostly help, answered correctly, low income",58,pct,,chart,N,,
C7_6_low_not_correct,131,Chart 7.6,"Nuclear power will mostly help, by numeracy and country income group: % mostly help, did not answer correctly, low income",50,pct,,chart,N,,
C7_6_lower_middle_correct,131,Chart 7.6,"Nuclear power will mostly help, by numeracy and country income group: % mostly help, answered correctly, lower-middle income",46,pct,,chart,N,,
C7_6_lower_middle_not_correct,131,Chart 7.6,"Nuclear power will mostly help, by numeracy and country income group: % mostly help, did not answer correctly, lower-middle income",38,pct,,chart,N,,
C7_6_upper_middle_correct,131,Chart 7.6,"Nuclear power will mostly help, by numeracy and country income group: % mostly help, answered correctly, upper-middle income",46,pct,,chart,N,,
C7_6_upper_middle_not_correct,131,Chart 7.6,"Nuclear power will mostly help, by numeracy and country income group: % mostly help, did not answer correctly, upper-middle income",34,pct,,chart,N,,
C7_6_high_correct,131,Chart 7.6,"Nuclear power will mostly help, by numeracy and country income group: % mostly help, answered correctly, high income",42,pct,,chart,N,,
C7_6_high_not_correct,131,Chart 7.6,"Nuclear power will mostly help, by numeracy and country income group: % mostly help, did not answer correctly, high income",32,pct,,chart,N,,
X7_22,132,Chapter 7,Women in high-income economies: nuclear power will mostly harm,47,pct,,text,N,,
X7_23,132,Chapter 7,Women in high-income economies: nuclear power will mostly help ('fewer than one in three'),30,pct,,text,N,,
X7_24,132,Chapter 7,Men in high-income economies: nuclear power will mostly help,47,pct,,text,N,,
X7_25,132,Chapter 7,Men in high-income economies: nuclear power will mostly harm,39,pct,,text,N,,
C7_7_women_edu_0_8_help,132,Chart 7.7,"Nuclear power will mostly help or mostly harm, by gender and education (high-income economies): % mostly help, women, 0-8 years education",26,pct,,chart,N,,
C7_7_women_edu_0_8_harm,132,Chart 7.7,"Nuclear power will mostly help or mostly harm, by gender and education (high-income economies): % mostly harm, women, 0-8 years education",43,pct,,chart,N,,
C7_7_women_edu_9_15_help,132,Chart 7.7,"Nuclear power will mostly help or mostly harm, by gender and education (high-income economies): % mostly help, women, 9-15 years education",28,pct,,chart,N,,
C7_7_women_edu_9_15_harm,132,Chart 7.7,"Nuclear power will mostly help or mostly harm, by gender and education (high-income economies): % mostly harm, women, 9-15 years education",49,pct,,chart,N,,
C7_7_women_edu_16plus_help,132,Chart 7.7,"Nuclear power will mostly help or mostly harm, by gender and education (high-income economies): % mostly help, women, 16+ years education",37,pct,,chart,N,,
C7_7_women_edu_16plus_harm,132,Chart 7.7,"Nuclear power will mostly help or mostly harm, by gender and education (high-income economies): % mostly harm, women, 16+ years education",44,pct,,chart,N,,
C7_7_men_edu_0_8_help,132,Chart 7.7,"Nuclear power will mostly help or mostly harm, by gender and education (high-income economies): % mostly help, men, 0-8 years education",34,pct,,chart,N,,
C7_7_men_edu_0_8_harm,132,Chart 7.7,"Nuclear power will mostly help or mostly harm, by gender and education (high-income economies): % mostly harm, men, 0-8 years education",48,pct,,chart,N,,
C7_7_men_edu_9_15_help,132,Chart 7.7,"Nuclear power will mostly help or mostly harm, by gender and education (high-income economies): % mostly help, men, 9-15 years education",46,pct,,chart,N,,
C7_7_men_edu_9_15_harm,132,Chart 7.7,"Nuclear power will mostly help or mostly harm, by gender and education (high-income economies): % mostly harm, men, 9-15 years education",40,pct,,chart,N,,
C7_7_men_edu_16plus_help,132,Chart 7.7,"Nuclear power will mostly help or mostly harm, by gender and education (high-income economies): % mostly help, men, 16+ years education",54,pct,,chart,N,,
C7_7_men_edu_16plus_harm,132,Chart 7.7,"Nuclear power will mostly help or mostly harm, by gender and education (high-income economies): % mostly harm, men, 16+ years education",35,pct,,chart,N,,
X7_26,133,Chapter 7,Eastern Asia: artificial intelligence will mostly help,59,pct,,text,N,,
X7_27,133,Chapter 7,Eastern Asia: artificial intelligence will mostly harm,11,pct,,text,N,,
X7_28,133,Chapter 7,China: artificial intelligence will mostly harm,9,pct,,text,N,,
X7_29,133,Chapter 7,Country least likely to say artificial intelligence will mostly harm,China,text,,text,N,,
X7_30,134,Chapter 7,Southern Europe: artificial intelligence will mostly harm,51,pct,,text,N,,
X7_31,134,Chapter 7,Latin America & Caribbean: artificial intelligence will mostly harm,49,pct,,text,N,,
X7_32,134,Chapter 7,Northern America: artificial intelligence will mostly harm,47,pct,,text,N,,
C7_8_southern_europe_help,134,Chart 7.8,"Artificial intelligence will mostly help or mostly harm, by region: % mostly help, Southern Europe",37,pct,,chart,N,,
C7_8_southern_europe_harm,134,Chart 7.8,"Artificial intelligence will mostly help or mostly harm, by region: % mostly harm, Southern Europe",51,pct,,chart,N,,
C7_8_latin_america_help,134,Chart 7.8,"Artificial intelligence will mostly help or mostly harm, by region: % mostly help, Latin America & Caribbean",26,pct,,chart,N,,
C7_8_latin_america_harm,134,Chart 7.8,"Artificial intelligence will mostly help or mostly harm, by region: % mostly harm, Latin America & Caribbean",49,pct,,chart,N,,
C7_8_northern_america_help,134,Chart 7.8,"Artificial intelligence will mostly help or mostly harm, by region: % mostly help, Northern America",41,pct,,chart,N,,
C7_8_northern_america_harm,134,Chart 7.8,"Artificial intelligence will mostly help or mostly harm, by region: % mostly harm, Northern America",47,pct,,chart,N,,
C7_8_australia_nz_help,134,Chart 7.8,"Artificial intelligence will mostly help or mostly harm, by region: % mostly help, Australia & New Zealand",40,pct,,chart,N,,
C7_8_australia_nz_harm,134,Chart 7.8,"Artificial intelligence will mostly help or mostly harm, by region: % mostly harm, Australia & New Zealand",44,pct,,chart,N,,
C7_8_northern_western_europe_help,134,Chart 7.8,"Artificial intelligence will mostly help or mostly harm, by region: % mostly help, Northern/Western Europe",41,pct,,chart,N,,
C7_8_northern_western_europe_harm,134,Chart 7.8,"Artificial intelligence will mostly help or mostly harm, by region: % mostly harm, Northern/Western Europe",42,pct,,chart,N,,
C7_8_eastern_europe_help,134,Chart 7.8,"Artificial intelligence will mostly help or mostly harm, by region: % mostly help, Eastern Europe",34,pct,,chart,N,,
C7_8_eastern_europe_harm,134,Chart 7.8,"Artificial intelligence will mostly help or mostly harm, by region: % mostly harm, Eastern Europe",40,pct,,chart,N,,
C7_8_southern_africa_help,134,Chart 7.8,"Artificial intelligence will mostly help or mostly harm, by region: % mostly help, Southern Africa",43,pct,,chart,N,,
C7_8_southern_africa_harm,134,Chart 7.8,"Artificial intelligence will mostly help or mostly harm, by region: % mostly harm, Southern Africa",37,pct,,chart,N,,
C7_8_northern_africa_help,134,Chart 7.8,"Artificial intelligence will mostly help or mostly harm, by region: % mostly help, Northern Africa",25,pct,,chart,N,,
C7_8_northern_africa_harm,134,Chart 7.8,"Artificial intelligence will mostly help or mostly harm, by region: % mostly harm, Northern Africa",36,pct,,chart,N,,
C7_8_central_asia_help,134,Chart 7.8,"Artificial intelligence will mostly help or mostly harm, by region: % mostly help, Central Asia",36,pct,,chart,N,,
C7_8_central_asia_harm,134,Chart 7.8,"Artificial intelligence will mostly help or mostly harm, by region: % mostly harm, Central Asia",34,pct,,chart,N,,
C7_8_middle_east_help,134,Chart 7.8,"Artificial intelligence will mostly help or mostly harm, by region: % mostly help, Middle East",38,pct,,chart,N,,
C7_8_middle_east_harm,134,Chart 7.8,"Artificial intelligence will mostly help or mostly harm, by region: % mostly harm, Middle East",33,pct,,chart,N,,
C7_8_southern_asia_help,134,Chart 7.8,"Artificial intelligence will mostly help or mostly harm, by region: % mostly help, Southern Asia",31,pct,,chart,N,,
C7_8_southern_asia_harm,134,Chart 7.8,"Artificial intelligence will mostly help or mostly harm, by region: % mostly harm, Southern Asia",33,pct,,chart,N,,
C7_8_central_western_africa_help,134,Chart 7.8,"Artificial intelligence will mostly help or mostly harm, by region: % mostly help, Central/Western Africa",35,pct,,chart,N,,
C7_8_central_western_africa_harm,134,Chart 7.8,"Artificial intelligence will mostly help or mostly harm, by region: % mostly harm, Central/Western Africa",32,pct,,chart,N,,
C7_8_east_africa_help,134,Chart 7.8,"Artificial intelligence will mostly help or mostly harm, by region: % mostly help, Eastern Africa",45,pct,,chart,N,,
C7_8_east_africa_harm,134,Chart 7.8,"Artificial intelligence will mostly help or mostly harm, by region: % mostly harm, Eastern Africa",30,pct,,chart,N,,
C7_8_southeastern_asia_help,134,Chart 7.8,"Artificial intelligence will mostly help or mostly harm, by region: % mostly help, Southeastern Asia",37,pct,,chart,N,,
C7_8_southeastern_asia_harm,134,Chart 7.8,"Artificial intelligence will mostly help or mostly harm, by region: % mostly harm, Southeastern Asia",25,pct,,chart,N,,
C7_8_eastern_asia_help,134,Chart 7.8,"Artificial intelligence will mostly help or mostly harm, by region: % mostly help, Eastern Asia",59,pct,,chart,N,,
C7_8_eastern_asia_harm,134,Chart 7.8,"Artificial intelligence will mostly help or mostly harm, by region: % mostly harm, Eastern Asia",11,pct,,chart,N,,
X7_33,134,Chapter 7,High-income economies: artificial intelligence will mostly help,44,pct,,text,N,,
X7_34,134,Chapter 7,Low-income economies: artificial intelligence will mostly help,45,pct,,text,N,,
X7_35,123,Chapter 7,The three regions most likely to say artificial intelligence will mostly harm (key finding 5),Latin America & Caribbean; Northern America; Southern Europe,text,,text,N,,Listed in alphabetical order.
X7_36,123,Chapter 7,Region most likely to say artificial intelligence will mostly help (key finding 5),Eastern Asia,text,,text,N,,
C7_10_women_age_15_29_help,136,Chart 7.10,"Artificial intelligence will mostly help or mostly harm, by gender and age: % mostly help, women, age 15-29",42,pct,,chart,N,,"'No opinion' is everyone else: no opinion, neither, don't know and refused (the three bars sum to 100)."
C7_10_women_age_15_29_harm,136,Chart 7.10,"Artificial intelligence will mostly help or mostly harm, by gender and age: % mostly harm, women, age 15-29",31,pct,,chart,N,,"'No opinion' is everyone else: no opinion, neither, don't know and refused (the three bars sum to 100)."
C7_10_women_age_15_29_none,136,Chart 7.10,"Artificial intelligence will mostly help or mostly harm, by gender and age: % no opinion, women, age 15-29",27,pct,,chart,N,,"'No opinion' is everyone else: no opinion, neither, don't know and refused (the three bars sum to 100)."
C7_10_women_age_30_49_help,136,Chart 7.10,"Artificial intelligence will mostly help or mostly harm, by gender and age: % mostly help, women, age 30-49",39,pct,,chart,N,,"'No opinion' is everyone else: no opinion, neither, don't know and refused (the three bars sum to 100)."
C7_10_women_age_30_49_harm,136,Chart 7.10,"Artificial intelligence will mostly help or mostly harm, by gender and age: % mostly harm, women, age 30-49",31,pct,,chart,N,,"'No opinion' is everyone else: no opinion, neither, don't know and refused (the three bars sum to 100)."
C7_10_women_age_30_49_none,136,Chart 7.10,"Artificial intelligence will mostly help or mostly harm, by gender and age: % no opinion, women, age 30-49",30,pct,,chart,N,,"'No opinion' is everyone else: no opinion, neither, don't know and refused (the three bars sum to 100)."
C7_10_women_age_50_64_help,136,Chart 7.10,"Artificial intelligence will mostly help or mostly harm, by gender and age: % mostly help, women, age 50-64",33,pct,,chart,N,,"'No opinion' is everyone else: no opinion, neither, don't know and refused (the three bars sum to 100)."
C7_10_women_age_50_64_harm,136,Chart 7.10,"Artificial intelligence will mostly help or mostly harm, by gender and age: % mostly harm, women, age 50-64",30,pct,,chart,N,,"'No opinion' is everyone else: no opinion, neither, don't know and refused (the three bars sum to 100)."
C7_10_women_age_50_64_none,136,Chart 7.10,"Artificial intelligence will mostly help or mostly harm, by gender and age: % no opinion, women, age 50-64",37,pct,,chart,N,,"'No opinion' is everyone else: no opinion, neither, don't know and refused (the three bars sum to 100)."
C7_10_women_age_65plus_help,136,Chart 7.10,"Artificial intelligence will mostly help or mostly harm, by gender and age: % mostly help, women, age 65+",28,pct,,chart,N,,"'No opinion' is everyone else: no opinion, neither, don't know and refused (the three bars sum to 100)."
C7_10_women_age_65plus_harm,136,Chart 7.10,"Artificial intelligence will mostly help or mostly harm, by gender and age: % mostly harm, women, age 65+",31,pct,,chart,N,,"'No opinion' is everyone else: no opinion, neither, don't know and refused (the three bars sum to 100)."
C7_10_women_age_65plus_none,136,Chart 7.10,"Artificial intelligence will mostly help or mostly harm, by gender and age: % no opinion, women, age 65+",41,pct,,chart,N,,"'No opinion' is everyone else: no opinion, neither, don't know and refused (the three bars sum to 100)."
C7_10_men_age_15_29_help,136,Chart 7.10,"Artificial intelligence will mostly help or mostly harm, by gender and age: % mostly help, men, age 15-29",47,pct,,chart,N,,"'No opinion' is everyone else: no opinion, neither, don't know and refused (the three bars sum to 100)."
C7_10_men_age_15_29_harm,136,Chart 7.10,"Artificial intelligence will mostly help or mostly harm, by gender and age: % mostly harm, men, age 15-29",30,pct,,chart,N,,"'No opinion' is everyone else: no opinion, neither, don't know and refused (the three bars sum to 100)."
C7_10_men_age_15_29_none,136,Chart 7.10,"Artificial intelligence will mostly help or mostly harm, by gender and age: % no opinion, men, age 15-29",23,pct,,chart,N,,"'No opinion' is everyone else: no opinion, neither, don't know and refused (the three bars sum to 100)."
C7_10_men_age_30_49_help,136,Chart 7.10,"Artificial intelligence will mostly help or mostly harm, by gender and age: % mostly help, men, age 30-49",42,pct,,chart,N,,"'No opinion' is everyone else: no opinion, neither, don't know and refused (the three bars sum to 100)."
C7_10_men_age_30_49_harm,136,Chart 7.10,"Artificial intelligence will mostly help or mostly harm, by gender and age: % mostly harm, men, age 30-49",31,pct,,chart,N,,"'No opinion' is everyone else: no opinion, neither, don't know and refused (the three bars sum to 100)."
C7_10_men_age_30_49_none,136,Chart 7.10,"Artificial intelligence will mostly help or mostly harm, by gender and age: % no opinion, men, age 30-49",27,pct,,chart,N,,"'No opinion' is everyone else: no opinion, neither, don't know and refused (the three bars sum to 100)."
C7_10_men_age_50_64_help,136,Chart 7.10,"Artificial intelligence will mostly help or mostly harm, by gender and age: % mostly help, men, age 50-64",43,pct,,chart,N,,"'No opinion' is everyone else: no opinion, neither, don't know and refused (the three bars sum to 100)."
C7_10_men_age_50_64_harm,136,Chart 7.10,"Artificial intelligence will mostly help or mostly harm, by gender and age: % mostly harm, men, age 50-64",27,pct,,chart,N,,"'No opinion' is everyone else: no opinion, neither, don't know and refused (the three bars sum to 100)."
C7_10_men_age_50_64_none,136,Chart 7.10,"Artificial intelligence will mostly help or mostly harm, by gender and age: % no opinion, men, age 50-64",30,pct,,chart,N,,"'No opinion' is everyone else: no opinion, neither, don't know and refused (the three bars sum to 100)."
C7_10_men_age_65plus_help,136,Chart 7.10,"Artificial intelligence will mostly help or mostly harm, by gender and age: % mostly help, men, age 65+",40,pct,,chart,N,,"'No opinion' is everyone else: no opinion, neither, don't know and refused (the three bars sum to 100)."
C7_10_men_age_65plus_harm,136,Chart 7.10,"Artificial intelligence will mostly help or mostly harm, by gender and age: % mostly harm, men, age 65+",25,pct,,chart,N,,"'No opinion' is everyone else: no opinion, neither, don't know and refused (the three bars sum to 100)."
C7_10_men_age_65plus_none,136,Chart 7.10,"Artificial intelligence will mostly help or mostly harm, by gender and age: % no opinion, men, age 65+",36,pct,,chart,N,,"'No opinion' is everyone else: no opinion, neither, don't know and refused (the three bars sum to 100)."
X8_01,"138, 142",Chapter 8,Worry about receiving false information when using the internet (internet users),57,pct,,text,N,,
X8_02,"138, 142, 147",Chapter 8,Worry about fraud when using the internet (internet users),45,pct,,text,N,,
X8_03,"138, 142, 145",Chapter 8,Worry about online bullying (internet users),30,pct,,text,N,,
X8_04,"138, 145",Chapter 8,Women: worry about online bullying (internet users),32,pct,,text,N,,
X8_05,"138, 145",Chapter 8,Men: worry about online bullying (internet users),28,pct,,text,N,,
X8_06,"138, 145",Chapter 8,Aged 15-29: worry about online bullying (internet users),34,pct,,text,N,,
X8_07,"138, 145",Chapter 8,Aged 65+: worry about online bullying (internet users),21,pct,,text,N,,
X8_08,140,Chapter 8,"Used the internet, including social media, in the past 30 days (global)",53,pct,,text,N,,
X8_09,140,Chapter 8,Northern America: used the internet in the past 30 days,90,pct,,text,N,,
X8_10,140,Chapter 8,Eastern Africa: used the internet in the past 30 days,21,pct,,text,N,,
X8_11,140,Chapter 8,Southern Asia: used the internet in the past 30 days,21,pct,,text,N,,
C8_1_min,140,Chart 8.1,World map: used the internet in the past 30 days: legend minimum (%),8,pct,,chart,N,,The map colours every country; only the legend range and the top and bottom three are printed.
C8_1_max,140,Chart 8.1,World map: used the internet in the past 30 days: legend maximum (%),96,pct,,chart,N,,The map colours every country; only the legend range and the top and bottom three are printed.
C8_1_BHR,140,Chart 8.1,World map: used the internet in the past 30 days: % Bahrain (top 3),96,pct,,chart,N,,The map colours every country; only the legend range and the top and bottom three are printed.
C8_1_KWT,140,Chart 8.1,World map: used the internet in the past 30 days: % Kuwait (top 3),95,pct,,chart,N,,The map colours every country; only the legend range and the top and bottom three are printed.
C8_1_IRL,140,Chart 8.1,World map: used the internet in the past 30 days: % Ireland (top 3),95,pct,,chart,N,,The map colours every country; only the legend range and the top and bottom three are printed.
C8_1_ETH,140,Chart 8.1,World map: used the internet in the past 30 days: % Ethiopia (bottom 3),11,pct,,chart,N,,The map colours every country; only the legend range and the top and bottom three are printed.
C8_1_NER,140,Chart 8.1,World map: used the internet in the past 30 days: % Niger (bottom 3),9,pct,,chart,N,,The map colours every country; only the legend range and the top and bottom three are printed.
C8_1_TCD,140,Chart 8.1,World map: used the internet in the past 30 days: % Chad (bottom 3),8,pct,,chart,N,,The map colours every country; only the legend range and the top and bottom three are printed.
C8_2_women_age_15_29,141,Chart 8.2,"Used the internet in the past 30 days, by gender, age and education: % women, age 15-29",59,pct,,chart,N,,
C8_2_men_age_15_29,141,Chart 8.2,"Used the internet in the past 30 days, by gender, age and education: % men, age 15-29",68,pct,,chart,N,,
C8_2_women_age_30_49,141,Chart 8.2,"Used the internet in the past 30 days, by gender, age and education: % women, age 30-49",56,pct,,chart,N,,
C8_2_men_age_30_49,141,Chart 8.2,"Used the internet in the past 30 days, by gender, age and education: % men, age 30-49",60,pct,,chart,N,,
C8_2_women_age_50_64,141,Chart 8.2,"Used the internet in the past 30 days, by gender, age and education: % women, age 50-64",40,pct,,chart,N,,
C8_2_men_age_50_64,141,Chart 8.2,"Used the internet in the past 30 days, by gender, age and education: % men, age 50-64",44,pct,,chart,N,,
C8_2_women_age_65plus,141,Chart 8.2,"Used the internet in the past 30 days, by gender, age and education: % women, age 65+",27,pct,,chart,N,,
C8_2_men_age_65plus,141,Chart 8.2,"Used the internet in the past 30 days, by gender, age and education: % men, age 65+",27,pct,,chart,N,,
C8_2_women_edu_0_8,141,Chart 8.2,"Used the internet in the past 30 days, by gender, age and education: % women, 0-8 years education",28,pct,,chart,N,,
C8_2_men_edu_0_8,141,Chart 8.2,"Used the internet in the past 30 days, by gender, age and education: % men, 0-8 years education",31,pct,,chart,N,,
C8_2_women_edu_9_15,141,Chart 8.2,"Used the internet in the past 30 days, by gender, age and education: % women, 9-15 years education",66,pct,,chart,N,,
C8_2_men_edu_9_15,141,Chart 8.2,"Used the internet in the past 30 days, by gender, age and education: % men, 9-15 years education",67,pct,,chart,N,,
C8_2_women_edu_16plus,141,Chart 8.2,"Used the internet in the past 30 days, by gender, age and education: % women, 16+ years education",92,pct,,chart,N,,
C8_2_men_edu_16plus,141,Chart 8.2,"Used the internet in the past 30 days, by gender, age and education: % men, 16+ years education",89,pct,,chart,N,,
X8_12,141,Chapter 8,Footnote 7: countries with fewer than 100 past-month internet users in the sample (Madagascar and Rwanda),2,count,0,text,N,,Unweighted count of respondents who were asked the internet-risk questions.
C8_3_bullying_yes,142,Chart 8.3,"Internet users worried about internet-related risks (global): % yes, online bullying",30,pct,,chart,N,,
C8_3_bullying_no,142,Chart 8.3,"Internet users worried about internet-related risks (global): % no, online bullying",69,pct,,chart,N,,
C8_3_bullying_dk,142,Chart 8.3,"Internet users worried about internet-related risks (global): % don't know/refused, online bullying",1,pct,,chart,N,,
C8_3_false_info_yes,142,Chart 8.3,"Internet users worried about internet-related risks (global): % yes, receiving false information",57,pct,,chart,N,,
C8_3_false_info_no,142,Chart 8.3,"Internet users worried about internet-related risks (global): % no, receiving false information",42,pct,,chart,N,,
C8_3_false_info_dk,142,Chart 8.3,"Internet users worried about internet-related risks (global): % don't know/refused, receiving false information",1,pct,,chart,N,,
C8_3_fraud_yes,142,Chart 8.3,"Internet users worried about internet-related risks (global): % yes, fraud",45,pct,,chart,N,,
C8_3_fraud_no,142,Chart 8.3,"Internet users worried about internet-related risks (global): % no, fraud",54,pct,,chart,N,,
C8_3_fraud_dk,142,Chart 8.3,"Internet users worried about internet-related risks (global): % don't know/refused, fraud",1,pct,,chart,N,,
C8_4_min,143,Chart 8.4,World map: internet users worried about receiving false information online: legend minimum (%),3,pct,,chart,N,,The map colours every country; only the legend range and the top and bottom three are printed.
C8_4_max,143,Chart 8.4,World map: internet users worried about receiving false information online: legend maximum (%),87,pct,,chart,N,,The map colours every country; only the legend range and the top and bottom three are printed.
C8_4_MWI,143,Chart 8.4,World map: internet users worried about receiving false information online: % Malawi (top 3),87,pct,,chart,N,,The map colours every country; only the legend range and the top and bottom three are printed.
C8_4_RWA,143,Chart 8.4,World map: internet users worried about receiving false information online: % Rwanda (top 3),87,pct,,chart,N,,The map colours every country; only the legend range and the top and bottom three are printed.
C8_4_BOL,143,Chart 8.4,World map: internet users worried about receiving false information online: % Bolivia (top 3),84,pct,,chart,N,,The map colours every country; only the legend range and the top and bottom three are printed.
C8_4_IND,143,Chart 8.4,World map: internet users worried about receiving false information online: % India (bottom 3),27,pct,,chart,N,,The map colours every country; only the legend range and the top and bottom three are printed.
C8_4_LTU,143,Chart 8.4,World map: internet users worried about receiving false information online: % Lithuania (bottom 3),26,pct,,chart,N,,The map colours every country; only the legend range and the top and bottom three are printed.
C8_4_TKM,143,Chart 8.4,World map: internet users worried about receiving false information online: % Turkmenistan (bottom 3),3,pct,,chart,N,,The map colours every country; only the legend range and the top and bottom three are printed.
X8_13,143,Chapter 8,Footnote 9: correlation between country GINI coefficient and % of internet users worried about false information,0.431,r,0.01,text,N,,Uses World Bank GINI index (SI.POV.GINI) snapshot in reports/external; see README.
X8_14,143,Chapter 8,Footnote 9: countries in the GINI correlation,131,count,,text,N,,Uses World Bank GINI index (SI.POV.GINI) snapshot in reports/external; see README.
C8_5_false_info_age_15_29,144,Chart 8.5,"Internet users worried about internet-related risks, by age: % receiving false information, age 15-29",57,pct,,chart,N,,
C8_5_false_info_age_30_49,144,Chart 8.5,"Internet users worried about internet-related risks, by age: % receiving false information, age 30-49",56,pct,,chart,N,,
C8_5_false_info_age_50_64,144,Chart 8.5,"Internet users worried about internet-related risks, by age: % receiving false information, age 50-64",57,pct,,chart,N,,
C8_5_false_info_age_65plus,144,Chart 8.5,"Internet users worried about internet-related risks, by age: % receiving false information, age 65+",60,pct,,chart,N,,
C8_5_fraud_age_15_29,144,Chart 8.5,"Internet users worried about internet-related risks, by age: % fraud, age 15-29",42,pct,,chart,N,,
C8_5_fraud_age_30_49,144,Chart 8.5,"Internet users worried about internet-related risks, by age: % fraud, age 30-49",45,pct,,chart,N,,
C8_5_fraud_age_50_64,144,Chart 8.5,"Internet users worried about internet-related risks, by age: % fraud, age 50-64",49,pct,,chart,N,,
C8_5_fraud_age_65plus,144,Chart 8.5,"Internet users worried about internet-related risks, by age: % fraud, age 65+",55,pct,,chart,N,,
C8_5_bullying_age_15_29,144,Chart 8.5,"Internet users worried about internet-related risks, by age: % online bullying, age 15-29",34,pct,,chart,N,,
C8_5_bullying_age_30_49,144,Chart 8.5,"Internet users worried about internet-related risks, by age: % online bullying, age 30-49",30,pct,,chart,N,,
C8_5_bullying_age_50_64,144,Chart 8.5,"Internet users worried about internet-related risks, by age: % online bullying, age 50-64",26,pct,,chart,N,,
C8_5_bullying_age_65plus,144,Chart 8.5,"Internet users worried about internet-related risks, by age: % online bullying, age 65+",21,pct,,chart,N,,
X8_15,144,Chapter 8,Internet users worried about receiving false information in each age group ('roughly six in 10'); lowest age group,60,pct,5,text,N,,"'Roughly six in 10' in each age group; reproduced as the lowest of the four age groups, with a tolerance of 5 points."
X8_16,146,Chapter 8,Low-income countries: worry about online bullying (internet users),53,pct,,text,N,,
X8_17,146,Chapter 8,Middle-income countries: worry about online bullying (internet users),32,pct,,text,N,,Lower-middle and upper-middle income combined.
X8_18,146,Chapter 8,High-income countries: worry about online bullying (internet users),23,pct,,text,N,,
C8_7_women_edu_0_8,147,Chart 8.7,"Internet users worried about online fraud, by gender, education and age: % women, 0-8 years education",38,pct,,chart,N,,
C8_7_men_edu_0_8,147,Chart 8.7,"Internet users worried about online fraud, by gender, education and age: % men, 0-8 years education",33,pct,,chart,N,,
C8_7_women_edu_9_15,147,Chart 8.7,"Internet users worried about online fraud, by gender, education and age: % women, 9-15 years education",51,pct,,chart,N,,
C8_7_men_edu_9_15,147,Chart 8.7,"Internet users worried about online fraud, by gender, education and age: % men, 9-15 years education",43,pct,,chart,N,,
C8_7_women_edu_16plus,147,Chart 8.7,"Internet users worried about online fraud, by gender, education and age: % women, 16+ years education",55,pct,,chart,N,,
C8_7_men_edu_16plus,147,Chart 8.7,"Internet users worried about online fraud, by gender, education and age: % men, 16+ years education",49,pct,,chart,N,,
C8_7_women_age_15_29,147,Chart 8.7,"Internet users worried about online fraud, by gender, education and age: % women, age 15-29",47,pct,,chart,N,,
C8_7_men_age_15_29,147,Chart 8.7,"Internet users worried about online fraud, by gender, education and age: % men, age 15-29",38,pct,,chart,N,,
C8_7_women_age_30_49,147,Chart 8.7,"Internet users worried about online fraud, by gender, education and age: % women, age 30-49",48,pct,,chart,N,,
C8_7_men_age_30_49,147,Chart 8.7,"Internet users worried about online fraud, by gender, education and age: % men, age 30-49",43,pct,,chart,N,,
C8_7_women_age_50_64,147,Chart 8.7,"Internet users worried about online fraud, by gender, education and age: % women, age 50-64",52,pct,,chart,N,,
C8_7_men_age_50_64,147,Chart 8.7,"Internet users worried about online fraud, by gender, education and age: % men, age 50-64",47,pct,,chart,N,,
C8_7_women_age_65plus,147,Chart 8.7,"Internet users worried about online fraud, by gender, education and age: % women, age 65+",56,pct,,chart,N,,
C8_7_men_age_65plus,147,Chart 8.7,"Internet users worried about online fraud, by gender, education and age: % men, age 65+",55,pct,,chart,N,,
X8_19_PRT,148,Chapter 8,Portugal: worry about online fraud (internet users),78,pct,,text,N,,
X8_19_FRA,148,Chapter 8,France: worry about online fraud (internet users),74,pct,,text,N,,
X8_19_ESP,148,Chapter 8,Spain: worry about online fraud (internet users),71,pct,,text,N,,
X8_19_GBR,148,Chapter 8,United Kingdom: worry about online fraud (internet users),69,pct,,text,N,,
X8_19_ITA,148,Chapter 8,Italy: worry about online fraud (internet users),67,pct,,text,N,,
C8_8_min,148,Chart 8.8,World map: internet users worried about online fraud: legend minimum (%),0,pct,,chart,N,,The map colours every country; only the legend range and the top and bottom three are printed.
C8_8_max,148,Chart 8.8,World map: internet users worried about online fraud: legend maximum (%),82,pct,,chart,N,,The map colours every country; only the legend range and the top and bottom three are printed.
C8_8_MUS,148,Chart 8.8,World map: internet users worried about online fraud: % Mauritius (top 3),82,pct,,chart,N,,The map colours every country; only the legend range and the top and bottom three are printed.
C8_8_PRT,148,Chart 8.8,World map: internet users worried about online fraud: % Portugal (top 3),78,pct,,chart,N,,The map colours every country; only the legend range and the top and bottom three are printed.
C8_8_MLT,148,Chart 8.8,World map: internet users worried about online fraud: % Malta (top 3),77,pct,,chart,N,,The map colours every country; only the legend range and the top and bottom three are printed.
C8_8_EGY,148,Chart 8.8,World map: internet users worried about online fraud: % Egypt (bottom 3),8,pct,,chart,N,,The map colours every country; only the legend range and the top and bottom three are printed.
C8_8_TJK,148,Chart 8.8,World map: internet users worried about online fraud: % Tajikistan (bottom 3),4,pct,,chart,N,,The map colours every country; only the legend range and the top and bottom three are printed.
C8_8_TKM,148,Chart 8.8,World map: internet users worried about online fraud: % Turkmenistan (bottom 3),0,pct,,chart,N,,The map colours every country; only the legend range and the top and bottom three are printed.
X9_01,"150, 153",Chapter 9,Experienced (self or someone known) serious harm from eating food in the past two years,17,pct,,text,N,,
X9_02,"150, 153",Chapter 9,Experienced serious harm from drinking water in the past two years,14,pct,,text,N,,
X9_03,150,Chapter 9,Named unsafe food or water as one of their two biggest risks to safety in daily life,3,pct,,text,N,,Greatest (L3_A) or other major (L3_B) source of risk coded as water supply/unclean water (11) or unsafe food (12).
X9_04,"150, 161",Chapter 9,Eastern Europe: government does not do a good job ensuring the food you buy is safe,52,pct,,text,N,,
X9_05,"150, 153",Chapter 9,Serious harm from contaminated food or drinking water ('nearly one-third of people globally'),33,pct,3,text,N,,'Nearly one-third' is recorded as 33 with a tolerance of 3 points. Reproduced as the % who experienced harm from food or water (either).
X9_06,153,Chapter 9,People who experienced serious harm from eating food ('roughly 1 billion people'),1000000000,count,150000000,text,N,,Sum of PROJWT (adult population) of those who said yes.
X9_07,153,Chapter 9,Experienced serious harm from both food and water,9,pct,,text,N,,
X9_08,154,Chapter 9,"Rank of South-East Asia on World Risk Poll experience of harm from food, among WHO regions",4,rank,0,text,N,,"'Whereas South-East Asia ranked fourth after the Eastern Mediterranean, Africa and parts of Latin America'. Reproduced by ranking the six WHO regions (sub-regions combined)."
C9_1_afr_d,155,Chart 9.1,"Experienced serious harm from food, by WHO sub-region (World Risk Poll results): % yes, Africa D",24,pct,,chart,N,,"WHO sub-regions from Appendix 3. Hong Kong, Kosovo, Palestine and Taiwan are not WHO member states and are left out. The DALY half of the chart is WHO data (see README)."
C9_1_afr_e,155,Chart 9.1,"Experienced serious harm from food, by WHO sub-region (World Risk Poll results): % yes, Africa E",28,pct,,chart,N,,"WHO sub-regions from Appendix 3. Hong Kong, Kosovo, Palestine and Taiwan are not WHO member states and are left out. The DALY half of the chart is WHO data (see README)."
C9_1_sear_d,155,Chart 9.1,"Experienced serious harm from food, by WHO sub-region (World Risk Poll results): % yes, South-East Asia D",18,pct,,chart,N,,"WHO sub-regions from Appendix 3. Hong Kong, Kosovo, Palestine and Taiwan are not WHO member states and are left out. The DALY half of the chart is WHO data (see README)."
C9_1_sear_b,155,Chart 9.1,"Experienced serious harm from food, by WHO sub-region (World Risk Poll results): % yes, South-East Asia B",18,pct,,chart,N,,"WHO sub-regions from Appendix 3. Hong Kong, Kosovo, Palestine and Taiwan are not WHO member states and are left out. The DALY half of the chart is WHO data (see README)."
C9_1_emr_d,155,Chart 9.1,"Experienced serious harm from food, by WHO sub-region (World Risk Poll results): % yes, Eastern Mediterranean D",31,pct,,chart,N,,"WHO sub-regions from Appendix 3. Hong Kong, Kosovo, Palestine and Taiwan are not WHO member states and are left out. The DALY half of the chart is WHO data (see README)."
C9_1_emr_b,155,Chart 9.1,"Experienced serious harm from food, by WHO sub-region (World Risk Poll results): % yes, Eastern Mediterranean B",30,pct,,chart,N,,"WHO sub-regions from Appendix 3. Hong Kong, Kosovo, Palestine and Taiwan are not WHO member states and are left out. The DALY half of the chart is WHO data (see README)."
C9_1_amr_d,155,Chart 9.1,"Experienced serious harm from food, by WHO sub-region (World Risk Poll results): % yes, Americas D",26,pct,,chart,N,,"WHO sub-regions from Appendix 3. Hong Kong, Kosovo, Palestine and Taiwan are not WHO member states and are left out. The DALY half of the chart is WHO data (see README)."
C9_1_wpr_b,155,Chart 9.1,"Experienced serious harm from food, by WHO sub-region (World Risk Poll results): % yes, Western Pacific B",11,pct,,chart,N,,"WHO sub-regions from Appendix 3. Hong Kong, Kosovo, Palestine and Taiwan are not WHO member states and are left out. The DALY half of the chart is WHO data (see README)."
C9_1_amr_b,155,Chart 9.1,"Experienced serious harm from food, by WHO sub-region (World Risk Poll results): % yes, Americas B",22,pct,,chart,N,,"WHO sub-regions from Appendix 3. Hong Kong, Kosovo, Palestine and Taiwan are not WHO member states and are left out. The DALY half of the chart is WHO data (see README)."
C9_1_eur_b,155,Chart 9.1,"Experienced serious harm from food, by WHO sub-region (World Risk Poll results): % yes, Europe B",12,pct,,chart,N,,"WHO sub-regions from Appendix 3. Hong Kong, Kosovo, Palestine and Taiwan are not WHO member states and are left out. The DALY half of the chart is WHO data (see README)."
C9_1_eur_c,155,Chart 9.1,"Experienced serious harm from food, by WHO sub-region (World Risk Poll results): % yes, Europe C",16,pct,,chart,N,,"WHO sub-regions from Appendix 3. Hong Kong, Kosovo, Palestine and Taiwan are not WHO member states and are left out. The DALY half of the chart is WHO data (see README)."
C9_1_eur_a,155,Chart 9.1,"Experienced serious harm from food, by WHO sub-region (World Risk Poll results): % yes, Europe A",12,pct,,chart,N,,"WHO sub-regions from Appendix 3. Hong Kong, Kosovo, Palestine and Taiwan are not WHO member states and are left out. The DALY half of the chart is WHO data (see README)."
C9_1_wpr_a,155,Chart 9.1,"Experienced serious harm from food, by WHO sub-region (World Risk Poll results): % yes, Western Pacific A",8,pct,,chart,N,,"WHO sub-regions from Appendix 3. Hong Kong, Kosovo, Palestine and Taiwan are not WHO member states and are left out. The DALY half of the chart is WHO data (see README)."
C9_1_amr_a,155,Chart 9.1,"Experienced serious harm from food, by WHO sub-region (World Risk Poll results): % yes, Americas A",17,pct,,chart,N,,"WHO sub-regions from Appendix 3. Hong Kong, Kosovo, Palestine and Taiwan are not WHO member states and are left out. The DALY half of the chart is WHO data (see README)."
X9_09,156,Chapter 9,At least somewhat worried the food they eat could cause serious harm,60,pct,,text,N,,
X9_10,156,Chapter 9,At least somewhat worried the water they drink could cause serious harm,51,pct,,text,N,,
X9_11,156,Chapter 9,Think food is very or somewhat likely to cause serious harm in the next two years,57,pct,,text,N,,
X9_12,156,Chapter 9,Think water is very or somewhat likely to cause serious harm in the next two years,52,pct,,text,N,,
C9_2_low_food,156,Chart 9.2,"Very worried about being harmed by unsafe food or water, by country income group: % very worried, food you eat, low income",24,pct,,chart,N,,
C9_2_low_water,156,Chart 9.2,"Very worried about being harmed by unsafe food or water, by country income group: % very worried, water you drink, low income",28,pct,,chart,N,,
C9_2_lower_middle_food,156,Chart 9.2,"Very worried about being harmed by unsafe food or water, by country income group: % very worried, food you eat, lower-middle income",23,pct,,chart,N,,
C9_2_lower_middle_water,156,Chart 9.2,"Very worried about being harmed by unsafe food or water, by country income group: % very worried, water you drink, lower-middle income",21,pct,,chart,N,,
C9_2_upper_middle_food,156,Chart 9.2,"Very worried about being harmed by unsafe food or water, by country income group: % very worried, food you eat, upper-middle income",20,pct,,chart,N,,
C9_2_upper_middle_water,156,Chart 9.2,"Very worried about being harmed by unsafe food or water, by country income group: % very worried, water you drink, upper-middle income",17,pct,,chart,N,,
C9_2_high_food,156,Chart 9.2,"Very worried about being harmed by unsafe food or water, by country income group: % very worried, food you eat, high income",16,pct,,chart,N,,
C9_2_high_water,156,Chart 9.2,"Very worried about being harmed by unsafe food or water, by country income group: % very worried, water you drink, high income",13,pct,,chart,N,,
C9_3_food_low_likely,157,Chart 9.3,"Very likely to experience harm vs experienced harm from unsafe food or water, by country income group: % very likely will experience harm, food you eat, low income",19,pct,,chart,N,,
C9_3_food_low_experienced,157,Chart 9.3,"Very likely to experience harm vs experienced harm from unsafe food or water, by country income group: % have experienced harm, food you eat, low income",27,pct,,chart,N,,
C9_3_food_lower_middle_likely,157,Chart 9.3,"Very likely to experience harm vs experienced harm from unsafe food or water, by country income group: % very likely will experience harm, food you eat, lower-middle income",19,pct,,chart,N,,
C9_3_food_lower_middle_experienced,157,Chart 9.3,"Very likely to experience harm vs experienced harm from unsafe food or water, by country income group: % have experienced harm, food you eat, lower-middle income",21,pct,,chart,N,,
C9_3_food_upper_middle_likely,157,Chart 9.3,"Very likely to experience harm vs experienced harm from unsafe food or water, by country income group: % very likely will experience harm, food you eat, upper-middle income",14,pct,,chart,N,,
C9_3_food_upper_middle_experienced,157,Chart 9.3,"Very likely to experience harm vs experienced harm from unsafe food or water, by country income group: % have experienced harm, food you eat, upper-middle income",15,pct,,chart,N,,
C9_3_food_high_likely,157,Chart 9.3,"Very likely to experience harm vs experienced harm from unsafe food or water, by country income group: % very likely will experience harm, food you eat, high income",10,pct,,chart,N,,
C9_3_food_high_experienced,157,Chart 9.3,"Very likely to experience harm vs experienced harm from unsafe food or water, by country income group: % have experienced harm, food you eat, high income",13,pct,,chart,N,,
C9_3_water_low_likely,157,Chart 9.3,"Very likely to experience harm vs experienced harm from unsafe food or water, by country income group: % very likely will experience harm, water you drink, low income",24,pct,,chart,N,,
C9_3_water_low_experienced,157,Chart 9.3,"Very likely to experience harm vs experienced harm from unsafe food or water, by country income group: % have experienced harm, water you drink, low income",31,pct,,chart,N,,
C9_3_water_lower_middle_likely,157,Chart 9.3,"Very likely to experience harm vs experienced harm from unsafe food or water, by country income group: % very likely will experience harm, water you drink, lower-middle income",19,pct,,chart,N,,
C9_3_water_lower_middle_experienced,157,Chart 9.3,"Very likely to experience harm vs experienced harm from unsafe food or water, by country income group: % have experienced harm, water you drink, lower-middle income",21,pct,,chart,N,,
C9_3_water_upper_middle_likely,157,Chart 9.3,"Very likely to experience harm vs experienced harm from unsafe food or water, by country income group: % very likely will experience harm, water you drink, upper-middle income",13,pct,,chart,N,,
C9_3_water_upper_middle_experienced,157,Chart 9.3,"Very likely to experience harm vs experienced harm from unsafe food or water, by country income group: % have experienced harm, water you drink, upper-middle income",10,pct,,chart,N,,
C9_3_water_high_likely,157,Chart 9.3,"Very likely to experience harm vs experienced harm from unsafe food or water, by country income group: % very likely will experience harm, water you drink, high income",8,pct,,chart,N,,
C9_3_water_high_experienced,157,Chart 9.3,"Very likely to experience harm vs experienced harm from unsafe food or water, by country income group: % have experienced harm, water you drink, high income",6,pct,,chart,N,,
X9_13,158,Chapter 9,Regions where % very worried about unsafe food exceeds % who experienced harm by 5 points or more,Eastern Asia; Eastern Europe; Latin America & Caribbean; Southern Africa; Southern Europe,text,,text,N,,"Listed in alphabetical order. Reproduced from the rounded chart values, as the report evidently did (see README)."
X9_14,158,Chapter 9,Regions where % who experienced harm from unsafe food exceeds % very worried by 5 points or more,Middle East; Northern Africa,text,,text,N,,"Listed in alphabetical order. Reproduced from the rounded chart values, as the report evidently did (see README)."
X9_15,158,Chapter 9,Region where worry about unsafe food was most widespread (% very worried),Southern Africa,text,,text,N,,
X9_16,158,Chapter 9,Region with the second-highest % very worried about unsafe food,Latin America & Caribbean,text,,text,N,,
X9_17,158,Chapter 9,Eastern Africa: gap between % who experienced harm from food and % very worried,4,pct,,text,N,,
X9_18,158,Chapter 9,Eastern Africa: experienced serious harm from the food they eat,29,pct,,text,N,,
X9_19,158,Chapter 9,Eastern Africa: very worried about the food they eat,25,pct,,text,N,,
C9_4_southern_africa_worried,158,Chart 9.4,"Very worried about vs experienced serious harm from unsafe food, by region: % very worried, Southern Africa",43,pct,,chart,N,,
C9_4_southern_africa_experienced,158,Chart 9.4,"Very worried about vs experienced serious harm from unsafe food, by region: % experienced, Southern Africa",26,pct,,chart,N,,
C9_4_latin_america_worried,158,Chart 9.4,"Very worried about vs experienced serious harm from unsafe food, by region: % very worried, Latin America & Caribbean",33,pct,,chart,N,,
C9_4_latin_america_experienced,158,Chart 9.4,"Very worried about vs experienced serious harm from unsafe food, by region: % experienced, Latin America & Caribbean",22,pct,,chart,N,,
C9_4_central_western_africa_worried,158,Chart 9.4,"Very worried about vs experienced serious harm from unsafe food, by region: % very worried, Central/Western Africa",27,pct,,chart,N,,
C9_4_central_western_africa_experienced,158,Chart 9.4,"Very worried about vs experienced serious harm from unsafe food, by region: % experienced, Central/Western Africa",23,pct,,chart,N,,
C9_4_east_africa_worried,158,Chart 9.4,"Very worried about vs experienced serious harm from unsafe food, by region: % very worried, Eastern Africa",25,pct,,chart,N,,
C9_4_east_africa_experienced,158,Chart 9.4,"Very worried about vs experienced serious harm from unsafe food, by region: % experienced, Eastern Africa",29,pct,,chart,N,,
C9_4_southern_europe_worried,158,Chart 9.4,"Very worried about vs experienced serious harm from unsafe food, by region: % very worried, Southern Europe",25,pct,,chart,N,,
C9_4_southern_europe_experienced,158,Chart 9.4,"Very worried about vs experienced serious harm from unsafe food, by region: % experienced, Southern Europe",15,pct,,chart,N,,
C9_4_southern_asia_worried,158,Chart 9.4,"Very worried about vs experienced serious harm from unsafe food, by region: % very worried, Southern Asia",23,pct,,chart,N,,
C9_4_southern_asia_experienced,158,Chart 9.4,"Very worried about vs experienced serious harm from unsafe food, by region: % experienced, Southern Asia",20,pct,,chart,N,,
C9_4_middle_east_worried,158,Chart 9.4,"Very worried about vs experienced serious harm from unsafe food, by region: % very worried, Middle East",22,pct,,chart,N,,
C9_4_middle_east_experienced,158,Chart 9.4,"Very worried about vs experienced serious harm from unsafe food, by region: % experienced, Middle East",27,pct,,chart,N,,
C9_4_southeastern_asia_worried,158,Chart 9.4,"Very worried about vs experienced serious harm from unsafe food, by region: % very worried, Southeastern Asia",22,pct,,chart,N,,
C9_4_southeastern_asia_experienced,158,Chart 9.4,"Very worried about vs experienced serious harm from unsafe food, by region: % experienced, Southeastern Asia",21,pct,,chart,N,,
C9_4_eastern_europe_worried,158,Chart 9.4,"Very worried about vs experienced serious harm from unsafe food, by region: % very worried, Eastern Europe",20,pct,,chart,N,,
C9_4_eastern_europe_experienced,158,Chart 9.4,"Very worried about vs experienced serious harm from unsafe food, by region: % experienced, Eastern Europe",14,pct,,chart,N,,
C9_4_northern_africa_worried,158,Chart 9.4,"Very worried about vs experienced serious harm from unsafe food, by region: % very worried, Northern Africa",16,pct,,chart,N,,
C9_4_northern_africa_experienced,158,Chart 9.4,"Very worried about vs experienced serious harm from unsafe food, by region: % experienced, Northern Africa",25,pct,,chart,N,,
C9_4_northern_america_worried,158,Chart 9.4,"Very worried about vs experienced serious harm from unsafe food, by region: % very worried, Northern America",15,pct,,chart,N,,
C9_4_northern_america_experienced,158,Chart 9.4,"Very worried about vs experienced serious harm from unsafe food, by region: % experienced, Northern America",17,pct,,chart,N,,
C9_4_central_asia_worried,158,Chart 9.4,"Very worried about vs experienced serious harm from unsafe food, by region: % very worried, Central Asia",14,pct,,chart,N,,
C9_4_central_asia_experienced,158,Chart 9.4,"Very worried about vs experienced serious harm from unsafe food, by region: % experienced, Central Asia",14,pct,,chart,N,,
C9_4_eastern_asia_worried,158,Chart 9.4,"Very worried about vs experienced serious harm from unsafe food, by region: % very worried, Eastern Asia",14,pct,,chart,N,,
C9_4_eastern_asia_experienced,158,Chart 9.4,"Very worried about vs experienced serious harm from unsafe food, by region: % experienced, Eastern Asia",9,pct,,chart,N,,
C9_4_northern_western_europe_worried,158,Chart 9.4,"Very worried about vs experienced serious harm from unsafe food, by region: % very worried, Northern/Western Europe",13,pct,,chart,N,,
C9_4_northern_western_europe_experienced,158,Chart 9.4,"Very worried about vs experienced serious harm from unsafe food, by region: % experienced, Northern/Western Europe",10,pct,,chart,N,,
C9_4_australia_nz_worried,158,Chart 9.4,"Very worried about vs experienced serious harm from unsafe food, by region: % very worried, Australia & New Zealand",10,pct,,chart,N,,
C9_4_australia_nz_experienced,158,Chart 9.4,"Very worried about vs experienced serious harm from unsafe food, by region: % experienced, Australia & New Zealand",14,pct,,chart,N,,
X9_20,159,Chapter 9,Would trust friends or family most for food safety information,31,pct,,text,N,,
X9_21,159,Chapter 9,Would trust medical professionals most for food safety information,22,pct,,text,N,,
X9_22,159,Chapter 9,Would trust the government food safety agency most for food safety information,15,pct,,text,N,,
C9_5_edu_0_8_family,159,Chart 9.5,"Most trusted source of information on food safety, by education, gender and age: % friends or family, 0-8 years education",37,pct,,chart,N,,
C9_5_edu_0_8_medical,159,Chart 9.5,"Most trusted source of information on food safety, by education, gender and age: % medical professionals, 0-8 years education",22,pct,,chart,N,,
C9_5_edu_0_8_agency,159,Chart 9.5,"Most trusted source of information on food safety, by education, gender and age: % government food agency, 0-8 years education",10,pct,,chart,N,,
C9_5_edu_9_15_family,159,Chart 9.5,"Most trusted source of information on food safety, by education, gender and age: % friends or family, 9-15 years education",28,pct,,chart,N,,
C9_5_edu_9_15_medical,159,Chart 9.5,"Most trusted source of information on food safety, by education, gender and age: % medical professionals, 9-15 years education",24,pct,,chart,N,,
C9_5_edu_9_15_agency,159,Chart 9.5,"Most trusted source of information on food safety, by education, gender and age: % government food agency, 9-15 years education",16,pct,,chart,N,,
C9_5_edu_16plus_family,159,Chart 9.5,"Most trusted source of information on food safety, by education, gender and age: % friends or family, 16+ years education",21,pct,,chart,N,,
C9_5_edu_16plus_medical,159,Chart 9.5,"Most trusted source of information on food safety, by education, gender and age: % medical professionals, 16+ years education",20,pct,,chart,N,,
C9_5_edu_16plus_agency,159,Chart 9.5,"Most trusted source of information on food safety, by education, gender and age: % government food agency, 16+ years education",25,pct,,chart,N,,
C9_5_women_age_15_29_family,159,Chart 9.5,"Most trusted source of information on food safety, by education, gender and age: % friends or family, women, age 15-29",33,pct,,chart,N,,
C9_5_women_age_15_29_medical,159,Chart 9.5,"Most trusted source of information on food safety, by education, gender and age: % medical professionals, women, age 15-29",25,pct,,chart,N,,
C9_5_women_age_15_29_agency,159,Chart 9.5,"Most trusted source of information on food safety, by education, gender and age: % government food agency, women, age 15-29",14,pct,,chart,N,,
C9_5_women_age_30_49_family,159,Chart 9.5,"Most trusted source of information on food safety, by education, gender and age: % friends or family, women, age 30-49",32,pct,,chart,N,,
C9_5_women_age_30_49_medical,159,Chart 9.5,"Most trusted source of information on food safety, by education, gender and age: % medical professionals, women, age 30-49",23,pct,,chart,N,,
C9_5_women_age_30_49_agency,159,Chart 9.5,"Most trusted source of information on food safety, by education, gender and age: % government food agency, women, age 30-49",15,pct,,chart,N,,
C9_5_women_age_50_64_family,159,Chart 9.5,"Most trusted source of information on food safety, by education, gender and age: % friends or family, women, age 50-64",31,pct,,chart,N,,
C9_5_women_age_50_64_medical,159,Chart 9.5,"Most trusted source of information on food safety, by education, gender and age: % medical professionals, women, age 50-64",22,pct,,chart,N,,
C9_5_women_age_50_64_agency,159,Chart 9.5,"Most trusted source of information on food safety, by education, gender and age: % government food agency, women, age 50-64",13,pct,,chart,N,,
C9_5_women_age_65plus_family,159,Chart 9.5,"Most trusted source of information on food safety, by education, gender and age: % friends or family, women, age 65+",25,pct,,chart,N,,
C9_5_women_age_65plus_medical,159,Chart 9.5,"Most trusted source of information on food safety, by education, gender and age: % medical professionals, women, age 65+",22,pct,,chart,N,,
C9_5_women_age_65plus_agency,159,Chart 9.5,"Most trusted source of information on food safety, by education, gender and age: % government food agency, women, age 65+",12,pct,,chart,N,,
C9_5_men_age_15_29_family,159,Chart 9.5,"Most trusted source of information on food safety, by education, gender and age: % friends or family, men, age 15-29",36,pct,,chart,N,,
C9_5_men_age_15_29_medical,159,Chart 9.5,"Most trusted source of information on food safety, by education, gender and age: % medical professionals, men, age 15-29",21,pct,,chart,N,,
C9_5_men_age_15_29_agency,159,Chart 9.5,"Most trusted source of information on food safety, by education, gender and age: % government food agency, men, age 15-29",13,pct,,chart,N,,
C9_5_men_age_30_49_family,159,Chart 9.5,"Most trusted source of information on food safety, by education, gender and age: % friends or family, men, age 30-49",30,pct,,chart,N,,
C9_5_men_age_30_49_medical,159,Chart 9.5,"Most trusted source of information on food safety, by education, gender and age: % medical professionals, men, age 30-49",22,pct,,chart,N,,
C9_5_men_age_30_49_agency,159,Chart 9.5,"Most trusted source of information on food safety, by education, gender and age: % government food agency, men, age 30-49",16,pct,,chart,N,,
C9_5_men_age_50_64_family,159,Chart 9.5,"Most trusted source of information on food safety, by education, gender and age: % friends or family, men, age 50-64",29,pct,,chart,N,,
C9_5_men_age_50_64_medical,159,Chart 9.5,"Most trusted source of information on food safety, by education, gender and age: % medical professionals, men, age 50-64",19,pct,,chart,N,,
C9_5_men_age_50_64_agency,159,Chart 9.5,"Most trusted source of information on food safety, by education, gender and age: % government food agency, men, age 50-64",17,pct,,chart,N,,
C9_5_men_age_65plus_family,159,Chart 9.5,"Most trusted source of information on food safety, by education, gender and age: % friends or family, men, age 65+",24,pct,,chart,N,,
C9_5_men_age_65plus_medical,159,Chart 9.5,"Most trusted source of information on food safety, by education, gender and age: % medical professionals, men, age 65+",20,pct,,chart,N,,
C9_5_men_age_65plus_agency,159,Chart 9.5,"Most trusted source of information on food safety, by education, gender and age: % government food agency, men, age 65+",16,pct,,chart,N,,
X9_23,160,Chapter 9,Government does a good job ensuring the water you drink is safe (global),68,pct,,text,N,,
X9_24,160,Chapter 9,Government does a good job ensuring the food you buy is safe (global),64,pct,,text,N,,
X9_25,160,Chapter 9,Northern America: government does not do a good job on food safety,35,pct,,text,N,,
X9_26,160,Chapter 9,Northern/Western Europe: government does not do a good job on food safety,40,pct,,text,N,,
X9_27,160,Chapter 9,France: government does not do a good job on food safety,58,pct,,text,N,,
C9_6_min,160,Chart 9.6,World map: government does not do a good job on food safety: legend minimum (%),2,pct,,chart,N,,The map colours every country; only the legend range and the top and bottom three are printed.
C9_6_max,160,Chart 9.6,World map: government does not do a good job on food safety: legend maximum (%),70,pct,,chart,N,,The map colours every country; only the legend range and the top and bottom three are printed.
C9_6_LBN,160,Chart 9.6,World map: government does not do a good job on food safety: % Lebanon (top 3),70,pct,,chart,N,,The map colours every country; only the legend range and the top and bottom three are printed.
C9_6_IRQ,160,Chart 9.6,World map: government does not do a good job on food safety: % Iraq (top 3),66,pct,,chart,N,,The map colours every country; only the legend range and the top and bottom three are printed.
C9_6_ROU,160,Chart 9.6,World map: government does not do a good job on food safety: % Romania (top 3),65,pct,,chart,N,,The map colours every country; only the legend range and the top and bottom three are printed.
C9_6_ARE,160,Chart 9.6,World map: government does not do a good job on food safety: % United Arab Emirates (bottom 3),6,pct,,chart,N,,The map colours every country; only the legend range and the top and bottom three are printed.
C9_6_RWA,160,Chart 9.6,World map: government does not do a good job on food safety: % Rwanda (bottom 3),5,pct,,chart,N,,The map colours every country; only the legend range and the top and bottom three are printed.
C9_6_SGP,160,Chart 9.6,World map: government does not do a good job on food safety: % Singapore (bottom 3),2,pct,,chart,N,,The map colours every country; only the legend range and the top and bottom three are printed.
X9_28,161,Chapter 9,France: confidence in the national government ('just 40% saying they trusted their leadership'),40,pct,,text,Y,WP139,Gallup World Poll item. Needs Gallup World Poll data that are not in the public release; see README.
X9_29_latin_america,"150, 161",Chapter 9,Latin America & Caribbean: government does not do a good job on food safety ('nearly half'),47,pct,3,text,N,,'Nearly half' is recorded as 47 with a tolerance of 3 points (44-50).
X9_29_southern_europe,"150, 161",Chapter 9,Southern Europe: government does not do a good job on food safety ('nearly half'),47,pct,3,text,N,,'Nearly half' is recorded as 47 with a tolerance of 3 points (44-50).
X9_29_middle_east,"150, 161",Chapter 9,Middle East: government does not do a good job on food safety ('nearly half'),47,pct,3,text,N,,'Nearly half' is recorded as 47 with a tolerance of 3 points (44-50).
X9_30,161,Chapter 9,Eastern Europe: government does a good job on food safety ('slightly more than one in three'),35,pct,,text,N,,
X9_31,161,Chapter 9,Eastern Europe: experienced serious harm from the food they eat or the water they drink,17,pct,,text,N,,Harm from food or water (either).
X9_32,162,Chapter 9,Eastern Europe: median (across countries) confidence in the national government,31,pct,,text,Y,WP139,Gallup World Poll item. Needs Gallup World Poll data that are not in the public release; see README.
X9_33,162,Chapter 9,"Eastern Europe, confident in the national government: government does a good job on food safety",58,pct,,text,Y,WP139,Needs Gallup World Poll data that are not in the public release; see README.
X9_34,162,Chapter 9,"Eastern Europe, not confident in the national government: government does a good job on food safety",30,pct,,text,Y,WP139,Needs Gallup World Poll data that are not in the public release; see README.
X9_35_UKR,163,Chapter 9,Ukraine: government does a good job on food safety,24,pct,,text,N,,
X9_35_ROU,163,Chapter 9,Romania: government does a good job on food safety,24,pct,,text,N,,
X9_36,163,Chapter 9,The two countries with the lowest % saying the government does a good job on food safety,Romania; Ukraine,text,,text,N,,Listed in alphabetical order.
X9_37_UKR,163,Chapter 9,Ukraine: confidence in the national government,37,pct,,text,Y,WP139,Needs Gallup World Poll data that are not in the public release; see README.
X9_37_ROU,"163, 165",Chapter 9,Romania: confidence in the national government,16,pct,,text,Y,WP139,Needs Gallup World Poll data that are not in the public release; see README.
X9_38,163,Chapter 9,Northern Africa: government does a good job keeping drinking water safe,48,pct,,text,N,,
X9_39,163,Chapter 9,Eastern Europe: government does a good job keeping drinking water safe,44,pct,,text,N,,
X9_40,163,Chapter 9,Regions where less than half say the government does a good job keeping drinking water safe,Eastern Europe; Northern Africa,text,,text,N,,Listed in alphabetical order.
X9_41_TUN,163,Chapter 9,Tunisia: government does a good job keeping drinking water safe,35,pct,,text,N,,
X9_41_MAR,163,Chapter 9,Morocco: government does a good job keeping drinking water safe,35,pct,,text,N,,
C9_8_min,163,Chart 9.8,World map: government does not do a good job keeping drinking water safe: legend minimum (%),2,pct,,chart,N,,The map colours every country; only the legend range and the top and bottom three are printed.
C9_8_max,163,Chart 9.8,World map: government does not do a good job keeping drinking water safe: legend maximum (%),72,pct,,chart,N,,The map colours every country; only the legend range and the top and bottom three are printed.
C9_8_LBN,163,Chart 9.8,World map: government does not do a good job keeping drinking water safe: % Lebanon (top 3),72,pct,,chart,N,,The map colours every country; only the legend range and the top and bottom three are printed.
C9_8_IRQ,163,Chart 9.8,World map: government does not do a good job keeping drinking water safe: % Iraq (top 3),67,pct,,chart,N,,The map colours every country; only the legend range and the top and bottom three are printed.
C9_8_AFG,163,Chart 9.8,World map: government does not do a good job keeping drinking water safe: % Afghanistan (top 3),67,pct,,chart,N,,The map colours every country; only the legend range and the top and bottom three are printed.
C9_8_NLD,163,Chart 9.8,World map: government does not do a good job keeping drinking water safe: % Netherlands (bottom 3),7,pct,,chart,N,,The map colours every country; only the legend range and the top and bottom three are printed.
C9_8_ARE,163,Chart 9.8,World map: government does not do a good job keeping drinking water safe: % United Arab Emirates (bottom 3),6,pct,,chart,N,,The map colours every country; only the legend range and the top and bottom three are printed.
C9_8_SGP,163,Chart 9.8,World map: government does not do a good job keeping drinking water safe: % Singapore (bottom 3),2,pct,,chart,N,,The map colours every country; only the legend range and the top and bottom three are printed.
X9_42,164,Chapter 9,Ukraine: government does a good job keeping drinking water safe,26,pct,,text,N,,
X9_43,164,Chapter 9,Russia: government does a good job keeping drinking water safe,41,pct,,text,N,,
X9_44,165,Chapter 9,Countries and territories with a GSPI score,140,count,0,text,N,,"Government Safety Performance Index (GSPI): mean of three yes (1) / anything else (0) items x 100, by country."
X9_45,165,Chapter 9,Median country GSPI score,62,index,,text,N,,"Government Safety Performance Index (GSPI): mean of three yes (1) / anything else (0) items x 100, by country."
X9_46,165,Chapter 9,Countries with a GSPI score below 50,35,count,,text,N,,"Government Safety Performance Index (GSPI): mean of three yes (1) / anything else (0) items x 100, by country."
X9_47,165,Chapter 9,Countries with a GSPI score of 75 or higher,29,count,,text,N,,"Government Safety Performance Index (GSPI): mean of three yes (1) / anything else (0) items x 100, by country."
X9_48_SGP,165,Chapter 9,Singapore: GSPI score (highest in the world),93,index,,text,N,,"Government Safety Performance Index (GSPI): mean of three yes (1) / anything else (0) items x 100, by country."
X9_48_ARE,165,Chapter 9,United Arab Emirates: GSPI score (highest in the world),93,index,,text,N,,"Government Safety Performance Index (GSPI): mean of three yes (1) / anything else (0) items x 100, by country."
X9_49,165,Chapter 9,Croatia: confidence in the national government,29,pct,,text,Y,WP139,Needs Gallup World Poll data that are not in the public release; see README.
X9_50,165,Chapter 9,Footnote 29: countries where the government items were not asked,Saudi Arabia; Turkmenistan,text,,text,N,,Listed in alphabetical order.
C9_9_SGP,165,Chart 9.9,"Highest and lowest scores on the Government Safety Performance Index: GSPI, Singapore",93,index,,chart,N,,"Government Safety Performance Index (GSPI): mean of three yes (1) / anything else (0) items x 100, by country."
C9_9_ARE,165,Chart 9.9,"Highest and lowest scores on the Government Safety Performance Index: GSPI, UAE",93,index,,chart,N,,"Government Safety Performance Index (GSPI): mean of three yes (1) / anything else (0) items x 100, by country."
C9_9_BHR,165,Chart 9.9,"Highest and lowest scores on the Government Safety Performance Index: GSPI, Bahrain",90,index,,chart,N,,"Government Safety Performance Index (GSPI): mean of three yes (1) / anything else (0) items x 100, by country."
C9_9_PHL,165,Chart 9.9,"Highest and lowest scores on the Government Safety Performance Index: GSPI, Philippines",87,index,,chart,N,,"Government Safety Performance Index (GSPI): mean of three yes (1) / anything else (0) items x 100, by country."
C9_9_KWT,165,Chart 9.9,"Highest and lowest scores on the Government Safety Performance Index: GSPI, Kuwait",87,index,,chart,N,,"Government Safety Performance Index (GSPI): mean of three yes (1) / anything else (0) items x 100, by country."
C9_9_IDN,165,Chart 9.9,"Highest and lowest scores on the Government Safety Performance Index: GSPI, Indonesia",87,index,,chart,N,,"Government Safety Performance Index (GSPI): mean of three yes (1) / anything else (0) items x 100, by country."
C9_9_CHE,165,Chart 9.9,"Highest and lowest scores on the Government Safety Performance Index: GSPI, Switzerland",86,index,,chart,N,,"Government Safety Performance Index (GSPI): mean of three yes (1) / anything else (0) items x 100, by country."
C9_9_RWA,165,Chart 9.9,"Highest and lowest scores on the Government Safety Performance Index: GSPI, Rwanda",85,index,,chart,N,,"Government Safety Performance Index (GSPI): mean of three yes (1) / anything else (0) items x 100, by country."
C9_9_NLD,165,Chart 9.9,"Highest and lowest scores on the Government Safety Performance Index: GSPI, Netherlands",85,index,,chart,N,,"Government Safety Performance Index (GSPI): mean of three yes (1) / anything else (0) items x 100, by country."
C9_9_SWE,165,Chart 9.9,"Highest and lowest scores on the Government Safety Performance Index: GSPI, Sweden",85,index,,chart,N,,"Government Safety Performance Index (GSPI): mean of three yes (1) / anything else (0) items x 100, by country."
C9_9_HRV,165,Chart 9.9,"Highest and lowest scores on the Government Safety Performance Index: GSPI, Croatia",37,index,,chart,N,,"Government Safety Performance Index (GSPI): mean of three yes (1) / anything else (0) items x 100, by country."
C9_9_GAB,165,Chart 9.9,"Highest and lowest scores on the Government Safety Performance Index: GSPI, Gabon",36,index,,chart,N,,"Government Safety Performance Index (GSPI): mean of three yes (1) / anything else (0) items x 100, by country."
C9_9_VEN,165,Chart 9.9,"Highest and lowest scores on the Government Safety Performance Index: GSPI, Venezuela",35,index,,chart,N,,"Government Safety Performance Index (GSPI): mean of three yes (1) / anything else (0) items x 100, by country."
C9_9_MRT,165,Chart 9.9,"Highest and lowest scores on the Government Safety Performance Index: GSPI, Mauritania",34,index,,chart,N,,"Government Safety Performance Index (GSPI): mean of three yes (1) / anything else (0) items x 100, by country."
C9_9_UKR,165,Chart 9.9,"Highest and lowest scores on the Government Safety Performance Index: GSPI, Ukraine",33,index,,chart,N,,"Government Safety Performance Index (GSPI): mean of three yes (1) / anything else (0) items x 100, by country."
C9_9_ROU,165,Chart 9.9,"Highest and lowest scores on the Government Safety Performance Index: GSPI, Romania",33,index,,chart,N,,"Government Safety Performance Index (GSPI): mean of three yes (1) / anything else (0) items x 100, by country."
C9_9_IRQ,165,Chart 9.9,"Highest and lowest scores on the Government Safety Performance Index: GSPI, Iraq",32,index,,chart,N,,"Government Safety Performance Index (GSPI): mean of three yes (1) / anything else (0) items x 100, by country."
C9_9_LBN,165,Chart 9.9,"Highest and lowest scores on the Government Safety Performance Index: GSPI, Lebanon",29,index,,chart,N,,"Government Safety Performance Index (GSPI): mean of three yes (1) / anything else (0) items x 100, by country."
C9_9_AFG,165,Chart 9.9,"Highest and lowest scores on the Government Safety Performance Index: GSPI, Afghanistan",29,index,,chart,N,,"Government Safety Performance Index (GSPI): mean of three yes (1) / anything else (0) items x 100, by country."
C9_9_YEM,165,Chart 9.9,"Highest and lowest scores on the Government Safety Performance Index: GSPI, Yemen",25,index,,chart,N,,"Government Safety Performance Index (GSPI): mean of three yes (1) / anything else (0) items x 100, by country."
X10_01,"168, 174",Chapter 10,"Feel less safe than five years ago, 2019 (127 forecast countries)",24,pct,,text,N,,"The report uses the 127 countries with a forecast; the list is not published, so all 142 countries are used here."
X10_02,"168, 174",Chapter 10,"Experience of Harm Index, 2019 (points; 'harm from various risks ... 16%')",16,index,,text,N,,"experience_index_published x 100. The report uses the 127 countries with a forecast; the list is not published, so all 142 countries are used here."
X10_03,"168, 174",Chapter 10,"Injured, or someone they work with injured, at work in the past two years, 2019",40,pct,,text,N,,"Yes to any of L21A-L21E, among those asked (workers). The report uses the 127 countries with a forecast; the list is not published, so all 142 countries are used here."
X10_04,174,Chapter 10,Adults aged 15+ represented by the 127 forecast countries ('approximately 5 billion'),5000000000,count,500000000,text,N,,"Sum of PROJWT. The report uses the 127 countries with a forecast; the list is not published, so all 142 countries are used here."
X10_05,175,Chapter 10,"High-income economies: feel less safe than five years ago, 2019",27,pct,,text,N,,"The report uses the 127 countries with a forecast; the list is not published, so all 142 countries are used here."
X10_06,175,Chapter 10,"Low-income economies: feel less safe than five years ago, 2019",38,pct,,text,N,,"The report uses the 127 countries with a forecast; the list is not published, so all 142 countries are used here."
X10_07,176,Chapter 10,"Northern America: feel less safe than five years ago, 2019",26,pct,,text,N,,"The report uses the 127 countries with a forecast; the list is not published, so all 142 countries are used here."
X10_08,176,Chapter 10,"Southern Europe: feel less safe than five years ago, 2019",31,pct,,text,N,,"The report uses the 127 countries with a forecast; the list is not published, so all 142 countries are used here."
X10_09,176,Chapter 10,"Latin America & Caribbean: feel less safe than five years ago, 2019",51,pct,,text,N,,"The report uses the 127 countries with a forecast; the list is not published, so all 142 countries are used here."
C10_2_harm_2019,175,Chart 10.2,"World Risk Poll outcomes, 2019 (recorded values): Experience of Harm Index (points)",16,pct,,chart,N,,"The same 2019 value is shown in each scenario panel. Indices are the published indices x 100. The report uses the 127 countries with a forecast; the list is not published, so all 142 countries are used here."
C10_2_worry_2019,175,Chart 10.2,"World Risk Poll outcomes, 2019 (recorded values): Worry Index (points)",40,pct,,chart,N,,"The same 2019 value is shown in each scenario panel. Indices are the published indices x 100. The report uses the 127 countries with a forecast; the list is not published, so all 142 countries are used here."
C10_2_gap_2019,175,Chart 10.2,"World Risk Poll outcomes, 2019 (recorded values): risk gap, Worry minus Experience (points)",24,pct,,chart,N,,"The same 2019 value is shown in each scenario panel. Indices are the published indices x 100. The report uses the 127 countries with a forecast; the list is not published, so all 142 countries are used here."
C10_2_less_safe_2019,175,Chart 10.2,"World Risk Poll outcomes, 2019 (recorded values): % feel less safe",24,pct,,chart,N,,"The same 2019 value is shown in each scenario panel. Indices are the published indices x 100. The report uses the 127 countries with a forecast; the list is not published, so all 142 countries are used here."
C10_2_injuries_2019,175,Chart 10.2,"World Risk Poll outcomes, 2019 (recorded values): % workplace injuries",40,pct,,chart,N,,"The same 2019 value is shown in each scenario panel. Indices are the published indices x 100. The report uses the 127 countries with a forecast; the list is not published, so all 142 countries are used here."
C10_3_low_2019,176,Chart 10.3,"Feel less safe than five years ago, by country income group, 2019 (recorded values): % less safe, low income",38,pct,,chart,N,,"The report uses the 127 countries with a forecast; the list is not published, so all 142 countries are used here."
C10_3_lower_middle_2019,176,Chart 10.3,"Feel less safe than five years ago, by country income group, 2019 (recorded values): % less safe, lower-middle income",26,pct,,chart,N,,"The report uses the 127 countries with a forecast; the list is not published, so all 142 countries are used here."
C10_3_upper_middle_2019,176,Chart 10.3,"Feel less safe than five years ago, by country income group, 2019 (recorded values): % less safe, upper-middle income",20,pct,,chart,N,,"The report uses the 127 countries with a forecast; the list is not published, so all 142 countries are used here."
C10_3_high_2019,176,Chart 10.3,"Feel less safe than five years ago, by country income group, 2019 (recorded values): % less safe, high income",27,pct,,chart,N,,"The report uses the 127 countries with a forecast; the list is not published, so all 142 countries are used here."
C10_4_southern_africa_2019,177,Chart 10.4,"Feel less safe than five years ago, by region, 2019 (recorded values): % less safe, Southern Africa",51,pct,,chart,N,,"The report uses the 127 countries with a forecast; the list is not published, so all 142 countries are used here."
C10_4_latin_america_2019,177,Chart 10.4,"Feel less safe than five years ago, by region, 2019 (recorded values): % less safe, Latin America & Caribbean",51,pct,,chart,N,,"The report uses the 127 countries with a forecast; the list is not published, so all 142 countries are used here."
C10_4_east_africa_2019,177,Chart 10.4,"Feel less safe than five years ago, by region, 2019 (recorded values): % less safe, Eastern Africa",40,pct,,chart,N,,"The report uses the 127 countries with a forecast; the list is not published, so all 142 countries are used here."
C10_4_central_western_africa_2019,177,Chart 10.4,"Feel less safe than five years ago, by region, 2019 (recorded values): % less safe, Central/Western Africa",38,pct,,chart,N,,"The report uses the 127 countries with a forecast; the list is not published, so all 142 countries are used here."
C10_4_northern_africa_2019,177,Chart 10.4,"Feel less safe than five years ago, by region, 2019 (recorded values): % less safe, Northern Africa",32,pct,,chart,N,,"The report uses the 127 countries with a forecast; the list is not published, so all 142 countries are used here."
C10_4_middle_east_2019,177,Chart 10.4,"Feel less safe than five years ago, by region, 2019 (recorded values): % less safe, Middle East",32,pct,,chart,N,,"The report uses the 127 countries with a forecast; the list is not published, so all 142 countries are used here."
C10_4_southern_europe_2019,177,Chart 10.4,"Feel less safe than five years ago, by region, 2019 (recorded values): % less safe, Southern Europe",31,pct,,chart,N,,"The report uses the 127 countries with a forecast; the list is not published, so all 142 countries are used here."
C10_4_northern_western_europe_2019,177,Chart 10.4,"Feel less safe than five years ago, by region, 2019 (recorded values): % less safe, Northern/Western Europe",28,pct,,chart,N,,"The report uses the 127 countries with a forecast; the list is not published, so all 142 countries are used here."
C10_4_southern_asia_2019,177,Chart 10.4,"Feel less safe than five years ago, by region, 2019 (recorded values): % less safe, Southern Asia",28,pct,,chart,N,,"The report uses the 127 countries with a forecast; the list is not published, so all 142 countries are used here."
C10_4_northern_america_2019,177,Chart 10.4,"Feel less safe than five years ago, by region, 2019 (recorded values): % less safe, Northern America",26,pct,,chart,N,,"The report uses the 127 countries with a forecast; the list is not published, so all 142 countries are used here."
C10_4_australia_nz_2019,177,Chart 10.4,"Feel less safe than five years ago, by region, 2019 (recorded values): % less safe, Australia & New Zealand",23,pct,,chart,N,,"The report uses the 127 countries with a forecast; the list is not published, so all 142 countries are used here."
C10_4_eastern_europe_2019,177,Chart 10.4,"Feel less safe than five years ago, by region, 2019 (recorded values): % less safe, Eastern Europe",21,pct,,chart,N,,"The report uses the 127 countries with a forecast; the list is not published, so all 142 countries are used here."
C10_4_central_asia_2019,177,Chart 10.4,"Feel less safe than five years ago, by region, 2019 (recorded values): % less safe, Central Asia",20,pct,,chart,N,,"The report uses the 127 countries with a forecast; the list is not published, so all 142 countries are used here."
C10_4_southeastern_asia_2019,177,Chart 10.4,"Feel less safe than five years ago, by region, 2019 (recorded values): % less safe, Southeastern Asia",14,pct,,chart,N,,"The report uses the 127 countries with a forecast; the list is not published, so all 142 countries are used here."
C10_4_eastern_asia_2019,177,Chart 10.4,"Feel less safe than five years ago, by region, 2019 (recorded values): % less safe, Eastern Asia",8,pct,,chart,N,,"The report uses the 127 countries with a forecast; the list is not published, so all 142 countries are used here."
A3_australia_nz,209,Appendix 3,Countries listed in the World Risk Poll region Australia & New Zealand,2,count,0,table,N,,"Count of the countries named in the appendix list (the appendix prints names, not counts)."
A3_central_asia,209,Appendix 3,Countries listed in the World Risk Poll region Central Asia,8,count,0,table,N,,"Count of the countries named in the appendix list (the appendix prints names, not counts)."
A3_central_western_africa,209,Appendix 3,Countries listed in the World Risk Poll region Central/Western Africa,18,count,0,table,N,,"Count of the countries named in the appendix list (the appendix prints names, not counts)."
A3_eastern_asia,209,Appendix 3,Countries listed in the World Risk Poll region Eastern Asia,6,count,0,table,N,,"Count of the countries named in the appendix list (the appendix prints names, not counts)."
A3_east_africa,209,Appendix 3,Countries listed in the World Risk Poll region Eastern Africa,11,count,0,table,N,,"Count of the countries named in the appendix list (the appendix prints names, not counts)."
A3_eastern_europe,209,Appendix 3,Countries listed in the World Risk Poll region Eastern Europe,10,count,0,table,N,,"Count of the countries named in the appendix list (the appendix prints names, not counts)."
A3_latin_america,209,Appendix 3,Countries listed in the World Risk Poll region Latin America & Caribbean,19,count,0,table,N,,"Count of the countries named in the appendix list (the appendix prints names, not counts)."
A3_middle_east,209,Appendix 3,Countries listed in the World Risk Poll region Middle East,12,count,0,table,N,,"Count of the countries named in the appendix list (the appendix prints names, not counts)."
A3_northern_western_europe,209,Appendix 3,Countries listed in the World Risk Poll region Northern/Western Europe,16,count,0,table,N,,"Count of the countries named in the appendix list (the appendix prints names, not counts)."
A3_northern_africa,209,Appendix 3,Countries listed in the World Risk Poll region Northern Africa,5,count,0,table,N,,"Count of the countries named in the appendix list (the appendix prints names, not counts)."
A3_northern_america,209,Appendix 3,Countries listed in the World Risk Poll region Northern America,2,count,0,table,N,,"Count of the countries named in the appendix list (the appendix prints names, not counts)."
A3_southeastern_asia,209,Appendix 3,Countries listed in the World Risk Poll region Southeastern Asia,9,count,0,table,N,,"Count of the countries named in the appendix list (the appendix prints names, not counts)."
A3_southern_asia,209,Appendix 3,Countries listed in the World Risk Poll region Southern Asia,6,count,0,table,N,,"Count of the countries named in the appendix list (the appendix prints names, not counts)."
A3_southern_africa,209,Appendix 3,Countries listed in the World Risk Poll region Southern Africa,5,count,0,table,N,,"Count of the countries named in the appendix list (the appendix prints names, not counts)."
A3_southern_europe,209,Appendix 3,Countries listed in the World Risk Poll region Southern Europe,13,count,0,table,N,,"Count of the countries named in the appendix list (the appendix prints names, not counts)."
A3_total,209,Appendix 3,Countries listed across all World Risk Poll regions,142,count,0,table,N,,Count of the countries named in the appendix list.
