position,variable,label,block,type,n_valid,n_missing,min,max,mean,value_labels,derivation
1,WPID_RANDOM,Random unique case ID,harmonised,numeric,146910,0,111111977.0,211110930.0,161083053.986291,,As supplied.
2,Wave,World Risk Poll wave,harmonised,numeric,146910,0,3.0,3.0,,1 = 2019 (Wave 1) | 2 = 2021 (Wave 2) | 3 = 2023 (Wave 3) | 4 = 2025 (Wave 4),Constant.
3,Year,Year of fieldwork,harmonised,numeric,146910,0,2023.0,2023.0,2023.0,,Constant.
4,WP5,Gallup country code,harmonised,numeric,146910,0,1.0,198.0,84.704275,,As supplied.
5,Country,Country/area name,harmonised,string,146910,0,,,,,As supplied.
6,COUNTRY_ISO2,Country ISO alpha-2 code,harmonised,string,146910,0,,,,,"Mapped from WP5. Belarus, Rwanda and Turkmenistan added by hand: they appear only in 2019."
7,COUNTRY_ISO3,Country ISO alpha-3 code,harmonised,string,146910,0,,,,,"Mapped from WP5. Belarus, Rwanda and Turkmenistan added by hand: they appear only in 2019."
8,GlobalRegion,Global region (World Risk Poll report definition),harmonised,numeric,146910,0,1.0,15.0,,1 = Eastern Africa | 2 = Central/Western Africa | 3 = Northern Africa | 4 = Southern Africa | 5 = Latin America & the Caribbean | 6 = Northern America | 7 = Central Asia | 8 = Eastern Asia | 9 = Southeastern Asia | 10 = Southern Asia | 11 = Middle East | 12 = Eastern Europe | 13 = Northern/Western Europe | 14 = Southern Europe | 15 = Australia & New Zealand,As supplied; label wording standardised to the 2025 release.
9,CountryIncomeLevel,Country income group at time of fieldwork (World Bank FY2023-24),harmonised,numeric,146910,0,1.0,9.0,,1 = Low income | 2 = Lower-middle income | 3 = Upper-middle income | 4 = High income | 9 = Not classified,From CountryIncomeLevel2023. Classification contemporaneous with fieldwork.
10,WGT,Within-country survey weight,harmonised,numeric,146910,0,0.083882,5.835323,1.0,,As supplied.
11,PROJWT,Population projection weight (single-year or time-series analysis),harmonised,numeric,146910,0,129.202852,1880805.028363,39251.571399,,As supplied.
12,Age,Age in years,harmonised,numeric,146589,321,15.0,99.0,42.730219,,"Age 100 in the source files is Gallup's don't know/refused code and is set to missing here, matching LRF's own age-band treatment."
13,AgeGroups3,Age - 3 bands,harmonised,numeric,146589,321,1.0,3.0,,1 = 15-29 | 2 = 30-49 | 3 = 50 and over,Derived from Age. Identical banding in all four waves.
14,AgeGroups4,Age - 4 bands,harmonised,numeric,146589,321,1.0,4.0,,1 = 15-29 | 2 = 30-49 | 3 = 50-64 | 4 = 65 and over,Derived from Age. Identical banding in all four waves.
15,AgeGroups5,Age - 5 bands,harmonised,numeric,146589,321,1.0,5.0,,1 = 15-24 | 2 = 25-34 | 3 = 35-49 | 4 = 50-64 | 5 = 65 and over,Derived from Age. Identical banding in all four waves.
16,Gender,Gender,harmonised,numeric,146910,0,1.0,2.0,,1 = Male | 2 = Female,As supplied.
17,Education,Education level,harmonised,numeric,146910,0,1.0,9.0,,1 = Primary or less (up to 8 years) | 2 = Secondary (9-15 years) | 3 = Tertiary (16 years or more) | 9 = DK/Refused,Codes 1-3 as supplied; don't know and refused collapsed to 9.
18,Urbanicity,Urban/rural - 6 categories,harmonised,numeric,146910,0,1.0,9.0,,1 = A rural area or on a farm | 2 = A small town or village | 3 = A large city | 6 = A suburb of a large city | 9 = DK/Refused,As supplied (6-category). Don't know and refused collapsed to 9.
19,Urbanicity2,Urban/rural - 2 categories,harmonised,numeric,146910,0,1.0,9.0,,1 = Rural area or small town | 2 = Large city or suburb | 9 = DK/Refused,"Collapsed from Urbanicity: rural area and small town to 1, large city and suburb to 2."
20,EMP_2010,Employment status,harmonised,numeric,146910,0,1.0,6.0,,"1 = Employed full time for an employer | 2 = Employed full time for self | 3 = Employed part time, does not want full time | 4 = Unemployed | 5 = Employed part time, wants full time | 6 = Out of workforce",As supplied.
21,INCOME_5,Per capita income quintile,harmonised,numeric,146910,0,1.0,5.0,,1 = Poorest 20% | 2 = Second 20% | 3 = Middle 20% | 4 = Fourth 20% | 5 = Richest 20%,As supplied.
22,HouseholdSize,Household size (Residents aged 15+ in household),harmonised,numeric,146910,0,1.0,9.0,,1 = 1-2 people | 2 = 3-4 people | 3 = 5-9 people | 4 = 10 or more | 9 = DK/Refused,Codes 1-4 as supplied; don't know and refused collapsed to 9. Note the definition is not identical across waves: see the wave notes.
23,ChildrenInHousehold,Children under 15 in household,harmonised,numeric,146910,0,0.0,9.0,,0 = None | 1 = One | 2 = Two | 3 = Three | 4 = Four | 5 = Five or more | 9 = DK/Refused,As supplied.
24,worry_score,"Worry score, 5 common items, 0-1 (comparable across all waves)",harmonised,numeric,141624,5286,0.0,1.0,0.428936,,"Mean of the five worry items asked in identical form in every wave (food, drinking water, violent crime, severe weather, mental health), scored very worried 1, somewhat worried 0.5, not worried 0. All five must be answered."
25,worry_score_core7,"Worry score, 7 items, 0-1 (comparable 2021-2025)",harmonised,numeric,140987,5923,0.0,1.0,0.442741,,"As worry_score plus worry about traffic accidents and about your own work. The six items put to everyone must be answered; the work item, asked of workers only, counts where present."
26,worry_index_published,Worry index as published by LRF for this wave,harmonised,numeric,140627,6283,0.0,1.0,0.439435,,"Q4_RMw_maxmin as published for wave 3: Rasch-weighted, min-max scaled, over the seven 2023 worry items. Not comparable across waves: both the item set and the construction change. Use worry_score for trends."
27,experience_score,"Experience score, 5 common items, any experience, 0-1 (comparable across waves)",harmonised,numeric,143028,3882,0.0,1.0,0.230895,,"Proportion of the five common items on which the respondent reports harm in the past two years. Counts personally experienced, knows someone who has, and both. This matches LRF's own harm_*_trended recode and is the series that lines up with 2019. All five items must be answered."
28,experience_score_self,"Experience score, 5 common items, personally experienced, 0-1",harmonised,numeric,143028,3882,0.0,1.0,0.084635,,"Counts personally experienced and both, excluding knows someone who has. Comparable 2021-2025 and consistent with the published wave 3 experience index. Against 2019 it drops sharply, because the added knows-someone option pulls self-reports out of the personal category."
29,experience_score_core7,"Experience score, 7 items, any experience, 0-1 (comparable 2021-2025)",harmonised,numeric,142026,4884,0.0,1.0,0.249446,,As experience_score plus harm from traffic accidents and from work. All seven items must be answered.
30,experience_index_published,Experience index as published by LRF for this wave,harmonised,numeric,142026,4884,-0.0,1.0,0.091103,,"Q5_RMw_maxmin as published for wave 3: Rasch-weighted, min-max scaled, personally-experienced definition."
31,worry_exp_gap,worry_score minus experience_score,harmonised,numeric,138817,8093,-1.0,1.0,0.195245,,"worry_score minus experience_score, both on the five common items."
32,resilience_index,"Resilience Index, 0-1",harmonised,numeric,145786,1124,0.0,1.0,0.551724,,As supplied (0-1).
33,resilience_index_100,"Resilience Index, 0-100",harmonised,numeric,145786,1124,0.0,100.0,55.172433,,resilience_index multiplied by 100.
34,resilience_idv,"Resilience: individual dimension, 0-1",harmonised,numeric,146863,47,0.0,1.0,0.479341,,As supplied (0-1).
35,resilience_hhl,"Resilience: household dimension, 0-1",harmonised,numeric,146901,9,0.0,1.0,0.548946,,As supplied (0-1).
36,resilience_com,"Resilience: community dimension, 0-1",harmonised,numeric,146908,2,0.0,1.0,0.580549,,As supplied (0-1).
37,resilience_soc,"Resilience: society dimension, 0-1",harmonised,numeric,145841,1069,0.0,1.0,0.601285,,As supplied (0-1).
38,WP1223,Marital Status,wave-specific,numeric,146910,0,1.0,8.0,,1 = Single/Never been married | 2 = Married | 3 = Separated | 4 = Divorced | 5 = Widowed | 6 = (DK) | 7 = (Refused) | 8 = Domestic partner,As supplied in the source file for this wave.
39,WP20711,"Feel More, Less or About as Safe Compared With Five Years Ago",wave-specific,numeric,146910,0,1.0,99.0,,1 = More safe | 2 = Less safe | 3 = About as safe | 98 = (DK) | 99 = (Refused),As supplied in the source file for this wave.
40,WP22331,Greatest Source of Risk to Safety in Your Daily Life (Coded),wave-specific,numeric,146910,0,1.0,99.0,,"1 = TRANSPORTATION: Road-related accidents/injuries (such as using a bicycle, car, motorbike, truck, van, bus, | 2 = TRANSPORTATION: Other transportation-related accidents/injuries (such as subway, train, plane, boat, etc.) | 3 = CRIME/VIOLENCE (including domestic violence, violence outside the home, and other crimes) | 4 = WAR/TERRORISM | 5 = HEALTH: personal health condition/illness | 6 = HEALTH: drugs, alcohol, smoking | 7 = HEALTH: COVID-19/Coronavirus related | 8 = HEALTH: Mental stress/exhaustion/falling/tripping | 9 = FINANCIAL: not having enough money to pay for the things you need | 10 = ECONOMY: Economy-related, such as unemployment, losing your job, high prices | 11 = POLITICS: Politics/political situation/corruption | 12 = TECHNOLOGY: Internet/technology related risks | 13 = WATER: Water supply or drinking unclean water | 14 = FOOD-RELATED: eating unsafe or contaminated food | 15 = FOOD-RELATED: insufficient or lack of food (hunger), not enough money for food | 16 = COOKING or other household accidents/injuries | 17 = WORK: Work-related accidents: physical injuries | 18 = ENVIRONMENT: Pollution | 19 = ENVIRONMENT: Climate change or severe weather-related events, such as floods, drought, wildfires, etc. | 20 = ENVIRONMENT: Non-weather-related disasters, such as earthquakes or volcanoes | 21 = DROWNING | 22 = Other | 23 = Nothing/No risks | 98 = Don’t know | 99 = Refused",As supplied in the source file for this wave.
41,WP20719,Climate Change a Threat to Country in Next 20 Years,wave-specific,numeric,146910,0,1.0,99.0,,1 = Very serious threat | 2 = Somewhat serious threat | 3 = Not a threat at all | 98 = Dont know | 99 = (Refused),As supplied in the source file for this wave.
42,WP20720,Worried Food You Eat Could Cause Serious Harm,wave-specific,numeric,146910,0,1.0,99.0,,1 = Very worried | 2 = Somewhat worried | 3 = Not worried | 98 = (DK) | 99 = (Refused),As supplied in the source file for this wave.
43,WP20721,Worried Water You Drink Could Cause Serious Harm,wave-specific,numeric,146910,0,1.0,99.0,,1 = Very worried | 2 = Somewhat worried | 3 = Not worried | 98 = (DK) | 99 = (Refused),As supplied in the source file for this wave.
44,WP20722,Worried Violent Crime Could Cause Serious Harm,wave-specific,numeric,146910,0,1.0,99.0,,1 = Very worried | 2 = Somewhat worried | 3 = Not worried | 98 = (DK) | 99 = (Refused),As supplied in the source file for this wave.
45,WP20723,Worried Severe Weather Events Could Cause Serious Harm,wave-specific,numeric,146910,0,1.0,99.0,,1 = Very worried | 2 = Somewhat worried | 3 = Not worried | 98 = (DK) | 99 = (Refused),As supplied in the source file for this wave.
46,WP22213,Worried Traffic or Roadside Accident Could Cause Serious Harm,wave-specific,numeric,146910,0,1.0,99.0,,1 = Very worried | 2 = Somewhat worried | 3 = Not worried | 98 = (DK) | 99 = (Refused),As supplied in the source file for this wave.
47,WP20726,Worried Mental Health Issues Could Cause Serious Harm,wave-specific,numeric,146910,0,1.0,99.0,,1 = Very worried | 2 = Somewhat worried | 3 = Not worried | 98 = (DK) | 99 = (Refused),As supplied in the source file for this wave.
48,WP22214,Worried The Work You Do Could Cause Serious Harm,wave-specific,numeric,87190,59720,1.0,99.0,,1 = Very worried | 2 = Somewhat worried | 3 = Not worried | 98 = (DK) | 99 = (Refused),As supplied in the source file for this wave.
49,WP22442,Experienced Harm in Past Two Years: Eating Food (You/Someone You Know),wave-specific,numeric,146910,0,1.0,99.0,,"1 = Yes, personally experienced | 2 = Yes, know someone who has experienced | 3 = Both | 4 = No | 98 = (DK) | 99 = (Refused)",As supplied in the source file for this wave.
50,WP22443,Experienced Harm in Past Two Years: Drinking Water (You/Someone You Know),wave-specific,numeric,146910,0,1.0,99.0,,"1 = Yes, personally experienced | 2 = Yes, know someone who has experienced | 3 = Both | 4 = No | 98 = (DK) | 99 = (Refused)",As supplied in the source file for this wave.
51,WP22444,Experienced Harm in Past Two Years: Violent Crime (You/Someone You Know),wave-specific,numeric,146910,0,1.0,99.0,,"1 = Yes, personally experienced | 2 = Yes, know someone who has experienced | 3 = Both | 4 = No | 98 = (DK) | 99 = (Refused)",As supplied in the source file for this wave.
52,WP22445,Experienced Harm in Past Two Years: Severe Weather Events (You/Someone You Know),wave-specific,numeric,146910,0,1.0,99.0,,"1 = Yes, personally experienced | 2 = Yes, know someone who has experienced | 3 = Both | 4 = No | 98 = (DK) | 99 = (Refused)",As supplied in the source file for this wave.
53,WP22446,Experienced Harm in Past Two Years: Traffic/Roadside Accident (You/Someone You Know),wave-specific,numeric,146910,0,1.0,99.0,,"1 = Yes, personally experienced | 2 = Yes, know someone who has experienced | 3 = Both | 4 = No | 98 = (DK) | 99 = (Refused)",As supplied in the source file for this wave.
54,WP22447,Experienced Harm in Past Two Years: Mental Health Issues (You/Someone You Know),wave-specific,numeric,146910,0,1.0,99.0,,"1 = Yes, personally experienced | 2 = Yes, know someone who has experienced | 3 = Both | 4 = No | 98 = (DK) | 99 = (Refused)",As supplied in the source file for this wave.
55,WP22448,Experienced Harm in Past Two Years: Work (You/Someone You Know),wave-specific,numeric,146910,0,1.0,99.0,,"1 = Yes, personally experienced | 2 = Yes, know someone who has experienced | 3 = Both | 4 = No | 98 = (DK) | 99 = (Refused)",As supplied in the source file for this wave.
56,WP23335,Told Someone About Harm Experienced at Work,wave-specific,numeric,14206,132704,1.0,99.0,,1 = Yes | 2 = No | 97 = (Does not apply) | 98 = (DK) | 99 = (Refused),As supplied in the source file for this wave.
57,WP23336,Last Time Employed or Self-Employed,wave-specific,numeric,146910,0,1.0,99.0,,1 = Within the last two years | 2 = More than two years ago | 3 = Never | 4 = (Currently working for employer or family or self) | 98 = (DK) | 99 = (Refused),As supplied in the source file for this wave.
58,WP23337,Received Health or Safety Training About Your Work,wave-specific,numeric,123038,23872,1.0,99.0,,1 = Yes | 2 = No | 98 = (DK) | 99 = (Refused),As supplied in the source file for this wave.
59,WP23338,Received Health or Safety Training About Your Work in Past Two Years,wave-specific,numeric,41773,105137,1.0,99.0,,1 = Yes | 2 = No | 98 = (DK) | 99 = (Refused),As supplied in the source file for this wave.
60,WP23341,Most Common Type of Material in Household Waste,wave-specific,numeric,146910,0,1.0,99.0,,"1 = PLASTIC bottles, plastic wrapping, any plastic product, Nylon | 2 = FOOD waste, food peel, organic food-related waste, wet or dry food waste, cooked or uncooked food waste | 3 = Cardboard, paper, paper-based packaging | 4 = Cans, metals | 5 = Household dust, leaves or branches/twigs, mud, soil | 6 = ASH from burning wood or coal | 7 = GLASS containers or glass products | 8 = Other | 98 = (DK) | 99 = (Refused)",As supplied in the source file for this wave.
61,WP23342,Household Waste Is Separated,wave-specific,numeric,146910,0,1.0,99.0,,1 = Yes | 2 = No | 3 = (Sometimes) | 98 = (DK) | 99 = (Refused),As supplied in the source file for this wave.
62,WP23343,What Happens to Household Waste Once Taken Outside of Home,wave-specific,numeric,146910,0,1.0,99.0,,1 = Someone from the household burns it | 2 = A [insert country-specific word for municipal/county/council/city/township/etc.] truck comes to collect it/the gover | 3 = Someone from a community group comes to collect it | 4 = Someone from a private company comes to collect it on foot/bike/rickshaw/truck | 5 = Someone from the household takes it to the trash/rubbish/landfill/tip | 6 = Someone from the household throws it outside/in the street at the front or back of the home | 96 = Other | 98 = (DK) | 99 = (Refused),As supplied in the source file for this wave.
63,WP22228,How Long Household Could Cover Basic Needs If Income Was Lost,wave-specific,numeric,146910,0,1.0,99.0,,1 = Less than a month | 2 = A month or more | 98 = (DK) | 99 = (Refused),As supplied in the source file for this wave.
64,WP22229,Household Could Cover Basic Needs If Income Was Lost: Weeks,wave-specific,numeric,48166,98744,1.0,99.0,,1 = Less than a week | 2 = Between one and two weeks | 3 = Between two and four weeks | 98 = (DK) | 99 = (Refused),As supplied in the source file for this wave.
65,WP22230,Household Could Cover Basic Needs If Income Was Lost: Months,wave-specific,numeric,87311,59599,1.0,99.0,,1 = Around a month | 2 = Two months | 3 = Three months | 4 = Four months or more | 98 = (DK) | 99 = (Refused),As supplied in the source file for this wave.
66,WP22231_ALL,Government of country cares about you and your wellbeing (combined version),wave-specific,numeric,140884,6026,1.0,99.0,,1 = A lot | 2 = Somewhat | 3 = Not at all | 99 = DK/Refused,As supplied in the source file for this wave.
67,WP22231,Government of (Country) Cares About You and Your Wellbeing,wave-specific,numeric,138884,8026,1.0,99.0,,1 = A lot | 2 = Somewhat | 3 = Not at all | 98 = (DK) | 99 = (Refused),As supplied in the source file for this wave.
68,WP22232,Neighbors Care About You and Your Wellbeing,wave-specific,numeric,146910,0,1.0,99.0,,1 = A lot | 2 = Somewhat | 3 = Not at all | 98 = (DK) | 99 = (Refused),As supplied in the source file for this wave.
69,WP23344,Experienced a Disaster in Past Five Years in This Country,wave-specific,numeric,146910,0,1.0,99.0,,1 = Yes | 2 = No | 98 = (DK) | 99 = (Refused),As supplied in the source file for this wave.
70,WP22247,Type of Disaster Experienced in Past Five Years (Coded),wave-specific,numeric,41674,105236,1.0,99.0,,1 = Flood/Heavy rain/Rainstorm | 2 = Hurricane/Cyclone/Typhoon | 3 = Tornado | 4 = Thunder or lightning storm | 5 = Tsunami | 6 = Mudslide/Landslide | 7 = Earthquake | 8 = Wildfire | 9 = Volcano eruption | 10 = Blizzard or snowstorm | 11 = Other | 50 = Drought | 51 = Heatwave | 52 = Sandstorm | 98 = Don’t know | 99 = Refused,As supplied in the source file for this wave.
71,WP22248,Received Warning About Disaster From Internet/Social Media,wave-specific,numeric,41675,105235,1.0,99.0,,1 = Yes | 2 = No | 97 = (Does not apply) | 98 = (DK) | 99 = (Refused),As supplied in the source file for this wave.
72,WP22249,Received Warning About Disaster From Local Government or Police,wave-specific,numeric,40689,106221,1.0,99.0,,1 = Yes | 2 = No | 97 = (Does not apply) | 98 = (DK) | 99 = (Refused),As supplied in the source file for this wave.
73,WP22250,"Received Warning About Disaster From Radio, TV, or Newspapers",wave-specific,numeric,41675,105235,1.0,99.0,,1 = Yes | 2 = No | 97 = (Does not apply) | 98 = (DK) | 99 = (Refused),As supplied in the source file for this wave.
74,WP22251,Received Warning About Disaster From Local Community Organization,wave-specific,numeric,41675,105235,1.0,99.0,,1 = Yes | 2 = No | 97 = (Does not apply) | 98 = (DK) | 99 = (Refused),As supplied in the source file for this wave.
75,WP22252,Could Protect Yourself or Family in a Future Disaster,wave-specific,numeric,146910,0,1.0,99.0,,1 = Yes | 2 = No | 3 = (It depends) | 98 = (DK) | 99 = (Refused),As supplied in the source file for this wave.
76,WP23345,Plan for Future Disaster Known by All Household Members Over 10 Years Old,wave-specific,numeric,146910,0,1.0,99.0,,1 = Yes | 2 = No | 98 = (DK) | 99 = (Refused),As supplied in the source file for this wave.
77,WP22259,Experienced Discrimination Due to the Color of Your Skin,wave-specific,numeric,143892,3018,1.0,99.0,,1 = Yes | 2 = No | 97 = (Does not apply) | 98 = (DK) | 99 = (Refused),As supplied in the source file for this wave.
78,WP22260,Experienced Discrimination Due to Your Religion,wave-specific,numeric,141891,5019,1.0,99.0,,1 = Yes | 2 = No | 97 = (Does not apply) | 98 = (DK) | 99 = (Refused),As supplied in the source file for this wave.
79,WP22261,Experienced Discrimination Due to Your Nationality/Ethnic Group,wave-specific,numeric,141891,5019,1.0,99.0,,1 = Yes | 2 = No | 97 = (Does not apply) | 98 = (DK) | 99 = (Refused),As supplied in the source file for this wave.
80,WP22262,Experienced Discrimination Due to Your Gender,wave-specific,numeric,143892,3018,1.0,99.0,,1 = Yes | 2 = No | 97 = (Does not apply) | 98 = (DK) | 99 = (Refused),As supplied in the source file for this wave.
81,WP22263,Experienced Discrimination Due to a Disability,wave-specific,numeric,143892,3018,1.0,99.0,,1 = Yes | 2 = No | 97 = (Does not apply) | 98 = (DK) | 99 = (Refused),As supplied in the source file for this wave.
82,REGION_AFG,Region Afghanistan,wave-specific,numeric,1002,145908,2.0,32.0,,1 = Badakhstan | 2 = Badghis | 3 = Baghlan | 4 = Balkh | 5 = Bamyan | 6 = Daikondi | 7 = Farah | 8 = Faryab | 9 = Ghazni | 10 = Ghor | 11 = Helmand | 12 = Herat | 13 = Jowzjan | 14 = Kabul | 15 = Kandahar | 16 = Kapisa | 17 = Khost | 18 = Konar | 19 = Kunduz | 20 = Laghman | 21 = Logar | 22 = Nangarhar | 23 = Nimruz | 24 = Nurestan | 25 = Paktia | 26 = Paktika | 27 = Panjshir | 28 = Parwan | 29 = Samangan | 30 = Sar-e Pol | 31 = Takhar | 32 = Uruzgan | 33 = Wardak | 34 = Zabul,As supplied in the source file for this wave.
83,REGION_ALB,Region Albania,wave-specific,numeric,1000,145910,1.0,36.0,,1 = Berat | 2 = Bulqize | 3 = Delvine | 4 = Devoll | 5 = Diber | 6 = Durres | 7 = Elbasan | 8 = Fier | 9 = Gjirokaster | 10 = Gramsh | 11 = Has | 12 = Kavaje | 13 = Kolonje | 14 = Korce | 15 = Kruje | 16 = Kucove | 17 = Kukes | 18 = Kurbin | 19 = Lezhe | 20 = Librazhd | 21 = Lushnje | 22 = Malesi e Madhe | 23 = Mallakaster | 24 = Mat | 25 = Mirdite | 26 = Peqin | 27 = Permet | 28 = Pogradec | 29 = Puke | 30 = Sarande | 31 = Shkoder | 32 = Skrapar | 33 = Tepelene | 34 = Tirana | 35 = Tropoje | 36 = Vlore | 98 = (DK) | 99 = (Refused),As supplied in the source file for this wave.
84,REGION_ARE,Region United Arab Emirates,wave-specific,numeric,1000,145910,1.0,8.0,,1 = Abu Dhabi Emirate | 3 = Dubai Emirate | 4 = Sharjah Emirate | 5 = Ajman Emirate | 6 = Um Quwain Emirate | 7 = Ras Al Khaimah Emirate (RAK) | 8 = Fujairah Emirate | 98 = (DK) | 99 = (Refused),As supplied in the source file for this wave.
85,REGION_ARG,Region Argentina,wave-specific,numeric,1003,145907,1.0,24.0,,1 = Capital Federal | 2 = Buenos Aires | 3 = Catamarca | 4 = Chaco | 5 = Chubut | 6 = Cordoba | 7 = Corrientes | 8 = Entre Ríos | 9 = Formosa | 10 = Jujuy | 11 = La Pampa | 12 = La Rioja | 13 = Mendoza | 14 = Misiones | 15 = Neuquen | 16 = Río Negro | 17 = Salta | 18 = San Juan | 19 = San Luis | 20 = Santa Cruz | 21 = Santa Fe | 22 = Santiago del Estero | 23 = Tierra del Fuego | 24 = Tucumán | 98 = (DK) | 99 = (Refused),As supplied in the source file for this wave.
86,REGION_ARM,Region Armenia,wave-specific,numeric,1000,145910,1.0,11.0,,1 = Yerevan | 2 = Aragatsotn | 3 = Ararat | 4 = Armavir | 5 = Gegharkunik | 6 = Lori | 7 = Kotayk | 8 = Shirak | 9 = Syunik | 10 = Vayots Dzor | 11 = Tavush,As supplied in the source file for this wave.
87,REGION_AUS,Region Australia,wave-specific,numeric,1002,145908,1.0,15.0,,"1 = Sydney | 2 = New South Wales (NSW), excluding Sydney | 3 = Melbourne | 4 = Victoria (VIC), excluding Melbourne | 5 = Brisbane | 6 = Queensland (QLD), excluding Brisbane | 7 = Adelaide | 8 = South Australia (SA), excluding Adelaide | 9 = Perth | 10 = Western Australia (WA), excluding Perth | 11 = Hobart | 12 = Tasmania (TAS), excluding Hobart | 13 = Australian Capital Territory (ACT) | 14 = Darwin | 15 = Northern Territory (NT), excluding Darwin | 98 = (DK) | 99 = (Refused)",As supplied in the source file for this wave.
88,REGION_AUT,Region Austria,wave-specific,numeric,1000,145910,18011.0,18034.0,,18011 = Burgenland | 18012 = Lower Austria (Niederosterreich) | 18013 = Vienna (Wien) | 18021 = Carinthia (Karnten) | 18022 = Styria (Steiermark) | 18031 = Upper Austria (Oberosterreich) | 18032 = Salzburg | 18033 = Tyrol  (Tirol) | 18034 = Vorarlberg | 99998 = (DK) | 99999 = (Refused),As supplied in the source file for this wave.
89,REGION_BEL,Region Belgium,wave-specific,numeric,1000,145910,10.0,999.0,,10 = Region de Bruxelles-Capitale / Brussels Hoofdstedelijk Gewest | 21 = Prov. Antwerpen | 22 = Prov. Limburg (B) | 23 = Prov. Oost-Vlaanderen | 24 = Prov. Vlaams-Brabant | 25 = Prov. West-Vlaanderen | 31 = Prov. Brabant Wallon | 32 = Prov. Hainaut | 33 = Prov. Liege | 34 = Prov. Luxembourg (B) | 35 = Prov. Namur | 998 = (DK) | 999 = (Refused),As supplied in the source file for this wave.
90,REGION_BFA,Region Burkina Faso,wave-specific,numeric,1000,145910,1.0,45.0,,1 = Bale | 2 = Bam | 3 = Banwa | 4 = Bazega | 5 = Bougouriba | 6 = Boulgou | 7 = Boulkiemde | 8 = Comoe | 9 = Ganzourgou | 10 = Gnagna | 11 = Gourma | 12 = Houet | 13 = Ioba | 14 = Kadiogo | 15 = Kenedougou | 16 = Komandjoari | 17 = Kompienga | 18 = Kossi | 19 = Koulpelogo | 20 = Kouritenga | 21 = Kourweogo | 22 = Leraba | 23 = Loroum | 24 = Mouhoun | 25 = Nahouri | 26 = Namentenga | 27 = Nayala | 28 = Noumbiel | 29 = Oubritenga | 30 = Oudalan | 31 = Passore | 32 = Poni | 33 = Sanguie | 34 = Sanmatenga | 35 = Seno | 36 = Sissili | 37 = Soum | 38 = Sourou | 39 = Tapoa | 40 = Tuy | 41 = Yagha | 42 = Yatenga | 43 = Ziro | 44 = Zondoma | 45 = Zoundweogo | 98 = (DK) | 99 = (Refused),As supplied in the source file for this wave.
91,REGION_BGD,Region Bangladesh,wave-specific,numeric,1000,145910,1.0,8.0,,1 = Dhaka | 2 = Chittagong | 3 = Khulna | 4 = Rajshahi | 5 = Sylhet | 6 = Barisal | 7 = Rangpur | 8 = Mymensingh | 98 = (DK) | 99 = (Refused),As supplied in the source file for this wave.
92,REGION_BGR,Region Bulgaria,wave-specific,numeric,1000,145910,1.0,28.0,,1 = Blagoevgrad | 2 = Burgas | 3 = Varna | 4 = Veliko Tyrnovo | 5 = Vidin | 6 = Vraca | 7 = Gabrovo | 8 = Dobrich | 9 = Kyrdzhali | 10 = Kiustendil | 11 = Lovech | 12 = Montana | 13 = Pazardzhik | 14 = Pernik | 15 = Pleven | 16 = Plovdiv | 17 = Razgrad | 18 = Ruse | 19 = Silistra | 20 = Sliven | 21 = Smolian | 22 = Sofiia-grad | 23 = Sofiia-region | 24 = Stara Zagora | 25 = Tyrgovishte | 26 = Haskovo | 27 = Shumen | 28 = Iambol | 97 = (Respondent does not live in Bulgaria) | 98 = (DK) | 99 = (Refused),As supplied in the source file for this wave.
93,REGION_BIH,Region Bosnia and Herzegovina,wave-specific,numeric,1000,145910,1.0,14.0,,"1 = Bosnian Podrinje Canton (5), F B&H | 2 = Central Bosnia Canton (6), F B&H | 3 = Herzegovina-Neretva Canton (7), F B&H | 4 = Posavina Canton (2), F B&H | 5 = Sarajevo Canton (9), F B&H | 6 = Tuzla Canton (3), F B&H | 7 = Una-Sana Canton (1), F B&H | 8 = Canton 10 (West Bosnia) F B&H | 9 = West Herzegovina Canton (8), F B&H | 10 = Zenica-Doboj Canton (4), F B&H | 11 = RS West (Republika Srpska) | 12 = RS East (Republika Srpska) | 13 = RS South (Republika Srpska) | 14 = Brcko District | 98 = (DK) | 99 = (Refused)",As supplied in the source file for this wave.
94,REGION_BOL,Region Bolivia,wave-specific,numeric,1000,145910,101.0,303.0,,101 = Santa Cruz | 102 = Beni | 103 = Pando | 201 = Cochabamba | 202 = Chuquisaca | 203 = Tarija | 301 = La Paz | 302 = Oruro | 303 = Potosí | 998 = (DK) | 999 = (Refused),As supplied in the source file for this wave.
95,REGION_BRA,Region Brazil,wave-specific,numeric,1000,145910,13.0,56.0,,11 = Roraima | 13 = Amazonas | 15 = Pará | 17 = Tocantins | 21 = Maranhão | 22 = Piauí | 23 = Ceará | 24 = Rio Grande do Norte | 25 = Paraíba | 26 = Pernambuco | 27 = Alagoas | 28 = Sergipe | 29 = Bahia | 31 = Minas Gerais | 33 = Rio de Janeiro | 35 = São Paulo | 41 = Paraná | 42 = Santa Catarina | 43 = Rio Grande do Sul | 50 = Mato Grosso do Sul | 51 = Mato Grosso | 52 = Goiás | 53 = Distrito Federal | 54 = Espirito Santo | 55 = Amapá | 56 = Rondonia | 57 = Acre | 98 = (DK) | 99 = (Refused),As supplied in the source file for this wave.
96,REGION_CAM,Region Cameroon,wave-specific,numeric,1000,145910,1.0,12.0,,1 = Adamaoua | 2 = Centre | 3 = East | 4 = Extreme-North | 5 = Littoral | 6 = North | 7 = North-West | 8 = South | 9 = South-West | 10 = West | 11 = Douala | 12 = Yaounde,As supplied in the source file for this wave.
97,REGION_CAN,Region Canada,wave-specific,numeric,1005,145905,1.0,8.0,,1 = Atlantic | 2 = Montreal CMA | 3 = Rest of Quebec (excluding Montreal) | 4 = Toronto CMA | 5 = Rest of Ontario (excluding Toronto) | 6 = Prairies | 7 = Vancouver CMA | 8 = Rest of British Columbia (excluding Vancouver),As supplied in the source file for this wave.
98,REGION_CHE,Region Switzerland,wave-specific,numeric,1000,145910,1.0,98.0,,1 = Aargau | 2 = Appenzell Inner Rhodes | 3 = Appenzell Outer Rhodes | 4 = Basel-Landschaft | 5 = Basel-Stadt | 6 = Bern | 7 = Fribourg | 8 = Geneva | 9 = Glarus | 10 = Graubunden | 11 = Jura | 12 = Lucerne | 13 = Neuchatel | 14 = Nidwalden | 15 = Obwalden | 16 = Sankt Gallen | 17 = Schaffhausen | 18 = Schwyz | 19 = Solothurn | 20 = Thurgau | 21 = Ticino | 22 = Uri | 23 = Valais | 24 = Vaud | 25 = Zug | 26 = Zurich | 98 = (DK) | 99 = (Refused),As supplied in the source file for this wave.
99,REGION_CHL,Region Chile,wave-specific,numeric,1000,145910,1.0,16.0,,1 = Tarapacá | 2 = Antofagasta | 3 = Atacama | 4 = Coquimbo | 5 = Valparaíso | 6 = O’Higgins | 7 = Maule | 8 = Biobío | 9 = La Araucanía | 10 = Los Lagos | 11 = Aysén | 12 = Magallanes y la Antártica Chilena | 13 = Metropolitana | 14 = Los Ríos | 15 = Arica y Parinacota | 16 = Nuble | 98 = (DK) | 99 = (Refused),As supplied in the source file for this wave.
100,REGION_CHN,Region China,wave-specific,numeric,3000,143910,1.0,31.0,,1 = Anhui | 2 = Fujian | 3 = Gansu | 4 = Guangdong | 5 = Guizhou | 6 = Hainan | 7 = Hebei | 8 = Heilongjiang | 9 = Henan | 10 = Hubei | 11 = Hunan | 12 = Jiangsu | 13 = Jiangxi | 14 = Jilin | 15 = Liaoning | 16 = Qinghai | 17 = Shaanxi | 18 = Shandong | 19 = Shanxi | 20 = Sichuan | 21 = Yunnan | 22 = Zhejiang | 23 = Guangxi | 24 = Nei Mongol | 25 = Ningxia | 26 = Xinjiang Uygur | 27 = Xizang (Tibet) | 28 = Beijing municipality | 29 = Chongqing municipality | 30 = Shanghai municipality | 31 = Tianjin municipality | 98 = (DK) | 99 = (Refused),As supplied in the source file for this wave.
101,REGION_COG,Region Congo Brazzaville,wave-specific,numeric,1000,145910,1.0,12.0,,1 = Bouenza | 2 = Brazzaville | 3 = Cuvette | 4 = Cuvette Ouest | 5 = Kouilou | 6 = Lekoumou | 7 = Likouala | 8 = Niari | 9 = Plateaux | 10 = Pool | 11 = Sangha | 12 = Pointe-Noire | 98 = (DK) | 99 = (Refused),As supplied in the source file for this wave.
102,REGION_COL,Region Colombia,wave-specific,numeric,1008,145902,5.0,77.0,,"5 = Antioquia | 8 = Atlántico | 11 = Bogotá, D.C. | 13 = Bolívar | 15 = Boyacá | 17 = Caldas | 18 = Caquetá | 19 = Cauca | 20 = Cesar | 23 = Córdoba | 25 = Cundinamarca | 41 = Huila | 44 = La Guajira | 47 = Magdalena | 50 = Meta | 52 = Nariño | 54 = Norte de Santander | 63 = Quindío | 66 = Risaralda | 68 = Santander | 70 = Sucre | 73 = Tolima | 76 = Valle del Cauca | 77 = Chocó | 81 = Arauca | 85 = Casanare | 86 = Putumayo | 91 = Amazonas | 97 = Vaupés | 99 = Vichada | 100 = Guainía | 101 = Guaviare | 102 = San Andrés y Providencia | 998 = (DK) | 999 = (Refused)",As supplied in the source file for this wave.
103,REGION_COM,Region Comoros,wave-specific,numeric,1000,145910,1.0,3.0,,1 = Grande Comore (Ngazidja) | 2 = Anjouan (Ndzuwani) | 3 = Moheli (Mwali),As supplied in the source file for this wave.
104,REGION_CRI,Region Costa Rica,wave-specific,numeric,1000,145910,1.0,7.0,,1 = San Jose | 2 = Alajuela | 3 = Cartago | 4 = Heredia | 5 = Guanacaste | 6 = Puntarenas | 7 = Limon | 98 = (DK) | 99 = (Refused),As supplied in the source file for this wave.
105,REGION_CYP,Region Cyprus,wave-specific,numeric,1031,145879,1.0,5.0,,1 = Nicosia | 2 = Limassol | 3 = Larnaka | 4 = Famagusta | 5 = Pafos | 8 = (DK) | 9 = (Refused),As supplied in the source file for this wave.
106,REGION_CZE,Region Czech Republic,wave-specific,numeric,1004,145906,1.0,14.0,,1 = The City of Prague | 2 = Central Bohemian Region | 3 = South Bohemian Region | 4 = Plzen Region | 5 = Karlovy Vary Region | 6 = Usti nad Labem Region | 7 = Liberec Region | 8 = Hradec Kralove Region | 9 = Pardubice Region | 10 = Vysocina Region | 11 = South Moravian Region | 12 = Olomouc Region | 13 = Zlin Region | 14 = Moravian-Silesian Region | 98 = (DK) | 99 = (Refused),As supplied in the source file for this wave.
107,REGION_DEU,Region Germany,wave-specific,numeric,1000,145910,4001.0,4016.0,,4001 = Schleswig-Holstein | 4002 = Hamburg | 4003 = Niedersachsen | 4004 = Bremen | 4005 = Nordrhein-Westfalen | 4006 = Hessen | 4007 = Rheinland-Pfalz | 4008 = Baden-Wurttemberg | 4009 = Bayern | 4010 = Saarland | 4011 = Berlin | 4012 = Brandenburg | 4013 = Mecklenburg-Vorpommern | 4014 = Sachsen | 4015 = Sachsen-Anhalt | 4016 = Thuringen | 9998 = Dont know | 9999 = Refused,As supplied in the source file for this wave.
108,REGION_DOM,Region Dominican Republic,wave-specific,numeric,1000,145910,1.0,32.0,,1 = DISTRITO NACIONAL | 2 = AZUA | 3 = BAHORUCO | 4 = BARAHONA | 5 = DAJABON | 6 = DUARTE | 7 = ELIAS PIÑA | 8 = EL SEIBO | 9 = ESPAILLAT | 10 = INDEPENDENCIA | 11 = LA ALTAGRACIA | 12 = LA ROMANA | 13 = LA VEGA | 14 = MARIA T. SANCHEZ | 15 = MONTECRISTI | 16 = PERDENALES | 17 = PERAVIA | 18 = PUERTO PLATA | 19 = HERMANAS MIRABAL (FORMERLY SALCEDO) | 20 = SAMANA | 21 = SAN CRISTOBAL | 22 = SAN JUAN | 23 = SAN PEDRO DE MACORIS | 24 = SANCHEZ RAMIREZ | 25 = SANTIAGO | 26 = SANTIAGO RODRIGUEZ | 27 = VALVERDE | 28 = MONSEÑOR NOUEL | 29 = MONTE PLATA | 30 = HATO MAYOR | 31 = SAN JOSE DE OCOA | 32 = SANTO DOMINGO | 98 = (DK) | 99 = (Refused),As supplied in the source file for this wave.
109,REGION_DRC,Region Congo Kinshasa,wave-specific,numeric,1000,145910,1.0,11.0,,1 = Bandundu | 2 = Bas Congo | 3 = Equateur | 4 = Kasai Occidental | 5 = Kasai Oriental | 6 = Katanga | 7 = Kinshasa | 8 = Maniema | 9 = Nord Kivu | 10 = Province Orientale | 11 = Sud Kivu,As supplied in the source file for this wave.
110,REGION_DZA,Region Algeria,wave-specific,numeric,1000,145910,1.0,98.0,,1 = Adrar | 2 = Chlef | 3 = Laghouat | 4 = Oum el-Bouaghi | 5 = Batna | 6 = Bejaia | 7 = Biskra | 8 = Bechar | 9 = Blida | 10 = Bouira | 11 = Tamanghasset | 12 = Tebessa | 13 = Tlemcen | 14 = Tiaret | 15 = Tizi Ouzou | 16 = Algiers | 17 = Djelfa | 18 = Jijel | 19 = Setif | 20 = Saida | 21 = Skikda | 22 = Sidi Bel Abbes | 23 = Annaba | 24 = Guelma | 25 = Constantine | 26 = Medea | 27 = Mostaganem | 28 = M Sila | 29 = Mascara | 30 = Ouargla | 31 = Oran | 32 = El Bayadh | 33 = Illizi | 34 = Bordj Bou Arreridj | 35 = Boumerdes | 36 = El Taref | 37 = Tindouf | 38 = Tissemsilt | 39 = El Oued | 40 = Khenchela | 41 = Souk Ahras | 42 = Tipasa | 43 = Mila | 44 = Ain Defla | 45 = Naama | 46 = Ain Temouchent | 47 = Ghardaia | 48 = Relizane | 98 = (DK) | 99 = (Refused),As supplied in the source file for this wave.
111,REGION_ECU,Region Ecuador,wave-specific,numeric,1000,145910,1.0,23.0,,1 = Azuay | 2 = Bolívar | 3 = Carchi | 4 = Cotopaxi | 5 = Chimborazo | 6 = El Oro | 7 = Esmeraldas | 8 = Guayas | 9 = Imbabura | 10 = Loja | 11 = Los Rios | 12 = Manabí | 13 = Morona Santiago | 14 = Napo | 15 = Orellana | 16 = Pichincha | 17 = Sucumbíos | 18 = Tungurahua | 19 = Zamora Chinchipe | 20 = Pastaza | 21 = Santa Elena | 22 = Santo Domingo de los Satchilas | 23 = Cañar | 24 = Galápagos | 98 = (DK) | 99 = (Refused),As supplied in the source file for this wave.
112,REGION_EGY,Region Egypt,wave-specific,numeric,1000,145910,1.0,22.0,,1 = Dakhalia | 2 = Faiyum | 3 = Sharqia | 4 = Aswan | 5 = Cairo | 6 = Ismailia | 7 = Menia | 8 = Alexandria | 9 = Gharbia | 10 = Sohag | 11 = Giza | 12 = Port Said | 13 = Suez | 14 = Damietta | 15 = Qalyubia | 16 = Kafr El-Sheikh | 17 = Monufia | 18 = Beheira | 19 = Beni-Suef | 20 = Asyut | 21 = Qena | 22 = Luxor | 23 = Matruh | 24 = Red Sea | 25 = New Valley | 26 = North Sinai | 27 = South Sinai | 98 = (DK) | 99 = (Refused),As supplied in the source file for this wave.
113,REGION_ESP,Region Spain,wave-specific,numeric,1000,145910,1.0,19.0,,1 = Galicia | 2 = Asturias | 3 = Cantabria | 4 = Basque Community | 5 = Navarre | 6 = La Rioja | 7 = Aragon | 8 = Madrid | 9 = Castile-Leon | 10 = Castile-La Mancha | 11 = Extremadura | 12 = Catalonia | 13 = Valencian Community | 14 = Balearic Islands | 15 = Andalusia | 16 = Region of Murcia | 17 = Ceuta | 18 = Melilla | 19 = Canary Islands | 98 = (DK) | 99 = (Refused),As supplied in the source file for this wave.
114,REGION_EST,Region Estonia,wave-specific,numeric,1009,145901,1.0,15.0,,1 = Harju | 2 = Hiiu | 3 = Ida-Viru | 4 = Jarva | 5 = Jogeva | 6 = Laane | 7 = Laane-Viru | 8 = Parnu | 9 = Polva | 10 = Rapla | 11 = Saare | 12 = Tartu | 13 = Valga | 14 = Viljandi | 15 = Voru | 98 = (DK) | 99 = (Refused),As supplied in the source file for this wave.
115,REGION_ETH,Region Ethiopia,wave-specific,numeric,1000,145910,1.0,10.0,,1 = Addis Abeba | 2 = Afar | 3 = Amhara | 4 = Benishangul | 5 = Diredawa | 6 = Gambella | 7 = Harar | 8 = Oromia | 9 = Somali | 10 = Southern | 11 = Tigray | 98 = (DK) | 99 = (Refused),As supplied in the source file for this wave.
116,REGION_FIN,Region Finland,wave-specific,numeric,1003,145907,2.0,99.0,,1 = Aland | 2 = Central Finland | 3 = Central Ostrobothnia | 4 = Southwest Finland (Finland Proper) | 5 = Kainuu | 6 = Kymenlaakso | 7 = Lapland | 8 = North Karelia | 9 = Northern Ostrobothnia | 10 = Northern Savonia (North Savo) | 11 = Ostrobothnia | 12 = Paijanne Tavastia (Paijat-Hame) | 13 = Tampere Region (Pirkanmaa) | 14 = Satakunta | 15 = South Karelia | 16 = Southern Ostrobothnia | 17 = Southern Savonia (South Savo) | 18 = Kanta-Hame (Tavastia Proper) | 19 = Uusimaa | 98 = (DK) | 99 = (Refused),As supplied in the source file for this wave.
117,REGION_GAB,Region Gabon,wave-specific,numeric,1000,145910,1.0,9.0,,1 = Estuaire | 2 = Haut-Ogooue | 3 = Moyen-Ogooue | 4 = Ngounie | 5 = Nyanga | 6 = Ogooue-Ivindo | 7 = Ogooue-Lolo | 8 = Ogooue-Maritime | 9 = Woleu-Ntem | 98 = (DK) | 99 = (Refused),As supplied in the source file for this wave.
118,REGION_GBR,Region United Kingdom,wave-specific,numeric,1000,145910,1.0,12.0,,1 = East Midlands | 2 = East of England | 3 = London | 4 = North East | 5 = North West | 6 = Scotland | 7 = South East | 8 = South West | 9 = Wales | 10 = West Midlands | 11 = Yorkshire and The Humber | 12 = Northern Ireland | 98 = (Dont know) | 99 = (Refused),As supplied in the source file for this wave.
119,REGION_GEO,Region Georgia,wave-specific,numeric,1000,145910,1.0,11.0,,1 = Tbilisi | 2 = Imereti | 3 = Adjara | 4 = Samegrelo | 5 = Sida Kartli | 6 = Kvemo Kartli | 7 = Mtskheta-Mtianeti | 8 = Samtskhe-Javakheti | 9 = Kakheti | 10 = Guria | 11 = Lechkhumi and Kvemo Svaneti | 12 = Abkhazia | 98 = (DK) | 99 = (Refused),As supplied in the source file for this wave.
120,REGION_GHA,Region Ghana,wave-specific,numeric,1000,145910,1.0,10.0,,1 = ASHANTI | 2 = BRONG AHAFO | 3 = CENTRAL | 4 = EASTERN | 5 = GREATER ACCRA | 6 = NORTHERN | 7 = UPPER EAST | 8 = UPPER WEST | 9 = VOLTA | 10 = WESTERN | 98 = (DK) | 99 = (REFUSED),As supplied in the source file for this wave.
121,REGION_GMB,Region Gambia,wave-specific,numeric,1000,145910,1.0,43.0,,1 = Kanifing | 2 = Kombo North | 3 = Kombo South | 4 = Kombo Central | 5 = Kombo East | 6 = Foni Bondali | 7 = Foni Brefet | 8 = Foni Kansala | 9 = Foni Bintang-Karenai | 10 = Foni Jarrol | 11 = Janjanbureh | 12 = Fulladu West | 13 = Niamina East | 14 = Niamina West | 15 = Niamina Dankunku | 16 = Lower Saloum | 17 = Upper Saloum | 18 = Nianija | 19 = Niani | 20 = Sami | 21 = Kiang Central | 22 = Kiang East | 23 = Kiang West | 24 = Jarra Central | 25 = Jarra East | 26 = Jarra West | 27 = Lower Niumi | 28 = Upper Niumi | 29 = Jokadu | 30 = Central Baddibu | 31 = Illiasa | 32 = Lower Baddibu | 33 = Sabach Sanjal | 34 = Kantora | 35 = Tumana | 36 = Basse Fulladu East | 37 = Jimara | 38 = Wuli West | 39 = Wuli East | 40 = Sandu | 41 = Banjul South | 42 = Banjul Central | 43 = Banjul North,As supplied in the source file for this wave.
122,REGION_GRC,Region Greece,wave-specific,numeric,1011,145899,1.0,13.0,,1 = Attica | 2 = Central Greece | 3 = Central Macedonia | 4 = Crete | 5 = East Macedonia and Thrace | 6 = Epirus | 7 = Ionian Islands | 8 = North Aegean | 9 = Peloponnese | 10 = South Aegean | 11 = Thessaly | 12 = West Greece | 13 = West Macedonia | 98 = (DK) | 99 = (Refused),As supplied in the source file for this wave.
123,REGION_GTM,Region Guatemala,wave-specific,numeric,1000,145910,1.0,22.0,,1 = Guatemala | 2 = Huehuetenango | 3 = Alta Verapaz | 4 = Quiché | 5 = Izabal | 6 = El Progreso | 7 = Sacatepéquez | 8 = Chimaltenango | 9 = Escuintla | 10 = Santa Rosa | 11 = Sololá | 12 = Totonicapán | 13 = Quetzaltenango | 14 = Suchitepéquez | 15 = Retalhuleu | 16 = San Marcos | 17 = Baja Verapaz | 18 = Petén | 19 = Zacapa | 20 = Chiquimula | 21 = Jalapa | 22 = Jutiapa | 98 = (DK) | 99 = (Refused),As supplied in the source file for this wave.
124,REGION_GUI,Region Guinea,wave-specific,numeric,1000,145910,1.0,8.0,,1 = Conakry | 2 = Boke | 3 = Kindia | 4 = Labe | 5 = Mamou | 6 = Faranah | 7 = Kankan | 8 = Nzerekore | 98 = (DK) | 99 = (Refused),As supplied in the source file for this wave.
125,REGION_HKG,Region Hong Kong,wave-specific,numeric,1004,145906,1.0,3.0,,1 = Hong Kong Island | 2 = Kowloon | 3 = New Territories | 8 = (DK) | 9 = (Refused),As supplied in the source file for this wave.
126,REGION_HND,Region Honduras,wave-specific,numeric,1000,145910,1.0,18.0,,1 = Atlántida | 2 = Choluteca | 3 = Colon | 4 = Comayagua | 5 = Copán | 6 = Cortés | 7 = El Paraíso | 8 = Francisco Morazán | 9 = Gracias a Dios | 10 = Intibucá | 11 = Isla de la Bahía | 12 = La Paz | 13 = Lempira | 14 = Ocotepeque | 15 = Olancho | 16 = Santa Bárbara | 17 = Valle | 18 = Yoro | 98 = (DK) | 99 = (Refused),As supplied in the source file for this wave.
127,REGION_HRV,Region Croatia,wave-specific,numeric,1004,145906,1.0,21.0,,1 = Bjelovarsko-bilogorska zupanija | 2 = Brodsko-posavska zupanija | 3 = Dubrovacko-neretvanska zupanija | 4 = Istarska zupanija | 5 = Karlovacka zupanija | 6 = Koprivnicko-krizevacka zupanija | 7 = Krapinsko-zagorska zupanija | 8 = Licko-senjska zupanija | 9 = Medimurska zupanija | 10 = Osjecko-baranjska zupanija | 11 = Pozesko-slavonska zupanija | 12 = Primorsko-goranska zupanija | 13 = Sibensko-kninska zupanija | 14 = Sisacko-moslavacka zupanija | 15 = Splitsko-dalmatinska zupanija | 16 = Varazdinska zupanija | 17 = Viroviticko-podravska zupanija | 18 = Vukovarsko-srijemska zupanija | 19 = Zadarska zupanija | 20 = Zagrebacka zupanija | 21 = Grad Zagreb | 98 = (DK) | 99 = (Refused),As supplied in the source file for this wave.
128,REGION_HUN,Region Hungary,wave-specific,numeric,1011,145899,1.0,20.0,,1 = Budapest | 2 = Bacs-Kiskun | 3 = Baranya | 4 = Bekes | 5 = Borsod-Abauj-Zemplen | 6 = Csongrad | 7 = Fejer | 8 = Gyor-Moson-Sopron | 9 = Hajdu-Bihar | 10 = Heves | 11 = Jasz-Nagykun-Szolnok | 12 = Komarom-Esztergom | 13 = Nograd | 14 = Pest | 15 = Somogy | 16 = Szabolcs-Szatmar-Bereg | 17 = Tolna | 18 = Vas | 19 = Veszprem | 20 = Zala | 98 = (DK) | 99 = (Refused),As supplied in the source file for this wave.
129,REGION_ICL,Region Iceland,wave-specific,numeric,505,146405,1.0,2.0,,1 = Capital area | 2 = Outside the capital area | 98 = (DK) | 99 = (Refused),As supplied in the source file for this wave.
130,REGION_IDN,Region Indonesia,wave-specific,numeric,1000,145910,1.0,32.0,,1 = Nanggroe Aceh Darussalam | 2 = North Sumatra | 3 = West Sumatra | 4 = Riau | 5 = Jambi | 6 = South Sumatra | 7 = Bengkulu | 8 = Lampung | 9 = Bangka Belitung Island | 10 = Riau Island | 11 = DKI Jakarta | 12 = West Java | 13 = Central Java | 14 = DI Yogjakarta | 15 = East Java | 16 = Banten | 17 = Bali | 18 = West Nusa Tenggara | 19 = East Nusa Tenggara | 20 = West Kalimantan | 21 = Central Kalimantan | 22 = South Kalimantan | 23 = East Kalimantan | 24 = North Sulawesi | 25 = Central Sulawesi | 26 = South Sulawesi | 27 = Southeast Sulawesi | 28 = Gorontalo | 29 = West Sulawesi | 30 = Maluku | 31 = North Maluku | 32 = Papua | 33 = West Papua | 34 = North Kalimantan | 98 = (DK) | 99 = (Refused),As supplied in the source file for this wave.
131,REGION_IND,Region India,wave-specific,numeric,3000,143910,1.0,32.0,,1 = Andhra Pradesh | 2 = Arunachal Pradesh | 3 = Assam | 4 = Bihar | 5 = Chandigarh | 6 = Chhattisgarh | 7 = Delhi | 8 = Goa | 9 = Gujarat | 10 = Haryana | 11 = Himachal Pradesh | 12 = Jammu and Kashmir | 13 = Jharkhand | 14 = Karnataka | 15 = Kerala | 16 = Madhya Pradesh | 17 = Maharashtra | 18 = Manipur | 19 = Meghalaya | 20 = Mizoram | 21 = Nagaland | 22 = Odisha (Orissa) | 23 = Pondicherry | 24 = Punjab | 25 = Rajasthan | 26 = Sikkim | 27 = Tamil Nadu | 28 = Tripura | 29 = Uttar Pradesh | 30 = Uttarakhand | 31 = West Bengal | 32 = Telangana | 98 = (DK) | 99 = (Refused),As supplied in the source file for this wave.
132,REGION_IRL,Region Ireland,wave-specific,numeric,1000,145910,1.0,27.0,,1 = Carlow | 2 = Cavan | 3 = Clare | 4 = Cork | 5 = Donegal | 6 = Dublin | 7 = Galway | 8 = Kerry | 9 = Kildare | 10 = Kilkenny | 11 = Laois | 12 = Leitrim | 13 = Limerick | 14 = Longford | 15 = Louth | 16 = Mayo | 17 = Meath | 18 = Monaghan | 19 = Offaly | 20 = Roscommon | 21 = Sligo | 22 = North Tipperary | 23 = South Tipperary | 24 = Waterford | 25 = Westmeath | 26 = Wexford | 27 = Wicklow | 98 = (DK) | 99 = (Refused),As supplied in the source file for this wave.
133,REGION_IRN,Region Iran,wave-specific,numeric,1007,145903,1.0,31.0,,1 = Alborz | 2 = Ardabil | 3 = East Azerbaijan | 4 = West Azerbaijan | 5 = Bushehr | 6 = Chahar Mahaal and Bakhtiari | 7 = Fars | 8 = Gilan | 9 = Golestan | 10 = Hamadan | 11 = Hormozgan | 12 = Ilam | 13 = Isfahan | 14 = Kerman | 15 = Kermanshah | 16 = North Khorasan | 17 = Razavi Khorasan | 18 = South Khorasan | 19 = Khuzestan | 20 = Kohgiluyeh and Boyer-Ahmad | 21 = Kurdistan | 22 = Lorestan | 23 = Markazi | 24 = Mazandaran | 25 = Qazvin | 26 = Qom | 27 = Semnan | 28 = Sistan and Baluchistan | 29 = Tehran | 30 = Yazd | 31 = Zanjan | 98 = (DK) | 99 = (Refused),As supplied in the source file for this wave.
134,REGION_IRQ,Region Iraq,wave-specific,numeric,1035,145875,1.0,18.0,,1 = Baghdad | 2 = Basra | 3 = Najaf | 4 = Anbar | 5 = Kirkuk (Tamim) | 6 = Sulaymaniya | 7 = Arbil | 8 = Diyala | 9 = Ninawa | 10 = Dhi Qar | 11 = Babil | 12 = Maysan | 13 = Wasit | 14 = Salah ad-Din | 15 = Muthanna | 16 = Qadisiyyah | 17 = Karbala | 18 = Duhok | 19 = Halabja | 98 = (DK) | 99 = (Refused),As supplied in the source file for this wave.
135,REGION_ISR,Region Israel,wave-specific,numeric,1000,145910,1.0,6.0,,1 = Jerusalem District | 2 = Northern District | 3 = Haifa District | 4 = Central District | 5 = Tel Aviv District | 6 = Southern District | 98 = (DK) | 99 = (Refused),As supplied in the source file for this wave.
136,REGION_ITA,Region Italy,wave-specific,numeric,1000,145910,1.0,20.0,,1 = Abruzzo | 2 = Aosta Valley | 3 = Apulia | 4 = Basilicata | 5 = Calabria | 6 = Campania | 7 = Emilia-Romagna | 8 = Friuli-Venezia Giulia | 9 = Lazio | 10 = Liguria | 11 = Lombardy | 12 = Marche | 13 = Molise | 14 = Piedmont | 15 = Sardinia | 16 = Sicily | 17 = Trentino-Alto Adige | 18 = Tuscany | 19 = Umbria | 20 = Veneto | 98 = (DK) | 99 = (Refused),As supplied in the source file for this wave.
137,REGION_JOR,Region Jordan,wave-specific,numeric,1000,145910,1.0,12.0,,1 = Amman | 2 = Al Zarqa | 3 = Al Balqa a | 4 = Madaba | 5 = Irbid | 6 = Al Mafraq | 7 = Jarash | 8 = Ajloun | 9 = Al Karak | 10 = Al Tafilah | 11 = Ma an | 12 = Al Aqaba | 98 = (DK) | 99 = (Refused),As supplied in the source file for this wave.
138,REGION_JPN,Region Japan,wave-specific,numeric,1004,145906,1.0,99.0,,1 = Hokkaido | 2 = Tohoku | 3 = Kanto | 4 = Hokuriku | 5 = Koshinetsu | 6 = Tokai | 7 = Chukyo | 8 = Kansai | 9 = Chugoku | 10 = Shikoku | 11 = Kyushu | 98 = (DK) | 99 = (Refused),As supplied in the source file for this wave.
139,REGION_KEN,Region Kenya,wave-specific,numeric,1000,145910,1.0,47.0,,1 = Baringo | 2 = Bomet | 3 = Bungoma | 4 = Busia | 5 = Elgeyo Marakwet | 6 = Embu | 7 = Garissa | 8 = Homa Bay | 9 = Isiolo | 10 = Kajiado | 11 = Kakamega | 12 = Kericho | 13 = Kiambu | 14 = Kilifi | 15 = Kirinyaga | 16 = Kisii | 17 = Kisumu | 18 = Kitui | 19 = Kwale | 20 = Laikipia | 21 = Lamu | 22 = Machakos | 23 = Makueni | 24 = Mandera | 25 = Marsabit | 26 = Meru | 27 = Migori | 28 = Mombasa | 29 = Murang a | 30 = Nairobi | 31 = Nakuru | 32 = Nandi | 33 = Narok | 34 = Nyamira | 35 = Nyandarua | 36 = Nyeri | 37 = Samburu | 38 = Siaya | 39 = Taita Taveta | 40 = Tana River | 41 = Tharaka Nithi | 42 = Trans Nzoia | 43 = Turkana | 44 = Uasin Gishu | 45 = Vihiga | 46 = Wajir | 47 = West Pokot | 98 = (DK) | 99 = (Refused),As supplied in the source file for this wave.
140,REGION_KGZ,Region Kyrgyzstan,wave-specific,numeric,1000,145910,1.0,9.0,,1 = Bishkek city | 2 = Chuiskaya oblast | 3 = Talasskaya oblast | 4 = Narynskaya oblast | 5 = Issyk-Kulskaya oblast | 6 = Osh city/Oshskaya oblast | 8 = Jalalabatskaya oblast | 9 = Batkenskaya oblast | 98 = (DK) | 99 = (Refused),As supplied in the source file for this wave.
141,REGION_KHM,Region Cambodia,wave-specific,numeric,1000,145910,1.0,25.0,,1 = Banteay Meanchey | 2 = Battambang | 3 = Kampong Cham | 4 = Kampong Chhnang | 5 = Kampong Speu | 6 = Kampong Thom | 7 = Kampot | 8 = Kandal | 9 = Koh Kong | 10 = Kep | 11 = Kratie | 12 = Mondulkiri | 13 = Oddar Meancheay | 14 = Pailin | 15 = Phnom Penh | 16 = Sihanoukville | 17 = Preah Vihear | 18 = Pursat | 19 = Prey Veng | 20 = Ratanakiri | 21 = Siem Reap | 22 = Stung Treng | 23 = Svay Rieng | 24 = Takeo | 25 = Tboung Khmum,As supplied in the source file for this wave.
142,REGION_KOR,Region South Korea,wave-specific,numeric,1027,145883,1.0,17.0,,1 = Seoul | 2 = Busan | 3 = Daegu | 4 = Incheon | 5 = Gwangju | 6 = Daejeon | 7 = Ulsan | 8 = Gyeonggi-do | 9 = Gangwo-do | 10 = Chungcheongbuk-do (Northern Chungcheong) | 11 = Chungcheongnam-do (Southern Chungcheong) | 12 = Jeollabuk-do (Northern Jeolla) | 13 = Jeollanam-do (Southern Jeolla) | 14 = Gyeongsangbuk-do (Northern Gyeongsang) | 15 = Gyeongsangnam-do (Southern Gyeongsang) | 16 = Jeju-do | 17 = Sejong | 98 = (DK) | 99 = (Refused),As supplied in the source file for this wave.
143,REGION_KOS,Region Kosovo,wave-specific,numeric,1000,145910,1.0,37.0,,1 = Decan | 2 = Gjakove | 3 = Gllogoc | 4 = Gjilan | 5 = Dragash | 6 = Istog | 7 = Kacanik | 8 = Kline | 9 = Fushe Kosove | 10 = Kamenice | 11 = Mitrovice | 12 = Leposavic | 13 = Lipjan | 14 = Obilic | 15 = Rahovec | 16 = Peje | 17 = Podujeve | 18 = Prishtine | 19 = Prizren | 20 = Skenderaj | 21 = Shtime | 22 = Strpce | 23 = Suhareke | 24 = Ferizaj | 25 = Viti | 26 = Vushtrri | 27 = Zubin Potok | 28 = Zvecan | 29 = Malisheve | 30 = Han i Elezit | 31 = Gracanica | 32 = Junik | 33 = Klokot | 34 = Mamush | 35 = Partes | 36 = Ranilug | 37 = Mitrovice e Veriut | 38 = Novoberde,As supplied in the source file for this wave.
144,REGION_KWT,Region Kuwait,wave-specific,numeric,1063,145847,1.0,6.0,,1 = Kuwait | 2 = Hawali | 3 = Furawania | 4 = Al Ahmadi | 5 = Al Juhraa | 6 = Grand Mubarrak | 98 = (DK) | 99 = (Refused),As supplied in the source file for this wave.
145,REGION_LAO,Region Laos,wave-specific,numeric,1000,145910,1.0,18.0,,1 = Attapu | 2 = Bokeo | 3 = Bolikhamxai | 4 = Champasak | 5 = Houaphan | 6 = Khammouan | 7 = Louang Namtha | 8 = Louangphabang | 9 = Oudomxai | 10 = Phongsali | 11 = Salavan | 12 = Savannakhet | 13 = Vientiane Prefecture with Vientiane Capital | 14 = Vientiane Province | 15 = Xaignabouli | 16 = Xaisomboun | 17 = Xekong | 18 = Xiangkhoang,As supplied in the source file for this wave.
146,REGION_LBN,Region Lebanon,wave-specific,numeric,1010,145900,1.0,30.0,,1 = Beirut. East Center | 3 = Beirut. West Center | 5 = Tripoli | 6 = Koura | 7 = Zgharta | 8 = Batroun | 9 = Akkar | 10 = Saida | 11 = Tyre | 12 = Nabatieh | 13 = Zahle | 14 = Baalbak | 15 = Western Bekaa | 17 = Jbeil | 18 = Chouf | 19 = Aley | 20 = Jezzine | 21 = Bent Jbeil | 22 = Matn | 23 = Becharri | 24 = Marjeyoune | 25 = Hasbaya | 26 = Rashaya | 27 = Hermel | 28 = Keserwan (incl Jounieh) | 29 = Minieh-Danniye | 30 = Baabda | 98 = (DK) | 99 = (Refused),As supplied in the source file for this wave.
147,REGION_LBR,Region Liberia,wave-specific,numeric,1002,145908,1.0,15.0,,1 = Bomi | 2 = Bong | 3 = Gbarpolu | 4 = Grand Bassa | 5 = Grand Cape Mount | 6 = Grand Gedeh | 7 = Grand Kru | 8 = Lofa | 9 = Margibi | 10 = Maryland | 11 = Montserrado | 12 = Nimba | 13 = Rivercess | 14 = River Gee | 15 = Sinoe,As supplied in the source file for this wave.
148,REGION_LKA,Region Sri Lanka,wave-specific,numeric,1000,145910,1.0,9.0,,1 = Western | 2 = Central | 3 = Southern | 4 = Northern | 5 = Eastern | 6 = Northwest | 7 = North Central | 8 = Uva | 9 = Sabaragamuwa | 98 = (DK) | 99 = (Refused),As supplied in the source file for this wave.
149,REGION_LTU,Region Lithuania,wave-specific,numeric,1000,145910,1.0,10.0,,1 = Alytaus county | 2 = Kauno county | 3 = Klaipedos county | 4 = Marijampoles county | 5 = Panevezio county | 6 = Siauliu county | 7 = Taurages county | 8 = Telsiu county | 9 = Utenos county | 10 = Vilnius county | 98 = (DK) | 99 = (Refused),As supplied in the source file for this wave.
150,REGION_LUX,Region Luxembourg,wave-specific,numeric,1000,145910,1.0,99.0,,1 = Clervaux | 2 = Diekirch | 3 = Redange | 4 = Vianden | 5 = Wiltz | 6 = Echternach | 7 = Grevenmacher | 8 = Remich | 9 = Capellen | 10 = Esch-sur-Alzette | 11 = Luxembourg | 12 = Mersch | 98 = (DK) | 99 = (Refused),As supplied in the source file for this wave.
151,REGION_LVA,Region Latvia,wave-specific,numeric,1020,145890,1.0,6.0,,1 = Riga | 2 = Vidzeme | 3 = Kurzeme | 4 = Zemgale | 5 = Latgale | 6 = Pieriga | 98 = (DK) | 99 = (Refused),As supplied in the source file for this wave.
152,REGION_LYB,Region Libya,wave-specific,numeric,1005,145905,1.0,22.0,,1 = Al-Kufrah | 2 = Benghazi | 3 = Tarabulus | 4 = Al-Butnan | 5 = Al-Jabal al-Akhdar | 6 = Al-Jifarah | 7 = Al-Marj | 8 = Al-Marqab | 9 = Al-Wahah | 10 = Az-Zawiyah | 11 = Darnah | 12 = Misratah | 13 = Al Jabal al Gharbi | 14 = Al Jufrah | 15 = An Nuqat al Khams | 16 = Ghat | 17 = Murzuq | 18 = Nalut | 19 = Sabha | 20 = Surt | 21 = Wadi al Hayat | 22 = Wadi ash Shati | 98 = (DK) | 99 = (Refused),As supplied in the source file for this wave.
153,REGION_MDA,Region Moldova,wave-specific,numeric,1000,145910,1.0,35.0,,1 = Municipality Chisinau | 2 = Municipality Balti | 3 = County Anenii Noi | 4 = County Basarabeasca | 5 = County Briceni | 6 = County Cahul | 7 = County Cantemir | 8 = County Calarasi | 9 = County Causeni | 10 = County Cimislia | 11 = County Criuleni | 12 = County Donduseni | 13 = County Drochia | 14 = County Edinet | 15 = County Falesti | 16 = County Floresti | 17 = County Glodeni | 18 = County Hincesti | 19 = County Ialoveni | 20 = County Leova | 21 = County Nisporeni | 22 = County Ocnita | 23 = County Orhei | 24 = County Rezina | 25 = County Riscani | 26 = County Singerei | 27 = County Soroca | 28 = County Straseni | 29 = County Soldanesti | 30 = County Stefan Voda | 31 = County Taraclia | 32 = County Telenesti | 33 = County Ungheni | 34 = T.A.U. Gagauzia | 35 = County Dubasari | 98 = (DK) | 99 = (Refused),As supplied in the source file for this wave.
154,REGION_MDG,Region Madagascar,wave-specific,numeric,1000,145910,1.0,22.0,,1 = Alaotra Mangoro | 2 = Amoron i Mania | 3 = Analamanga | 4 = Analanjirofo | 5 = Androy | 6 = Anosy | 7 = Atsimo Andrefana | 8 = Atsimo Atsinanana | 9 = Atsinanana | 10 = Betsiboka | 11 = Boeny | 12 = Bongolava | 13 = Diana | 14 = Haute Matsiatra | 15 = Ihorombe | 16 = Itasy | 17 = Melaky | 18 = Menabe | 19 = Sava | 20 = Sofia | 21 = Vakinankaratra | 22 = Vatovavy Fitovinany,As supplied in the source file for this wave.
155,REGION_MEX,Region Mexico,wave-specific,numeric,1000,145910,1.0,31.0,,1 = Aguascalientes | 2 = Baja California | 3 = Baja California Sur | 4 = Campeche | 5 = Chiapas | 6 = Chihuahua | 7 = Coahuila de Zaragoza | 8 = Colima | 9 = Distrito Federal/Ciudad de México | 10 = Durango | 11 = Guanajuato | 12 = Guerrero | 13 = Hidalgo | 14 = Jalisco | 15 = México | 16 = Michoacán de Ocampo | 17 = Morelos | 18 = Nayarit | 19 = Nuevo León | 20 = Oaxaca | 21 = Puebla | 22 = Querétaro Arteaga | 23 = Quintana Roo | 24 = San Luis Potosí | 25 = Sinaloa | 26 = Sonora | 27 = Tabasco | 28 = Tamaulipas | 29 = Tlaxcala | 30 = Veracruz | 31 = Yucatán | 32 = Zacatecas | 98 = (DK) | 99 = (Refused),As supplied in the source file for this wave.
156,REGION_MKD,Region Macedonia,wave-specific,numeric,1000,145910,1.0,8.0,,1 = Eastern | 2 = Northeastern | 3 = Pelagonia | 4 = Polog | 5 = Skopje | 6 = Southeastern | 7 = Southwestern | 8 = Vardar | 98 = (DK) | 99 = (Refused),As supplied in the source file for this wave.
157,REGION_MLI,Region Mali,wave-specific,numeric,1000,145910,22.0,50.0,,1 = Bandiagara | 2 = Bankass | 3 = Djenne | 4 = Douentza | 5 = Koro | 6 = Mopti | 7 = Tenenkou | 8 = Youwarou | 9 = Ansongo | 10 = Bourem | 11 = Gao | 12 = Menaka | 13 = Abeibara | 14 = Kidal | 15 = Tessalit | 16 = Tin-Essako | 17 = Dire | 18 = Goundam | 19 = Gourma-Rharous | 20 = Niafunke | 21 = Tombouctou | 22 = Bla | 23 = Baroueli | 24 = Macina | 25 = Niono | 26 = Segou | 27 = San | 28 = Tominian | 29 = Bougouni | 30 = Kolondieba | 31 = Kadiolo | 32 = Koutiala | 33 = Sikasso | 34 = Yanfolila | 35 = Yorosso | 36 = Bamako | 37 = Banamba | 38 = Dioila | 39 = Kangaba | 40 = Koulikoro | 41 = Kolokani | 42 = Kati | 43 = Nara | 44 = Bafoulabe | 45 = Diema | 46 = Kita | 47 = Kenieba | 48 = Kayes | 49 = Nioro du Sahel | 50 = Yelimane | 51 = Foum Alba | 52 = Achouratt | 53 = Al-Ourche | 54 = Boudje-Beha | 55 = Menaka | 56 = Anderamboukane | 57 = Inekar | 58 = Tidermene | 59 = Araouane | 60 = Taoudenit | 98 = (DK) | 99 = (Refused),As supplied in the source file for this wave.
158,REGION_MLT,Region Malta,wave-specific,numeric,1000,145910,1.0,6.0,,1 = Southern Harbour District | 2 = Northern Harbour District | 3 = South Eastern District | 4 = Western District | 5 = North District | 6 = Gozo and Comino,As supplied in the source file for this wave.
159,REGION_MLW,Region Malawi,wave-specific,numeric,1000,145910,1.0,28.0,,1 = Dedza | 2 = Dowa | 3 = Kasungu | 4 = Lilongwe | 5 = Mchinji | 6 = Nkhotakota | 7 = Ntcheu | 8 = Ntchisi | 9 = Salima | 10 = Chitipa | 11 = Karonga | 12 = Likoma | 13 = Mzimba | 14 = Nkhata Bay | 15 = Rumphi | 16 = Balaka | 17 = Blantyre | 18 = Chikwawa | 19 = Chiradzulu | 20 = Machinga | 21 = Mangochi | 22 = Mulanje | 23 = Mwanza | 24 = Nsanje | 25 = Thyolo | 26 = Phalombe | 27 = Zomba | 28 = Neno (Mwanza),As supplied in the source file for this wave.
160,REGION_MMR,Region Myanmar,wave-specific,numeric,1000,145910,1.0,15.0,,1 = Chin State | 2 = Kachin State | 3 = Kayah State | 4 = Kayin State | 5 = Mon State | 6 = Rakhine State | 7 = Shan State | 8 = Ayeyarwady Region | 9 = Bago Region | 10 = Magway Region | 11 = Mandalay Region | 12 = Sagaing Region | 13 = Tanintharyi Region | 14 = Yangon Region | 15 = Naypyidaw Union Territory | 98 = (DK) | 99 = (Refused),As supplied in the source file for this wave.
161,REGION_MNE,Region Montenegro,wave-specific,numeric,1000,145910,1.0,24.0,,1 = Andrijevica | 2 = Bar | 3 = Berane | 4 = Bijelo Polje | 5 = Budva | 6 = Cetinje | 7 = Danilovgrad | 8 = Herceg Novi | 9 = Kolasin | 10 = Kotor | 11 = Mojkovac | 12 = Niksic | 13 = Plav | 14 = Pluzine | 15 = Pljevlja | 16 = Podgorica | 17 = Rozaje | 18 = Savnik | 19 = Tivat | 20 = Ulcinj | 21 = Zabljak | 22 = Petnjica | 23 = Gusinje | 24 = Tuzi | 98 = (DK) | 99 = (Refused),As supplied in the source file for this wave.
162,REGION_MNG,Region Mongolia,wave-specific,numeric,1000,145910,2.0,22.0,,1 = Arkhangai | 2 = Bayan-Olgii | 3 = Bayankhongor | 4 = Bulgan | 5 = Govi-Altai | 6 = Dornogovi | 7 = Dornod | 8 = Dundgovi | 9 = Zavkhan | 10 = Ovorkhangai | 11 = Omnogovi | 12 = Sukhbaatar | 13 = Selenge | 14 = Tov | 15 = Uvs | 16 = Khovd | 17 = Khovsgol | 18 = Khentii | 19 = Darkhan-Uul | 20 = Orkhon | 21 = Govisumber | 22 = Ulaanbaatar | 98 = (DK) | 99 = (Refused),As supplied in the source file for this wave.
163,REGION_MOZ,Region Mozambique,wave-specific,numeric,1000,145910,2.0,11.0,,1 = Cabo Delgado | 2 = Gaza | 3 = Inhambane | 4 = Manica | 5 = Maputo City | 6 = Nampula | 7 = Niassa | 8 = Sofala | 9 = Tete | 10 = Zambezia | 11 = Maputo Province,As supplied in the source file for this wave.
164,REGION_MRT,Region Mauritania,wave-specific,numeric,1000,145910,1.0,13.0,,1 = Adrar | 2 = Assaba | 3 = Brakna | 4 = Dakhlet Nouadhibou | 5 = Gorgol | 6 = Guidimagha | 7 = Hodh Ech Chargui | 8 = Hodh El Gharbi | 9 = Inchiri | 10 = Nouakchott | 11 = Tagant | 12 = Tiris Zemmour | 13 = Trarza,As supplied in the source file for this wave.
165,REGION_MUS,Region Mauritius,wave-specific,numeric,1000,145910,1.0,10.0,,1 = Black River | 2 = Flacq | 3 = Grand Port | 4 = Moka | 5 = Pamplemousses | 6 = Plain Wilhems | 7 = Port Louis | 8 = Riviere Du Rempart | 9 = Savannes | 10 = Rodrigues | 9998 = (DK) | 9999 = (Refused),As supplied in the source file for this wave.
166,REGION_MYS,Region Malaysia,wave-specific,numeric,1000,145910,1.0,15.0,,1 = Johor | 2 = Kedah | 3 = Kelantan | 4 = Pahang | 5 = Perak | 6 = Selangor | 7 = Terengganu | 8 = Negeri Sembilan | 9 = Perlis | 10 = Melaka | 11 = Pulau Pinang | 12 = Putrajaya | 13 = Kuala Lumpur | 14 = Sabah | 15 = Sarawak | 16 = Labuan | 98 = (DK) | 99 = (Refused),As supplied in the source file for this wave.
167,REGION_NAM,Region Namibia,wave-specific,numeric,1002,145908,1.0,14.0,,1 = Caprivi (Zambezi) Region | 2 = Erongo Region | 3 = Hardap Region | 4 = Karas Region | 5 = Kavango East Region | 6 = Kavango West Region | 7 = Khomas Region | 8 = Kunene Region | 9 = Ohangwena Region | 10 = Omaheke Region | 11 = Omusati Region | 12 = Oshana Region | 13 = Oshikoto Region | 14 = Otjozondjupa Region | 98 = (DK) | 99 = (Refused),As supplied in the source file for this wave.
168,REGION_NGA,Region Nigeria,wave-specific,numeric,1000,145910,1.0,37.0,,1 = Abia | 2 = Abuja | 3 = Adamawa | 4 = Akwa Ibom | 5 = Ananmbra | 6 = Bauchi | 7 = Bayelsa | 8 = Benue | 9 = Borno | 10 = Cross-River | 11 = Delta | 12 = Eboyin | 13 = Edo | 14 = Ekiti | 15 = Enugu | 16 = Gombe | 17 = Imo | 18 = Jigawa | 19 = Kaduna | 20 = Kano | 21 = Katsina | 22 = Kebbi | 23 = Kogi | 24 = Kwara | 25 = Lagos | 26 = Nassarawa | 27 = Niger | 28 = Ogun | 29 = Ondo | 30 = Osun | 31 = Oyo | 32 = Plateau | 33 = Rivers | 34 = Sokoto | 35 = Taraba | 36 = Yobe | 37 = Zamfara | 98 = (DK) | 99 = (Refused),As supplied in the source file for this wave.
169,REGION_NIC,Region Nicaragua,wave-specific,numeric,1000,145910,1.0,17.0,,1 = Boaco | 2 = Carazo (Jinotepe) | 3 = Chinandega | 4 = Chontales (Juigalpa) | 5 = Estelí | 6 = Granada | 7 = Jinotega | 8 = León | 9 = Madriz | 10 = Managua | 11 = Masaya | 12 = Matagalpa | 13 = Nueva Segovia (Ocotal) | 14 = Rivas | 15 = Rio San Juan (San Carlos) | 16 = RAAN | 17 = RAAS | 98 = (DK) | 99 = (Refused),As supplied in the source file for this wave.
170,REGION_NLD,Region Netherlands,wave-specific,numeric,1007,145903,17020.0,17031.0,,17020 = Groningen | 17021 = Friesland | 17022 = Drenthe | 17023 = Overijssel | 17024 = Gelderland | 17025 = Flevoland | 17026 = Utrecht | 17027 = Noord-Holland | 17028 = Zuid-Holland | 17029 = Zeeland | 17030 = Noord-Brabant | 17031 = Limburg | 99998 = (DK) | 99999 = (Refused),As supplied in the source file for this wave.
171,REGION_NZL,Region New Zealand,wave-specific,numeric,1000,145910,1.0,16.0,,1 = Northland | 2 = Auckland | 3 = Waikato | 4 = Bay of Plenty | 5 = East Cape | 6 = Hawkes Bay | 7 = Taranaki | 8 = Manawatu-Wanganui | 9 = Wellington | 10 = Tasman | 11 = Nelson | 12 = Marlborough | 13 = West Coast | 14 = Canterbury | 15 = Otago | 16 = Southland | 98 = (DK) | 99 = (Refused),As supplied in the source file for this wave.
172,REGION_PAK,Region Pakistan,wave-specific,numeric,1001,145909,1.0,8.0,,1 = Sindh | 2 = Punjab | 3 = NWFP (Khyber-Pakhtunkhwa) | 4 = Baluchistan | 5 = AJK (Azad Kashmir) | 6 = Federally Administered Tribal Areas (FATA) | 7 = Gilgit-Baltistan (Northern Areas) | 8 = Islamabad,As supplied in the source file for this wave.
173,REGION_PER,Region Peru,wave-specific,numeric,1000,145910,1.0,25.0,,1 = AMAZONAS | 2 = ANCASH | 3 = APURIMAC | 4 = AREQUIPA | 5 = AYACUCHO | 6 = CAJAMARCA | 7 = CUSCO | 8 = HUANCAVELICA | 9 = HUANUCO | 10 = ICA | 11 = JUNÍN | 12 = LA LIBERTAD | 13 = LAMBAYEQUE | 14 = LIMA | 15 = LORETO | 17 = MOQUEGUA | 18 = PASCO | 19 = PIURA | 20 = PUNO | 21 = SAN MARTÍN | 22 = TACNA | 23 = TUMBES | 24 = UCAYALI | 25 = MADRE DE DIOS | 98 = (DK) | 99 = (Refused),As supplied in the source file for this wave.
174,REGION_POL,Region Poland,wave-specific,numeric,1000,145910,1.0,16.0,,1 = Lodz Voivodeship | 2 = Masovian Voivodeship | 3 = Lesser Poland Voivodeship | 4 = Silesian Voivodeship | 5 = Lublin Voivodeship | 6 = Subcarpathian Voivodeship | 7 = Swietokrzyskie Voivodeship | 8 = Podlaskie Voivodeship | 9 = Greater Poland Voivodeship | 10 = West Pomeranian Voivodeship | 11 = Lubusz Voivodeship | 12 = Lower Silesian Voivodeship | 13 = Opole Voivodeship | 14 = Kuyavian-Pomeranian Voivodeship | 15 = Warmian-Masurian Voivodeship | 16 = Pomeranian Voivodeship | 98 = (DK) | 99 = (Refused),As supplied in the source file for this wave.
175,REGION_PRT,Region Portugal,wave-specific,numeric,1001,145909,1.0,20.0,,1 = Aveiro | 2 = Azores | 3 = Beja | 4 = Braga | 5 = Braganca | 6 = Castelo Branco | 7 = Coimbra | 8 = Evora | 9 = Faro | 10 = Guarda | 11 = Leiria | 12 = Lisboa | 13 = Madeira | 14 = Portalegre | 15 = Porto | 16 = Santarem | 17 = Setubal | 18 = Viana do Castelo | 19 = Vila Real | 20 = Viseu | 98 = (DK) | 99 = (Refused),As supplied in the source file for this wave.
176,REGION_PRY,Region Paraguay,wave-specific,numeric,1000,145910,0.0,16.0,,0 = Asunción (Distrito Capital) | 1 = Concepción | 2 = San Pedro | 3 = Cordillera | 4 = Guaira | 5 = Caaguazu | 6 = Caazapa | 7 = Itapua | 8 = Misiones | 9 = Paraguari | 10 = Alto Parana | 11 = Central | 12 = Neembucu | 13 = Amambay | 14 = Canindeyu | 15 = Pte. Hayes | 16 = Boqueron | 17 = Alto Paraguay | 98 = (DK) | 99 = (Refused),As supplied in the source file for this wave.
177,REGION_PSE,Region Palestine,wave-specific,numeric,1000,145910,1.0,16.0,,1 = Jenin | 2 = Tubas | 3 = Qalqilia | 4 = Tulkarem | 5 = Nablus | 6 = Salfit | 7 = Ramallah & al-Bireh | 8 = Jerusalem | 9 = Jericho | 10 = Bethlehem | 11 = Hebron | 12 = Gaza | 13 = Khan Younis | 14 = Rafah | 15 = Gaza North | 16 = Der al-Balah | 98 = (DK) | 99 = (Refused),As supplied in the source file for this wave.
178,REGION_ROU,Region Romania,wave-specific,numeric,1000,145910,11.0,82.0,,11 = Bacau | 12 = Botosani | 13 = Iasi | 14 = Neamt | 15 = Suceava | 16 = Vaslui | 21 = Braila | 22 = Buzau | 23 = Constanta | 24 = Galati | 25 = Tulcea | 26 = Vrancea | 31 = Arges | 32 = Calarasi | 33 = Dambovita | 34 = Giurgiu | 35 = Ialomita | 36 = Prahova | 37 = Teleorman | 41 = Dolj | 42 = Gorj | 43 = Mehedinti | 44 = Olt | 45 = Valcea | 51 = Arad | 52 = Caras-Severin | 53 = Hunedoara | 54 = Timis | 61 = Bihor | 62 = Bistrita-Nasaud | 63 = Cluj | 64 = Maramures | 65 = Satu Mare | 66 = Salaj | 71 = Alba | 72 = Brasov | 73 = Covasna | 74 = Harghita | 75 = Mures | 76 = Sibiu | 81 = Bucuresti | 82 = Ilfov | 98 = (DK) | 99 = (Refused),As supplied in the source file for this wave.
179,REGION_RUS,Region Russia,wave-specific,numeric,2024,144886,1.0,83.0,,1 = Altai krai | 2 = Republic of Altai | 3 = Amur oblast | 4 = Arkhangelsk oblast | 5 = Astrakhan oblast | 6 = Republic of Bashkortostan | 7 = Belgorod oblast | 8 = Bryansk oblast | 9 = Republic of Buryat | 10 = Republic of Chechnya | 11 = Chelyabinsk oblast | 12 = Chukotka Autonomous Okrug | 13 = Republic of Chuvash | 14 = Republic of Dagestan | 15 = Irkutsk oblast | 16 = Ivanovo oblast | 17 = Jewish Autonomous Area | 18 = Republic of Kabardino-Balkar | 19 = Kaliningrad oblast | 20 = Kaluga oblast | 21 = Kamchatka krai | 22 = Republic of Karachay-Cherkess | 23 = Kemerovo oblast | 24 = Khabarovsk krai | 25 = Khanty-Mansi Autonomous Okrug-Yugra | 26 = Kirov oblast | 27 = Republic of Komi | 28 = Kostroma oblast | 29 = Krasnodar krai | 30 = Krasnoyarsk krai | 31 = Kurgan oblast | 32 = Kursk oblast | 33 = Leningrad oblast | 34 = Lipetsk oblast | 35 = Magadan oblast | 36 = Moscow | 37 = Moscow oblast | 38 = Murmansk oblast | 39 = Nenets Autonomous Okrug | 40 = Nizhny Novgorod oblast | 41 = Novgorod oblast | 42 = Novosibirsk oblast | 43 = Omsk oblast | 44 = Orel oblast | 45 = Orenburg oblast | 46 = Penza oblast | 47 = Permskiy krai | 48 = Primorskiy krai | 49 = Pskov oblast | 50 = Republic of Adygea | 51 = Republic of Ingushetia | 52 = Republic of Kalmykiya | 53 = Republic of Karelia | 54 = Republic of Khakassia | 55 = Republic of Mariy El | 56 = Republic of Mordoviya | 57 = Republic of Saha (Yakutiya) | 58 = Republic of Severnaya Osetia-Alania | 59 = Republic of Tatarstan | 60 = Republic of Tyva | 61 = Rostov oblast | 62 = Ryazan oblast | 63 = Saint-Petersburg | 64 = Sakhalin oblast | 65 = Samara oblast | 66 = Saratov oblast | 67 = Smolensk oblast | 68 = Stavropolskiy krai | 69 = Sverdlovsk oblast | 70 = Tambov oblast | 71 = Tomsk oblast | 72 = Tula oblast | 73 = Tver oblast | 74 = Tyumen oblast | 75 = Udmurtskaya Republic | 76 = Ulyanovsk oblast | 77 = Vladimir oblast | 78 = Volgograd oblast | 79 = Vologda oblast | 80 = Voronezh oblast | 81 = Yamalo-Nenetskiy Autonomous Okrug | 82 = Yaroslavl oblast | 83 = Zabaykalsky krai | 84 = Republic of Crimea | 85 = Sevastopol | 98 = (DK) | 99 = (Refused),As supplied in the source file for this wave.
180,REGION_SAU,Region Saudi Arabia,wave-specific,numeric,1018,145892,1.0,13.0,,1 = Riyadh | 2 = Qassim | 3 = Mecca | 4 = Medina | 5 = Eastern Province | 6 = Asir | 7 = Tabuk | 8 = Hael | 9 = Najran | 10 = Al Baha | 11 = Jazan | 12 = N. Borders | 13 = Jouf | 98 = (DK) | 99 = (Refused),As supplied in the source file for this wave.
181,REGION_SEN,Region Senegal,wave-specific,numeric,1000,145910,1.0,17.0,,1 = Dakar | 2 = Diourbel | 3 = Fatick | 5 = Kaolack | 7 = Kolda | 8 = Louga | 9 = Matam | 10 = Saint-Louis | 12 = Tambacounda | 13 = Thies | 14 = Ziguinchor | 15 = Kaffrine | 16 = Kedougou | 17 = Sedhiou | 98 = (DK) | 99 = (Refused),As supplied in the source file for this wave.
182,REGION_SLV,Region El Salvador,wave-specific,numeric,1000,145910,1.0,14.0,,1 = Ahuachapan | 2 = Cabanas | 3 = Chalatenango | 4 = Cuscatlán | 5 = La Libertad | 6 = La Paz | 7 = La Unión | 8 = Morazán | 9 = San Miguel | 10 = San Salvador | 11 = San Vicente | 12 = Santa Ana | 13 = Sonsonate | 14 = Usulután | 98 = (DK) | 99 = (Refused),As supplied in the source file for this wave.
183,REGION_SOM,Region Somalia,wave-specific,numeric,1000,145910,1.0,18.0,,1 = Awdal | 2 = Bakool | 3 = Banaadir | 4 = Bari | 5 = Bay | 6 = Galguduud | 7 = Gedo | 8 = Hiiraan | 9 = Jubbada Dhexe | 10 = Jubbada Hoose | 11 = Mudug | 12 = Nugaal | 13 = Sanaag | 14 = Shabeellaha Dhexe | 15 = Shabeellaha Hoose | 16 = Sool | 17 = Togdheer | 18 = Woqooyi Galbeed,As supplied in the source file for this wave.
184,REGION_SRB,Region Serbia,wave-specific,numeric,1000,145910,1.0,25.0,,1 = Belgrade | 2 = Severno-backi district | 3 = Srednje-banatski district | 4 = Severno-banatski district | 5 = Juzno-banatski district | 6 = Zapadno-backi district | 7 = Juzno-backi district | 8 = Sremski district | 9 = Macvanski district | 10 = Kolubarski district | 11 = Podunavski district | 12 = Branicevski district | 13 = Sumadijski district | 14 = Pomoravski district | 15 = Borski district | 16 = Zajecarski district | 17 = Zlatiborski district | 18 = Moravicki district | 19 = Raski district | 20 = Rasinski district | 21 = Nisavski district | 22 = Toplicki district | 23 = Pirotski district | 24 = Jablanicki district | 25 = Pcinjski district | 98 = (DK) | 99 = (Refused),As supplied in the source file for this wave.
185,REGION_SVK,Region Slovakia,wave-specific,numeric,1001,145909,1.0,8.0,,1 = Bratislava | 2 = Trnava | 3 = Trencin | 4 = Nitra | 5 = Zilina | 6 = Banska Bystrica | 7 = Presov | 8 = Kosice | 98 = (DK) | 99 = (Refused),As supplied in the source file for this wave.
186,REGION_SVN,Region Slovenia,wave-specific,numeric,1001,145909,1.0,12.0,,1 = POMURSKA (Mura) | 2 = PODRAVSKA (Drava) | 3 = KOROSKA (Carinthia) | 4 = SAVINJSKA (Savinja) | 5 = ZASAVSKA (Central Sava) | 6 = POSAVSKA (Lower Sava) | 7 = GORENJSKA (Upper Carniola) | 8 = PRIMORSKO-NOTRANJSKA (Littoral-Inner Carniola) | 9 = GORISKA (Gorizia) | 10 = OBALNO-KRASKA (Coastal - Karst) | 11 = JUGOVZHODNA SLOVENIJA (Southeast Slovenia) | 12 = OSREDNJESLOVENSKA (Central Slovenia) | 98 = (DK) | 99 = (Refused),As supplied in the source file for this wave.
187,REGION_SWE,Region Sweden,wave-specific,numeric,1005,145905,1.0,21.0,,1 = Blekinge | 2 = Dalarna | 3 = Gavleborg | 4 = Gotland | 5 = Halland | 6 = Jamtland | 7 = Jonkoping | 8 = Kalmar | 9 = Kronoberg | 10 = Norrbotten | 11 = Orebro | 12 = Ostergotland | 13 = Skane | 14 = Sodermanland | 15 = Stockholm | 16 = Uppsala | 17 = Varmland | 18 = Vasterbotten | 19 = Vasternorrland | 20 = Vastmanland | 21 = Vastra Gotaland | 98 = (DK) | 99 = (Refused),As supplied in the source file for this wave.
188,REGION_SWZ,Region Swaziland,wave-specific,numeric,1000,145910,1.0,4.0,,1 = HHOHHO | 2 = LUBOMBO | 3 = MANZINI | 4 = SHISELWENI,As supplied in the source file for this wave.
189,REGION_TCD,Region Chad,wave-specific,numeric,1000,145910,1.0,19.0,,1 = Batha | 2 = Borkou-Ennedi-Tibesti | 3 = Chari-Baguirmi | 4 = City of NDjamena | 5 = Guera | 6 = Hadjer-Lamis | 7 = Kanem | 8 = Lake | 9 = Logone-Eastern | 10 = Logone-Western | 11 = Mandoul | 12 = Mayo-Kebbi East | 13 = Mayo-Kebbi West | 14 = Moyen-Chari | 15 = Ouaddai | 16 = Salamat | 17 = Tandjile | 18 = Wadi Fira | 19 = Bahr el Gazel | 20 = Sila,As supplied in the source file for this wave.
190,REGION_THA,Region Thailand,wave-specific,numeric,1000,145910,1.0,75.0,,1 = Chiang Mai | 2 = Chiang Rai | 3 = Lampang | 4 = Lamphun | 5 = Mae Hong Son | 6 = Nan | 7 = Phayao | 8 = Phrae | 9 = Uttaradit | 10 = Kanchanburi | 11 = Phetchaburi | 12 = Prachuap Khiri Khan | 13 = Ratchaburi | 14 = Tak | 15 = Amnat Charoen | 16 = Buri Ram | 17 = Chaiyaphum | 18 = Kalasin | 19 = Khon Kaen | 20 = Loei | 21 = Maha Sarakham | 22 = Mukdahan | 23 = Nakhon Phanom | 24 = Nakhon Ratchasima | 25 = Nong Bua Lamphu | 26 = Nong Khai | 27 = Roi Et | 28 = Sakon Nakhon | 29 = Si Sa Ket | 30 = Surin | 31 = Ubon Ratchathani | 32 = Udon Thani | 33 = Yasothon | 34 = Ang Thong | 35 = Ayutthaya | 36 = Bangkok | 37 = Chai Nat | 38 = Kamphaeng Phet | 39 = Lop Buri | 40 = Nakhon Nayok | 41 = Nakon Pathom | 42 = Nakhon Sawan | 43 = Nonthaburi | 44 = Pathum Thani | 45 = Phetchabun | 46 = Phichit | 47 = Phitsanulok | 48 = Sukothai | 49 = Samut Prakan | 50 = Samut Sakhon | 51 = Samut Songkhram | 52 = Saraburi | 53 = Sing Buri | 54 = Suphan Buri | 55 = Uthai Thani | 56 = Chachoengsao | 57 = Chanthaburi | 58 = Chon Buri | 59 = Prachin Buri | 60 = Rayong | 61 = Sa Kaeo | 62 = Trat | 63 = Chumphon | 64 = Krabi | 65 = Nakhon Si Thammarat | 66 = Narathiwat | 67 = Pattani | 68 = Phang Nga | 69 = Phatthalung | 70 = Phuket | 71 = Ranong | 72 = Satun | 73 = Songkhla | 74 = Surat Thani | 75 = Trang | 76 = Yala | 77 = Bueng Kan | 98 = (DK) | 99 = (Refused),As supplied in the source file for this wave.
191,REGION_TJK,Region Tajikistan,wave-specific,numeric,1001,145909,1.0,4.0,,1 = Sogdiyskaya oblast | 2 = Khatlon | 3 = Dushanbe | 4 = RRP | 5 = GBAO | 98 = (DK) | 99 = (Refused),As supplied in the source file for this wave.
192,REGION_TOG,Region Togo,wave-specific,numeric,1000,145910,1.0,36.0,,1 = Blitta | 2 = Sotouboua | 3 = Tchamba | 4 = Tchaoudjo | 5 = Assoli | 6 = Bassar | 7 = Bimah | 8 = Dankpen | 9 = Doufelgou | 10 = Keran | 11 = Kozah | 12 = Ave | 13 = Bas-Mono | 14 = Golfe | 15 = Lacs | 16 = Lome | 17 = Vo | 18 = Yoto | 19 = Zio | 20 = Agou | 21 = Akebou | 22 = Amou | 23 = Anie | 24 = Danyi | 25 = Est-Mono | 26 = Haho | 27 = Kloto | 28 = Kpele | 29 = Moyen-Mono | 30 = Ogou | 31 = Wawa | 32 = Cinkasse | 33 = Kpendjal | 34 = Oti | 35 = Tandjouare | 36 = Tone | 37 = Kpenjdal-Ouest | 38 = Oti-Sud | 39 = Mo | 40 = Agoe-Nyive | 98 = (DK) | 99 = (Refused),As supplied in the source file for this wave.
193,REGION_TUN,Region Tunisia,wave-specific,numeric,1000,145910,1.0,24.0,,1 = Tunis | 2 = Bizerte | 3 = Sousse | 4 = Nabeul | 5 = Korouane | 6 = Jandouba | 7 = Sfax | 8 = Medenine | 9 = Monastir | 10 = Mahdiya | 11 = Ben Arous | 12 = Baja | 13 = Ariana | 14 = Manouba | 15 = Gabes | 16 = Gafsa | 17 = Sidi Bouzid | 18 = Kef | 19 = Kasserine | 20 = Tozeur | 21 = Zaghouan | 22 = Siliana | 23 = Kebili | 24 = Tataouine,As supplied in the source file for this wave.
194,REGION_TUR,Region Turkey,wave-specific,numeric,1000,145910,1.0,26.0,,1 = TR10-Istanbul | 2 = TR21-Tekirdag | 3 = TR22-Balikesir | 4 = TR31-Izmir | 5 = TR32-Aydin | 6 = TR33-Manisa | 7 = TR41-Bursa | 8 = TR42-Kocaeli | 9 = TR51-Ankara | 10 = TR52-Konya | 11 = TR61-Antalya | 12 = TR62-Adana | 13 = TR63-Hatay | 14 = TR71-Kirikkale | 15 = TR72-Kayseri | 16 = TR81-Zonguldak | 17 = TR82-Kastamonu | 18 = TR83-Samsun | 19 = TR90-Trabzon | 20 = TRA1-Erzurum | 21 = TRA2-Agri | 22 = TRB1-Malatya | 23 = TRB2-Van | 24 = TRC1-Gaziantep | 25 = TRC2-Sanliurfa | 26 = TRC3-Mardin | 98 = (DK) | 99 = (Refused),As supplied in the source file for this wave.
195,REGION_TWN,Region Taiwan,wave-specific,numeric,1000,145910,1.0,25.0,,1 = Chiayi County | 2 = Chiayi Municipality | 3 = Changhua County | 4 = Hsinchu County | 5 = Hsinchu Municipality | 6 = Hualien County | 8 = Kaohsiung Municipality | 9 = Keelung Municipality | 10 = Kinmen County | 11 = Lienchiang County | 12 = Miaoli County | 13 = Nantou County | 14 = Penghu County | 15 = Pingtun County | 17 = Taichung Municipality | 19 = Tainan Municipality | 20 = New Taipei Municipality | 21 = Taipei Municipality | 22 = Taitung County | 23 = Taoyuan County/City | 24 = Yilan County | 25 = Yunlin County | 98 = (DK) | 99 = (Refused),As supplied in the source file for this wave.
196,REGION_URY,Region Uruguay,wave-specific,numeric,1000,145910,1.0,19.0,,1 = Montevideo | 2 = Artigas | 3 = Canelones | 4 = Cerro Largo | 5 = Colonia | 6 = Durazno | 7 = Flores | 8 = Florida | 9 = Lavalleja | 10 = Maldonado | 11 = Paysandú | 12 = Rio Negro | 13 = Rivera | 14 = Rocha | 15 = Salto | 16 = San José | 17 = Soriano | 18 = Tacuarembó | 19 = Treinta y Tres | 98 = (DK) | 99 = (Refused),As supplied in the source file for this wave.
197,REGION_USA,Region USA,wave-specific,numeric,1003,145907,1.0,99.0,,1 = Alabama | 2 = Alaska | 4 = Arizona | 5 = Arkansas | 6 = California | 8 = Colorado | 9 = Connecticut | 10 = Delaware | 11 = District of Columbia | 12 = Florida | 13 = Georgia | 15 = Hawaii | 16 = Idaho | 17 = Illinois | 18 = Indiana | 19 = Iowa | 20 = Kansas | 21 = Kentucky | 22 = Louisiana | 23 = Maine | 24 = Maryland | 25 = Massachusetts | 26 = Michigan | 27 = Minnesota | 28 = Mississippi | 29 = Missouri | 30 = Montana | 31 = Nebraska | 32 = Nevada | 33 = New Hampshire | 34 = New Jersey | 35 = New Mexico | 36 = New York | 37 = North Carolina | 38 = North Dakota | 39 = Ohio | 40 = Oklahoma | 41 = Oregon | 42 = Pennsylvania | 44 = Rhode Island | 45 = South Carolina | 46 = South Dakota | 47 = Tennessee | 48 = Texas | 49 = Utah | 50 = Vermont | 51 = Virginia | 53 = Washington | 54 = West Virginia | 55 = Wisconsin | 56 = Wyoming | 98 = (DK) | 99 = (Refused),As supplied in the source file for this wave.
198,REGION_UZB,Region Uzbekistan,wave-specific,numeric,1000,145910,2.0,14.0,,1 = Karakalpakistan Republic | 2 = Andijan province | 3 = Buhara province | 4 = Djizak province | 5 = Kashkadarya province | 6 = Navoyi province | 7 = Namangan province | 8 = Samarkand province | 9 = Surhandarya province | 10 = Syrdarya province | 11 = Tashkent province | 12 = Fergana province | 13 = Horezm province | 14 = Tashkent capital city,As supplied in the source file for this wave.
199,REGION_VEN,Region Venezuela,wave-specific,numeric,1000,145910,1.0,24.0,,1 = Dto Capital | 2 = Amazonas | 3 = Anzoategui | 4 = Aragua | 5 = Barinas | 6 = Bolivar | 7 = Carabobo | 8 = Cojedes | 9 = Falcon | 10 = Guarico | 11 = Lara | 12 = Mérida | 13 = Miranda | 14 = Monagas | 15 = Portuguesa | 16 = Sucre | 17 = Tachira | 18 = Trujillo | 19 = Vargas | 20 = Yaracuy | 21 = Zulia | 22 = Apure | 23 = Nueva Esparta | 24 = Delta Amacuro | 98 = (DK) | 99 = (Refused),As supplied in the source file for this wave.
200,REGION_VNM,Region Vietnam,wave-specific,numeric,1000,145910,1.0,64.0,,1 = An Giang | 2 = Bac Giang | 3 = Bac Kan | 4 = Bac Lieu | 5 = Bac Ninh | 6 = Ba Ria-Vung Tau | 7 = Ben Tre | 8 = Binh Dinh | 9 = Binh Duong | 10 = Binh Phuoc | 11 = Binh Thuan | 12 = Ca Mau | 13 = Cao Bang | 14 = Dac Lak | 15 = Dac Nong | 16 = Dien Bien | 17 = Dong Nai | 18 = Dong Thap | 19 = Gia Lai | 20 = Ha Giang | 21 = Ha Nam | 22 = Ha Tay | 23 = Ha Tinh | 24 = Hai Duong | 25 = Hau Giang | 26 = Hoa Binh | 27 = Hung Yen | 28 = Khanh Hoa | 29 = Kien Giang | 30 = Kon Tum | 31 = Lai Chau | 32 = Lam Dong | 33 = Lang Son | 34 = Lao Cai | 35 = Long An | 36 = Nam Dinh | 37 = Nghe An | 38 = Ninh Binh | 39 = Ninh Thuan | 40 = Phu Tho | 41 = Phu Yen | 42 = Quang Binh | 43 = Quang Nam | 44 = Quang Ngai | 45 = Quang Ninh | 46 = Quang Tri | 47 = Soc Trang | 48 = Son La | 49 = Tay Ninh | 50 = Thai Binh | 51 = Thai Nguyen | 52 = Thanh Hoa | 53 = Thua Thien-Hue | 54 = Tien Giang | 55 = Tra Vinh | 56 = Tuyen Quang | 57 = Vinh Long | 58 = Vinh Phuc | 59 = Yen Bai | 60 = Can Tho | 61 = Da Nang | 62 = Hai Phong | 63 = Hanoi | 64 = Ho Chi Minh | 98 = (DK) | 99 = (Refused),As supplied in the source file for this wave.
201,REGION_YEM,Region Yemen,wave-specific,numeric,1000,145910,1.0,21.0,,1 = Sana a City | 2 = Aden | 3 = Dhamar | 4 = Saadah | 5 = Taiz | 6 = Abyan | 7 = Ibb | 8 = al-Hudaydah | 9 = Hadramawt | 10 = Mareb | 11 = Shabwah | 12 = Sanaa | 13 = al-Mahweet | 14 = Hajjah | 15 = al Dhale | 16 = Lahj | 17 = al-Bayda | 18 = al-Mahrah | 19 = Raymah | 20 = al-Jawf | 21 = Amran | 22 = Socotra (Island),As supplied in the source file for this wave.
202,REGION_ZAF,Region South Africa,wave-specific,numeric,1000,145910,1.0,9.0,,1 = Eastern Cape | 2 = Free State | 3 = Gauteng | 4 = KwaZulu Natal | 5 = Limpopo | 6 = Mpumalanga | 7 = North West | 8 = Northern Cape | 9 = Western Cape | 98 = (DK) | 99 = (Refused),As supplied in the source file for this wave.
203,REGION_ZWE,Region Zimbabwe,wave-specific,numeric,1000,145910,1.0,10.0,,1 = Bulawayo | 2 = Harare | 3 = Manicaland | 4 = Mashonaland Central | 5 = Mashonaland East | 6 = Mashonaland West | 7 = Masvingo | 8 = Matabeleland North | 9 = Matabeleland South | 10 = Midlands | 98 = (DK) | 99 = (Refused),As supplied in the source file for this wave.
204,REGION1_KAZ,Region 1 Kazakhstan,wave-specific,numeric,1000,145910,1.0,17.0,,1 = Almaty | 2 = Astana | 3 = Kostanai oblast | 4 = North-Kazakhstan oblast | 5 = Pavlodar oblast | 6 = Akmola oblast | 7 = Karaganda oblast | 8 = East-Kazakhstan oblast | 9 = Almaty oblast | 10 = Zhambyl oblast | 11 = Kyzylorda oblast | 12 = Turkestan oblast | 13 = Aktobe oblast | 14 = Atyrau oblast | 15 = West-Kazakhstan oblast | 16 = Mangystau oblast | 17 = Shymkent | 98 = (DK) | 99 = (Refused),As supplied in the source file for this wave.
205,REGION1_NPL,Region1 Nepal,wave-specific,numeric,1000,145910,1.0,7.0,,1 = Koshi | 2 = Madhesh | 3 = Bagmati | 4 = Gandaki | 5 = Lumbini | 6 = Karnali | 7 = Sudurpashchim,As supplied in the source file for this wave.
206,REGION1_PAN,Region 1 Panama,wave-specific,numeric,1000,145910,1.0,11.0,,1 = Bocas del Toro | 2 = Chiriquí | 3 = Coclé | 4 = Colon | 5 = Darién | 6 = Herrera | 7 = Los Santos | 8 = Panamá | 9 = Panamá West | 10 = Veraguas | 11 = Ngobe Bugle | 12 = Emberá | 13 = Guna Yala,As supplied in the source file for this wave.
207,REGION1_PHL,Region 1 Philippines,wave-specific,numeric,1003,145907,1.0,17.0,,1 = National Capital Region (NCR) | 2 = Cordillera (CAR) | 3 = Ilocos (Region I) | 4 = Cagayan Valley (Region II) | 5 = Central Luzon (Region III) | 6 = Calabarzon (Region IV-A) | 7 = Mimaropa (Region IV-B) | 8 = Bicol (Region V) | 9 = Western Visayas (Region VI) | 10 = Central Visayas (Region VII) | 11 = Eastern Visayas (Region VIII) | 12 = Zamboanga Peninsula (Region IX) | 13 = Northern Mindanao (Region X) | 14 = Davao (Region XI) | 15 = SOCCSKSARGEN (Region XII) | 16 = Caraga (Region XIII) | 17 = Bangsamoro Autonomous Region in Muslim Mindanao (BARMM) | 98 = (DK) | 99 = (Refused),As supplied in the source file for this wave.
208,REGION1_SLE,Region 1 Sierra Leone,wave-specific,numeric,1000,145910,1.0,16.0,,1 = Bo District | 2 = Bombali District | 3 = Bonthe District | 4 = Kailahun District | 5 = Kambia District | 6 = Kenema District | 7 = Koinadugu District | 8 = Kono District | 9 = Moyamba District | 10 = Port Loko District | 11 = Pujehun District | 12 = Tonkolili District | 13 = Western Area Urban District | 14 = Western Area Rural District | 15 = Falaba District | 16 = Karene District,As supplied in the source file for this wave.
209,REGION2_AFG,Region2 Afghanistan,wave-specific,numeric,1002,145908,1.0,7.0,,1 = Central | 2 = Northern | 3 = South | 4 = East | 5 = West | 6 = North-Eastern | 7 = South-Western,As supplied in the source file for this wave.
210,REGION2_ALB,Region 2 Albania,wave-specific,numeric,1000,145910,1.0,3.0,,1 = North Albania | 2 = Central Albania | 3 = South Albania | 98 = (DK) | 99 = (Refused),As supplied in the source file for this wave.
211,REGION2_ARG,Region 2 Argentina,wave-specific,numeric,1003,145907,1.0,6.0,,1 = Metropolitana | 2 = Pampeana | 3 = Cuyo | 4 = N.O.A. (Noroeste Argentino) | 5 = N.E.A. (Noreste Argentino) | 6 = Patagonia | 98 = (DK) | 99 = (Refused),As supplied in the source file for this wave.
212,REGION2_ARM,Region 2 Armenia,wave-specific,numeric,1000,145910,1.0,4.0,,1 = Capital | 2 = Central Armenia | 3 = North Armenia | 4 = South Armenia,As supplied in the source file for this wave.
213,REGION2_AZE,Region 2 Azerbaijan,wave-specific,numeric,1000,145910,1.0,6.0,,1 = Baku (The Capital) | 2 = Eastern part | 3 = Northern part | 4 = Southern part | 6 = Western part,As supplied in the source file for this wave.
214,REGION2_BEN,Region 2 Benin,wave-specific,numeric,1000,145910,1.0,12.0,,1 = ALIBORI | 2 = ATAKORA | 3 = ATLANTIQUE | 4 = BORGOU | 5 = COLLINES | 6 = COUFFO | 7 = DONGA | 8 = LITTORAL | 9 = MONO | 10 = OUEME | 11 = PLATEAUX | 12 = ZOU | 98 = (DK) | 99 = (Refused),As supplied in the source file for this wave.
215,REGION2_BFA,Region 2 Burkina Faso,wave-specific,numeric,1000,145910,1.0,13.0,,1 = Boucle du Mouhoun | 2 = Cascade | 3 = Centre | 4 = Centre East | 5 = Centre North | 6 = Centre South | 7 = Centre West | 8 = East | 9 = Hauts Bassins | 10 = North | 11 = Plateau Central | 12 = Sahel | 13 = South West | 98 = (DK) | 99 = (Refused),As supplied in the source file for this wave.
216,REGION2_BGR,Region 2 Bulgaria,wave-specific,numeric,1000,145910,26011.0,26023.0,,97 = (Respondent does not live in Bulgaria) | 98 = (DK) | 99 = (Refused) | 26011 = North-West (Severozapaden) | 26012 = North-Central (Severen tsentralen) | 26013 = North-East (Severoiztochen) | 26021 = South-West (Yugozapaden) | 26022 = South-Central (Yuzhen tsentralen) | 26023 = South-East (Yugoiztochen),As supplied in the source file for this wave.
217,REGION2_BIH,Region 2 Bosnia,wave-specific,numeric,1000,145910,1.0,3.0,,1 = Federation of Bosnia and Herzegovina | 2 = West Bosnia and Herzegovina | 3 = Republika Srpska,As supplied in the source file for this wave.
218,REGION2_BOL,Region 2 Bolivia,wave-specific,numeric,1000,145910,1.0,3.0,,1 = Los Llanos | 2 = Valles (Valley) | 3 = Altiplano (High Plateau) | 98 = (DK) | 99 = (Refused),As supplied in the source file for this wave.
219,REGION2_BRA,Region 2 Brazil,wave-specific,numeric,1000,145910,1.0,5.0,,1 = South (SU) | 2 = Southeast (SE) | 3 = Central-West (CO) | 4 = North (NO) | 5 = Northeast (NE) | 98 = (DK) | 99 = (Refused),As supplied in the source file for this wave.
220,REGION2_BWA,Region 2 Botswana,wave-specific,numeric,1009,145901,1.0,10.0,,1 = Central District | 2 = North-West District | 3 = Ghanzi District | 4 = Kgalagadi District | 5 = Kgatleng District | 6 = Kweneng District | 7 = North-East District | 9 = South-East District | 10 = Southern District | 98 = (DK) | 99 = (Refused),As supplied in the source file for this wave.
221,REGION2_CAM,Region 2 Cameroon,wave-specific,numeric,1000,145910,1.0,4.0,,1 = Coastal Region | 2 = North | 3 = South | 4 = West,As supplied in the source file for this wave.
222,REGION2_CAN,Region 2 Canada,wave-specific,numeric,1005,145905,10.0,59.0,,10 = Newfoundland and Labrador | 11 = Prince Edward Island | 12 = Nova Scotia | 13 = New Brunswick | 24 = Quebec | 35 = Ontario | 46 = Manitoba | 47 = Saskatchewan | 48 = Alberta | 59 = British Columbia | 98 = (DK) | 99 = (Refused),As supplied in the source file for this wave.
223,REGION2_CHE,Region 2 Switzerland,wave-specific,numeric,999,145911,1.0,7.0,,1 = Lake Geneva region (CH01) | 2 = Espace Mittelland (CH02) | 3 = Northwestern Switzerland (CH03) | 4 = Zurich (CH04) | 5 = Eastern Switzerland (CH05) | 6 = Central Switzerland (CH06) | 7 = Ticino (CH07),As supplied in the source file for this wave.
224,REGION2_CHL,Region 2 Chile,wave-specific,numeric,1000,145910,1.0,4.0,,1 = Norte (North) | 2 = Sur (South) | 3 = Centro (Central) | 4 = RM | 98 = (DK) | 99 = (Refused),As supplied in the source file for this wave.
225,REGION2_CHN,Region 2 China,wave-specific,numeric,3000,143910,1.0,6.0,,1 = North | 2 = Northeast | 3 = East | 4 = South Central | 5 = Southwest | 6 = Northwest | 98 = (DK) | 99 = (Refused),As supplied in the source file for this wave.
226,REGION2_CIV,Region 2 Ivory Coast,wave-specific,numeric,1000,145910,1.0,5.0,,1 = Abidjan | 2 = South | 3 = West | 4 = Northeast | 5 = Center | 98 = (DK) | 99 = (Refused),As supplied in the source file for this wave.
227,REGION2_COL,Region2 Colombia,wave-specific,numeric,1008,145902,1.0,5.0,,1 = Bogotá | 2 = North Caribbean | 3 = Central East | 4 = Antioquia/Eje Cafetero | 5 = South West | 6 = National Territory | 98 = (DK) | 99 = (Refused),As supplied in the source file for this wave.
228,REGION2_CZE,Region 2 Czech Republic,wave-specific,numeric,1004,145906,1.0,8.0,,1 = Prague | 2 = Central Bohemia | 3 = Southwest | 4 = Northwest | 5 = Northeast | 6 = Southeast | 7 = Central Moravia | 8 = Moravskoslezsko | 98 = (DK) | 99 = (Refused),As supplied in the source file for this wave.
229,REGION2_DNK,Region2 Denmark,wave-specific,numeric,1005,145905,3001.0,3005.0,,3001 = Region Hovedstaden (Capital Region of Denmark) | 3002 = Region Sjaelland (Region Zealand) | 3003 = Region Syddanmark (Southern Denmark Region) | 3004 = Region Midtjylland (Central Denmark Region) | 3005 = Region Nordjylland (North Denmark Region),As supplied in the source file for this wave.
230,REGION2_DOM,Region2 Dominican Republic,wave-specific,numeric,1000,145910,1.0,6.0,,1 = National District | 2 = Santo Domingo | 3 = East Region | 4 = North West Region | 5 = North East Region | 6 = South Region | 98 = (DK) | 99 = (Refused),As supplied in the source file for this wave.
231,REGION2_DZA,Region 2 Algeria,wave-specific,numeric,1000,145910,1.0,98.0,,1 = North Central | 2 = Northeast | 3 = Northwest | 4 = Algiers | 5 = South | 98 = (DK) | 99 = (Refused),As supplied in the source file for this wave.
232,REGION2_ECU,Region 2 Ecuador,wave-specific,numeric,1000,145910,1.0,3.0,,1 = Costa (Coast) | 2 = Sierra (Mountain) | 3 = Oriente (East) | 98 = (DK) | 99 = (Refused),As supplied in the source file for this wave.
233,REGION2_EGY,Region 2 Egypt,wave-specific,numeric,1000,145910,1.0,3.0,,1 = Urban Governorates | 2 = Northern Governorates (Nile Delta) | 3 = Southern Governorates (Upper Egypt) | 4 = Frontier Governorates | 98 = (DK) | 99 = (Refused),As supplied in the source file for this wave.
234,REGION2_ESP,Region 2 Spain,wave-specific,numeric,1000,145910,7001.0,7007.0,,7001 = North-West | 7002 = North-East | 7003 = Community of Madrid | 7004 = Centre | 7005 = East | 7006 = South | 7007 = The Canaries,As supplied in the source file for this wave.
235,REGION2_EST,Region 2 Estonia,wave-specific,numeric,1009,145901,1.0,8.0,,1 = North Estonia | 4 = West Estonia | 6 = Central Estonia | 7 = North-Eastern Estonia | 8 = South Estonia | 98 = (DK) | 99 = (Refused),As supplied in the source file for this wave.
236,REGION2_GEO,Region2 Georgia,wave-specific,numeric,1000,145910,1.0,4.0,,1 = Capital | 2 = Western Georgia | 3 = Central Georgia | 4 = Eastern Georgia,As supplied in the source file for this wave.
237,REGION2_GMB,Region 2 Gambia,wave-specific,numeric,1000,145910,1.0,8.0,,1 = Banjul | 2 = Kanifing | 3 = Brikama | 4 = Janjanbureh | 5 = Kuntaur | 6 = Mansakonko | 7 = Kerewan | 8 = Basse,As supplied in the source file for this wave.
238,REGION2_GTM,Region 2 Guatemala,wave-specific,numeric,1000,145910,1.0,8.0,,1 = Metropolitan | 2 = North | 3 = Northeast | 4 = Southeast | 5 = Central | 6 = Southwest | 7 = Northwest | 8 = Petén | 98 = (DK) | 99 = (Refused),As supplied in the source file for this wave.
239,REGION2_GUI,Region 2 Guinea,wave-specific,numeric,1000,145910,1.0,4.0,,1 = Basse Guinee | 2 = Moyenne Guinee | 3 = Haute Guinee | 4 = Guinee Forestiere,As supplied in the source file for this wave.
240,REGION2_HND,REGION 2 Honduras,wave-specific,numeric,1000,145910,1.0,7.0,,1 = South (Sur) | 2 = North-East (Nor Oriente) | 3 = Central - West (Centro Occidental) | 4 = Central - East (Centro Oriental) | 5 = North (Norte) | 6 = West | 7 = Atlantic Coast (Litoral Atlantico) | 98 = (DK) | 99 = (Refused),As supplied in the source file for this wave.
241,REGION2_HRV,Region 2 Croatia,wave-specific,numeric,1004,145906,1.0,5.0,,"1 = Sredisnja Hrvatska | 2 = Zagreb i okolica | 3 = Dalmacija | 4 = Slavonija i Medimurje | 5 = Istra, Primorje i Gorski Kotar | 98 = (DK) | 99 = (Refused)",As supplied in the source file for this wave.
242,REGION2_HUN,Region 2 Hungary,wave-specific,numeric,1011,145899,1.0,7.0,,1 = Central Hungary | 2 = Southern Transdanubia | 3 = Southern Great Plains | 4 = Northern Hungary | 5 = Central Transdanubia | 6 = West Transdanubia | 7 = Northern Great Plains | 98 = (DK) | 99 = (Refused),As supplied in the source file for this wave.
243,REGION2_IDN,Region2 Indonesia,wave-specific,numeric,1000,145910,1.0,8.0,,"1 = Sumatra | 2 = DKI Jakarta, Banten, West Java | 3 = Central Java, DI Yogjakarta | 4 = East Java | 5 = Kalimantan | 6 = Sulawesi | 7 = Bali, NTB, NTT | 8 = Indonesia Timur",As supplied in the source file for this wave.
244,REGION2_IND,Region 2 India,wave-specific,numeric,3000,143910,1.0,5.0,,1 = Central | 2 = East | 3 = West | 4 = North | 5 = South | 98 = (DK) | 99 = (Refused),As supplied in the source file for this wave.
245,REGION2_IRL,Region 2 Ireland,wave-specific,numeric,1000,145910,1.0,8.0,,1 = Border | 2 = Dublin | 3 = Mid-East | 4 = Midland | 5 = Mid-West | 6 = South-East | 7 = South-West | 8 = West,As supplied in the source file for this wave.
246,REGION2_IRN,Region 2 Iran,wave-specific,numeric,1007,145903,1.0,5.0,,1 = Northwest (Azerbaijan Iran) | 2 = Western Iran (excl Tehran) | 3 = Tehran | 4 = Central Iran | 5 = Eastern Iran,As supplied in the source file for this wave.
247,REGION2_ITA,Region 2 Italy,wave-specific,numeric,1000,145910,10001.0,10005.0,,10001 = North West | 10002 = North East | 10003 = Centre | 10004 = South | 10005 = Islands,As supplied in the source file for this wave.
248,REGION2_KAZ,Region 2 Kazakhstan,wave-specific,numeric,1000,145910,1.0,7.0,,1 = Astana | 2 = East | 3 = South | 4 = West | 5 = North | 6 = Center | 7 = Almaty,As supplied in the source file for this wave.
249,REGION2_KEN,Region 2 Kenya,wave-specific,numeric,1000,145910,1.0,8.0,,1 = Nairobi Province | 2 = Central Province | 3 = Eastern Province | 4 = Nyanza Province | 5 = Rift Valley Province | 6 = Western Province | 7 = North Eastern Province | 8 = Coast Province | 98 = (DK) | 99 = (Refused),As supplied in the source file for this wave.
250,REGION2_KGZ,Region 2 Kyrgyzstan,wave-specific,numeric,1000,145910,1.0,3.0,,1 = Bishkek | 2 = South | 3 = North,As supplied in the source file for this wave.
251,REGION2_KHM,Region 2 Cambodia,wave-specific,numeric,1000,145910,1.0,4.0,,1 = Plains Region | 2 = Tonle Sap Region | 3 = Coastal Region | 4 = Plateau and Mountain Region,As supplied in the source file for this wave.
252,REGION2_KOS,Region 2 Kosovo,wave-specific,numeric,1000,145910,1.0,9.0,,1 = Prishtina region | 2 = Mitrovica region | 3 = Gjilan region | 4 = Gjakove region | 5 = Prizren region | 6 = Peja region | 7 = Ferizaj region | 8 = North Kosovo | 9 = Other (Serb-majority municipalities),As supplied in the source file for this wave.
253,REGION2_LAO,Region 2 Laos,wave-specific,numeric,1000,145910,1.0,3.0,,1 = North | 2 = Central | 3 = South,As supplied in the source file for this wave.
254,REGION2_MDA,Region2 Moldova,wave-specific,numeric,1000,145910,1.0,3.0,,1 = North | 2 = Center | 3 = South | 98 = (DK) | 99 = (Refused),As supplied in the source file for this wave.
255,REGION2_MDG,Region 2 Madagascar,wave-specific,numeric,1000,145910,1.0,6.0,,1 = Antananarivo | 2 = Antsiranana | 3 = Fianarantsoa | 4 = Mahajanga | 5 = Toamasina | 6 = Toliary,As supplied in the source file for this wave.
256,REGION2_MEX,Region 2 Mexico,wave-specific,numeric,1000,145910,1.0,3.0,,1 = Norte (North) | 2 = Sur (South) | 3 = Centro (Central) | 98 = (DK) | 99 = (Refused),As supplied in the source file for this wave.
257,REGION2_MKD,Region 2 Macedonia,wave-specific,numeric,1000,145910,1.0,5.0,,1 = Skopje | 2 = Northwest Macedonia | 3 = Southwest Macedonia | 4 = East Macedonia | 5 = Northeast Macedonia,As supplied in the source file for this wave.
258,REGION2_MLI,Region 2 Mali,wave-specific,numeric,1000,145910,1.0,8.0,,1 = Bamako | 2 = Gao/Menaka | 3 = Kayes | 4 = Kidal | 5 = Koulikoro | 6 = Mopti | 7 = Segou | 8 = Sikasso | 9 = Tombouctou/Taoudenit,As supplied in the source file for this wave.
259,REGION2_MLW,Region 2 Malawi,wave-specific,numeric,1000,145910,1.0,3.0,,1 = Central Region | 2 = Northern Region | 3 = Southern Region,As supplied in the source file for this wave.
260,REGION2_MNE,Region 2 Montenegro,wave-specific,numeric,1000,145910,1.0,4.0,,1 = Central (Central Statistical Region) | 2 = East (North Statistical Region) | 3 = North (North Statistical Region) | 4 = South (Coastal Statistical Region),As supplied in the source file for this wave.
261,REGION2_MNG,Region 2 Mongolia,wave-specific,numeric,1000,145910,1.0,5.0,,1 = West | 2 = Khangai | 3 = Central | 4 = East | 5 = Ulaanbaatar,As supplied in the source file for this wave.
262,REGION2_MOZ,Region 2 Mozambique,wave-specific,numeric,1000,145910,1.0,3.0,,1 = North | 2 = Central | 3 = South,As supplied in the source file for this wave.
263,REGION2_MRT,Region 2 Mauritania,wave-specific,numeric,1000,145910,1.0,4.0,,1 = Nouakchott | 2 = Central Region | 3 = North Region | 4 = South Region,As supplied in the source file for this wave.
264,REGION2_MUS,Region 2 Mauritius,wave-specific,numeric,1000,145910,1.0,4.0,,1 = North | 2 = Southwest | 3 = East | 4 = Rodrigues,As supplied in the source file for this wave.
265,REGION2_NAM,Region 2 Namibia,wave-specific,numeric,1002,145908,1.0,4.0,,1 = Southeast | 2 = Central | 3 = Northern Urban | 4 = Northeast | 98 = (DK) | 99 = (Refused),As supplied in the source file for this wave.
266,REGION2_NER,Region 2 Niger,wave-specific,numeric,1000,145910,1.0,8.0,,1 = Agadez | 2 = Diffa | 3 = Dosso | 4 = Maradi | 5 = Niamey (District) | 6 = Tahoua | 7 = Tillaberi | 8 = Zinder,As supplied in the source file for this wave.
267,REGION2_NGA,Region 2 Nigeria,wave-specific,numeric,1000,145910,1.0,6.0,,1 = North Central | 2 = North East | 3 = North West | 4 = South East | 5 = South South | 6 = South West | 98 = (DK) | 99 = (Refused),As supplied in the source file for this wave.
268,REGION2_NIC,Region 2 Nicaragua,wave-specific,numeric,1000,145910,1.0,9.0,,1 = La Segovia | 2 = Western (Occidental) | 3 = Managua | 4 = South (Sur) | 5 = Central | 6 = North (Norte) | 7 = R.A.A.N. | 8 = R.A.A.S. | 9 = Rio San Juan | 98 = (DK) | 99 = (Refused),As supplied in the source file for this wave.
269,REGION2_NZL,Region 2 New Zealand,wave-specific,numeric,1000,145910,1.0,2.0,,1 = North Island | 2 = South Island,As supplied in the source file for this wave.
270,REGION2_PAK,Region 2 Pakistan,wave-specific,numeric,1001,145909,1.0,3.0,,1 = Southwest | 2 = East | 3 = North,As supplied in the source file for this wave.
271,REGION2_PAN,Region 2 Panama,wave-specific,numeric,1000,145910,1.0,4.0,,1 = Panama Metropolitan | 2 = Central | 3 = Western | 4 = Eastern,As supplied in the source file for this wave.
272,REGION2_PER,Region 2 Peru,wave-specific,numeric,1000,145910,1.0,8.0,,1 = Lima Metropolitana (Lima Metropolis) | 2 = Sierra Norte (North Sierra/North Mountain) | 3 = Sierra Centro (Central Sierra/Central Mountain) | 4 = Sierra Sur (South Sierra/South Mountain) | 5 = Costa Norte (North Coast) | 6 = Costa Sur (South Coast) | 7 = Selva (Forest) | 8 = Costa Centro (Central Coast) | 98 = (DK) | 99 = (Refused),As supplied in the source file for this wave.
273,REGION2_PHL,Region 2 Philippines,wave-specific,numeric,1003,145907,1.0,5.0,,1 = NCR | 3 = Balance Luzon | 4 = Visayas | 5 = Mindanao | 98 = (DK) | 99 = (Refused),As supplied in the source file for this wave.
274,REGION2_PRT,Region 2 Portugal,wave-specific,numeric,1001,145909,1.0,7.0,,1 = Norte | 2 = Algarve | 3 = Centro | 4 = Lisboa | 5 = Alentejo | 6 = R.A.Acores | 7 = R.A.Madeira | 98 = (DK) | 99 = (Refused),As supplied in the source file for this wave.
275,REGION2_PRY,Region 2 Paraguay,wave-specific,numeric,1000,145910,1.0,5.0,,1 = Norte (North) | 2 = Sur (South) | 3 = Este (East) | 5 = Centro (Central) | 98 = (DK) | 99 = (Refused),As supplied in the source file for this wave.
276,REGION2_PSE,Region 2 Palestine,wave-specific,numeric,1000,145910,1.0,3.0,,1 = West Bank | 2 = Gaza Strip | 3 = Jerusalem,As supplied in the source file for this wave.
277,REGION2_ROU,Region Romania,wave-specific,numeric,1000,145910,1.0,8.0,,1 = North-East | 2 = South-East | 3 = South | 4 = South-West | 5 = West | 6 = North-West | 7 = Central | 8 = Bucharest | 98 = (DK) | 99 = (Refused),As supplied in the source file for this wave.
278,REGION2_SAU,Region 2 Saudi Arabia,wave-specific,numeric,1018,145892,1.0,5.0,,1 = Central | 2 = Western | 3 = Eastern | 4 = South | 5 = Northern,As supplied in the source file for this wave.
279,REGION2_SEN,Region 2 Senegal,wave-specific,numeric,1000,145910,1.0,5.0,,1 = Central | 2 = Natural Casamance | 3 = North | 4 = Oriental | 5 = West,As supplied in the source file for this wave.
280,REGION2_SLV,Region 2 El Salvador,wave-specific,numeric,1000,145910,1.0,4.0,,1 = Central | 2 = Western (Occidental) | 3 = Central East (Paracentral) | 4 = Eastern (Oriental) | 98 = (DK) | 99 = (Refused),As supplied in the source file for this wave.
281,REGION2_SOM,Region 2 Somalia,wave-specific,numeric,1000,145910,1.0,3.0,,1 = Somaliland | 2 = Puntland | 3 = South Central,As supplied in the source file for this wave.
282,REGION2_SRB,Region 2 Serbia,wave-specific,numeric,1000,145910,1.0,6.0,,1 = Vojvodina | 2 = Belgrade | 3 = West Serbia | 4 = Central Serbia | 5 = East Serbia | 6 = South Serbia | 98 = (DK) | 99 = (Refused),As supplied in the source file for this wave.
283,REGION2_SVK,Region 2 Slovakia,wave-specific,numeric,1001,145909,22001.0,22004.0,,98 = (DK) | 99 = (Refused) | 22001 = Bratislavsky Kraj (Capital Area) | 22002 = Zapadne Slovenkso (West Area) | 22003 = Stredne Slovenkso (Central Area) | 22004 = Vychodne Slovenkso (East Area),As supplied in the source file for this wave.
284,REGION2_SWE,Region 2 Sweden,wave-specific,numeric,1005,145905,1.0,8.0,,1 = Stockholm | 2 = Ostra Mellansverige | 3 = Sydsverige | 4 = Norra Mellansverige | 5 = Mellersta Norrland | 6 = Ovre Norrland | 7 = Smaland med oarna | 8 = Vastverige,As supplied in the source file for this wave.
285,REGION2_TCD,Region 2 Chad,wave-specific,numeric,1000,145910,2.0,5.0,,1 = North | 2 = Center | 3 = Southwest | 4 = Southeast | 5 = City of NDjamena,As supplied in the source file for this wave.
286,REGION2_THA,Region 2 Thailand,wave-specific,numeric,1000,145910,1.0,5.0,,1 = North | 2 = Northeast | 3 = Central | 4 = South | 5 = Bangkok | 98 = (DK) | 99 = (Refused),As supplied in the source file for this wave.
287,REGION2_TJK,Region 2 Tajikistan,wave-specific,numeric,1001,145909,1.0,4.0,,1 = Dushanbe | 2 = East | 3 = South | 4 = North | 98 = (DK) | 99 = (Refused),As supplied in the source file for this wave.
288,REGION2_TOG,Region 2 Togo,wave-specific,numeric,1000,145910,1.0,6.0,,1 = Centrale | 2 = Kara | 3 = Maritime | 4 = Plateaux | 5 = Savanes | 6 = Lome | 98 = (DK) | 99 = (Refused),As supplied in the source file for this wave.
289,REGION2_TUN,Region 2 Tunisia,wave-specific,numeric,1000,145910,1.0,3.0,,1 = North | 2 = Center | 3 = South,As supplied in the source file for this wave.
290,REGION2_TUR,Region 2 Turkey,wave-specific,numeric,1000,145910,1.0,7.0,,1 = Aegean Region (Ege Bolgesi) | 2 = Black Sea Region (Karadeniz Bolgesi) | 3 = Central Anatolia Region (Ic Anadolu Bolgesi) | 4 = Eastern Anatolia Region (Dogu Anadolu Bolgesi) | 5 = Marmara Region (Marmara Bolgesi) | 6 = Mediterranean Region (Akdeniz Bolgesi) | 7 = Southeastern Anatolia Region (Guneydogu Anadolu Bolgesi) | 98 = (DK) | 99 = (Refused),As supplied in the source file for this wave.
291,REGION2_TZA,Region 2 Tanzania,wave-specific,numeric,1002,145908,1.0,8.0,,1 = Central | 2 = Coastal | 3 = Islands | 4 = Lake | 5 = Mountain | 6 = Northern | 7 = Southern | 8 = Western | 98 = (DK) | 99 = (Refused),As supplied in the source file for this wave.
292,REGION2_UGA,Region 2 Uganda,wave-specific,numeric,1000,145910,1.0,4.0,,1 = Central Region | 2 = Eastern Region | 3 = Northern Region | 4 = Western Region | 98 = (DK) | 99 = (Refused),As supplied in the source file for this wave.
293,REGION2_UKR,Region 2 Ukraine,wave-specific,numeric,1000,145910,1.0,99.0,,1 = Kiev | 2 = East | 3 = South | 4 = West | 5 = North | 6 = Center | 98 = (DK) | 99 = (Refused),As supplied in the source file for this wave.
294,REGION2_URY,Region 2 Uruguay,wave-specific,numeric,1000,145910,1.0,2.0,,1 = Montevideo | 2 = Interior | 98 = (DK) | 99 = (Refused),As supplied in the source file for this wave.
295,REGION2_USA,Region 2 USA,wave-specific,numeric,1002,145908,1.0,4.0,,1 = Northeast | 2 = Midwest | 3 = South | 4 = West,As supplied in the source file for this wave.
296,REGION2_UZB,Region 2 Uzbekistan,wave-specific,numeric,1000,145910,1.0,6.0,,1 = Tashkent | 2 = East | 3 = South | 5 = North/West | 6 = Center,As supplied in the source file for this wave.
297,REGION2_VEN,Region 2 Venezuela,wave-specific,numeric,1000,145910,1.0,6.0,,1 = Zone I: Capital | 2 = Zone II: North-Western | 3 = Zone III: Eastern | 4 = Zone IV: Centre Llano | 5 = Zone V: Central West | 6 = Zone VI: Andean | 98 = (DK) | 99 = (Refused),As supplied in the source file for this wave.
298,REGION2_VNM,Region 2 Vietnam,wave-specific,numeric,1000,145910,1.0,3.0,,1 = North | 2 = Central | 3 = South | 98 = (DK) | 99 = (Refused),As supplied in the source file for this wave.
299,REGION2_YEM,Region 2 Yemen,wave-specific,numeric,1000,145910,1.0,5.0,,1 = Midlands region | 2 = Southern region | 3 = Northern region | 4 = Eastern region | 5 = Western region,As supplied in the source file for this wave.
300,REGION2_ZMB,Region 2 Zambia,wave-specific,numeric,1000,145910,1.0,10.0,,1 = Central | 2 = Copper Belt | 3 = Eastern | 4 = Lua pula | 5 = Lusaka | 6 = Northern | 7 = North Western | 8 = Southern | 9 = Western | 10 = Muchinga | 98 = (DK) | 99 = (Refused),As supplied in the source file for this wave.
301,REGION3_BHR,Region3 Bahrain,wave-specific,numeric,1007,145903,1.0,9.0,,1 = Capital | 2 = Muharraq | 3 = Northern | 5 = South | 8 = (DK) | 9 = (Refused),As supplied in the source file for this wave.
302,REGION3_CIV,Region 3 Ivory Coast,wave-specific,numeric,1000,145910,1.0,14.0,,1 = Abidjan | 2 = Bas-Sassandra | 3 = Comoe | 4 = Denguele | 5 = Goh-Djiboua | 6 = Lacs | 7 = Lagunes | 8 = Montagnes | 9 = Sassandra-Marahoue | 10 = Savanes | 11 = Vallee du Bandama | 12 = Woroba | 13 = Yamoussoukro | 14 = Zanzan | 98 = (DK) | 99 = (Refused),As supplied in the source file for this wave.
303,REGION3_CRI,Region 3 Costa Rica,wave-specific,numeric,1000,145910,1.0,7.0,,1 = Gran Area Metropolitana | 3 = Chorotega | 4 = Pacífico Central | 5 = Brunca | 6 = Huetar Atlántico | 7 = Huetar Norte,As supplied in the source file for this wave.
304,REGION3_FIN,Region 3 Finland,wave-specific,numeric,1002,145908,1.0,4.0,,1 = FI19 Lansi-Suomi/Western Finland | 2 = FI1B Helsinki-Uusimaa/Region Uusimaa | 3 = FI1C Etela-Suomi/Southern Finland/FI12Aland | 4 = FI1D Pohjois-ja Ita-Suomi/North and East Finland,As supplied in the source file for this wave.
305,REGION3_FRA,Region 3 France,wave-specific,numeric,1000,145910,1.0,98.0,,1 = Grand Est | 2 = Nouvelle-Aquitaine | 3 = Auvergne Rhone-Alps | 4 = Bourgogne Franche-Comte | 5 = Brittany | 6 = Center-Val de Loire | 7 = Corsica | 8 = Paris-Isle-of-France | 9 = Occitanie | 10 = Hauts-de-France | 11 = Normandy | 12 = Pays de la Loire | 13 = Provence-Alpes-Cote dAzur/PACA | 98 = (DK) | 99 = (Refused),As supplied in the source file for this wave.
306,REGION3_GHA,Region 3 Ghana,wave-specific,numeric,1000,145910,1.0,16.0,,1 = Ashanti | 2 = Bono Region | 3 = Bono East Region | 4 = Ahafo Region | 5 = Central | 6 = Eastern | 7 = Greater Accra | 8 = Northern | 9 = Savannah | 10 = North East | 11 = Upper East | 12 = Upper West | 13 = Volta Region | 14 = Oti | 15 = Western Region | 16 = Western North,As supplied in the source file for this wave.
307,REGION3_HRV,Region 3 Croatia,wave-specific,numeric,1004,145906,1.0,4.0,,1 = Panonska Hrvatska (HR02) | 2 = Jadranska Hrvatska (HR03) | 3 = Grad Zagreb (HR05) | 4 = Sjeverna Hrvatska (HR06),As supplied in the source file for this wave.
308,REGION3_LBN,Which governorate do you live in?,wave-specific,numeric,1010,145900,1.0,9.0,,1 = Beirut Governorate | 2 = Nabatieh Governorate (Jabal Amel) | 3 = Beqaa Governorate | 4 = North Governorate (al-Shamal) | 5 = Mount Lebanon Governorate (Jabal Lubnan) | 6 = South Governorate (al-Janoub) | 7 = Akkar | 8 = Baalbak & Hermel | 9 = Keserwan & Jbeil | 98 = (DK) | 99 = (Refused),As supplied in the source file for this wave.
309,REGION3_MAR,Region 3 Morocco,wave-specific,numeric,1014,145896,1.0,10.0,,1 = Tanger-Tetouan-Al Hoceima Region | 2 = Oriental Region | 3 = Fes-Meknes Region | 4 = Rabat-Sale-Kenitra Region | 5 = Beni Mellal-Khenifra Region | 6 = Casablanca-Settat Region | 7 = Marrakech-Safi Region | 8 = Draa-Tafilalet Region | 9 = Souss-Massa Region | 10 = Guelmim-Oued Noun Region | 11 = Laayoune-Sakia El Hamra Region | 12 = Dakhla-Oued Ed-Dahab Region | 98 = (DK) | 99 = (Refused),As supplied in the source file for this wave.
310,REGION3_NOR,Region 3 Norway,wave-specific,numeric,1000,145910,1.0,6.0,,1 = Oslo | 2 = Vestlandet | 3 = Midt-Norge | 4 = Nord-Norge | 5 = Eastern Norway | 6 = Sorlandet including Telemark,As supplied in the source file for this wave.
311,REGION3_POL,Region 3 Poland,wave-specific,numeric,1000,145910,1.0,7.0,,1 = Central region | 2 = South region | 3 = East region | 4 = Northwest region | 5 = Southwest region | 6 = North region | 7 = Masovian | 98 = (DK) | 99 = (Refused),As supplied in the source file for this wave.
312,REGION3_RUS,Region 3 Russia,wave-specific,numeric,2024,144886,1.0,10.0,,1 = Moscow city (capital) | 2 = Saint-Petersburg city | 3 = Center (excl Moscow city) | 4 = Northwest (excl Saint-Petersburg city) | 5 = South | 6 = Privolzhskiy | 7 = Urals | 8 = Siberia | 9 = Far East | 10 = North Caucasus | 98 = (DK) | 99 = (Refused),As supplied in the source file for this wave.
313,REGION3_SLE,Region 3 Sierra Leone,wave-specific,numeric,1000,145910,1.0,5.0,,1 = Eastern Province | 2 = Northern Province | 3 = Southern Province | 4 = Western Province | 5 = North Western Province,As supplied in the source file for this wave.
314,REGION3_TUR,Region 3 Turkey,wave-specific,numeric,1000,145910,1.0,12.0,,1 = Istanbul Region | 2 = West Marmara Region | 3 = Aegean Region | 4 = East Marmara Region | 5 = West Anatolia Region | 6 = Mediterranean Region | 7 = Central Anatolia Region | 8 = West Black Sea Region | 9 = East Black Sea Region | 10 = Northeast Anatolia Region | 11 = Central East Anatolia Region | 12 = Southeast Anatolia Region | 98 = (DK) | 99 = (Refused),As supplied in the source file for this wave.
315,REGION3_TZA,Region 3 Tanzania,wave-specific,numeric,1002,145908,1.0,31.0,,1 = Dar es Salaam | 2 = Dodoma | 3 = Tabora | 4 = Singida | 5 = Shinyanga | 6 = Ruvuma | 7 = Rukwa | 8 = Pwani | 9 = South Unguja | 10 = North Unguja | 11 = South Pemba | 12 = North Pemba | 13 = Mwanza | 14 = Mtwara | 15 = Morogoro | 16 = Mbeya | 17 = Mara | 18 = Manyara | 20 = Kilimanjaro | 21 = Kigoma | 22 = Kagera | 23 = Iringa | 24 = Urban West | 25 = Arusha | 26 = Tanga | 27 = Simiyu | 28 = Katavi | 29 = Geita | 30 = Njombe | 31 = Lindi | 98 = (DK) | 99 = (Refused),As supplied in the source file for this wave.
316,REGION4_AZE,Respondent lives in:,wave-specific,numeric,1000,145910,1.0,14.0,,1 = Absheron-Khizi | 2 = Baku | 3 = Central Aran | 4 = East Zangezur | 5 = Ganja-Dashkasan | 6 = Gazakh-Tovuz | 7 = Guba-Khachmaz | 8 = Karabakh | 9 = Lankaran-Astara | 10 = Mil-Mughan | 11 = Mountainous Shirvan | 12 = Nakhchivan | 13 = Shaki-Zagatala | 14 = Shirvan-Salyan,As supplied in the source file for this wave.
317,REGION4_CIV,Region 4 Ivory Coast,wave-specific,numeric,1000,145910,1.0,33.0,,1 = Abidjan | 2 = Agneby-Tiassa | 3 = Bafing | 4 = Bagoue | 5 = Belier | 6 = Bere | 7 = Bounkani | 8 = Cavally | 9 = Folon | 10 = Gbeke | 11 = Gbokle | 12 = Goh | 13 = Gontougo | 14 = Grands Ponts | 15 = Guemon | 16 = Hambol | 17 = Haut-Sassandra | 18 = Iffou | 19 = Indenie-Djuablin | 20 = Kabadougou | 21 = La Me | 22 = Loh-Djiboua | 23 = Marahoue | 24 = Moronou | 25 = Nawa | 26 = N’Zi | 27 = Poro | 28 = San-Pedro | 29 = Sud Comoe | 30 = Tchologo | 31 = Tonkpi | 32 = Worodougou | 33 = Yamoussoukro | 98 = (DK) | 99 = (Refused),As supplied in the source file for this wave.
318,REGION4_NOR,Region 4 Norway,wave-specific,numeric,1000,145910,1.0,12.0,,1 = Oslo | 2 = Rogaland | 3 = Moere and Romsdal | 4 = Nordland | 5 = Viken | 6 = Innlandet | 7 = Vestfold og Telemark | 8 = Agder | 10 = Vestland | 11 = Trondelag | 12 = Troms og Finnmark | 98 = (DK) | 99 = (Refused),As supplied in the source file for this wave.
319,WP23340,Job Sector (Coded),wave-specific,numeric,146910,0,0.0,99.0,,"0 = (None/Has no occupation/job/not working/unpaid domestic work) | 1 = Agriculture – excluding fishing | 2 = Fishing | 3 = Manufacturing | 4 = Construction | 5 = Mining and quarrying | 6 = Electricity, gas or water supply | 7 = MARKET SERVICES (trade, transportation, hotel/accommodation, restaurant work, food sales, retail, business and admin | 8 = NON-MARKET SERVICES (education, health, social services, public administration, government, military, security servi | 9 = Some other sector | 10 = (Retired, or ONLY earning a pension as income) | 98 = (DK) | 99 = (Refused)",As supplied in the source file for this wave.
320,Q4_mean,Worried Mean,wave-specific,numeric,140627,6283,0.0,1.0,0.416603,,As supplied in the source file for this wave.
321,Q5_mean,Experienced Mean,wave-specific,numeric,142026,4884,0.0,1.0,0.089666,,As supplied in the source file for this wave.
322,Q4_RMw_projwt_byusertime,"Projection weight, cases with a valid worry index only (unlabelled in source)",wave-specific,numeric,140627,6283,143.276994,1880805.028363,41005.271778,,As supplied in the source file for this wave.
323,Q5_RMw_projwt_byusertime,"Projection weight, cases with a valid experience index only (unlabelled in source)",wave-specific,numeric,142026,4884,145.690625,1880805.028363,40601.357176,,As supplied in the source file for this wave.
324,Q4_mean_projwt_byusertime,"Projection weight, cases with a valid worry mean only (unlabelled in source)",wave-specific,numeric,140627,6283,143.276994,1880805.028363,41005.271778,,As supplied in the source file for this wave.
325,Q5_mean_projwt_byusertime,"Projection weight, cases with a valid experience mean only (unlabelled in source)",wave-specific,numeric,142026,4884,145.690625,1880805.028363,40601.357176,,As supplied in the source file for this wave.
