finding_id,page,section,description,published_value,unit,tolerance,source,requires_gallup,gallup_items,note
X01,"5, 9",Executive summary,"Respondents (page 9: 'over 125,000')",125911,count,,text,N,,
X02,"5, 9",Executive summary,Countries and territories surveyed,121,count,,text,N,,
X03,"6, 10",Executive summary,"Experienced any violence and harassment (V&H) at work, among those who have ever worked",20.9,pct,,text,N,,
X04,6,Executive summary,"Of those who experienced V&H at work, % who experienced it more than once",58.5,pct,,text,N,,"How this was computed is not stated. The code counts each form experienced separately and takes the share of those experiences that happened three or more times. Per person, 'three or more times for any form' gives 60.3%."
X05_men,"6, 11",Executive summary,"Experienced any V&H at work, among those who have ever worked: men",21.9,pct,,text,N,,
X05_women,"6, 11",Executive summary,"Experienced any V&H at work, among those who have ever worked: women",19.8,pct,,text,N,,
X06_psychological,"6, 20",Executive summary,"Ever experienced each form of V&H at work, among those who have ever worked: psychological",16.5,pct,,text,N,,
X06_physical,"6, 20",Executive summary,"Ever experienced each form of V&H at work, among those who have ever worked: physical",7.4,pct,,text,N,,
X06_sexual,"6, 20",Executive summary,"Ever experienced each form of V&H at work, among those who have ever worked: sexual",5.5,pct,,text,N,,
X07,6,Executive summary,"Of those who experienced V&H at work, % who experienced more than one form",27.7,pct,,text,N,,
X08_women,"6, 25",Executive summary,"Of those who experienced V&H at work, % whose experience had a sexual element: women",32.9,pct,,text,N,,Base as Chart 2.2: respondents who answered yes or no to all three V&H questions.
X08_men,"6, 25",Executive summary,"Of those who experienced V&H at work, % whose experience had a sexual element: men",15.4,pct,,text,N,,Base as Chart 2.2: respondents who answered yes or no to all three V&H questions.
X09,"6, 13",Executive summary,"Australia & New Zealand: experienced any V&H at work, among those who have ever worked",47.9,pct,,text,N,,
X10_experienced,"6, 29, 30",Executive summary,"Women with tertiary education: % experienced any V&H at work, among those who have ever worked",29.3,pct,,text,N,,
X10_told,"6, 29, 30",Executive summary,Women with tertiary education: % of those who experienced V&H who told someone,71.9,pct,,text,N,,
X11_foreign,6,Executive summary,"Women who experienced any V&H at work, among those who have ever worked, by country of birth: foreign-born",30.2,pct,,text,Y,WP4657,
X11_native,6,Executive summary,"Women who experienced any V&H at work, among those who have ever worked, by country of birth: native-born ('30.2% vs 21.5')",21.5,pct,,text,Y,WP4657,
X12_poorest,"6, 33",Executive summary,"Gap (foreign-born minus native-born women), % experienced V&H at work, by within-country income quintile: poorest 20%",12.6,pct,,text,Y,WP4657,
X12_richest,"6, 33",Executive summary,"Gap (foreign-born minus native-born women), % experienced V&H at work, by within-country income quintile: richest 20%",6.8,pct,,text,Y,WP4657,
X13_last_year,10,Chapter 1,"Last experienced any V&H at work, among those who have ever worked: within the past year",9.3,pct,,text,N,,"Timing is the most recent of the forms experienced (WP22402, WP22405_ALL, WP22408_ALL)."
X13_two_five,10,Chapter 1,"Last experienced any V&H at work, among those who have ever worked: two to five years ago",6.1,pct,,text,N,,"Timing is the most recent of the forms experienced (WP22402, WP22405_ALL, WP22408_ALL)."
X13_five_plus,10,Chapter 1,"Last experienced any V&H at work, among those who have ever worked: more than five years ago",5.2,pct,,text,N,,"Timing is the most recent of the forms experienced (WP22402, WP22405_ALL, WP22408_ALL)."
X14,10,Chapter 1,Footnote 7: experienced V&H at work but did not know when,0.2,pct,,text,N,,The footnote says sexual V&H. In the data 0.28% experienced some form but gave no timing for any form; 0.07% are those whose only experience without a timing is sexual.
C1_1_no,10,Chart 1.1,"Experience of any V&H at work and when last experienced, among those who have ever worked: % no",79,pct,,chart,N,,"The '% yes, do not know' segment is not labelled."
C1_1_last_year,10,Chart 1.1,"Experience of any V&H at work and when last experienced, among those who have ever worked: % yes, last year",9,pct,,chart,N,,"The '% yes, do not know' segment is not labelled."
C1_1_two_five,10,Chart 1.1,"Experience of any V&H at work and when last experienced, among those who have ever worked: % yes, 2-5 years ago",6,pct,,chart,N,,"The '% yes, do not know' segment is not labelled."
C1_1_five_plus,10,Chart 1.1,"Experience of any V&H at work and when last experienced, among those who have ever worked: % yes, 5+ years ago",5,pct,,chart,N,,"The '% yes, do not know' segment is not labelled."
C1_2_men_no,11,Chart 1.2,"Experience of any V&H at work, among those who have ever worked, by sex: % not experienced, men",78,pct,,chart,N,,
C1_2_men_yes,11,Chart 1.2,"Experience of any V&H at work, among those who have ever worked, by sex: % experienced, men",22,pct,,chart,N,,
C1_2_women_no,11,Chart 1.2,"Experience of any V&H at work, among those who have ever worked, by sex: % not experienced, women",80,pct,,chart,N,,
C1_2_women_yes,11,Chart 1.2,"Experience of any V&H at work, among those who have ever worked, by sex: % experienced, women",20,pct,,chart,N,,
X15_ever,"12, 45",Chapter 1,Respondents by whether they said they had never worked: respondents who did not say they had never worked (the report's base),113873,count,,text,N,,
X15_never,"12, 45",Chapter 1,Respondents by whether they said they had never worked: respondents who said at any of the three V&H questions that they had never worked,12038,count,,text,N,,
X16,12,Chapter 1,Respondents employed at the time of polling (the base of the ILO report 'A global first survey'),74364,count,,text,N,,"Not reproduced. EMP_2010 codes 1, 2, 3 and 5 (employed) give 74,500 respondents (72,412 of them in this report's base); China has no EMP_2010 in the public data. The ILO report's exact filter is not given."
X17_northern_america,13,Chapter 1,"Experienced any V&H at work, among those who have ever worked, by region: Northern America",41.4,pct,,text,N,,
X17_australia_nz_women,13,Chapter 1,"Experienced any V&H at work, among those who have ever worked, by region: Australia & New Zealand, women",52.1,pct,,text,N,,
X17_northern_america_gap,13,Chapter 1,"Experienced any V&H at work, among those who have ever worked, by region: Northern America, gap (women minus men)",13.3,pct,,text,N,,
X17_southern_africa_gap,13,Chapter 1,"Experienced any V&H at work, among those who have ever worked, by region: Southern Africa, gap (men minus women)",11,pct,,text,N,,
X17_central_asia,13,Chapter 1,"Experienced any V&H at work, among those who have ever worked, by region: Central Asia",4.6,pct,,text,N,,
X17_central_asia_men,13,Chapter 1,"Experienced any V&H at work, among those who have ever worked, by region: Central Asia, men",5.0,pct,,text,N,,
X17_central_asia_women,13,Chapter 1,"Experienced any V&H at work, among those who have ever worked, by region: Central Asia, women",4.2,pct,,text,N,,
C1_3_australia_nz_men,13,Chart 1.3,"Experienced any V&H at work, among those who have ever worked, by region and sex: Australia & New Zealand, % men",44,pct,,chart,N,,
C1_3_australia_nz_women,13,Chart 1.3,"Experienced any V&H at work, among those who have ever worked, by region and sex: Australia & New Zealand, % women",52,pct,,chart,N,,
C1_3_northern_america_men,13,Chart 1.3,"Experienced any V&H at work, among those who have ever worked, by region and sex: Northern America, % men",35,pct,,chart,N,,
C1_3_northern_america_women,13,Chart 1.3,"Experienced any V&H at work, among those who have ever worked, by region and sex: Northern America, % women",48,pct,,chart,N,,
C1_3_eastern_africa_men,13,Chart 1.3,"Experienced any V&H at work, among those who have ever worked, by region and sex: Eastern Africa, % men",30,pct,,chart,N,,
C1_3_eastern_africa_women,13,Chart 1.3,"Experienced any V&H at work, among those who have ever worked, by region and sex: Eastern Africa, % women",22,pct,,chart,N,,
C1_3_central_western_africa_men,13,Chart 1.3,"Experienced any V&H at work, among those who have ever worked, by region and sex: Central/Western Africa, % men",30,pct,,chart,N,,
C1_3_central_western_africa_women,13,Chart 1.3,"Experienced any V&H at work, among those who have ever worked, by region and sex: Central/Western Africa, % women",25,pct,,chart,N,,
C1_3_latin_america_men,13,Chart 1.3,"Experienced any V&H at work, among those who have ever worked, by region and sex: Latin America & Caribbean, % men",27,pct,,chart,N,,
C1_3_latin_america_women,13,Chart 1.3,"Experienced any V&H at work, among those who have ever worked, by region and sex: Latin America & Caribbean, % women",24,pct,,chart,N,,
C1_3_eastern_asia_men,13,Chart 1.3,"Experienced any V&H at work, among those who have ever worked, by region and sex: Eastern Asia, % men",27,pct,,chart,N,,
C1_3_eastern_asia_women,13,Chart 1.3,"Experienced any V&H at work, among those who have ever worked, by region and sex: Eastern Asia, % women",18,pct,,chart,N,,
C1_3_northern_western_europe_men,13,Chart 1.3,"Experienced any V&H at work, among those who have ever worked, by region and sex: Northern/Western Europe, % men",25,pct,,chart,N,,
C1_3_northern_western_europe_women,13,Chart 1.3,"Experienced any V&H at work, among those who have ever worked, by region and sex: Northern/Western Europe, % women",31,pct,,chart,N,,
C1_3_southern_europe_men,13,Chart 1.3,"Experienced any V&H at work, among those who have ever worked, by region and sex: Southern Europe, % men",24,pct,,chart,N,,
C1_3_southern_europe_women,13,Chart 1.3,"Experienced any V&H at work, among those who have ever worked, by region and sex: Southern Europe, % women",30,pct,,chart,N,,
C1_3_southern_africa_men,13,Chart 1.3,"Experienced any V&H at work, among those who have ever worked, by region and sex: Southern Africa, % men",22,pct,,chart,N,,
C1_3_southern_africa_women,13,Chart 1.3,"Experienced any V&H at work, among those who have ever worked, by region and sex: Southern Africa, % women",11,pct,,chart,N,,
C1_3_eastern_europe_men,13,Chart 1.3,"Experienced any V&H at work, among those who have ever worked, by region and sex: Eastern Europe, % men",21,pct,,chart,N,,
C1_3_eastern_europe_women,13,Chart 1.3,"Experienced any V&H at work, among those who have ever worked, by region and sex: Eastern Europe, % women",23,pct,,chart,N,,
C1_3_middle_east_men,13,Chart 1.3,"Experienced any V&H at work, among those who have ever worked, by region and sex: Middle East, % men",18,pct,,chart,N,,
C1_3_middle_east_women,13,Chart 1.3,"Experienced any V&H at work, among those who have ever worked, by region and sex: Middle East, % women",18,pct,,chart,N,,
C1_3_southern_asia_men,13,Chart 1.3,"Experienced any V&H at work, among those who have ever worked, by region and sex: Southern Asia, % men",15,pct,,chart,N,,
C1_3_southern_asia_women,13,Chart 1.3,"Experienced any V&H at work, among those who have ever worked, by region and sex: Southern Asia, % women",11,pct,,chart,N,,
C1_3_northern_africa_men,13,Chart 1.3,"Experienced any V&H at work, among those who have ever worked, by region and sex: Northern Africa, % men",12,pct,,chart,N,,
C1_3_northern_africa_women,13,Chart 1.3,"Experienced any V&H at work, among those who have ever worked, by region and sex: Northern Africa, % women",10,pct,,chart,N,,
C1_3_southeastern_asia_men,13,Chart 1.3,"Experienced any V&H at work, among those who have ever worked, by region and sex: Southeastern Asia, % men",11,pct,,chart,N,,
C1_3_southeastern_asia_women,13,Chart 1.3,"Experienced any V&H at work, among those who have ever worked, by region and sex: Southeastern Asia, % women",9,pct,,chart,N,,
C1_3_central_asia_men,13,Chart 1.3,"Experienced any V&H at work, among those who have ever worked, by region and sex: Central Asia, % men",5,pct,,chart,N,,
C1_3_central_asia_women,13,Chart 1.3,"Experienced any V&H at work, among those who have ever worked, by region and sex: Central Asia, % women",4,pct,,chart,N,,
X18_AUS,14,Chapter 1,"Experienced any V&H at work, among those who have ever worked: Australia",49.1,pct,,text,N,,
X18_AUS_men,14,Chapter 1,"Experienced any V&H at work, among those who have ever worked: Australia, men",44.8,pct,,text,N,,
X18_FIN_women,14,Chapter 1,"Experienced any V&H at work, among those who have ever worked: Finland, women",57.9,pct,,text,N,,
T1_1_AUS_all,14,Table 1.1,"Countries with highest and lowest experience of any V&H at work, among those who have ever worked: Australia, % all",49.1,pct,,table,N,,
T1_1_AUS_men,14,Table 1.1,"Countries with highest and lowest experience of any V&H at work, among those who have ever worked: Australia, % men",44.8,pct,,table,N,,
T1_1_AUS_women,14,Table 1.1,"Countries with highest and lowest experience of any V&H at work, among those who have ever worked: Australia, % women",53.3,pct,,table,N,,
T1_1_AUS_diff,14,Table 1.1,"Countries with highest and lowest experience of any V&H at work, among those who have ever worked: Australia, gap (women minus men)",8.5,pct,,table,N,,
T1_1_AUS_income,14,Table 1.1,"Countries with highest and lowest experience of any V&H at work: Australia, World Bank income group",High,text,,table,N,,
T1_1_FIN_all,14,Table 1.1,"Countries with highest and lowest experience of any V&H at work, among those who have ever worked: Finland, % all",47.9,pct,,table,N,,
T1_1_FIN_men,14,Table 1.1,"Countries with highest and lowest experience of any V&H at work, among those who have ever worked: Finland, % men",37.6,pct,,table,N,,
T1_1_FIN_women,14,Table 1.1,"Countries with highest and lowest experience of any V&H at work, among those who have ever worked: Finland, % women",57.9,pct,,table,N,,
T1_1_FIN_diff,14,Table 1.1,"Countries with highest and lowest experience of any V&H at work, among those who have ever worked: Finland, gap (women minus men)",20.3,pct,,table,N,,
T1_1_FIN_income,14,Table 1.1,"Countries with highest and lowest experience of any V&H at work: Finland, World Bank income group",High,text,,table,N,,
T1_1_ISL_all,14,Table 1.1,"Countries with highest and lowest experience of any V&H at work, among those who have ever worked: Iceland, % all",42.3,pct,,table,N,,
T1_1_ISL_men,14,Table 1.1,"Countries with highest and lowest experience of any V&H at work, among those who have ever worked: Iceland, % men",39.3,pct,,table,N,,
T1_1_ISL_women,14,Table 1.1,"Countries with highest and lowest experience of any V&H at work, among those who have ever worked: Iceland, % women",45.2,pct,,table,N,,
T1_1_ISL_diff,14,Table 1.1,"Countries with highest and lowest experience of any V&H at work, among those who have ever worked: Iceland, gap (women minus men)",5.9,pct,,table,N,,
T1_1_ISL_income,14,Table 1.1,"Countries with highest and lowest experience of any V&H at work: Iceland, World Bank income group",High,text,,table,N,,
T1_1_NZL_all,14,Table 1.1,"Countries with highest and lowest experience of any V&H at work, among those who have ever worked: New Zealand, % all",42.0,pct,,table,N,,
T1_1_NZL_men,14,Table 1.1,"Countries with highest and lowest experience of any V&H at work, among those who have ever worked: New Zealand, % men",38.0,pct,,table,N,,
T1_1_NZL_women,14,Table 1.1,"Countries with highest and lowest experience of any V&H at work, among those who have ever worked: New Zealand, % women",45.9,pct,,table,N,,
T1_1_NZL_diff,14,Table 1.1,"Countries with highest and lowest experience of any V&H at work, among those who have ever worked: New Zealand, gap (women minus men)",7.9,pct,,table,N,,
T1_1_NZL_income,14,Table 1.1,"Countries with highest and lowest experience of any V&H at work: New Zealand, World Bank income group",High,text,,table,N,,
T1_1_DNK_all,14,Table 1.1,"Countries with highest and lowest experience of any V&H at work, among those who have ever worked: Denmark, % all",41.7,pct,,table,N,,
T1_1_DNK_men,14,Table 1.1,"Countries with highest and lowest experience of any V&H at work, among those who have ever worked: Denmark, % men",30.3,pct,,table,N,,
T1_1_DNK_women,14,Table 1.1,"Countries with highest and lowest experience of any V&H at work, among those who have ever worked: Denmark, % women",53.0,pct,,table,N,,
T1_1_DNK_diff,14,Table 1.1,"Countries with highest and lowest experience of any V&H at work, among those who have ever worked: Denmark, gap (women minus men)",22.7,pct,,table,N,,
T1_1_DNK_income,14,Table 1.1,"Countries with highest and lowest experience of any V&H at work: Denmark, World Bank income group",High,text,,table,N,,
T1_1_USA_all,14,Table 1.1,"Countries with highest and lowest experience of any V&H at work, among those who have ever worked: United States, % all",41.5,pct,,table,N,,
T1_1_USA_men,14,Table 1.1,"Countries with highest and lowest experience of any V&H at work, among those who have ever worked: United States, % men",34.9,pct,,table,N,,
T1_1_USA_women,14,Table 1.1,"Countries with highest and lowest experience of any V&H at work, among those who have ever worked: United States, % women",47.9,pct,,table,N,,
T1_1_USA_diff,14,Table 1.1,"Countries with highest and lowest experience of any V&H at work, among those who have ever worked: United States, gap (women minus men)",13.0,pct,,table,N,,
T1_1_USA_income,14,Table 1.1,"Countries with highest and lowest experience of any V&H at work: United States, World Bank income group",High,text,,table,N,,
T1_1_NOR_all,14,Table 1.1,"Countries with highest and lowest experience of any V&H at work, among those who have ever worked: Norway, % all",41.5,pct,,table,N,,
T1_1_NOR_men,14,Table 1.1,"Countries with highest and lowest experience of any V&H at work, among those who have ever worked: Norway, % men",33.4,pct,,table,N,,
T1_1_NOR_women,14,Table 1.1,"Countries with highest and lowest experience of any V&H at work, among those who have ever worked: Norway, % women",49.7,pct,,table,N,,
T1_1_NOR_diff,14,Table 1.1,"Countries with highest and lowest experience of any V&H at work, among those who have ever worked: Norway, gap (women minus men)",16.3,pct,,table,N,,
T1_1_NOR_income,14,Table 1.1,"Countries with highest and lowest experience of any V&H at work: Norway, World Bank income group",High,text,,table,N,,
T1_1_CAN_all,14,Table 1.1,"Countries with highest and lowest experience of any V&H at work, among those who have ever worked: Canada, % all",40.7,pct,,table,N,,
T1_1_CAN_men,14,Table 1.1,"Countries with highest and lowest experience of any V&H at work, among those who have ever worked: Canada, % men",33.1,pct,,table,N,,
T1_1_CAN_women,14,Table 1.1,"Countries with highest and lowest experience of any V&H at work, among those who have ever worked: Canada, % women",48.2,pct,,table,N,,
T1_1_CAN_diff,14,Table 1.1,"Countries with highest and lowest experience of any V&H at work, among those who have ever worked: Canada, gap (women minus men)",15.1,pct,,table,N,,
T1_1_CAN_income,14,Table 1.1,"Countries with highest and lowest experience of any V&H at work: Canada, World Bank income group",High,text,,table,N,,
T1_1_GRC_all,14,Table 1.1,"Countries with highest and lowest experience of any V&H at work, among those who have ever worked: Greece, % all",37.6,pct,,table,N,,
T1_1_GRC_men,14,Table 1.1,"Countries with highest and lowest experience of any V&H at work, among those who have ever worked: Greece, % men",30.9,pct,,table,N,,
T1_1_GRC_women,14,Table 1.1,"Countries with highest and lowest experience of any V&H at work, among those who have ever worked: Greece, % women",44.0,pct,,table,N,,
T1_1_GRC_diff,14,Table 1.1,"Countries with highest and lowest experience of any V&H at work, among those who have ever worked: Greece, gap (women minus men)",13.1,pct,,table,N,,
T1_1_GRC_income,14,Table 1.1,"Countries with highest and lowest experience of any V&H at work: Greece, World Bank income group",High,text,,table,N,,
T1_1_SWE_all,14,Table 1.1,"Countries with highest and lowest experience of any V&H at work, among those who have ever worked: Sweden, % all",36.9,pct,,table,N,,
T1_1_SWE_men,14,Table 1.1,"Countries with highest and lowest experience of any V&H at work, among those who have ever worked: Sweden, % men",28.8,pct,,table,N,,
T1_1_SWE_women,14,Table 1.1,"Countries with highest and lowest experience of any V&H at work, among those who have ever worked: Sweden, % women",45.5,pct,,table,N,,
T1_1_SWE_diff,14,Table 1.1,"Countries with highest and lowest experience of any V&H at work, among those who have ever worked: Sweden, gap (women minus men)",16.7,pct,,table,N,,
T1_1_SWE_income,14,Table 1.1,"Countries with highest and lowest experience of any V&H at work: Sweden, World Bank income group",High,text,,table,N,,
T1_1_KGZ_all,14,Table 1.1,"Countries with highest and lowest experience of any V&H at work, among those who have ever worked: Kyrgyzstan, % all",7.4,pct,,table,N,,
T1_1_KGZ_men,14,Table 1.1,"Countries with highest and lowest experience of any V&H at work, among those who have ever worked: Kyrgyzstan, % men",7.3,pct,,table,N,,
T1_1_KGZ_women,14,Table 1.1,"Countries with highest and lowest experience of any V&H at work, among those who have ever worked: Kyrgyzstan, % women",7.5,pct,,table,N,,
T1_1_KGZ_diff,14,Table 1.1,"Countries with highest and lowest experience of any V&H at work, among those who have ever worked: Kyrgyzstan, gap (women minus men)",0.2,pct,,table,N,,
T1_1_KGZ_income,14,Table 1.1,"Countries with highest and lowest experience of any V&H at work: Kyrgyzstan, World Bank income group",Lower-middle,text,,table,N,,
T1_1_LBN_all,14,Table 1.1,"Countries with highest and lowest experience of any V&H at work, among those who have ever worked: Lebanon, % all",7.3,pct,,table,N,,
T1_1_LBN_men,14,Table 1.1,"Countries with highest and lowest experience of any V&H at work, among those who have ever worked: Lebanon, % men",7.2,pct,,table,N,,
T1_1_LBN_women,14,Table 1.1,"Countries with highest and lowest experience of any V&H at work, among those who have ever worked: Lebanon, % women",7.5,pct,,table,N,,
T1_1_LBN_diff,14,Table 1.1,"Countries with highest and lowest experience of any V&H at work, among those who have ever worked: Lebanon, gap (women minus men)",0.2,pct,,table,N,,
T1_1_LBN_income,14,Table 1.1,"Countries with highest and lowest experience of any V&H at work: Lebanon, World Bank income group",Lower-middle,text,,table,N,,"CountryIncomeLevel (World Bank FY2021-22, at the time of fieldwork) is upper-middle income. The World Bank reclassified Lebanon as lower-middle income in July 2022 (FY2023), which the report appears to use."
T1_1_MYS_all,14,Table 1.1,"Countries with highest and lowest experience of any V&H at work, among those who have ever worked: Malaysia, % all",6.5,pct,,table,N,,
T1_1_MYS_men,14,Table 1.1,"Countries with highest and lowest experience of any V&H at work, among those who have ever worked: Malaysia, % men",8.1,pct,,table,N,,
T1_1_MYS_women,14,Table 1.1,"Countries with highest and lowest experience of any V&H at work, among those who have ever worked: Malaysia, % women",4.1,pct,,table,N,,
T1_1_MYS_diff,14,Table 1.1,"Countries with highest and lowest experience of any V&H at work, among those who have ever worked: Malaysia, gap (women minus men)",-4.1,pct,,table,N,,
T1_1_MYS_income,14,Table 1.1,"Countries with highest and lowest experience of any V&H at work: Malaysia, World Bank income group",Upper-middle,text,,table,N,,
T1_1_UZB_all,14,Table 1.1,"Countries with highest and lowest experience of any V&H at work, among those who have ever worked: Uzbekistan, % all",5.1,pct,,table,N,,
T1_1_UZB_men,14,Table 1.1,"Countries with highest and lowest experience of any V&H at work, among those who have ever worked: Uzbekistan, % men",6.7,pct,,table,N,,
T1_1_UZB_women,14,Table 1.1,"Countries with highest and lowest experience of any V&H at work, among those who have ever worked: Uzbekistan, % women",3.5,pct,,table,N,,
T1_1_UZB_diff,14,Table 1.1,"Countries with highest and lowest experience of any V&H at work, among those who have ever worked: Uzbekistan, gap (women minus men)",-3.3,pct,,table,N,,
T1_1_UZB_income,14,Table 1.1,"Countries with highest and lowest experience of any V&H at work: Uzbekistan, World Bank income group",Lower-middle,text,,table,N,,
T1_1_ARM_all,14,Table 1.1,"Countries with highest and lowest experience of any V&H at work, among those who have ever worked: Armenia, % all",4.7,pct,,table,N,,
T1_1_ARM_men,14,Table 1.1,"Countries with highest and lowest experience of any V&H at work, among those who have ever worked: Armenia, % men",5.8,pct,,table,N,,
T1_1_ARM_women,14,Table 1.1,"Countries with highest and lowest experience of any V&H at work, among those who have ever worked: Armenia, % women",3.7,pct,,table,N,,
T1_1_ARM_diff,14,Table 1.1,"Countries with highest and lowest experience of any V&H at work, among those who have ever worked: Armenia, gap (women minus men)",-2.0,pct,,table,N,,
T1_1_ARM_income,14,Table 1.1,"Countries with highest and lowest experience of any V&H at work: Armenia, World Bank income group",Upper-middle,text,,table,N,,
T1_1_IDN_all,14,Table 1.1,"Countries with highest and lowest experience of any V&H at work, among those who have ever worked: Indonesia, % all",4.7,pct,,table,N,,
T1_1_IDN_men,14,Table 1.1,"Countries with highest and lowest experience of any V&H at work, among those who have ever worked: Indonesia, % men",6.4,pct,,table,N,,
T1_1_IDN_women,14,Table 1.1,"Countries with highest and lowest experience of any V&H at work, among those who have ever worked: Indonesia, % women",2.7,pct,,table,N,,
T1_1_IDN_diff,14,Table 1.1,"Countries with highest and lowest experience of any V&H at work, among those who have ever worked: Indonesia, gap (women minus men)",-3.6,pct,,table,N,,
T1_1_IDN_income,14,Table 1.1,"Countries with highest and lowest experience of any V&H at work: Indonesia, World Bank income group",Lower-middle,text,,table,N,,
T1_1_GEO_all,14,Table 1.1,"Countries with highest and lowest experience of any V&H at work, among those who have ever worked: Georgia, % all",3.6,pct,,table,N,,
T1_1_GEO_men,14,Table 1.1,"Countries with highest and lowest experience of any V&H at work, among those who have ever worked: Georgia, % men",3.6,pct,,table,N,,
T1_1_GEO_women,14,Table 1.1,"Countries with highest and lowest experience of any V&H at work, among those who have ever worked: Georgia, % women",3.7,pct,,table,N,,
T1_1_GEO_diff,14,Table 1.1,"Countries with highest and lowest experience of any V&H at work, among those who have ever worked: Georgia, gap (women minus men)",0.2,pct,,table,N,,
T1_1_GEO_income,14,Table 1.1,"Countries with highest and lowest experience of any V&H at work: Georgia, World Bank income group",Upper-middle,text,,table,N,,
T1_1_KAZ_all,14,Table 1.1,"Countries with highest and lowest experience of any V&H at work, among those who have ever worked: Kazakhstan, % all",3.6,pct,,table,N,,
T1_1_KAZ_men,14,Table 1.1,"Countries with highest and lowest experience of any V&H at work, among those who have ever worked: Kazakhstan, % men",2.2,pct,,table,N,,
T1_1_KAZ_women,14,Table 1.1,"Countries with highest and lowest experience of any V&H at work, among those who have ever worked: Kazakhstan, % women",4.8,pct,,table,N,,
T1_1_KAZ_diff,14,Table 1.1,"Countries with highest and lowest experience of any V&H at work, among those who have ever worked: Kazakhstan, gap (women minus men)",2.6,pct,,table,N,,
T1_1_KAZ_income,14,Table 1.1,"Countries with highest and lowest experience of any V&H at work: Kazakhstan, World Bank income group",Upper-middle,text,,table,N,,
T1_1_PAK_all,14,Table 1.1,"Countries with highest and lowest experience of any V&H at work, among those who have ever worked: Pakistan, % all",3.3,pct,,table,N,,
T1_1_PAK_men,14,Table 1.1,"Countries with highest and lowest experience of any V&H at work, among those who have ever worked: Pakistan, % men",3.5,pct,,table,N,,
T1_1_PAK_women,14,Table 1.1,"Countries with highest and lowest experience of any V&H at work, among those who have ever worked: Pakistan, % women",2.9,pct,,table,N,,
T1_1_PAK_diff,14,Table 1.1,"Countries with highest and lowest experience of any V&H at work, among those who have ever worked: Pakistan, gap (women minus men)",-0.6,pct,,table,N,,
T1_1_PAK_income,14,Table 1.1,"Countries with highest and lowest experience of any V&H at work: Pakistan, World Bank income group",Lower-middle,text,,table,N,,
T1_1_TJK_all,14,Table 1.1,"Countries with highest and lowest experience of any V&H at work, among those who have ever worked: Tajikistan, % all",3.0,pct,,table,N,,
T1_1_TJK_men,14,Table 1.1,"Countries with highest and lowest experience of any V&H at work, among those who have ever worked: Tajikistan, % men",2.9,pct,,table,N,,
T1_1_TJK_women,14,Table 1.1,"Countries with highest and lowest experience of any V&H at work, among those who have ever worked: Tajikistan, % women",3.0,pct,,table,N,,
T1_1_TJK_diff,14,Table 1.1,"Countries with highest and lowest experience of any V&H at work, among those who have ever worked: Tajikistan, gap (women minus men)",0.1,pct,,table,N,,
T1_1_TJK_income,14,Table 1.1,"Countries with highest and lowest experience of any V&H at work: Tajikistan, World Bank income group",Lower-middle,text,,table,N,,
X19_women,15,Chapter 1,"World Risk Poll 2019, Australia: experienced physical harassment or violence while working: women",39,pct,,text,N,,"Uses the 2019 data: L21D (experienced injury or harm while working in the past two years: physical harassment or violence), asked of those who work."
X19_men,15,Chapter 1,"World Risk Poll 2019, Australia: experienced physical harassment or violence while working: men",24,pct,,text,N,,"Uses the 2019 data: L21D (experienced injury or harm while working in the past two years: physical harassment or violence), asked of those who work."
X20,15,Chapter 1,"Finland: experienced any V&H at work, among those who have ever worked ('47.0% found in the World Risk Poll')",47.0,pct,,text,N,,"Table 1.1 on the previous page gives Finland 47.9%, which the data matches; 47.0 looks like a typo."
X21_all,15,Chapter 1,"Tajikistan: experienced any V&H at work, among those who have ever worked: all",3.0,pct,,text,N,,
X21_gap,15,Chapter 1,"Tajikistan: experienced any V&H at work, among those who have ever worked: gap (women minus men), 'no difference based on sex'",0,pct,,text,N,,
C1_4_low_men,16,Chart 1.4,"Experienced any V&H at work, among those who have ever worked, by World Bank income group and sex: low-income countries, % men",30,pct,,chart,N,,
C1_4_low_women,16,Chart 1.4,"Experienced any V&H at work, among those who have ever worked, by World Bank income group and sex: low-income countries, % women",24,pct,,chart,N,,
C1_4_lower_middle_men,16,Chart 1.4,"Experienced any V&H at work, among those who have ever worked, by World Bank income group and sex: lower-middle-income countries, % men",16,pct,,chart,N,,
C1_4_lower_middle_women,16,Chart 1.4,"Experienced any V&H at work, among those who have ever worked, by World Bank income group and sex: lower-middle-income countries, % women",12,pct,,chart,N,,
C1_4_upper_middle_men,16,Chart 1.4,"Experienced any V&H at work, among those who have ever worked, by World Bank income group and sex: upper-middle-income countries, % men",26,pct,,chart,N,,
C1_4_upper_middle_women,16,Chart 1.4,"Experienced any V&H at work, among those who have ever worked, by World Bank income group and sex: upper-middle-income countries, % women",20,pct,,chart,N,,
C1_4_high_men,16,Chart 1.4,"Experienced any V&H at work, among those who have ever worked, by World Bank income group and sex: high-income countries, % men",26,pct,,chart,N,,
C1_4_high_women,16,Chart 1.4,"Experienced any V&H at work, among those who have ever worked, by World Bank income group and sex: high-income countries, % women",34,pct,,chart,N,,
X22_low,16,Chapter 1,"Experienced any V&H at work, among those who have ever worked, by World Bank income group: low income",27.4,pct,,text,N,,
X22_high,16,Chapter 1,"Experienced any V&H at work, among those who have ever worked, by World Bank income group: high income",29.9,pct,,text,N,,
X22_lower_middle,16,Chapter 1,"Experienced any V&H at work, among those who have ever worked, by World Bank income group: lower-middle income",14.1,pct,,text,N,,
X22_upper_middle,16,Chapter 1,"Experienced any V&H at work, among those who have ever worked, by World Bank income group: upper-middle income",22.9,pct,,text,N,,
X22_high_gap,16,Chapter 1,"Experienced any V&H at work, among those who have ever worked, by World Bank income group: high income, gap (women minus men)",7.7,pct,,text,N,,
C1_5_low_men,17,Chart 1.5,"Said they had never worked (excluded from the analysis), by World Bank income group and sex: low-income countries, % men",12,pct,,chart,N,,
C1_5_low_women,17,Chart 1.5,"Said they had never worked (excluded from the analysis), by World Bank income group and sex: low-income countries, % women",20,pct,,chart,N,,
C1_5_lower_middle_men,17,Chart 1.5,"Said they had never worked (excluded from the analysis), by World Bank income group and sex: lower-middle-income countries, % men",9,pct,,chart,N,,
C1_5_lower_middle_women,17,Chart 1.5,"Said they had never worked (excluded from the analysis), by World Bank income group and sex: lower-middle-income countries, % women",24,pct,,chart,N,,
C1_5_upper_middle_men,17,Chart 1.5,"Said they had never worked (excluded from the analysis), by World Bank income group and sex: upper-middle-income countries, % men",3,pct,,chart,N,,
C1_5_upper_middle_women,17,Chart 1.5,"Said they had never worked (excluded from the analysis), by World Bank income group and sex: upper-middle-income countries, % women",6,pct,,chart,N,,
C1_5_high_men,17,Chart 1.5,"Said they had never worked (excluded from the analysis), by World Bank income group and sex: high-income countries, % men",5,pct,,chart,N,,
C1_5_high_women,17,Chart 1.5,"Said they had never worked (excluded from the analysis), by World Bank income group and sex: high-income countries, % women",7,pct,,chart,N,,
X23_men,17,Chapter 1,Said they had never worked (excluded from the analysis): men,5.9,pct,,text,N,,
X23_women,17,Chapter 1,Said they had never worked (excluded from the analysis): women,13.9,pct,,text,N,,
X23_low_women,17,Chapter 1,"Said they had never worked (excluded from the analysis): low income, women",20.1,pct,,text,N,,
X23_lower_middle_women,17,Chapter 1,"Said they had never worked (excluded from the analysis): lower-middle income, women",24.1,pct,,text,N,,
X24_discrimination,18,Chapter 1,"Experienced any V&H at work, among those who have ever worked, by experience of discrimination: experienced any of the five forms of discrimination",38.4,pct,,text,N,,"As in the Focus On: Risk and Gender report, respondents in countries not asked about discrimination (China, Saudi Arabia, United Arab Emirates) count as not discriminated against."
X24_none,18,Chapter 1,"Experienced any V&H at work, among those who have ever worked, by experience of discrimination: did not experience discrimination",16.2,pct,,text,N,,"As in the Focus On: Risk and Gender report, respondents in countries not asked about discrimination (China, Saudi Arabia, United Arab Emirates) count as not discriminated against."
C1_6_discrimination_no,18,Chart 1.6,"Experience of any V&H at work, among those who have ever worked, by experience of discrimination: experienced discrimination, % no experience of V&H",62,pct,,chart,N,,
C1_6_discrimination_yes,18,Chart 1.6,"Experience of any V&H at work, among those who have ever worked, by experience of discrimination: experienced discrimination, % experience of V&H",38,pct,,chart,N,,
C1_6_none_no,18,Chart 1.6,"Experience of any V&H at work, among those who have ever worked, by experience of discrimination: no discrimination, % no experience of V&H",84,pct,,chart,N,,
C1_6_none_yes,18,Chart 1.6,"Experience of any V&H at work, among those who have ever worked, by experience of discrimination: no discrimination, % experience of V&H",16,pct,,chart,N,,
C1_7_gender_no,19,Chart 1.7,"Experienced any V&H at work, among those who have ever worked, by type of discrimination experienced (yes or no): due to your gender, discrimination no",17,pct,,chart,N,,"The legend reads '% No experience of V&H' and '% Experience of V&H', but both bars are the % who experienced V&H: the short bar among those who answered no to that type of discrimination, the long bar among those who answered yes (the text gives 45.5% for gender)."
C1_7_gender_yes,19,Chart 1.7,"Experienced any V&H at work, among those who have ever worked, by type of discrimination experienced (yes or no): due to your gender, discrimination yes",46,pct,,chart,N,,"The legend reads '% No experience of V&H' and '% Experience of V&H', but both bars are the % who experienced V&H: the short bar among those who answered no to that type of discrimination, the long bar among those who answered yes (the text gives 45.5% for gender)."
C1_7_skin_no,19,Chart 1.7,"Experienced any V&H at work, among those who have ever worked, by type of discrimination experienced (yes or no): due to the colour of your skin, discrimination no",18,pct,,chart,N,,"The legend reads '% No experience of V&H' and '% Experience of V&H', but both bars are the % who experienced V&H: the short bar among those who answered no to that type of discrimination, the long bar among those who answered yes (the text gives 45.5% for gender)."
C1_7_skin_yes,19,Chart 1.7,"Experienced any V&H at work, among those who have ever worked, by type of discrimination experienced (yes or no): due to the colour of your skin, discrimination yes",44,pct,,chart,N,,"The legend reads '% No experience of V&H' and '% Experience of V&H', but both bars are the % who experienced V&H: the short bar among those who answered no to that type of discrimination, the long bar among those who answered yes (the text gives 45.5% for gender)."
C1_7_nationality_no,19,Chart 1.7,"Experienced any V&H at work, among those who have ever worked, by type of discrimination experienced (yes or no): due to your nationality/ethnic group, discrimination no",17,pct,,chart,N,,"The legend reads '% No experience of V&H' and '% Experience of V&H', but both bars are the % who experienced V&H: the short bar among those who answered no to that type of discrimination, the long bar among those who answered yes (the text gives 45.5% for gender)."
C1_7_nationality_yes,19,Chart 1.7,"Experienced any V&H at work, among those who have ever worked, by type of discrimination experienced (yes or no): due to your nationality/ethnic group, discrimination yes",42,pct,,chart,N,,"The legend reads '% No experience of V&H' and '% Experience of V&H', but both bars are the % who experienced V&H: the short bar among those who answered no to that type of discrimination, the long bar among those who answered yes (the text gives 45.5% for gender)."
C1_7_religion_no,19,Chart 1.7,"Experienced any V&H at work, among those who have ever worked, by type of discrimination experienced (yes or no): due to your religion, discrimination no",18,pct,,chart,N,,"The legend reads '% No experience of V&H' and '% Experience of V&H', but both bars are the % who experienced V&H: the short bar among those who answered no to that type of discrimination, the long bar among those who answered yes (the text gives 45.5% for gender)."
C1_7_religion_yes,19,Chart 1.7,"Experienced any V&H at work, among those who have ever worked, by type of discrimination experienced (yes or no): due to your religion, discrimination yes",39,pct,,chart,N,,"The legend reads '% No experience of V&H' and '% Experience of V&H', but both bars are the % who experienced V&H: the short bar among those who answered no to that type of discrimination, the long bar among those who answered yes (the text gives 45.5% for gender)."
C1_7_disability_no,19,Chart 1.7,"Experienced any V&H at work, among those who have ever worked, by type of discrimination experienced (yes or no): due to a disability, discrimination no",20,pct,,chart,N,,"The legend reads '% No experience of V&H' and '% Experience of V&H', but both bars are the % who experienced V&H: the short bar among those who answered no to that type of discrimination, the long bar among those who answered yes (the text gives 45.5% for gender)."
C1_7_disability_yes,19,Chart 1.7,"Experienced any V&H at work, among those who have ever worked, by type of discrimination experienced (yes or no): due to a disability, discrimination yes",38,pct,,chart,N,,"The legend reads '% No experience of V&H' and '% Experience of V&H', but both bars are the % who experienced V&H: the short bar among those who answered no to that type of discrimination, the long bar among those who answered yes (the text gives 45.5% for gender)."
X25_gender,19,Chapter 1,"Experienced any V&H at work, among those who have ever worked, among those who experienced each type of discrimination: gender",45.5,pct,,text,N,,
X25_gender_men,19,Chapter 1,"Experienced any V&H at work, among those who have ever worked, among those who experienced each type of discrimination: gender, men",46.3,pct,,text,N,,
X25_gender_women,19,Chapter 1,"Experienced any V&H at work, among those who have ever worked, among those who experienced each type of discrimination: gender, women",44.9,pct,,text,N,,
X25_religion_men,19,Chapter 1,"Experienced any V&H at work, among those who have ever worked, among those who experienced each type of discrimination: religion, men",41.4,pct,,text,N,,
X25_religion_women,19,Chapter 1,"Experienced any V&H at work, among those who have ever worked, among those who experienced each type of discrimination: religion, women",36.8,pct,,text,N,,
X25_disability_men,19,Chapter 1,"Experienced any V&H at work, among those who have ever worked, among those who experienced each type of discrimination: disability, men",42.3,pct,,text,N,,
X25_disability_women,19,Chapter 1,"Experienced any V&H at work, among those who have ever worked, among those who experienced each type of discrimination: disability, women",33.9,pct,,text,N,,
C1_8_sexual_yes,20,Chart 1.8,"Ever experienced each form of V&H at work, among those who have ever worked: sexual, % yes",6,pct,,chart,N,,The don't know/refused segments are not labelled.
C1_8_sexual_no,20,Chart 1.8,"Ever experienced each form of V&H at work, among those who have ever worked: sexual, % no",94,pct,,chart,N,,The don't know/refused segments are not labelled.
C1_8_psychological_yes,20,Chart 1.8,"Ever experienced each form of V&H at work, among those who have ever worked: psychological, % yes",17,pct,,chart,N,,The don't know/refused segments are not labelled.
C1_8_psychological_no,20,Chart 1.8,"Ever experienced each form of V&H at work, among those who have ever worked: psychological, % no",83,pct,,chart,N,,The don't know/refused segments are not labelled.
C1_8_physical_yes,20,Chart 1.8,"Ever experienced each form of V&H at work, among those who have ever worked: physical, % yes",7,pct,,chart,N,,The don't know/refused segments are not labelled.
C1_8_physical_no,20,Chart 1.8,"Ever experienced each form of V&H at work, among those who have ever worked: physical, % no",92,pct,,chart,N,,The don't know/refused segments are not labelled.
X26_men,20,Chapter 1,"Ever experienced psychological V&H at work, among those who have ever worked: men",17.4,pct,,text,N,,
X26_women,20,Chapter 1,"Ever experienced psychological V&H at work, among those who have ever worked: women",15.6,pct,,text,N,,
X26_australia_nz,20,Chapter 1,"Ever experienced psychological V&H at work, among those who have ever worked: Australia & New Zealand",41.9,pct,,text,N,,
X26_northern_america,20,Chapter 1,"Ever experienced psychological V&H at work, among those who have ever worked: Northern America",33.6,pct,,text,N,,
X26_australia_nz_women,20,Chapter 1,"Ever experienced psychological V&H at work, among those who have ever worked: Australia & New Zealand, women",43.4,pct,,text,N,,
X26_australia_nz_men,20,Chapter 1,"Ever experienced psychological V&H at work, among those who have ever worked: Australia & New Zealand, men",40.3,pct,,text,N,,
X26_northern_america_women,20,Chapter 1,"Ever experienced psychological V&H at work, among those who have ever worked: Northern America, women",36.2,pct,,text,N,,
X26_northern_america_men,20,Chapter 1,"Ever experienced psychological V&H at work, among those who have ever worked: Northern America, men",31.0,pct,,text,N,,
X26_central_asia,20,Chapter 1,"Ever experienced psychological V&H at work, among those who have ever worked: Central Asia",3.3,pct,,text,N,,
X26_central_asia_gap,20,Chapter 1,"Ever experienced psychological V&H at work, among those who have ever worked: Central Asia, gap (women minus men), 'no variation'",0,pct,,text,N,,
X27_men,20,Chapter 1,"Ever experienced physical V&H at work, among those who have ever worked: men",8.4,pct,,text,N,,
X27_women,20,Chapter 1,"Ever experienced physical V&H at work, among those who have ever worked: women",6.2,pct,,text,N,,
X27_australia_nz,20,Chapter 1,"Ever experienced physical V&H at work, among those who have ever worked: Australia & New Zealand",11.3,pct,,text,N,,
X27_northern_america,20,Chapter 1,"Ever experienced physical V&H at work, among those who have ever worked: Northern America",11.7,pct,,text,N,,
X27_eastern_africa,20,Chapter 1,"Ever experienced physical V&H at work, among those who have ever worked: Eastern Africa",13.2,pct,,text,N,,
X27_central_western_africa,20,Chapter 1,"Ever experienced physical V&H at work, among those who have ever worked: Central/Western Africa",13.6,pct,,text,N,,
X27_eastern_africa_men,20,Chapter 1,"Ever experienced physical V&H at work, among those who have ever worked: Eastern Africa, men",15.0,pct,,text,N,,
X27_eastern_africa_women,20,Chapter 1,"Ever experienced physical V&H at work, among those who have ever worked: Eastern Africa, women",11.5,pct,,text,N,,
X27_central_western_africa_men,20,Chapter 1,"Ever experienced physical V&H at work, among those who have ever worked: Central/Western Africa, men",15.0,pct,,text,N,,
X27_central_western_africa_women,20,Chapter 1,"Ever experienced physical V&H at work, among those who have ever worked: Central/Western Africa, women",12.0,pct,,text,N,,
X27_northern_america_women,20,Chapter 1,"Ever experienced physical V&H at work, among those who have ever worked: Northern America, women",13.1,pct,,text,N,,
X27_northern_america_men,20,Chapter 1,"Ever experienced physical V&H at work, among those who have ever worked: Northern America, men",10.3,pct,,text,N,,
X27_central_asia,20,Chapter 1,"Ever experienced physical V&H at work, among those who have ever worked: Central Asia",2.2,pct,,text,N,,
X27_low_income,20,Chapter 1,"Ever experienced physical V&H at work, among those who have ever worked: low-income countries",15.2,pct,,text,N,,
X27_lower_middle_income,20,Chapter 1,"Ever experienced physical V&H at work, among those who have ever worked: lower-middle-income countries",7.4,pct,,text,N,,
C1_9_sexual_men_yes,21,Chart 1.9,"Ever experienced each form of V&H at work, among those who have ever worked, by sex: sexual, men, % yes",5,pct,,chart,N,,The don't know/refused segments are not labelled.
C1_9_sexual_men_no,21,Chart 1.9,"Ever experienced each form of V&H at work, among those who have ever worked, by sex: sexual, men, % no",95,pct,,chart,N,,The don't know/refused segments are not labelled.
C1_9_sexual_women_yes,21,Chart 1.9,"Ever experienced each form of V&H at work, among those who have ever worked, by sex: sexual, women, % yes",7,pct,,chart,N,,The don't know/refused segments are not labelled.
C1_9_sexual_women_no,21,Chart 1.9,"Ever experienced each form of V&H at work, among those who have ever worked, by sex: sexual, women, % no",93,pct,,chart,N,,The don't know/refused segments are not labelled.
C1_9_psychological_men_yes,21,Chart 1.9,"Ever experienced each form of V&H at work, among those who have ever worked, by sex: psychological, men, % yes",17,pct,,chart,N,,The don't know/refused segments are not labelled.
C1_9_psychological_men_no,21,Chart 1.9,"Ever experienced each form of V&H at work, among those who have ever worked, by sex: psychological, men, % no",82,pct,,chart,N,,The don't know/refused segments are not labelled.
C1_9_psychological_women_yes,21,Chart 1.9,"Ever experienced each form of V&H at work, among those who have ever worked, by sex: psychological, women, % yes",16,pct,,chart,N,,The don't know/refused segments are not labelled.
C1_9_psychological_women_no,21,Chart 1.9,"Ever experienced each form of V&H at work, among those who have ever worked, by sex: psychological, women, % no",84,pct,,chart,N,,The don't know/refused segments are not labelled.
C1_9_physical_men_yes,21,Chart 1.9,"Ever experienced each form of V&H at work, among those who have ever worked, by sex: physical, men, % yes",8,pct,,chart,N,,The don't know/refused segments are not labelled.
C1_9_physical_men_no,21,Chart 1.9,"Ever experienced each form of V&H at work, among those who have ever worked, by sex: physical, men, % no",91,pct,,chart,N,,The don't know/refused segments are not labelled.
C1_9_physical_women_yes,21,Chart 1.9,"Ever experienced each form of V&H at work, among those who have ever worked, by sex: physical, women, % yes",6,pct,,chart,N,,The don't know/refused segments are not labelled.
C1_9_physical_women_no,21,Chart 1.9,"Ever experienced each form of V&H at work, among those who have ever worked, by sex: physical, women, % no",93,pct,,chart,N,,The don't know/refused segments are not labelled.
X28_women,21,Chapter 1,"Ever experienced sexual V&H at work, among those who have ever worked: women",6.5,pct,,text,N,,
X28_men,21,Chapter 1,"Ever experienced sexual V&H at work, among those who have ever worked: men",4.6,pct,,text,N,,
X28_northern_america,21,Chapter 1,"Ever experienced sexual V&H at work, among those who have ever worked: Northern America",15.8,pct,,text,N,,
X28_australia_nz,21,Chapter 1,"Ever experienced sexual V&H at work, among those who have ever worked: Australia & New Zealand",15.4,pct,,text,N,,
X28_northern_america_women,21,Chapter 1,"Ever experienced sexual V&H at work, among those who have ever worked: Northern America, women",23.0,pct,,text,N,,
X28_northern_america_men,21,Chapter 1,"Ever experienced sexual V&H at work, among those who have ever worked: Northern America, men",8.4,pct,,text,N,,
X28_australia_nz_women,21,Chapter 1,"Ever experienced sexual V&H at work, among those who have ever worked: Australia & New Zealand, women",24.8,pct,,text,N,,
X28_australia_nz_men,21,Chapter 1,"Ever experienced sexual V&H at work, among those who have ever worked: Australia & New Zealand, men",5.8,pct,,text,N,,
X29_psychological,22,Chapter 1,"Of those who experienced each form of V&H at work, % who experienced it three or more times: psychological",61.2,pct,,text,N,,
X29_psychological_more_five,22,Chapter 1,"Of those who experienced each form of V&H at work, % who experienced it three or more times: psychological, more than five times",36.9,pct,,text,N,,
X29_psychological_australia_nz,22,Chapter 1,"Of those who experienced each form of V&H at work, % who experienced it three or more times: psychological, Australia & New Zealand",79.3,pct,,text,N,,0.1 above the unrounded data. Adding the rounded 'three to five times' and 'more than five times' shares gives the published figure.
X29_psychological_northern_america,22,Chapter 1,"Of those who experienced each form of V&H at work, % who experienced it three or more times: psychological, Northern America",73.8,pct,,text,N,,
X29_physical_NLD,22,Chapter 1,"Of those who experienced each form of V&H at work, % who experienced it three or more times: physical, Netherlands ('more than three times')",71.6,pct,,text,N,,0.1 above the unrounded data. Adding the rounded 'three to five times' and 'more than five times' shares gives the published figure.
X29_sexual_BRA,22,Chapter 1,"Of those who experienced each form of V&H at work, % who experienced it three or more times: sexual, Brazil ('more than three times')",70.2,pct,,text,N,,
X29_physical,22,Chapter 1,"Of those who experienced each form of V&H at work, % who experienced it three or more times: physical",55.5,pct,,text,N,,
X29_sexual,22,Chapter 1,"Of those who experienced each form of V&H at work, % who experienced it three or more times: sexual",51.7,pct,,text,N,,
X29_physical_australia_nz,22,Chapter 1,"Of those who experienced each form of V&H at work, % who experienced it three or more times: physical, Australia & New Zealand",71.9,pct,,text,N,,0.1 above the unrounded data. Adding the rounded 'three to five times' and 'more than five times' shares gives the published figure.
X29_physical_central_western_africa,22,Chapter 1,"Of those who experienced each form of V&H at work, % who experienced it three or more times: physical, Central/Western Africa",67.2,pct,,text,N,,
X29_sexual_australia_nz,22,Chapter 1,"Of those who experienced each form of V&H at work, % who experienced it three or more times: sexual, Australia & New Zealand",65.4,pct,,text,N,,0.1 above the unrounded data (65.30%); adding the rounded 'three to five times' and 'more than five times' shares also gives 65.3. Not explained.
X29_sexual_northern_america,22,Chapter 1,"Of those who experienced each form of V&H at work, % who experienced it three or more times: sexual, Northern America",65.4,pct,,text,N,,
X29_sexual_australia_nz_women,22,Chapter 1,"Of those who experienced each form of V&H at work, % who experienced it three or more times: sexual, Australia & New Zealand, women",67.6,pct,,text,N,,
X29_sexual_australia_nz_men,22,Chapter 1,"Of those who experienced each form of V&H at work, % who experienced it three or more times: sexual, Australia & New Zealand, men",55.2,pct,,text,N,,
X29_sexual_northern_america_gap,22,Chapter 1,"Of those who experienced each form of V&H at work, % who experienced it three or more times: sexual, Northern America, gap (women minus men), 'not seen'",0,pct,,text,N,,
C1_10_sexual_once_twice,22,Chart 1.10,"Of those who experienced each form of V&H at work, how many times: sexual, % once or twice",45,pct,,chart,N,,The don't know/refused segments are not labelled.
C1_10_sexual_three_five,22,Chart 1.10,"Of those who experienced each form of V&H at work, how many times: sexual, % three to five times",23,pct,,chart,N,,The don't know/refused segments are not labelled.
C1_10_sexual_more_five,22,Chart 1.10,"Of those who experienced each form of V&H at work, how many times: sexual, % more than five times",29,pct,,chart,N,,The don't know/refused segments are not labelled.
C1_10_psychological_once_twice,22,Chart 1.10,"Of those who experienced each form of V&H at work, how many times: psychological, % once or twice",37,pct,,chart,N,,The don't know/refused segments are not labelled.
C1_10_psychological_three_five,22,Chart 1.10,"Of those who experienced each form of V&H at work, how many times: psychological, % three to five times",24,pct,,chart,N,,The don't know/refused segments are not labelled.
C1_10_psychological_more_five,22,Chart 1.10,"Of those who experienced each form of V&H at work, how many times: psychological, % more than five times",37,pct,,chart,N,,The don't know/refused segments are not labelled.
C1_10_physical_once_twice,22,Chart 1.10,"Of those who experienced each form of V&H at work, how many times: physical, % once or twice",43,pct,,chart,N,,The don't know/refused segments are not labelled.
C1_10_physical_three_five,22,Chart 1.10,"Of those who experienced each form of V&H at work, how many times: physical, % three to five times",23,pct,,chart,N,,The don't know/refused segments are not labelled.
C1_10_physical_more_five,22,Chart 1.10,"Of those who experienced each form of V&H at work, how many times: physical, % more than five times",33,pct,,chart,N,,The don't know/refused segments are not labelled.
T1_2_physical_australia_nz,22,Table 1.2,"Regions with the highest % experiencing each form of V&H at work three or more times: physical, Australia and New Zealand",71.9,pct,,table,N,,0.1 above the unrounded data. Adding the rounded 'three to five times' and 'more than five times' shares gives the published figure.
T1_2_physical_central_western_africa,22,Table 1.2,"Regions with the highest % experiencing each form of V&H at work three or more times: physical, Central/Western Africa",67.2,pct,,table,N,,
T1_2_physical_eastern_asia,22,Table 1.2,"Regions with the highest % experiencing each form of V&H at work three or more times: physical, East Asia",61.7,pct,,table,N,,
T1_2_physical_top3,22,Table 1.2,"Regions with the highest % experiencing physical V&H three or more times: the three regions, in order",australia_nz; central_western_africa; eastern_asia,text,,table,N,,
T1_2_psychological_australia_nz,22,Table 1.2,"Regions with the highest % experiencing each form of V&H at work three or more times: psychological, Australia and New Zealand",79.3,pct,,table,N,,0.1 above the unrounded data. Adding the rounded 'three to five times' and 'more than five times' shares gives the published figure.
T1_2_psychological_northern_america,22,Table 1.2,"Regions with the highest % experiencing each form of V&H at work three or more times: psychological, Northern America",73.8,pct,,table,N,,
T1_2_psychological_eastern_europe,22,Table 1.2,"Regions with the highest % experiencing each form of V&H at work three or more times: psychological, Eastern Europe",68.6,pct,,table,N,,
T1_2_psychological_top3,22,Table 1.2,"Regions with the highest % experiencing psychological V&H three or more times: the three regions, in order",australia_nz; northern_america; eastern_europe,text,,table,N,,
T1_2_sexual_northern_america,22,Table 1.2,"Regions with the highest % experiencing each form of V&H at work three or more times: sexual, Northern America",65.4,pct,,table,N,,
T1_2_sexual_australia_nz,22,Table 1.2,"Regions with the highest % experiencing each form of V&H at work three or more times: sexual, Australia and New Zealand",65.4,pct,,table,N,,0.1 above the unrounded data (65.30%); adding the rounded 'three to five times' and 'more than five times' shares also gives 65.3. Not explained.
T1_2_sexual_central_asia,22,Table 1.2,"Regions with the highest % experiencing each form of V&H at work three or more times: sexual, Central Asia",64.9,pct,,table,N,,0.1 above the unrounded data. Adding the rounded 'three to five times' and 'more than five times' shares gives the published figure.
T1_2_sexual_top3,22,Table 1.2,"Regions with the highest % experiencing sexual V&H three or more times: the three regions, in order",northern_america; australia_nz; central_asia,text,,table,N,,"Northern America (65.42%), Australia & New Zealand (65.30%) and Central Asia (64.83%) are followed closely by Latin America & Caribbean (64.81%)."
X30_one,24,Chapter 2,"Of those who experienced V&H at work, number of forms experienced: % one form",72.2,pct,,text,N,,
X30_two,24,Chapter 2,"Of those who experienced V&H at work, number of forms experienced: % two forms",23.3,pct,,text,N,,
X30_three,24,Chapter 2,"Of those who experienced V&H at work, number of forms experienced: % three forms",4.4,pct,,text,N,,
X31_SEN_three,"24, 27",Chapter 2,"Of those who experienced V&H at work, by country: Senegal, % all three forms",20.1,pct,,text,N,,
X31_ZMB_three,"24, 27",Chapter 2,"Of those who experienced V&H at work, by country: Zambia, % all three forms",15.9,pct,,text,N,,
X31_UGA_three,"24, 27",Chapter 2,"Of those who experienced V&H at work, by country: Uganda, % all three forms",15.1,pct,,text,N,,
X31_ZAF_three,"24, 27",Chapter 2,"Of those who experienced V&H at work, by country: South Africa, % all three forms",13.4,pct,,text,N,,
X31_SEN_multiple,"24, 27",Chapter 2,"Of those who experienced V&H at work, by country: Senegal, % more than one form",52.1,pct,,text,N,,
C2_1_men_one,24,Chart 2.1,"Of those who experienced V&H at work, number of forms experienced, by sex: men, % one type",74,pct,,chart,N,,
C2_1_men_two,24,Chart 2.1,"Of those who experienced V&H at work, number of forms experienced, by sex: men, % two types",23,pct,,chart,N,,
C2_1_men_three,24,Chart 2.1,"Of those who experienced V&H at work, number of forms experienced, by sex: men, % three types",4,pct,,chart,N,,
C2_1_women_one,24,Chart 2.1,"Of those who experienced V&H at work, number of forms experienced, by sex: women, % one type",70,pct,,chart,N,,
C2_1_women_two,24,Chart 2.1,"Of those who experienced V&H at work, number of forms experienced, by sex: women, % two types",24,pct,,chart,N,,
C2_1_women_three,24,Chart 2.1,"Of those who experienced V&H at work, number of forms experienced, by sex: women, % three types",6,pct,,chart,N,,
X32_men_psychological,25,Chapter 2,"Of those who experienced V&H at work, combination of forms: men, % psychological only",49.2,pct,,text,N,,"Base: respondents who answered yes or no to all three V&H questions. This excludes China (not asked about physical V&H), Saudi Arabia, the United Arab Emirates and Iraq (not asked about sexual V&H) and anyone who answered don't know or refused. The base used for Chart 2.1 gives quite different men's values."
X32_men_psychological_physical,25,Chapter 2,"Of those who experienced V&H at work, combination of forms: men, % psychological and physical",19.7,pct,,text,N,,"Base: respondents who answered yes or no to all three V&H questions. This excludes China (not asked about physical V&H), Saudi Arabia, the United Arab Emirates and Iraq (not asked about sexual V&H) and anyone who answered don't know or refused. The base used for Chart 2.1 gives quite different men's values."
X32_men_physical,25,Chapter 2,"Of those who experienced V&H at work, combination of forms: men, % physical only",15.7,pct,,text,N,,"Base: respondents who answered yes or no to all three V&H questions. This excludes China (not asked about physical V&H), Saudi Arabia, the United Arab Emirates and Iraq (not asked about sexual V&H) and anyone who answered don't know or refused. The base used for Chart 2.1 gives quite different men's values."
X32_women_psychological,25,Chapter 2,"Of those who experienced V&H at work, combination of forms: women, % psychological only",46.6,pct,,text,N,,"Base: respondents who answered yes or no to all three V&H questions. This excludes China (not asked about physical V&H), Saudi Arabia, the United Arab Emirates and Iraq (not asked about sexual V&H) and anyone who answered don't know or refused. The base used for Chart 2.1 gives quite different men's values."
X32_women_sexual,25,Chapter 2,"Of those who experienced V&H at work, combination of forms: women, % sexual only",12.0,pct,,text,N,,"Base: respondents who answered yes or no to all three V&H questions. This excludes China (not asked about physical V&H), Saudi Arabia, the United Arab Emirates and Iraq (not asked about sexual V&H) and anyone who answered don't know or refused. The base used for Chart 2.1 gives quite different men's values."
X32_women_sexual_psychological,25,Chapter 2,"Of those who experienced V&H at work, combination of forms: women, % sexual and psychological",11.3,pct,,text,N,,"Base: respondents who answered yes or no to all three V&H questions. This excludes China (not asked about physical V&H), Saudi Arabia, the United Arab Emirates and Iraq (not asked about sexual V&H) and anyone who answered don't know or refused. The base used for Chart 2.1 gives quite different men's values."
C2_2_men_psychological,26,Chart 2.2,"Of those who experienced V&H at work, combination of forms, by sex: men, % psychological only",49,pct,,chart,N,,"Base: respondents who answered yes or no to all three V&H questions. This excludes China (not asked about physical V&H), Saudi Arabia, the United Arab Emirates and Iraq (not asked about sexual V&H) and anyone who answered don't know or refused. The base used for Chart 2.1 gives quite different men's values. The men's sexual + physical segment is not labelled."
C2_2_men_psychological_physical,26,Chart 2.2,"Of those who experienced V&H at work, combination of forms, by sex: men, % psychological + physical",20,pct,,chart,N,,"Base: respondents who answered yes or no to all three V&H questions. This excludes China (not asked about physical V&H), Saudi Arabia, the United Arab Emirates and Iraq (not asked about sexual V&H) and anyone who answered don't know or refused. The base used for Chart 2.1 gives quite different men's values. The men's sexual + physical segment is not labelled."
C2_2_men_physical,26,Chart 2.2,"Of those who experienced V&H at work, combination of forms, by sex: men, % physical only",16,pct,,chart,N,,"Base: respondents who answered yes or no to all three V&H questions. This excludes China (not asked about physical V&H), Saudi Arabia, the United Arab Emirates and Iraq (not asked about sexual V&H) and anyone who answered don't know or refused. The base used for Chart 2.1 gives quite different men's values. The men's sexual + physical segment is not labelled."
C2_2_men_all_three,26,Chart 2.2,"Of those who experienced V&H at work, combination of forms, by sex: men, % sexual + physical + psychological",5,pct,,chart,N,,"Base: respondents who answered yes or no to all three V&H questions. This excludes China (not asked about physical V&H), Saudi Arabia, the United Arab Emirates and Iraq (not asked about sexual V&H) and anyone who answered don't know or refused. The base used for Chart 2.1 gives quite different men's values. The men's sexual + physical segment is not labelled."
C2_2_men_sexual_psychological,26,Chart 2.2,"Of those who experienced V&H at work, combination of forms, by sex: men, % sexual + psychological",4.5,pct,,chart,N,,"Base: respondents who answered yes or no to all three V&H questions. This excludes China (not asked about physical V&H), Saudi Arabia, the United Arab Emirates and Iraq (not asked about sexual V&H) and anyone who answered don't know or refused. The base used for Chart 2.1 gives quite different men's values. The men's sexual + physical segment is not labelled."
C2_2_men_sexual,26,Chart 2.2,"Of those who experienced V&H at work, combination of forms, by sex: men, % sexual only",4.5,pct,,chart,N,,"Base: respondents who answered yes or no to all three V&H questions. This excludes China (not asked about physical V&H), Saudi Arabia, the United Arab Emirates and Iraq (not asked about sexual V&H) and anyone who answered don't know or refused. The base used for Chart 2.1 gives quite different men's values. The men's sexual + physical segment is not labelled."
C2_2_women_psychological,26,Chart 2.2,"Of those who experienced V&H at work, combination of forms, by sex: women, % psychological only",47,pct,,chart,N,,"Base: respondents who answered yes or no to all three V&H questions. This excludes China (not asked about physical V&H), Saudi Arabia, the United Arab Emirates and Iraq (not asked about sexual V&H) and anyone who answered don't know or refused. The base used for Chart 2.1 gives quite different men's values. The men's sexual + physical segment is not labelled."
C2_2_women_sexual,26,Chart 2.2,"Of those who experienced V&H at work, combination of forms, by sex: women, % sexual only",12,pct,,chart,N,,"Base: respondents who answered yes or no to all three V&H questions. This excludes China (not asked about physical V&H), Saudi Arabia, the United Arab Emirates and Iraq (not asked about sexual V&H) and anyone who answered don't know or refused. The base used for Chart 2.1 gives quite different men's values. The men's sexual + physical segment is not labelled."
C2_2_women_sexual_psychological,26,Chart 2.2,"Of those who experienced V&H at work, combination of forms, by sex: women, % sexual + psychological",11,pct,,chart,N,,"Base: respondents who answered yes or no to all three V&H questions. This excludes China (not asked about physical V&H), Saudi Arabia, the United Arab Emirates and Iraq (not asked about sexual V&H) and anyone who answered don't know or refused. The base used for Chart 2.1 gives quite different men's values. The men's sexual + physical segment is not labelled."
C2_2_women_psychological_physical,26,Chart 2.2,"Of those who experienced V&H at work, combination of forms, by sex: women, % psychological + physical",11,pct,,chart,N,,"Base: respondents who answered yes or no to all three V&H questions. This excludes China (not asked about physical V&H), Saudi Arabia, the United Arab Emirates and Iraq (not asked about sexual V&H) and anyone who answered don't know or refused. The base used for Chart 2.1 gives quite different men's values. The men's sexual + physical segment is not labelled."
C2_2_women_physical,26,Chart 2.2,"Of those who experienced V&H at work, combination of forms, by sex: women, % physical only",9,pct,,chart,N,,"Base: respondents who answered yes or no to all three V&H questions. This excludes China (not asked about physical V&H), Saudi Arabia, the United Arab Emirates and Iraq (not asked about sexual V&H) and anyone who answered don't know or refused. The base used for Chart 2.1 gives quite different men's values. The men's sexual + physical segment is not labelled."
C2_2_women_all_three,26,Chart 2.2,"Of those who experienced V&H at work, combination of forms, by sex: women, % sexual + physical + psychological",7,pct,,chart,N,,"Base: respondents who answered yes or no to all three V&H questions. This excludes China (not asked about physical V&H), Saudi Arabia, the United Arab Emirates and Iraq (not asked about sexual V&H) and anyone who answered don't know or refused. The base used for Chart 2.1 gives quite different men's values. The men's sexual + physical segment is not labelled."
C2_2_women_sexual_physical,26,Chart 2.2,"Of those who experienced V&H at work, combination of forms, by sex: women, % sexual + physical",2,pct,,chart,N,,"Base: respondents who answered yes or no to all three V&H questions. This excludes China (not asked about physical V&H), Saudi Arabia, the United Arab Emirates and Iraq (not asked about sexual V&H) and anyone who answered don't know or refused. The base used for Chart 2.1 gives quite different men's values. The men's sexual + physical segment is not labelled."
X33_multiple_discrimination,26,Chapter 2,"Of those who experienced V&H at work, by experience of discrimination: experienced discrimination, % more than one form",37.6,pct,,text,N,,
X33_multiple_none,26,Chapter 2,"Of those who experienced V&H at work, by experience of discrimination: no discrimination, % more than one form",21.6,pct,,text,N,,
X33_three_none,26,Chapter 2,"Of those who experienced V&H at work, by experience of discrimination: no discrimination, % all three forms",1.5,pct,,text,N,,
X33_three_discrimination,26,Chapter 2,"Of those who experienced V&H at work, by experience of discrimination: experienced discrimination, % all three forms",9.1,pct,,text,N,,
C2_3_discrimination_one,27,Chart 2.3,"Of those who experienced V&H at work, number of forms, by experience of discrimination: experienced discrimination, % one type",62,pct,,chart,N,,The no-discrimination 'three types' segment is not labelled.
C2_3_discrimination_two,27,Chart 2.3,"Of those who experienced V&H at work, number of forms, by experience of discrimination: experienced discrimination, % two types",29,pct,,chart,N,,The no-discrimination 'three types' segment is not labelled.
C2_3_discrimination_three,27,Chart 2.3,"Of those who experienced V&H at work, number of forms, by experience of discrimination: experienced discrimination, % three types",9,pct,,chart,N,,The no-discrimination 'three types' segment is not labelled.
C2_3_none_one,27,Chart 2.3,"Of those who experienced V&H at work, number of forms, by experience of discrimination: no discrimination, % one type",78,pct,,chart,N,,The no-discrimination 'three types' segment is not labelled.
C2_3_none_two,27,Chart 2.3,"Of those who experienced V&H at work, number of forms, by experience of discrimination: no discrimination, % two types",20,pct,,chart,N,,The no-discrimination 'three types' segment is not labelled.
X34_low_income_multiple,27,Chapter 2,"Of those who experienced V&H at work, % more than one form and % all three forms: low-income countries, more than one form",42.9,pct,,text,N,,
X34_low_income_three,27,Chapter 2,"Of those who experienced V&H at work, % more than one form and % all three forms: low-income countries, all three forms",9.7,pct,,text,N,,
X34_eastern_africa_multiple,27,Chapter 2,"Of those who experienced V&H at work, % more than one form and % all three forms: Eastern Africa, more than one form",41.7,pct,,text,N,,
X34_eastern_africa_three,27,Chapter 2,"Of those who experienced V&H at work, % more than one form and % all three forms: Eastern Africa, all three forms",10.6,pct,,text,N,,
X34_southern_africa_multiple,27,Chapter 2,"Of those who experienced V&H at work, % more than one form and % all three forms: Southern Africa, more than one form",39.4,pct,,text,N,,
X34_southern_africa_three,27,Chapter 2,"Of those who experienced V&H at work, % more than one form and % all three forms: Southern Africa, all three forms",12.7,pct,,text,N,,
X35_tertiary,29,Chapter 3,"Experienced any V&H at work, among those who have ever worked, by education: tertiary",25.8,pct,,text,N,,
X35_primary,29,Chapter 3,"Experienced any V&H at work, among those who have ever worked, by education: primary or less",18.2,pct,,text,N,,
X35_secondary,29,Chapter 3,"Experienced any V&H at work, among those who have ever worked, by education: secondary",21.8,pct,,text,N,,
X35_men_tertiary,29,Chapter 3,"Experienced any V&H at work, among those who have ever worked, by education: men, tertiary",22.5,pct,,text,N,,
X35_men_primary,29,Chapter 3,"Experienced any V&H at work, among those who have ever worked, by education: men, primary",21.5,pct,,text,N,,
X35_women_primary,29,Chapter 3,"Experienced any V&H at work, among those who have ever worked, by education: women, primary",14.6,pct,,text,N,,
X35_women_gap,29,Chapter 3,"Experienced any V&H at work, among those who have ever worked, by education: women, gap (tertiary minus primary)",14.7,pct,,text,N,,
X35_men_gap,29,Chapter 3,"Experienced any V&H at work, among those who have ever worked, by education: men, gap (tertiary minus primary)",1,pct,,text,N,,
C3_1_tertiary_none,29,Chart 3.1,"Women: number of forms of V&H at work experienced, among those who have ever worked, by education: tertiary, % no type",71,pct,,chart,N,,The '3 types' segments are not labelled.
C3_1_tertiary_one,29,Chart 3.1,"Women: number of forms of V&H at work experienced, among those who have ever worked, by education: tertiary, % 1 type",21,pct,,chart,N,,The '3 types' segments are not labelled.
C3_1_tertiary_two,29,Chart 3.1,"Women: number of forms of V&H at work experienced, among those who have ever worked, by education: tertiary, % 2 types",7,pct,,chart,N,,The '3 types' segments are not labelled.
C3_1_secondary_none,29,Chart 3.1,"Women: number of forms of V&H at work experienced, among those who have ever worked, by education: secondary, % no type",79,pct,,chart,N,,The '3 types' segments are not labelled.
C3_1_secondary_one,29,Chart 3.1,"Women: number of forms of V&H at work experienced, among those who have ever worked, by education: secondary, % 1 type",15,pct,,chart,N,,The '3 types' segments are not labelled.
C3_1_secondary_two,29,Chart 3.1,"Women: number of forms of V&H at work experienced, among those who have ever worked, by education: secondary, % 2 types",5,pct,,chart,N,,The '3 types' segments are not labelled.
C3_1_primary_none,29,Chart 3.1,"Women: number of forms of V&H at work experienced, among those who have ever worked, by education: primary, % no type",85,pct,,chart,N,,The '3 types' segments are not labelled.
C3_1_primary_one,29,Chart 3.1,"Women: number of forms of V&H at work experienced, among those who have ever worked, by education: primary, % 1 type",10,pct,,chart,N,,The '3 types' segments are not labelled.
C3_1_primary_two,29,Chart 3.1,"Women: number of forms of V&H at work experienced, among those who have ever worked, by education: primary, % 2 types",4,pct,,chart,N,,The '3 types' segments are not labelled.
X36_DEU,30,Chapter 3,"Women: gap (tertiary minus primary), % experienced any V&H at work, among those who have ever worked: Germany",15.1,pct,,text,N,,"Country samples of women with primary education are small (Germany 11, Sweden 14, Israel 17, Italy 68)."
X36_SWE,30,Chapter 3,"Women: gap (tertiary minus primary), % experienced any V&H at work, among those who have ever worked: Sweden",37.2,pct,,text,N,,"Country samples of women with primary education are small (Germany 11, Sweden 14, Israel 17, Italy 68)."
X36_ITA,30,Chapter 3,"Women: gap (tertiary minus primary), % experienced any V&H at work, among those who have ever worked: Italy",6.5,pct,,text,N,,"Country samples of women with primary education are small (Germany 11, Sweden 14, Israel 17, Italy 68)."
X36_ISR,30,Chapter 3,"Women: gap (tertiary minus primary), % experienced any V&H at work, among those who have ever worked: Israel ('no difference')",0,pct,,text,N,,"Country samples of women with primary education are small (Germany 11, Sweden 14, Israel 17, Italy 68)."
X37_women_secondary,30,Chapter 3,"Of those who experienced V&H at work, % who told someone: women, secondary",60.2,pct,,text,N,,
X37_women_primary,30,Chapter 3,"Of those who experienced V&H at work, % who told someone: women, primary",37.6,pct,,text,N,,
X37_all,30,Chapter 3,"Of those who experienced V&H at work, % who told someone: all",51.8,pct,,text,N,,
X37_men_primary,30,Chapter 3,"Of those who experienced V&H at work, % who told someone: men, primary",42.2,pct,,text,N,,
X37_men_secondary,30,Chapter 3,"Of those who experienced V&H at work, % who told someone: men, secondary",47.7,pct,,text,N,,
X37_men_tertiary,30,Chapter 3,"Of those who experienced V&H at work, % who told someone: men, tertiary",57.8,pct,,text,N,,
C3_2_tertiary_no,31,Chart 3.2,"Women who experienced V&H at work: told someone, by education: tertiary, % didn't tell someone",28,pct,,chart,N,,
C3_2_tertiary_yes,31,Chart 3.2,"Women who experienced V&H at work: told someone, by education: tertiary, % told someone",72,pct,,chart,N,,
C3_2_secondary_no,31,Chart 3.2,"Women who experienced V&H at work: told someone, by education: secondary, % didn't tell someone",39,pct,,chart,N,,
C3_2_secondary_yes,31,Chart 3.2,"Women who experienced V&H at work: told someone, by education: secondary, % told someone",60,pct,,chart,N,,
C3_2_primary_no,31,Chart 3.2,"Women who experienced V&H at work: told someone, by education: primary, % didn't tell someone",61,pct,,chart,N,,
C3_2_primary_yes,31,Chart 3.2,"Women who experienced V&H at work: told someone, by education: primary, % told someone",38,pct,,chart,N,,
T3_1_tertiary_employer,31,Table 3.1,"Women who experienced V&H at work and told someone: % who told each, by education: tertiary, employer",53,pct,,table,N,,
T3_1_tertiary_coworker,31,Table 3.1,"Women who experienced V&H at work and told someone: % who told each, by education: tertiary, co-worker",74,pct,,table,N,,
T3_1_tertiary_family,31,Table 3.1,"Women who experienced V&H at work and told someone: % who told each, by education: tertiary, friend or family",87,pct,,table,N,,
T3_1_tertiary_union,31,Table 3.1,"Women who experienced V&H at work and told someone: % who told each, by education: tertiary, trade union",11,pct,,table,N,,
T3_1_tertiary_police,31,Table 3.1,"Women who experienced V&H at work and told someone: % who told each, by education: tertiary, police/community leader",11,pct,,table,N,,
T3_1_tertiary_social,31,Table 3.1,"Women who experienced V&H at work and told someone: % who told each, by education: tertiary, social services",6,pct,,table,N,,
T3_1_secondary_employer,31,Table 3.1,"Women who experienced V&H at work and told someone: % who told each, by education: secondary, employer",52,pct,,table,N,,
T3_1_secondary_coworker,31,Table 3.1,"Women who experienced V&H at work and told someone: % who told each, by education: secondary, co-worker",66,pct,,table,N,,
T3_1_secondary_family,31,Table 3.1,"Women who experienced V&H at work and told someone: % who told each, by education: secondary, friend or family",86,pct,,table,N,,
T3_1_secondary_union,31,Table 3.1,"Women who experienced V&H at work and told someone: % who told each, by education: secondary, trade union",12,pct,,table,N,,
T3_1_secondary_police,31,Table 3.1,"Women who experienced V&H at work and told someone: % who told each, by education: secondary, police/community leader",10,pct,,table,N,,
T3_1_secondary_social,31,Table 3.1,"Women who experienced V&H at work and told someone: % who told each, by education: secondary, social services",6,pct,,table,N,,
T3_1_primary_employer,31,Table 3.1,"Women who experienced V&H at work and told someone: % who told each, by education: primary, employer",46,pct,,table,N,,
T3_1_primary_coworker,31,Table 3.1,"Women who experienced V&H at work and told someone: % who told each, by education: primary, co-worker",53,pct,,table,N,,
T3_1_primary_family,31,Table 3.1,"Women who experienced V&H at work and told someone: % who told each, by education: primary, friend or family",80,pct,,table,N,,
T3_1_primary_union,31,Table 3.1,"Women who experienced V&H at work and told someone: % who told each, by education: primary, trade union",21,pct,,table,N,,
T3_1_primary_police,31,Table 3.1,"Women who experienced V&H at work and told someone: % who told each, by education: primary, police/community leader",22,pct,,table,N,,
T3_1_primary_social,31,Table 3.1,"Women who experienced V&H at work and told someone: % who told each, by education: primary, social services",16,pct,,table,N,,
T3_2_tertiary_find_out,32,Table 3.2,"Women who experienced V&H at work and did not tell anyone: % giving each reason, by education: tertiary, worried people at work would find out",31,pct,,table,N,,
T3_2_tertiary_reputation,32,Table 3.2,"Women who experienced V&H at work and did not tell anyone: % giving each reason, by education: tertiary, fear for my reputation",39,pct,,table,N,,
T3_2_tertiary_waste,32,Table 3.2,"Women who experienced V&H at work and did not tell anyone: % giving each reason, by education: tertiary, waste of time",51,pct,,table,N,,
T3_2_secondary_find_out,32,Table 3.2,"Women who experienced V&H at work and did not tell anyone: % giving each reason, by education: secondary, worried people at work would find out",41,pct,,table,N,,
T3_2_secondary_reputation,32,Table 3.2,"Women who experienced V&H at work and did not tell anyone: % giving each reason, by education: secondary, fear for my reputation",42,pct,,table,N,,
T3_2_secondary_waste,32,Table 3.2,"Women who experienced V&H at work and did not tell anyone: % giving each reason, by education: secondary, waste of time",52,pct,,table,N,,
T3_2_primary_find_out,32,Table 3.2,"Women who experienced V&H at work and did not tell anyone: % giving each reason, by education: primary, worried people at work would find out",57,pct,,table,N,,
T3_2_primary_reputation,32,Table 3.2,"Women who experienced V&H at work and did not tell anyone: % giving each reason, by education: primary, fear for my reputation",53,pct,,table,N,,
T3_2_primary_waste,32,Table 3.2,"Women who experienced V&H at work and did not tell anyone: % giving each reason, by education: primary, waste of time",55,pct,,table,N,,
C3_3_women_native,33,Chart 3.3,"Experienced any V&H at work, among those who have ever worked, by country of birth and sex: women, % native born",21,pct,,chart,Y,WP4657,
C3_3_women_foreign,33,Chart 3.3,"Experienced any V&H at work, among those who have ever worked, by country of birth and sex: women, % foreign born",30,pct,,chart,Y,WP4657,
C3_3_men_native,33,Chart 3.3,"Experienced any V&H at work, among those who have ever worked, by country of birth and sex: men, % native born",23,pct,,chart,Y,WP4657,
C3_3_men_foreign,33,Chart 3.3,"Experienced any V&H at work, among those who have ever worked, by country of birth and sex: men, % foreign born",26,pct,,chart,Y,WP4657,
X38_men_foreign,33,Chapter 3,"Experienced any V&H at work, among those who have ever worked, by country of birth: men, foreign-born",25.5,pct,,text,Y,WP4657,Page 6 gives native-born women as 21.5% (X11_native).
X38_men_native,33,Chapter 3,"Experienced any V&H at work, among those who have ever worked, by country of birth: men, native-born",23.4,pct,,text,Y,WP4657,Page 6 gives native-born women as 21.5% (X11_native).
X38_women_native,33,Chapter 3,"Experienced any V&H at work, among those who have ever worked, by country of birth: women, native-born",21.0,pct,,text,Y,WP4657,Page 6 gives native-born women as 21.5% (X11_native).
C3_4_poorest_native,33,Chart 3.4,"Women: experienced any V&H at work, among those who have ever worked, by income quintile and country of birth: poorest 20%, % native-born",20,pct,,chart,Y,WP4657,
C3_4_poorest_foreign,33,Chart 3.4,"Women: experienced any V&H at work, among those who have ever worked, by income quintile and country of birth: poorest 20%, % foreign-born",32,pct,,chart,Y,WP4657,
C3_4_second_native,33,Chart 3.4,"Women: experienced any V&H at work, among those who have ever worked, by income quintile and country of birth: second 20%, % native-born",21,pct,,chart,Y,WP4657,
C3_4_second_foreign,33,Chart 3.4,"Women: experienced any V&H at work, among those who have ever worked, by income quintile and country of birth: second 20%, % foreign-born",30,pct,,chart,Y,WP4657,
C3_4_middle_native,33,Chart 3.4,"Women: experienced any V&H at work, among those who have ever worked, by income quintile and country of birth: middle 20%, % native-born",19,pct,,chart,Y,WP4657,
C3_4_middle_foreign,33,Chart 3.4,"Women: experienced any V&H at work, among those who have ever worked, by income quintile and country of birth: middle 20%, % foreign-born",28,pct,,chart,Y,WP4657,
C3_4_fourth_native,33,Chart 3.4,"Women: experienced any V&H at work, among those who have ever worked, by income quintile and country of birth: fourth 20%, % native-born",22,pct,,chart,Y,WP4657,
C3_4_fourth_foreign,33,Chart 3.4,"Women: experienced any V&H at work, among those who have ever worked, by income quintile and country of birth: fourth 20%, % foreign-born",29,pct,,chart,Y,WP4657,
C3_4_richest_native,33,Chart 3.4,"Women: experienced any V&H at work, among those who have ever worked, by income quintile and country of birth: richest 20%, % native-born",24,pct,,chart,Y,WP4657,
C3_4_richest_foreign,33,Chart 3.4,"Women: experienced any V&H at work, among those who have ever worked, by income quintile and country of birth: richest 20%, % foreign-born",31,pct,,chart,Y,WP4657,
C3_5_low_native,34,Chart 3.5,"Women: experienced any V&H at work, among those who have ever worked, by World Bank income group and country of birth: low-income countries, % native-born",24,pct,,chart,Y,WP4657,
C3_5_low_foreign,34,Chart 3.5,"Women: experienced any V&H at work, among those who have ever worked, by World Bank income group and country of birth: low-income countries, % foreign-born",31,pct,,chart,Y,WP4657,
C3_5_lower_middle_native,34,Chart 3.5,"Women: experienced any V&H at work, among those who have ever worked, by World Bank income group and country of birth: lower-middle-income countries, % native-born",12,pct,,chart,Y,WP4657,
C3_5_lower_middle_foreign,34,Chart 3.5,"Women: experienced any V&H at work, among those who have ever worked, by World Bank income group and country of birth: lower-middle-income countries, % foreign-born",22,pct,,chart,Y,WP4657,
C3_5_upper_middle_native,34,Chart 3.5,"Women: experienced any V&H at work, among those who have ever worked, by World Bank income group and country of birth: upper-middle-income countries, % native-born",20,pct,,chart,Y,WP4657,
C3_5_upper_middle_foreign,34,Chart 3.5,"Women: experienced any V&H at work, among those who have ever worked, by World Bank income group and country of birth: upper-middle-income countries, % foreign-born",24,pct,,chart,Y,WP4657,
C3_5_high_native,34,Chart 3.5,"Women: experienced any V&H at work, among those who have ever worked, by World Bank income group and country of birth: high-income countries, % native-born",34,pct,,chart,Y,WP4657,
C3_5_high_foreign,34,Chart 3.5,"Women: experienced any V&H at work, among those who have ever worked, by World Bank income group and country of birth: high-income countries, % foreign-born",34,pct,,chart,Y,WP4657,
X39_foreign,35,Chapter 3,"Women who experienced V&H at work, poorest 20%: % who experienced discrimination because of skin colour: foreign-born",18.7,pct,,text,Y,WP4657,
X39_native,35,Chapter 3,"Women who experienced V&H at work, poorest 20%: % who experienced discrimination because of skin colour: native-born",9.9,pct,,text,Y,WP4657,
C3_6_poorest_native,35,Chart 3.6,"Women who experienced V&H at work: % who experienced discrimination because of skin colour, by income quintile and country of birth: poorest 20%, % native-born",10,pct,,chart,Y,WP4657,"The title reads as V&H among women who experienced this discrimination; the text on page 35 describes the values as the % who experienced this discrimination among women who experienced V&H, which is what the code computes."
C3_6_poorest_foreign,35,Chart 3.6,"Women who experienced V&H at work: % who experienced discrimination because of skin colour, by income quintile and country of birth: poorest 20%, % foreign-born",19,pct,,chart,Y,WP4657,"The title reads as V&H among women who experienced this discrimination; the text on page 35 describes the values as the % who experienced this discrimination among women who experienced V&H, which is what the code computes."
C3_6_second_native,35,Chart 3.6,"Women who experienced V&H at work: % who experienced discrimination because of skin colour, by income quintile and country of birth: second 20%, % native-born",10,pct,,chart,Y,WP4657,"The title reads as V&H among women who experienced this discrimination; the text on page 35 describes the values as the % who experienced this discrimination among women who experienced V&H, which is what the code computes."
C3_6_second_foreign,35,Chart 3.6,"Women who experienced V&H at work: % who experienced discrimination because of skin colour, by income quintile and country of birth: second 20%, % foreign-born",13,pct,,chart,Y,WP4657,"The title reads as V&H among women who experienced this discrimination; the text on page 35 describes the values as the % who experienced this discrimination among women who experienced V&H, which is what the code computes."
C3_6_middle_native,35,Chart 3.6,"Women who experienced V&H at work: % who experienced discrimination because of skin colour, by income quintile and country of birth: middle 20%, % native-born",9,pct,,chart,Y,WP4657,"The title reads as V&H among women who experienced this discrimination; the text on page 35 describes the values as the % who experienced this discrimination among women who experienced V&H, which is what the code computes."
C3_6_middle_foreign,35,Chart 3.6,"Women who experienced V&H at work: % who experienced discrimination because of skin colour, by income quintile and country of birth: middle 20%, % foreign-born",10,pct,,chart,Y,WP4657,"The title reads as V&H among women who experienced this discrimination; the text on page 35 describes the values as the % who experienced this discrimination among women who experienced V&H, which is what the code computes."
C3_6_fourth_native,35,Chart 3.6,"Women who experienced V&H at work: % who experienced discrimination because of skin colour, by income quintile and country of birth: fourth 20%, % native-born",7,pct,,chart,Y,WP4657,"The title reads as V&H among women who experienced this discrimination; the text on page 35 describes the values as the % who experienced this discrimination among women who experienced V&H, which is what the code computes."
C3_6_fourth_foreign,35,Chart 3.6,"Women who experienced V&H at work: % who experienced discrimination because of skin colour, by income quintile and country of birth: fourth 20%, % foreign-born",10,pct,,chart,Y,WP4657,"The title reads as V&H among women who experienced this discrimination; the text on page 35 describes the values as the % who experienced this discrimination among women who experienced V&H, which is what the code computes."
C3_6_richest_native,35,Chart 3.6,"Women who experienced V&H at work: % who experienced discrimination because of skin colour, by income quintile and country of birth: richest 20%, % native-born",10,pct,,chart,Y,WP4657,"The title reads as V&H among women who experienced this discrimination; the text on page 35 describes the values as the % who experienced this discrimination among women who experienced V&H, which is what the code computes."
C3_6_richest_foreign,35,Chart 3.6,"Women who experienced V&H at work: % who experienced discrimination because of skin colour, by income quintile and country of birth: richest 20%, % foreign-born",8,pct,,chart,Y,WP4657,"The title reads as V&H among women who experienced this discrimination; the text on page 35 describes the values as the % who experienced this discrimination among women who experienced V&H, which is what the code computes."
C3_7_poorest_native,35,Chart 3.7,"Women who experienced V&H at work: % who experienced discrimination because of nationality or ethnic group, by income quintile and country of birth: poorest 20%, % native-born",10,pct,,chart,Y,WP4657,"The title reads as V&H among women who experienced this discrimination; the text on page 35 describes the values as the % who experienced this discrimination among women who experienced V&H, which is what the code computes."
C3_7_poorest_foreign,35,Chart 3.7,"Women who experienced V&H at work: % who experienced discrimination because of nationality or ethnic group, by income quintile and country of birth: poorest 20%, % foreign-born",24,pct,,chart,Y,WP4657,"The title reads as V&H among women who experienced this discrimination; the text on page 35 describes the values as the % who experienced this discrimination among women who experienced V&H, which is what the code computes."
C3_7_second_native,35,Chart 3.7,"Women who experienced V&H at work: % who experienced discrimination because of nationality or ethnic group, by income quintile and country of birth: second 20%, % native-born",10,pct,,chart,Y,WP4657,"The title reads as V&H among women who experienced this discrimination; the text on page 35 describes the values as the % who experienced this discrimination among women who experienced V&H, which is what the code computes."
C3_7_second_foreign,35,Chart 3.7,"Women who experienced V&H at work: % who experienced discrimination because of nationality or ethnic group, by income quintile and country of birth: second 20%, % foreign-born",24,pct,,chart,Y,WP4657,"The title reads as V&H among women who experienced this discrimination; the text on page 35 describes the values as the % who experienced this discrimination among women who experienced V&H, which is what the code computes."
C3_7_middle_native,35,Chart 3.7,"Women who experienced V&H at work: % who experienced discrimination because of nationality or ethnic group, by income quintile and country of birth: middle 20%, % native-born",10,pct,,chart,Y,WP4657,"The title reads as V&H among women who experienced this discrimination; the text on page 35 describes the values as the % who experienced this discrimination among women who experienced V&H, which is what the code computes."
C3_7_middle_foreign,35,Chart 3.7,"Women who experienced V&H at work: % who experienced discrimination because of nationality or ethnic group, by income quintile and country of birth: middle 20%, % foreign-born",20,pct,,chart,Y,WP4657,"The title reads as V&H among women who experienced this discrimination; the text on page 35 describes the values as the % who experienced this discrimination among women who experienced V&H, which is what the code computes."
C3_7_fourth_native,35,Chart 3.7,"Women who experienced V&H at work: % who experienced discrimination because of nationality or ethnic group, by income quintile and country of birth: fourth 20%, % native-born",9,pct,,chart,Y,WP4657,"The title reads as V&H among women who experienced this discrimination; the text on page 35 describes the values as the % who experienced this discrimination among women who experienced V&H, which is what the code computes."
C3_7_fourth_foreign,35,Chart 3.7,"Women who experienced V&H at work: % who experienced discrimination because of nationality or ethnic group, by income quintile and country of birth: fourth 20%, % foreign-born",19,pct,,chart,Y,WP4657,"The title reads as V&H among women who experienced this discrimination; the text on page 35 describes the values as the % who experienced this discrimination among women who experienced V&H, which is what the code computes."
C3_7_richest_native,35,Chart 3.7,"Women who experienced V&H at work: % who experienced discrimination because of nationality or ethnic group, by income quintile and country of birth: richest 20%, % native-born",11,pct,,chart,Y,WP4657,"The title reads as V&H among women who experienced this discrimination; the text on page 35 describes the values as the % who experienced this discrimination among women who experienced V&H, which is what the code computes."
C3_7_richest_foreign,35,Chart 3.7,"Women who experienced V&H at work: % who experienced discrimination because of nationality or ethnic group, by income quintile and country of birth: richest 20%, % foreign-born",22,pct,,chart,Y,WP4657,"The title reads as V&H among women who experienced this discrimination; the text on page 35 describes the values as the % who experienced this discrimination among women who experienced V&H, which is what the code computes."
X40_told_native,36,Chapter 3,"Women who experienced V&H at work, by country of birth: % told someone, native-born",61.1,pct,,text,Y,WP4657,
X40_told_foreign,36,Chapter 3,"Women who experienced V&H at work, by country of birth: % told someone, foreign-born",56.5,pct,,text,Y,WP4657,
X40_told_poorest_gap,36,Chapter 3,"Women who experienced V&H at work, by country of birth: % told someone, poorest 20%, gap (native minus foreign)",11.3,pct,,text,Y,WP4657,
X40_employer_foreign,36,Chapter 3,"Women who experienced V&H at work, by country of birth: told someone: % told employer, foreign-born",58.8,pct,,text,Y,WP4657,
X40_employer_native,36,Chapter 3,"Women who experienced V&H at work, by country of birth: told someone: % told employer, native-born",50.2,pct,,text,Y,WP4657,
X40_coworker_foreign,36,Chapter 3,"Women who experienced V&H at work, by country of birth: told someone: % told a co-worker, foreign-born",70.3,pct,,text,Y,WP4657,
X40_coworker_native,36,Chapter 3,"Women who experienced V&H at work, by country of birth: told someone: % told a co-worker, native-born",66.0,pct,,text,Y,WP4657,
X40_family_native,36,Chapter 3,"Women who experienced V&H at work, by country of birth: told someone: % told friend or family, native-born",85.7,pct,,text,Y,WP4657,
X40_family_foreign,36,Chapter 3,"Women who experienced V&H at work, by country of birth: told someone: % told friend or family, foreign-born",79.9,pct,,text,Y,WP4657,
X40_not_know_foreign,36,Chapter 3,"Women who experienced V&H at work, by country of birth: did not tell: % did not know what to do, foreign-born",51.1,pct,,text,Y,WP4657,
X40_not_know_native,36,Chapter 3,"Women who experienced V&H at work, by country of birth: did not tell: % did not know what to do, native-born",46.4,pct,,text,Y,WP4657,
X40_procedures_foreign,36,Chapter 3,"Women who experienced V&H at work, by country of birth: did not tell: % procedures at work unclear, foreign-born",60.2,pct,,text,Y,WP4657,
X40_procedures_native,36,Chapter 3,"Women who experienced V&H at work, by country of birth: did not tell: % procedures at work unclear, native-born",40.6,pct,,text,Y,WP4657,
X40_punishment_foreign,36,Chapter 3,"Women who experienced V&H at work, by country of birth: did not tell: % fear of punishment, foreign-born",27.2,pct,,text,Y,WP4657,
X40_punishment_native,36,Chapter 3,"Women who experienced V&H at work, by country of birth: did not tell: % fear of punishment, native-born",35.9,pct,,text,Y,WP4657,
C3_8_poorest_native,36,Chart 3.8,"Women who experienced V&H at work: % who told someone, by income quintile and country of birth: poorest 20%, % native-born",52,pct,,chart,Y,WP4657,
C3_8_poorest_foreign,36,Chart 3.8,"Women who experienced V&H at work: % who told someone, by income quintile and country of birth: poorest 20%, % foreign-born",41,pct,,chart,Y,WP4657,
C3_8_second_native,36,Chart 3.8,"Women who experienced V&H at work: % who told someone, by income quintile and country of birth: second 20%, % native-born",61,pct,,chart,Y,WP4657,
C3_8_second_foreign,36,Chart 3.8,"Women who experienced V&H at work: % who told someone, by income quintile and country of birth: second 20%, % foreign-born",65,pct,,chart,Y,WP4657,
C3_8_middle_native,36,Chart 3.8,"Women who experienced V&H at work: % who told someone, by income quintile and country of birth: middle 20%, % native-born",61,pct,,chart,Y,WP4657,
C3_8_middle_foreign,36,Chart 3.8,"Women who experienced V&H at work: % who told someone, by income quintile and country of birth: middle 20%, % foreign-born",53,pct,,chart,Y,WP4657,
C3_8_fourth_native,36,Chart 3.8,"Women who experienced V&H at work: % who told someone, by income quintile and country of birth: fourth 20%, % native-born",65,pct,,chart,Y,WP4657,
C3_8_fourth_foreign,36,Chart 3.8,"Women who experienced V&H at work: % who told someone, by income quintile and country of birth: fourth 20%, % foreign-born",69,pct,,chart,Y,WP4657,
C3_8_richest_native,36,Chart 3.8,"Women who experienced V&H at work: % who told someone, by income quintile and country of birth: richest 20%, % native-born",67,pct,,chart,Y,WP4657,
C3_8_richest_foreign,36,Chart 3.8,"Women who experienced V&H at work: % who told someone, by income quintile and country of birth: richest 20%, % foreign-born",66,pct,,chart,Y,WP4657,
X41_answered_first,45,Appendix 3,"Respondents who said they had never worked, but not at the first V&H question: answered the first question",780,count,,text,N,,"The first question is physical V&H, or psychological V&H in China (not asked the physical question)."
X41_first_yes,45,Appendix 3,"Respondents who said they had never worked, but not at the first V&H question: answered yes to the first question",45,count,,text,N,,"The first question is physical V&H, or psychological V&H in China (not asked the physical question)."
X41_first_no,45,Appendix 3,"Respondents who said they had never worked, but not at the first V&H question: answered no to the first question",716,count,,text,N,,"The first question is physical V&H, or psychological V&H in China (not asked the physical question)."
X42,45,Appendix 3,"Respondents for whom the final V&H question was about sexual V&H ('1,295 respondents')",1295,count,,text,N,,"The sentence is garbled and it is not clear what 1,295 counts. The code gives the respondents outside China who reached the sexual question in its modified wording (Algeria, Jordan, Morocco, Pakistan); no count tried (respondents asked the modified wording, never-worked at the sexual question, not asked) gives 1,295."
X43,45,Appendix 3,"Of those who first said they had never worked at the final (sexual) V&H question, % women",63,pct,,text,N,,"Unweighted share of respondents, as the surrounding counts are respondent counts."
X44,46,Appendix 3,Respondents who said they had never worked but first said yes to a V&H question ('99 respondents'),99,count,,text,N,,"99 is the number of yes answers (43 physical, 56 psychological); they come from 91 respondents."
TA3_1_first,"45, 46",Table A3.1,"Respondents who said they had never worked, by the V&H question at which they first said so: first question (physical; psychological in China)",11258,count,,table,N,,
TA3_1_second,"45, 46",Table A3.1,"Respondents who said they had never worked, by the V&H question at which they first said so: second question (psychological; sexual in China)",469,count,,table,N,,
TA3_1_third,"45, 46",Table A3.1,"Respondents who said they had never worked, by the V&H question at which they first said so: third question (sexual)",311,count,,table,N,,
TA3_1_total,"45, 46",Table A3.1,"Respondents who said they had never worked, by the V&H question at which they first said so: total",12038,count,,table,N,,
