finding_id,page,section,description,published_value,unit,tolerance,source,requires_gallup,gallup_items,note
X01,3,Executive summary,"Interviews in 2023 ('nearly 147,000')",147000,count,1000,text,N,,
X02,3,Executive summary,Countries and territories surveyed in 2023,142,count,0,text,N,,
X03,3,Executive summary,Countries surveyed in both 2021 and 2023,120,count,0,text,N,,
X04,3,Executive summary,Global Resilience Index 2023,57,index,,text,N,,
X05,3,Executive summary,Global Resilience Index 2021,55,index,,text,N,,
X06,3,Executive summary,Countries with no significant change in Resilience Index 2021-2023 ('90 of 120'),90,count,0,text,N,,Chart 2.2 footnote: only 118 countries have comparable Resilience Index scores in both years.
X07,3,Executive summary,Countries with significant declines (4 points or more) in the Resilience Index,20,count,0,text,N,,
X08,3,Executive summary,Countries with significant increases (4 points or more) in the Resilience Index,8,count,0,text,N,,
X09,3,Executive summary,Countries with significant drops in individual resilience,42,count,0,text,N,,
X10,3,Executive summary,"% who can do nothing to protect themselves/family from a future disaster, 2021",36,pct,,text,N,,
X11,3,Executive summary,"% who can do nothing to protect themselves/family from a future disaster, 2023",43,pct,,text,N,,
X12,4,Executive summary,"Among those who experienced a disaster in past five years: % received no warning, 2023",30,pct,,text,N,,
X13,4,Executive summary,"Among those who experienced a disaster in past five years: % received no warning, 2021",31,pct,,text,N,,
X14,4,Executive summary,Among those who experienced a disaster and were not warned: % who have a mobile phone,77,pct,,text,Y,GWP_MOBILE_PHONE,Placeholder GWP item code (mobile phone ownership); see README.
X15,4,Executive summary,"% personally experienced a disaster in past five years, 2023",30,pct,,text,N,,
X16,4,Executive summary,"% personally experienced a disaster in past five years, 2021",27,pct,,text,N,,
X17,4,Executive summary,Countries measured in both years used for the disaster-planning trend,120,count,0,text,N,,
X18,7,Chapter 2,Global Resilience Index 2021 (box),55,index,,text,N,,
X19,7,Chapter 2,Global Resilience Index 2023 (box),57,index,,text,N,,
X20,7,Chapter 2,Countries with significant decreases (box),20,count,0,text,N,,
X21,7,Chapter 2,Countries with significant increases (box),8,count,0,text,N,,
X22,7,Chapter 2,"Point increase in Eastern Asia's Resilience Index, 2021-2023",3,points,,text,N,,The report computes point changes from rounded figures (65 - 62); the reproduced value is the unrounded change.
C2_1_east_asia_2021,7,Chart 2.1,"Resilience Index, Eastern Asia, 2021",62,index,,chart,N,,"2021 figures use the 2023 GlobalRegion of each country (Iran moves from Middle East to Southern Asia), which is what reproduces the chart."
C2_1_east_asia_2023,7,Chart 2.1,"Resilience Index, Eastern Asia, 2023",65,index,,chart,N,,
C2_1_southeast_asia_2021,7,Chart 2.1,"Resilience Index, Southeastern Asia, 2021",64,index,,chart,N,,"2021 figures use the 2023 GlobalRegion of each country (Iran moves from Middle East to Southern Asia), which is what reproduces the chart."
C2_1_southeast_asia_2023,7,Chart 2.1,"Resilience Index, Southeastern Asia, 2023",65,index,,chart,N,,
C2_1_anz_2021,7,Chart 2.1,"Resilience Index, Australia & New Zealand, 2021",66,index,,chart,N,,"2021 figures use the 2023 GlobalRegion of each country (Iran moves from Middle East to Southern Asia), which is what reproduces the chart."
C2_1_anz_2023,7,Chart 2.1,"Resilience Index, Australia & New Zealand, 2023",64,index,,chart,N,,
C2_1_northern_western_europe_2021,7,Chart 2.1,"Resilience Index, Northern/Western Europe, 2021",64,index,,chart,N,,"2021 figures use the 2023 GlobalRegion of each country (Iran moves from Middle East to Southern Asia), which is what reproduces the chart."
C2_1_northern_western_europe_2023,7,Chart 2.1,"Resilience Index, Northern/Western Europe, 2023",63,index,,chart,N,,
C2_1_north_america_2021,7,Chart 2.1,"Resilience Index, Northern America, 2021",65,index,,chart,N,,"2021 figures use the 2023 GlobalRegion of each country (Iran moves from Middle East to Southern Asia), which is what reproduces the chart."
C2_1_north_america_2023,7,Chart 2.1,"Resilience Index, Northern America, 2023",63,index,,chart,N,,
C2_1_central_asia_2021,7,Chart 2.1,"Resilience Index, Central Asia, 2021",61,index,,chart,N,,"2021 figures use the 2023 GlobalRegion of each country (Iran moves from Middle East to Southern Asia), which is what reproduces the chart."
C2_1_central_asia_2023,7,Chart 2.1,"Resilience Index, Central Asia, 2023",61,index,,chart,N,,
C2_1_eastern_europe_2021,7,Chart 2.1,"Resilience Index, Eastern Europe, 2021",56,index,,chart,N,,"2021 figures use the 2023 GlobalRegion of each country (Iran moves from Middle East to Southern Asia), which is what reproduces the chart."
C2_1_eastern_europe_2023,7,Chart 2.1,"Resilience Index, Eastern Europe, 2023",58,index,,chart,N,,
C2_1_southern_europe_2021,7,Chart 2.1,"Resilience Index, Southern Europe, 2021",57,index,,chart,N,,"2021 figures use the 2023 GlobalRegion of each country (Iran moves from Middle East to Southern Asia), which is what reproduces the chart."
C2_1_southern_europe_2023,7,Chart 2.1,"Resilience Index, Southern Europe, 2023",55,index,,chart,N,,
C2_1_south_asia_2021,7,Chart 2.1,"Resilience Index, Southern Asia, 2021",52,index,,chart,N,,"2021 figures use the 2023 GlobalRegion of each country (Iran moves from Middle East to Southern Asia), which is what reproduces the chart."
C2_1_south_asia_2023,7,Chart 2.1,"Resilience Index, Southern Asia, 2023",53,index,,chart,N,,
C2_1_middle_east_2021,7,Chart 2.1,"Resilience Index, Middle East, 2021",52,index,,chart,N,,"2021 figures use the 2023 GlobalRegion of each country (Iran moves from Middle East to Southern Asia), which is what reproduces the chart."
C2_1_middle_east_2023,7,Chart 2.1,"Resilience Index, Middle East, 2023",50,index,,chart,N,,
C2_1_north_africa_2021,7,Chart 2.1,"Resilience Index, Northern Africa, 2021",51,index,,chart,N,,"2021 figures use the 2023 GlobalRegion of each country (Iran moves from Middle East to Southern Asia), which is what reproduces the chart."
C2_1_north_africa_2023,7,Chart 2.1,"Resilience Index, Northern Africa, 2023",49,index,,chart,N,,
C2_1_latin_america_2021,7,Chart 2.1,"Resilience Index, Latin America & the Caribbean, 2021",49,index,,chart,N,,"2021 figures use the 2023 GlobalRegion of each country (Iran moves from Middle East to Southern Asia), which is what reproduces the chart."
C2_1_latin_america_2023,7,Chart 2.1,"Resilience Index, Latin America & the Caribbean, 2023",48,index,,chart,N,,
C2_1_southern_africa_2021,7,Chart 2.1,"Resilience Index, Southern Africa, 2021",49,index,,chart,N,,"2021 figures use the 2023 GlobalRegion of each country (Iran moves from Middle East to Southern Asia), which is what reproduces the chart."
C2_1_southern_africa_2023,7,Chart 2.1,"Resilience Index, Southern Africa, 2023",47,index,,chart,N,,
C2_1_east_africa_2021,7,Chart 2.1,"Resilience Index, Eastern Africa, 2021",50,index,,chart,N,,"2021 figures use the 2023 GlobalRegion of each country (Iran moves from Middle East to Southern Asia), which is what reproduces the chart."
C2_1_east_africa_2023,7,Chart 2.1,"Resilience Index, Eastern Africa, 2023",46,index,,chart,N,,
C2_1_central_western_africa_2021,7,Chart 2.1,"Resilience Index, Central/Western Africa, 2021",44,index,,chart,N,,"2021 figures use the 2023 GlobalRegion of each country (Iran moves from Middle East to Southern Asia), which is what reproduces the chart."
C2_1_central_western_africa_2023,7,Chart 2.1,"Resilience Index, Central/Western Africa, 2023",44,index,,chart,N,,
X23,"6, 8",Chapter 1-2,Countries measured in 2021,121,count,0,text,N,,
X24,"8, 10",Chapter 2,Countries surveyed in 2023,142,count,0,text,N,,
X25,8,Chapter 2,Countries measured in both editions,120,count,0,text,N,,
X26,8,Chapter 2,Countries whose Resilience Index changed by less than four points,90,count,0,text,N,,
X27,8,Chapter 2,Average country-level margin of error ('+/- 4'),4,points,0.5,text,N,,Mean of the 2023 country margins of error (Appendix ii method: 95% CI for a proportion of 50% with the Kish design effect of WGT).
C2_2_decrease,8,Chart 2.2,Countries with significant decrease (4+ points) in Resilience Index,20,count,0,chart,N,,
C2_2_no_change,8,Chart 2.2,Countries with no significant change in Resilience Index,90,count,0,chart,N,,
C2_2_increase,8,Chart 2.2,Countries with significant increase (4+ points) in Resilience Index,8,count,0,chart,N,,
X28,8,Chapter 2,Countries with comparable Resilience Index scores in 2021 and 2023,118,count,0,text,N,,
C2_3_BGR_2021,9,Chart 2.3,"Biggest decreases in overall resilience: Resilience Index, BGR, 2021",56,index,,chart,N,,
C2_3_BGR_2023,9,Chart 2.3,"Biggest decreases in overall resilience: Resilience Index, BGR, 2023",46,index,,chart,N,,
C2_3_BGR_change,9,Chart 2.3,"Biggest decreases in overall resilience: Resilience Index, BGR, point change 2021-2023",-10,points,,chart,N,,"Change is the difference of unrounded scores, so it can differ by 1 from the difference of the rounded chart values."
C2_3_ECU_2021,9,Chart 2.3,"Biggest decreases in overall resilience: Resilience Index, ECU, 2021",49,index,,chart,N,,
C2_3_ECU_2023,9,Chart 2.3,"Biggest decreases in overall resilience: Resilience Index, ECU, 2023",42,index,,chart,N,,
C2_3_ECU_change,9,Chart 2.3,"Biggest decreases in overall resilience: Resilience Index, ECU, point change 2021-2023",-7,points,,chart,N,,"Change is the difference of unrounded scores, so it can differ by 1 from the difference of the rounded chart values."
C2_3_HRV_2021,9,Chart 2.3,"Biggest decreases in overall resilience: Resilience Index, HRV, 2021",60,index,,chart,N,,
C2_3_HRV_2023,9,Chart 2.3,"Biggest decreases in overall resilience: Resilience Index, HRV, 2023",53,index,,chart,N,,
C2_3_HRV_change,9,Chart 2.3,"Biggest decreases in overall resilience: Resilience Index, HRV, point change 2021-2023",-7,points,,chart,N,,"Change is the difference of unrounded scores, so it can differ by 1 from the difference of the rounded chart values."
C2_3_MAR_2021,9,Chart 2.3,"Biggest decreases in overall resilience: Resilience Index, MAR, 2021",51,index,,chart,N,,
C2_3_MAR_2023,9,Chart 2.3,"Biggest decreases in overall resilience: Resilience Index, MAR, 2023",44,index,,chart,N,,
C2_3_MAR_change,9,Chart 2.3,"Biggest decreases in overall resilience: Resilience Index, MAR, point change 2021-2023",-7,points,,chart,N,,"Change is the difference of unrounded scores, so it can differ by 1 from the difference of the rounded chart values."
C2_3_MKD_2021,9,Chart 2.3,"Biggest decreases in overall resilience: Resilience Index, MKD, 2021",52,index,,chart,N,,
C2_3_MKD_2023,9,Chart 2.3,"Biggest decreases in overall resilience: Resilience Index, MKD, 2023",46,index,,chart,N,,
C2_3_MKD_change,9,Chart 2.3,"Biggest decreases in overall resilience: Resilience Index, MKD, point change 2021-2023",-6,points,,chart,N,,"Change is the difference of unrounded scores, so it can differ by 1 from the difference of the rounded chart values."
C2_3_LAO_2021,9,Chart 2.3,"Biggest decreases in overall resilience: Resilience Index, LAO, 2021",60,index,,chart,N,,
C2_3_LAO_2023,9,Chart 2.3,"Biggest decreases in overall resilience: Resilience Index, LAO, 2023",55,index,,chart,N,,
C2_3_LAO_change,9,Chart 2.3,"Biggest decreases in overall resilience: Resilience Index, LAO, point change 2021-2023",-6,points,,chart,N,,"Change is the difference of unrounded scores, so it can differ by 1 from the difference of the rounded chart values."
C2_3_POL_2021,9,Chart 2.3,"Biggest decreases in overall resilience: Resilience Index, POL, 2021",57,index,,chart,N,,
C2_3_POL_2023,9,Chart 2.3,"Biggest decreases in overall resilience: Resilience Index, POL, 2023",52,index,,chart,N,,
C2_3_POL_change,9,Chart 2.3,"Biggest decreases in overall resilience: Resilience Index, POL, point change 2021-2023",-5,points,,chart,N,,"Change is the difference of unrounded scores, so it can differ by 1 from the difference of the rounded chart values."
C2_3_EGY_2021,9,Chart 2.3,"Biggest decreases in overall resilience: Resilience Index, EGY, 2021",50,index,,chart,N,,
C2_3_EGY_2023,9,Chart 2.3,"Biggest decreases in overall resilience: Resilience Index, EGY, 2023",45,index,,chart,N,,
C2_3_EGY_change,9,Chart 2.3,"Biggest decreases in overall resilience: Resilience Index, EGY, point change 2021-2023",-5,points,,chart,N,,"Change is the difference of unrounded scores, so it can differ by 1 from the difference of the rounded chart values."
C2_3_SRB_2021,9,Chart 2.3,"Biggest decreases in overall resilience: Resilience Index, SRB, 2021",57,index,,chart,N,,
C2_3_SRB_2023,9,Chart 2.3,"Biggest decreases in overall resilience: Resilience Index, SRB, 2023",52,index,,chart,N,,
C2_3_SRB_change,9,Chart 2.3,"Biggest decreases in overall resilience: Resilience Index, SRB, point change 2021-2023",-5,points,,chart,N,,"Change is the difference of unrounded scores, so it can differ by 1 from the difference of the rounded chart values."
C2_3_SVK_2021,9,Chart 2.3,"Biggest decreases in overall resilience: Resilience Index, SVK, 2021",59,index,,chart,N,,
C2_3_SVK_2023,9,Chart 2.3,"Biggest decreases in overall resilience: Resilience Index, SVK, 2023",54,index,,chart,N,,
C2_3_SVK_change,9,Chart 2.3,"Biggest decreases in overall resilience: Resilience Index, SVK, point change 2021-2023",-5,points,,chart,N,,"Change is the difference of unrounded scores, so it can differ by 1 from the difference of the rounded chart values."
C2_4_DZA_2021,9,Chart 2.4,"Biggest increases in overall resilience: Resilience Index, DZA, 2021",56,index,,chart,N,,
C2_4_DZA_2023,9,Chart 2.4,"Biggest increases in overall resilience: Resilience Index, DZA, 2023",63,index,,chart,N,,
C2_4_DZA_change,9,Chart 2.4,"Biggest increases in overall resilience: Resilience Index, DZA, point change 2021-2023",6,points,,chart,N,,"Change is the difference of unrounded scores, so it can differ by 1 from the difference of the rounded chart values."
C2_4_GAB_2021,9,Chart 2.4,"Biggest increases in overall resilience: Resilience Index, GAB, 2021",42,index,,chart,N,,
C2_4_GAB_2023,9,Chart 2.4,"Biggest increases in overall resilience: Resilience Index, GAB, 2023",48,index,,chart,N,,
C2_4_GAB_change,9,Chart 2.4,"Biggest increases in overall resilience: Resilience Index, GAB, point change 2021-2023",6,points,,chart,N,,"Change is the difference of unrounded scores, so it can differ by 1 from the difference of the rounded chart values."
C2_4_BFA_2021,9,Chart 2.4,"Biggest increases in overall resilience: Resilience Index, BFA, 2021",42,index,,chart,N,,
C2_4_BFA_2023,9,Chart 2.4,"Biggest increases in overall resilience: Resilience Index, BFA, 2023",47,index,,chart,N,,
C2_4_BFA_change,9,Chart 2.4,"Biggest increases in overall resilience: Resilience Index, BFA, point change 2021-2023",5,points,,chart,N,,"Change is the difference of unrounded scores, so it can differ by 1 from the difference of the rounded chart values."
C2_4_RUS_2021,9,Chart 2.4,"Biggest increases in overall resilience: Resilience Index, RUS, 2021",56,index,,chart,N,,
C2_4_RUS_2023,9,Chart 2.4,"Biggest increases in overall resilience: Resilience Index, RUS, 2023",60,index,,chart,N,,
C2_4_RUS_change,9,Chart 2.4,"Biggest increases in overall resilience: Resilience Index, RUS, point change 2021-2023",5,points,,chart,N,,"Change is the difference of unrounded scores, so it can differ by 1 from the difference of the rounded chart values."
C2_4_SLV_2021,9,Chart 2.4,"Biggest increases in overall resilience: Resilience Index, SLV, 2021",54,index,,chart,N,,
C2_4_SLV_2023,9,Chart 2.4,"Biggest increases in overall resilience: Resilience Index, SLV, 2023",58,index,,chart,N,,
C2_4_SLV_change,9,Chart 2.4,"Biggest increases in overall resilience: Resilience Index, SLV, point change 2021-2023",4,points,,chart,N,,"Change is the difference of unrounded scores, so it can differ by 1 from the difference of the rounded chart values."
C2_4_KGZ_2021,9,Chart 2.4,"Biggest increases in overall resilience: Resilience Index, KGZ, 2021",51,index,,chart,N,,
C2_4_KGZ_2023,9,Chart 2.4,"Biggest increases in overall resilience: Resilience Index, KGZ, 2023",55,index,,chart,N,,
C2_4_KGZ_change,9,Chart 2.4,"Biggest increases in overall resilience: Resilience Index, KGZ, point change 2021-2023",4,points,,chart,N,,"Change is the difference of unrounded scores, so it can differ by 1 from the difference of the rounded chart values."
C2_4_THA_2021,9,Chart 2.4,"Biggest increases in overall resilience: Resilience Index, THA, 2021",57,index,,chart,N,,
C2_4_THA_2023,9,Chart 2.4,"Biggest increases in overall resilience: Resilience Index, THA, 2023",61,index,,chart,N,,
C2_4_THA_change,9,Chart 2.4,"Biggest increases in overall resilience: Resilience Index, THA, point change 2021-2023",4,points,,chart,N,,"Change is the difference of unrounded scores, so it can differ by 1 from the difference of the rounded chart values."
C2_4_UKR_2021,9,Chart 2.4,"Biggest increases in overall resilience: Resilience Index, UKR, 2021",55,index,,chart,N,,
C2_4_UKR_2023,9,Chart 2.4,"Biggest increases in overall resilience: Resilience Index, UKR, 2023",59,index,,chart,N,,
C2_4_UKR_change,9,Chart 2.4,"Biggest increases in overall resilience: Resilience Index, UKR, point change 2021-2023",4,points,,chart,N,,"Change is the difference of unrounded scores, so it can differ by 1 from the difference of the rounded chart values."
C2_4_MLI_2021,9,Chart 2.4,"Biggest increases in overall resilience: Resilience Index, MLI, 2021",45,index,,chart,N,,
C2_4_MLI_2023,9,Chart 2.4,"Biggest increases in overall resilience: Resilience Index, MLI, 2023",48,index,,chart,N,,
C2_4_MLI_change,9,Chart 2.4,"Biggest increases in overall resilience: Resilience Index, MLI, point change 2021-2023",3,points,,chart,N,,"Change is the difference of unrounded scores, so it can differ by 1 from the difference of the rounded chart values."
C2_4_LBN_2021,9,Chart 2.4,"Biggest increases in overall resilience: Resilience Index, LBN, 2021",41,index,,chart,N,,
C2_4_LBN_2023,9,Chart 2.4,"Biggest increases in overall resilience: Resilience Index, LBN, 2023",44,index,,chart,N,,
C2_4_LBN_change,9,Chart 2.4,"Biggest increases in overall resilience: Resilience Index, LBN, point change 2021-2023",3,points,,chart,N,,"Change is the difference of unrounded scores, so it can differ by 1 from the difference of the rounded chart values."
X29,9,Chapter 2,"Bulgaria: change in Resilience Index ('biggest drop, 10 points')",-10,points,,text,N,,
X30,9,Chapter 2,Ecuador: change in Resilience Index ('seven points'),-7,points,,text,N,,
X31,9,Chapter 2,Morocco: change in Resilience Index ('seven points'),-7,points,,text,N,,
X32,9,Chapter 2,Algeria: change in Resilience Index ('six points'),6,points,,text,N,,
X33,9,Chapter 2,Gabon: change in Resilience Index ('six points'),6,points,,text,N,,
X34,9,Chapter 2,"Smallest increase among Burkina Faso, Russia, Kyrgyzstan and Ukraine ('at least four points')",4,points,,text,N,,Unrounded changes; the report rounds.
X35,9,Chapter 2,Mali: change in Resilience Index ('three points'),3,points,,text,N,,
X36,9,Chapter 2,Lebanon: change in Resilience Index ('three points'),3,points,,text,N,,
X37,10,Chapter 2,Kuwait: Resilience Index 2023 (ranked highest),74,index,,text,N,,
X38,10,Chapter 2,Vietnam: Resilience Index 2023,73,index,,text,N,,
X39,10,Chapter 2,Uzbekistan: change in Resilience Index ('three-point increase'),3,points,,text,N,,
X40,10,Chapter 2,Afghanistan: Resilience Index 2023 (least resilient),29,index,,text,N,,
X41,10,Chapter 2,Afghanistan: change in Resilience Index ('four-point decline'),-4,points,,text,N,,
X42,10,Chapter 2,Ecuador: change in Resilience Index ('seven-point decrease'),-7,points,,text,N,,
X43,10,Chapter 2,China: Resilience Index 2023,66,index,,text,N,,
X44,10,Chapter 2,Rank of Kuwait on the 2023 Resilience Index,1,rank,0,text,N,,
X45,10,Chapter 2,Rank of Vietnam on the 2023 Resilience Index,2,rank,0,text,N,,
C2_6_index_increase,11,Chart 2.6,"Countries with significant increase (4+ points), Resilience Index",8,count,0,chart,N,,
C2_6_index_decrease,11,Chart 2.6,"Countries with significant decrease (4+ points), Resilience Index",20,count,0,chart,N,,
C2_6_individual_increase,11,Chart 2.6,"Countries with significant increase (4+ points), individual",5,count,0,chart,N,,
C2_6_individual_decrease,11,Chart 2.6,"Countries with significant decrease (4+ points), individual",42,count,0,chart,N,,
C2_6_household_increase,11,Chart 2.6,"Countries with significant increase (4+ points), household",18,count,0,chart,N,,
C2_6_household_decrease,11,Chart 2.6,"Countries with significant decrease (4+ points), household",25,count,0,chart,N,,
C2_6_community_increase,11,Chart 2.6,"Countries with significant increase (4+ points), community",25,count,0,chart,N,,
C2_6_community_decrease,11,Chart 2.6,"Countries with significant decrease (4+ points), community",23,count,0,chart,N,,
C2_6_societal_increase,11,Chart 2.6,"Countries with significant increase (4+ points), societal",19,count,0,chart,N,,
C2_6_societal_decrease,11,Chart 2.6,"Countries with significant decrease (4+ points), societal",24,count,0,chart,N,,
X46,11,Chapter 2,Countries with significant decline in individual resilience,42,count,0,text,N,,
X47,11,Chapter 2,Countries with significant decline in overall Resilience Index (comparison),20,count,0,text,N,,
X48,11,Chapter 2,Countries with stable individual resilience,73,count,0,text,N,,
X49,11,Chapter 2,Countries with significant increase in individual resilience,5,count,0,text,N,,
X50,11,Chapter 2,Countries with significant increase in overall Resilience Index (Chart 2.6 text),8,count,0,text,N,,
X51,11,Chapter 2,Countries with significant decrease in overall Resilience Index (Chart 2.6 text),20,count,0,text,N,,
X52,11,Chapter 2,Bulgaria: change in individual resilience,-22,points,,text,N,,
X53,11,Chapter 2,Poland: change in individual resilience,-18,points,,text,N,,
X54,11,Chapter 2,Morocco: change in individual resilience,-16,points,,text,N,,
X55,11,Chapter 2,Croatia: change in individual resilience,-15,points,,text,N,,
C2_7_DZA_2021,11,Chart 2.7,"Biggest changes in individual resilience, DZA, 2021",30,index,,chart,N,,
C2_7_DZA_2023,11,Chart 2.7,"Biggest changes in individual resilience, DZA, 2023",43,index,,chart,N,,
C2_7_DZA_change,11,Chart 2.7,"Biggest changes in individual resilience, DZA, point change 2021-2023",13,points,,chart,N,,"Change is the difference of unrounded scores, so it can differ by 1 from the difference of the rounded chart values."
C2_7_CHN_2021,11,Chart 2.7,"Biggest changes in individual resilience, CHN, 2021",43,index,,chart,N,,
C2_7_CHN_2023,11,Chart 2.7,"Biggest changes in individual resilience, CHN, 2023",48,index,,chart,N,,
C2_7_CHN_change,11,Chart 2.7,"Biggest changes in individual resilience, CHN, point change 2021-2023",5,points,,chart,N,,"Change is the difference of unrounded scores, so it can differ by 1 from the difference of the rounded chart values."
C2_7_LBN_2021,11,Chart 2.7,"Biggest changes in individual resilience, LBN, 2021",33,index,,chart,N,,
C2_7_LBN_2023,11,Chart 2.7,"Biggest changes in individual resilience, LBN, 2023",37,index,,chart,N,,
C2_7_LBN_change,11,Chart 2.7,"Biggest changes in individual resilience, LBN, point change 2021-2023",4,points,,chart,N,,"Change is the difference of unrounded scores, so it can differ by 1 from the difference of the rounded chart values."
C2_7_KGZ_2021,11,Chart 2.7,"Biggest changes in individual resilience, KGZ, 2021",36,index,,chart,N,,
C2_7_KGZ_2023,11,Chart 2.7,"Biggest changes in individual resilience, KGZ, 2023",40,index,,chart,N,,
C2_7_KGZ_change,11,Chart 2.7,"Biggest changes in individual resilience, KGZ, point change 2021-2023",4,points,,chart,N,,"Change is the difference of unrounded scores, so it can differ by 1 from the difference of the rounded chart values."
C2_7_PRY_2021,11,Chart 2.7,"Biggest changes in individual resilience, PRY, 2021",44,index,,chart,N,,
C2_7_PRY_2023,11,Chart 2.7,"Biggest changes in individual resilience, PRY, 2023",48,index,,chart,N,,
C2_7_PRY_change,11,Chart 2.7,"Biggest changes in individual resilience, PRY, point change 2021-2023",4,points,,chart,N,,"Change is the difference of unrounded scores, so it can differ by 1 from the difference of the rounded chart values."
C2_7_SRB_2021,11,Chart 2.7,"Biggest changes in individual resilience, SRB, 2021",53,index,,chart,N,,
C2_7_SRB_2023,11,Chart 2.7,"Biggest changes in individual resilience, SRB, 2023",41,index,,chart,N,,
C2_7_SRB_change,11,Chart 2.7,"Biggest changes in individual resilience, SRB, point change 2021-2023",-12,points,,chart,N,,"Change is the difference of unrounded scores, so it can differ by 1 from the difference of the rounded chart values."
C2_7_HRV_2021,11,Chart 2.7,"Biggest changes in individual resilience, HRV, 2021",53,index,,chart,N,,
C2_7_HRV_2023,11,Chart 2.7,"Biggest changes in individual resilience, HRV, 2023",39,index,,chart,N,,
C2_7_HRV_change,11,Chart 2.7,"Biggest changes in individual resilience, HRV, point change 2021-2023",-15,points,,chart,N,,"Change is the difference of unrounded scores, so it can differ by 1 from the difference of the rounded chart values."
C2_7_MAR_2021,11,Chart 2.7,"Biggest changes in individual resilience, MAR, 2021",39,index,,chart,N,,
C2_7_MAR_2023,11,Chart 2.7,"Biggest changes in individual resilience, MAR, 2023",24,index,,chart,N,,
C2_7_MAR_change,11,Chart 2.7,"Biggest changes in individual resilience, MAR, point change 2021-2023",-16,points,,chart,N,,"Change is the difference of unrounded scores, so it can differ by 1 from the difference of the rounded chart values."
C2_7_POL_2021,11,Chart 2.7,"Biggest changes in individual resilience, POL, 2021",59,index,,chart,N,,
C2_7_POL_2023,11,Chart 2.7,"Biggest changes in individual resilience, POL, 2023",41,index,,chart,N,,
C2_7_POL_change,11,Chart 2.7,"Biggest changes in individual resilience, POL, point change 2021-2023",-18,points,,chart,N,,"Change is the difference of unrounded scores, so it can differ by 1 from the difference of the rounded chart values."
C2_7_BGR_2021,11,Chart 2.7,"Biggest changes in individual resilience, BGR, 2021",64,index,,chart,N,,
C2_7_BGR_2023,11,Chart 2.7,"Biggest changes in individual resilience, BGR, 2023",41,index,,chart,N,,
C2_7_BGR_change,11,Chart 2.7,"Biggest changes in individual resilience, BGR, point change 2021-2023",-22,points,,chart,N,,"Change is the difference of unrounded scores, so it can differ by 1 from the difference of the rounded chart values."
X56,11,Chapter 2,"% who could do nothing to protect themselves from a future disaster, 2023",43,pct,,text,N,,
X57,11,Chapter 2,"% who could do nothing to protect themselves from a future disaster, 2021",36,pct,,text,N,,
X58,12,Chapter 2,Countries with stable household resilience (moved by three points or fewer),77,count,0,text,N,,
X59,12,Chapter 2,Countries with household resilience decrease of 4+ points,25,count,0,text,N,,
X60,12,Chapter 2,Countries with household resilience increase of 4+ points,18,count,0,text,N,,
C2_8_DZA_2021,12,Chart 2.8,"Biggest changes in household resilience, DZA, 2021",49,index,,chart,N,,
C2_8_DZA_2023,12,Chart 2.8,"Biggest changes in household resilience, DZA, 2023",62,index,,chart,N,,
C2_8_DZA_change,12,Chart 2.8,"Biggest changes in household resilience, DZA, point change 2021-2023",13,points,,chart,N,,"Change is the difference of unrounded scores, so it can differ by 1 from the difference of the rounded chart values."
C2_8_UZB_2021,12,Chart 2.8,"Biggest changes in household resilience, UZB, 2021",58,index,,chart,N,,
C2_8_UZB_2023,12,Chart 2.8,"Biggest changes in household resilience, UZB, 2023",65,index,,chart,N,,
C2_8_UZB_change,12,Chart 2.8,"Biggest changes in household resilience, UZB, point change 2021-2023",7,points,,chart,N,,"Change is the difference of unrounded scores, so it can differ by 1 from the difference of the rounded chart values."
C2_8_TGO_2021,12,Chart 2.8,"Biggest changes in household resilience, TGO, 2021",31,index,,chart,N,,
C2_8_TGO_2023,12,Chart 2.8,"Biggest changes in household resilience, TGO, 2023",38,index,,chart,N,,
C2_8_TGO_change,12,Chart 2.8,"Biggest changes in household resilience, TGO, point change 2021-2023",7,points,,chart,N,,"Change is the difference of unrounded scores, so it can differ by 1 from the difference of the rounded chart values."
C2_8_KGZ_2021,12,Chart 2.8,"Biggest changes in household resilience, KGZ, 2021",50,index,,chart,N,,
C2_8_KGZ_2023,12,Chart 2.8,"Biggest changes in household resilience, KGZ, 2023",56,index,,chart,N,,
C2_8_KGZ_change,12,Chart 2.8,"Biggest changes in household resilience, KGZ, point change 2021-2023",6,points,,chart,N,,"Change is the difference of unrounded scores, so it can differ by 1 from the difference of the rounded chart values."
C2_8_NIC_2021,12,Chart 2.8,"Biggest changes in household resilience, NIC, 2021",51,index,,chart,N,,
C2_8_NIC_2023,12,Chart 2.8,"Biggest changes in household resilience, NIC, 2023",57,index,,chart,N,,
C2_8_NIC_change,12,Chart 2.8,"Biggest changes in household resilience, NIC, point change 2021-2023",6,points,,chart,N,,"Change is the difference of unrounded scores, so it can differ by 1 from the difference of the rounded chart values."
C2_8_MYS_2021,12,Chart 2.8,"Biggest changes in household resilience, MYS, 2021",69,index,,chart,N,,
C2_8_MYS_2023,12,Chart 2.8,"Biggest changes in household resilience, MYS, 2023",59,index,,chart,N,,
C2_8_MYS_change,12,Chart 2.8,"Biggest changes in household resilience, MYS, point change 2021-2023",-10,points,,chart,N,,"Change is the difference of unrounded scores, so it can differ by 1 from the difference of the rounded chart values."
C2_8_BGR_2021,12,Chart 2.8,"Biggest changes in household resilience, BGR, 2021",62,index,,chart,N,,
C2_8_BGR_2023,12,Chart 2.8,"Biggest changes in household resilience, BGR, 2023",52,index,,chart,N,,
C2_8_BGR_change,12,Chart 2.8,"Biggest changes in household resilience, BGR, point change 2021-2023",-10,points,,chart,N,,"Change is the difference of unrounded scores, so it can differ by 1 from the difference of the rounded chart values."
C2_8_MKD_2021,12,Chart 2.8,"Biggest changes in household resilience, MKD, 2021",63,index,,chart,N,,
C2_8_MKD_2023,12,Chart 2.8,"Biggest changes in household resilience, MKD, 2023",52,index,,chart,N,,
C2_8_MKD_change,12,Chart 2.8,"Biggest changes in household resilience, MKD, point change 2021-2023",-10,points,,chart,N,,"Change is the difference of unrounded scores, so it can differ by 1 from the difference of the rounded chart values."
C2_8_MAR_2021,12,Chart 2.8,"Biggest changes in household resilience, MAR, 2021",51,index,,chart,N,,
C2_8_MAR_2023,12,Chart 2.8,"Biggest changes in household resilience, MAR, 2023",41,index,,chart,N,,
C2_8_MAR_change,12,Chart 2.8,"Biggest changes in household resilience, MAR, point change 2021-2023",-11,points,,chart,N,,"Change is the difference of unrounded scores, so it can differ by 1 from the difference of the rounded chart values."
C2_8_BGD_2021,12,Chart 2.8,"Biggest changes in household resilience, BGD, 2021",47,index,,chart,N,,
C2_8_BGD_2023,12,Chart 2.8,"Biggest changes in household resilience, BGD, 2023",36,index,,chart,N,,
C2_8_BGD_change,12,Chart 2.8,"Biggest changes in household resilience, BGD, point change 2021-2023",-11,points,,chart,N,,"Change is the difference of unrounded scores, so it can differ by 1 from the difference of the rounded chart values."
X61,13,Chapter 2,Countries with significant decrease in community resilience,23,count,0,text,N,,
X62,13,Chapter 2,Countries with significant increase in community resilience,25,count,0,text,N,,
C2_9_THA_2021,13,Chart 2.9,"Biggest changes in community resilience, THA, 2021",61,index,,chart,N,,
C2_9_THA_2023,13,Chart 2.9,"Biggest changes in community resilience, THA, 2023",72,index,,chart,N,,
C2_9_THA_change,13,Chart 2.9,"Biggest changes in community resilience, THA, point change 2021-2023",11,points,,chart,N,,"Change is the difference of unrounded scores, so it can differ by 1 from the difference of the rounded chart values."
C2_9_SLV_2021,13,Chart 2.9,"Biggest changes in community resilience, SLV, 2021",58,index,,chart,N,,
C2_9_SLV_2023,13,Chart 2.9,"Biggest changes in community resilience, SLV, 2023",68,index,,chart,N,,
C2_9_SLV_change,13,Chart 2.9,"Biggest changes in community resilience, SLV, point change 2021-2023",10,points,,chart,N,,"Change is the difference of unrounded scores, so it can differ by 1 from the difference of the rounded chart values."
C2_9_MMR_2021,13,Chart 2.9,"Biggest changes in community resilience, MMR, 2021",51,index,,chart,N,,
C2_9_MMR_2023,13,Chart 2.9,"Biggest changes in community resilience, MMR, 2023",59,index,,chart,N,,
C2_9_MMR_change,13,Chart 2.9,"Biggest changes in community resilience, MMR, point change 2021-2023",9,points,,chart,N,,"Change is the difference of unrounded scores, so it can differ by 1 from the difference of the rounded chart values."
C2_9_LBN_2021,13,Chart 2.9,"Biggest changes in community resilience, LBN, 2021",35,index,,chart,N,,
C2_9_LBN_2023,13,Chart 2.9,"Biggest changes in community resilience, LBN, 2023",44,index,,chart,N,,
C2_9_LBN_change,13,Chart 2.9,"Biggest changes in community resilience, LBN, point change 2021-2023",9,points,,chart,N,,"Change is the difference of unrounded scores, so it can differ by 1 from the difference of the rounded chart values."
C2_9_ZMB_2021,13,Chart 2.9,"Biggest changes in community resilience, ZMB, 2021",41,index,,chart,N,,
C2_9_ZMB_2023,13,Chart 2.9,"Biggest changes in community resilience, ZMB, 2023",50,index,,chart,N,,
C2_9_ZMB_change,13,Chart 2.9,"Biggest changes in community resilience, ZMB, point change 2021-2023",8,points,,chart,N,,"Change is the difference of unrounded scores, so it can differ by 1 from the difference of the rounded chart values."
C2_9_CYP_2021,13,Chart 2.9,"Biggest changes in community resilience, CYP, 2021",62,index,,chart,N,,
C2_9_CYP_2023,13,Chart 2.9,"Biggest changes in community resilience, CYP, 2023",56,index,,chart,N,,
C2_9_CYP_change,13,Chart 2.9,"Biggest changes in community resilience, CYP, point change 2021-2023",-6,points,,chart,N,,"Change is the difference of unrounded scores, so it can differ by 1 from the difference of the rounded chart values."
C2_9_ECU_2021,13,Chart 2.9,"Biggest changes in community resilience, ECU, 2021",48,index,,chart,N,,
C2_9_ECU_2023,13,Chart 2.9,"Biggest changes in community resilience, ECU, 2023",40,index,,chart,N,,
C2_9_ECU_change,13,Chart 2.9,"Biggest changes in community resilience, ECU, point change 2021-2023",-7,points,,chart,N,,"Change is the difference of unrounded scores, so it can differ by 1 from the difference of the rounded chart values."
C2_9_NZL_2021,13,Chart 2.9,"Biggest changes in community resilience, NZL, 2021",65,index,,chart,N,,
C2_9_NZL_2023,13,Chart 2.9,"Biggest changes in community resilience, NZL, 2023",58,index,,chart,N,,
C2_9_NZL_change,13,Chart 2.9,"Biggest changes in community resilience, NZL, point change 2021-2023",-7,points,,chart,N,,"Change is the difference of unrounded scores, so it can differ by 1 from the difference of the rounded chart values."
C2_9_LTU_2021,13,Chart 2.9,"Biggest changes in community resilience, LTU, 2021",64,index,,chart,N,,
C2_9_LTU_2023,13,Chart 2.9,"Biggest changes in community resilience, LTU, 2023",56,index,,chart,N,,
C2_9_LTU_change,13,Chart 2.9,"Biggest changes in community resilience, LTU, point change 2021-2023",-8,points,,chart,N,,"Change is the difference of unrounded scores, so it can differ by 1 from the difference of the rounded chart values."
C2_9_HRV_2021,13,Chart 2.9,"Biggest changes in community resilience, HRV, 2021",66,index,,chart,N,,
C2_9_HRV_2023,13,Chart 2.9,"Biggest changes in community resilience, HRV, 2023",54,index,,chart,N,,
C2_9_HRV_change,13,Chart 2.9,"Biggest changes in community resilience, HRV, point change 2021-2023",-12,points,,chart,N,,"Change is the difference of unrounded scores, so it can differ by 1 from the difference of the rounded chart values."
X63_low_2021,13,Chapter 2 (footnote),"Community resilience, low-income countries, 2021",46,index,,text,N,,"2021 figures use the 2023 (FY2023-24) World Bank income group of each country, which is what reproduces the published values."
X63_low_2023,13,Chapter 2 (footnote),"Community resilience, low-income countries, 2023",48,index,,text,N,,
X63_lower_middle_2021,13,Chapter 2 (footnote),"Community resilience, lower-middle-income countries, 2021",60,index,,text,N,,"2021 figures use the 2023 (FY2023-24) World Bank income group of each country, which is what reproduces the published values."
X63_lower_middle_2023,13,Chapter 2 (footnote),"Community resilience, lower-middle-income countries, 2023",63,index,,text,N,,
X63_upper_middle_2021,13,Chapter 2 (footnote),"Community resilience, upper-middle-income countries, 2021",67,index,,text,N,,"2021 figures use the 2023 (FY2023-24) World Bank income group of each country, which is what reproduces the published values."
X63_upper_middle_2023,13,Chapter 2 (footnote),"Community resilience, upper-middle-income countries, 2023",66,index,,text,N,,
X63_high_2021,13,Chapter 2 (footnote),"Community resilience, high-income countries, 2021",63,index,,text,N,,"2021 figures use the 2023 (FY2023-24) World Bank income group of each country, which is what reproduces the published values."
X63_high_2023,13,Chapter 2 (footnote),"Community resilience, high-income countries, 2023",62,index,,text,N,,
X64,14,Chapter 2,Countries with statistically unchanged societal resilience,75,count,0,text,N,,
X65,14,Chapter 2,Countries with societal resilience decline of 4+ points,24,count,0,text,N,,
X66,14,Chapter 2,Countries with societal resilience increase of 4+ points,19,count,0,text,N,,
C2_10_GAB_2021,14,Chart 2.10,"Biggest changes in societal resilience, GAB, 2021",47,index,,chart,N,,
C2_10_GAB_2023,14,Chart 2.10,"Biggest changes in societal resilience, GAB, 2023",76,index,,chart,N,,
C2_10_GAB_change,14,Chart 2.10,"Biggest changes in societal resilience, GAB, point change 2021-2023",29,points,,chart,N,,"Change is the difference of unrounded scores, so it can differ by 1 from the difference of the rounded chart values."
C2_10_THA_2021,14,Chart 2.10,"Biggest changes in societal resilience, THA, 2021",53,index,,chart,N,,
C2_10_THA_2023,14,Chart 2.10,"Biggest changes in societal resilience, THA, 2023",66,index,,chart,N,,
C2_10_THA_change,14,Chart 2.10,"Biggest changes in societal resilience, THA, point change 2021-2023",13,points,,chart,N,,"Change is the difference of unrounded scores, so it can differ by 1 from the difference of the rounded chart values."
C2_10_MLI_2021,14,Chart 2.10,"Biggest changes in societal resilience, MLI, 2021",62,index,,chart,N,,
C2_10_MLI_2023,14,Chart 2.10,"Biggest changes in societal resilience, MLI, 2023",73,index,,chart,N,,
C2_10_MLI_change,14,Chart 2.10,"Biggest changes in societal resilience, MLI, point change 2021-2023",11,points,,chart,N,,"Change is the difference of unrounded scores, so it can differ by 1 from the difference of the rounded chart values."
C2_10_UKR_2021,14,Chart 2.10,"Biggest changes in societal resilience, UKR, 2021",52,index,,chart,N,,
C2_10_UKR_2023,14,Chart 2.10,"Biggest changes in societal resilience, UKR, 2023",62,index,,chart,N,,
C2_10_UKR_change,14,Chart 2.10,"Biggest changes in societal resilience, UKR, point change 2021-2023",10,points,,chart,N,,"Change is the difference of unrounded scores, so it can differ by 1 from the difference of the rounded chart values."
C2_10_BFA_2021,14,Chart 2.10,"Biggest changes in societal resilience, BFA, 2021",63,index,,chart,N,,
C2_10_BFA_2023,14,Chart 2.10,"Biggest changes in societal resilience, BFA, 2023",72,index,,chart,N,,
C2_10_BFA_change,14,Chart 2.10,"Biggest changes in societal resilience, BFA, point change 2021-2023",9,points,,chart,N,,"Change is the difference of unrounded scores, so it can differ by 1 from the difference of the rounded chart values."
C2_10_SLE_2021,14,Chart 2.10,"Biggest changes in societal resilience, SLE, 2021",63,index,,chart,N,,
C2_10_SLE_2023,14,Chart 2.10,"Biggest changes in societal resilience, SLE, 2023",55,index,,chart,N,,
C2_10_SLE_change,14,Chart 2.10,"Biggest changes in societal resilience, SLE, point change 2021-2023",-8,points,,chart,N,,"Change is the difference of unrounded scores, so it can differ by 1 from the difference of the rounded chart values."
C2_10_ECU_2021,14,Chart 2.10,"Biggest changes in societal resilience, ECU, 2021",49,index,,chart,N,,
C2_10_ECU_2023,14,Chart 2.10,"Biggest changes in societal resilience, ECU, 2023",40,index,,chart,N,,
C2_10_ECU_change,14,Chart 2.10,"Biggest changes in societal resilience, ECU, point change 2021-2023",-9,points,,chart,N,,"Change is the difference of unrounded scores, so it can differ by 1 from the difference of the rounded chart values."
C2_10_LAO_2021,14,Chart 2.10,"Biggest changes in societal resilience, LAO, 2021",74,index,,chart,N,,
C2_10_LAO_2023,14,Chart 2.10,"Biggest changes in societal resilience, LAO, 2023",65,index,,chart,N,,
C2_10_LAO_change,14,Chart 2.10,"Biggest changes in societal resilience, LAO, point change 2021-2023",-9,points,,chart,N,,"Change is the difference of unrounded scores, so it can differ by 1 from the difference of the rounded chart values."
C2_10_EGY_2021,14,Chart 2.10,"Biggest changes in societal resilience, EGY, 2021",75,index,,chart,N,,
C2_10_EGY_2023,14,Chart 2.10,"Biggest changes in societal resilience, EGY, 2023",66,index,,chart,N,,
C2_10_EGY_change,14,Chart 2.10,"Biggest changes in societal resilience, EGY, point change 2021-2023",-9,points,,chart,N,,"Change is the difference of unrounded scores, so it can differ by 1 from the difference of the rounded chart values."
C2_10_JOR_2021,14,Chart 2.10,"Biggest changes in societal resilience, JOR, 2021",80,index,,chart,N,,
C2_10_JOR_2023,14,Chart 2.10,"Biggest changes in societal resilience, JOR, 2023",69,index,,chart,N,,
C2_10_JOR_change,14,Chart 2.10,"Biggest changes in societal resilience, JOR, point change 2021-2023",-11,points,,chart,N,,"Change is the difference of unrounded scores, so it can differ by 1 from the difference of the rounded chart values."
X67,14,Chapter 2,Brazil: change in societal resilience,6,points,,text,N,,
X68,14,Chapter 2 (footnote),Brazil: % who say their local economy is getting better (Gallup World Poll 2023),61,pct,,text,Y,GWP_LOCAL_ECONOMY,Placeholder GWP item code; see README.
X69,14,Chapter 2 (footnote),Country with the highest % saying local economy is getting better among G7 and BRICS countries,Brazil,text,,text,Y,GWP_LOCAL_ECONOMY,Placeholder GWP item code; see README.
C2_11_total_2021,15,Chart 2.11,"% ever experienced any discrimination, Total, 2021",27,pct,,chart,N,,"Any of the five discrimination items; base: respondents asked at least one item, DK/refused kept. 2021 figures use the 2023 (FY2023-24) World Bank income group of each country, which is what reproduces the published values."
C2_11_total_2023,15,Chart 2.11,"% ever experienced any discrimination, Total, 2023",24,pct,,chart,N,,
C2_11_high_2021,15,Chart 2.11,"% ever experienced any discrimination, High income, 2021",29,pct,,chart,N,,"Any of the five discrimination items; base: respondents asked at least one item, DK/refused kept. 2021 figures use the 2023 (FY2023-24) World Bank income group of each country, which is what reproduces the published values."
C2_11_high_2023,15,Chart 2.11,"% ever experienced any discrimination, High income, 2023",32,pct,,chart,N,,
C2_11_upper_middle_2021,15,Chart 2.11,"% ever experienced any discrimination, Upper-middle income, 2021",26,pct,,chart,N,,"Any of the five discrimination items; base: respondents asked at least one item, DK/refused kept. 2021 figures use the 2023 (FY2023-24) World Bank income group of each country, which is what reproduces the published values."
C2_11_upper_middle_2023,15,Chart 2.11,"% ever experienced any discrimination, Upper-middle income, 2023",21,pct,,chart,N,,
C2_11_lower_middle_2021,15,Chart 2.11,"% ever experienced any discrimination, Lower-middle income, 2021",25,pct,,chart,N,,"Any of the five discrimination items; base: respondents asked at least one item, DK/refused kept. 2021 figures use the 2023 (FY2023-24) World Bank income group of each country, which is what reproduces the published values."
C2_11_lower_middle_2023,15,Chart 2.11,"% ever experienced any discrimination, Lower-middle income, 2023",22,pct,,chart,N,,
C2_11_low_2021,15,Chart 2.11,"% ever experienced any discrimination, Low income, 2021",40,pct,,chart,N,,"Any of the five discrimination items; base: respondents asked at least one item, DK/refused kept. 2021 figures use the 2023 (FY2023-24) World Bank income group of each country, which is what reproduces the published values."
C2_11_low_2023,15,Chart 2.11,"% ever experienced any discrimination, Low income, 2023",34,pct,,chart,N,,
X70_2021,15,Chapter 2,"% ever experienced any discrimination, global, 2021",27,pct,,text,N,,
X70_2023,15,Chapter 2,"% ever experienced any discrimination, global, 2023",24,pct,,text,N,,
X71_low_2021,15,Chapter 2,"% experienced discrimination, low-income countries, 2021",40,pct,,text,N,,
X71_low_2023,15,Chapter 2,"% experienced discrimination, low-income countries, 2023",34,pct,,text,N,,
X71_lower_middle_2021,15,Chapter 2,"% experienced discrimination, lower-middle-income countries, 2021",25,pct,,text,N,,
X71_lower_middle_2023,15,Chapter 2,"% experienced discrimination, lower-middle-income countries, 2023",22,pct,,text,N,,
X71_upper_middle_2021,15,Chapter 2,"% experienced discrimination, upper-middle-income countries, 2021",26,pct,,text,N,,
X71_upper_middle_2023,15,Chapter 2,"% experienced discrimination, upper-middle-income countries, 2023",21,pct,,text,N,,
X71_high_2021,15,Chapter 2,"% experienced discrimination, high-income countries, 2021",29,pct,,text,N,,
X71_high_2023,15,Chapter 2,"% experienced discrimination, high-income countries, 2023",32,pct,,text,N,,
X72,15,Chapter 2,"Smallest increase in discrimination among USA, Singapore, Belgium, South Korea, Slovenia, Estonia, Canada, Latvia ('eight percentage points or more')",8,points,,text,N,,Unrounded change of the smallest of the eight.
X73_USA,15,Chapter 2,"% experienced any discrimination, United States, 2023",55,pct,,text,N,,
X73_TCD,15,Chapter 2,"% experienced any discrimination, Chad, 2023",53,pct,,text,N,,
X73_AFG,15,Chapter 2,"% experienced any discrimination, Afghanistan, 2023",52,pct,,text,N,,
X73_LBR,15,Chapter 2,"% experienced any discrimination, Liberia, 2023",52,pct,,text,N,,
X74,15,Chapter 2,"Rank of the United States on any discrimination, 2023",1,rank,0,text,N,,
X75_nationality,15,Chapter 2,United States: % experienced discrimination by nationality/ethnic group/race,30,pct,,text,N,,
X75_gender,15,Chapter 2,United States: % experienced discrimination by gender,30,pct,,text,N,,
X75_skin,15,Chapter 2,United States: % experienced discrimination by skin colour,27,pct,,text,N,,
X75_disability,15,Chapter 2,United States: % experienced discrimination by disability,12,pct,,text,N,,
X76,15,Chapter 2 (footnote),Correlation across countries of change in individual and change in household resilience,0.65,r,0.02,text,N,,"Pearson correlation of 2021-2023 country changes, countries in both waves with both scores."
X77,15,Chapter 2 (footnote),Correlation across countries of change in community and change in societal resilience,0.40,r,0.02,text,N,,"The footnote marker sits after 'community or societal resilience'; the value is the community-societal correlation (individual-community is 0.14, individual-societal -0.01)."
T2_2_individual_top_1,16,Table 2.2,Individual resilience 2023: rank 1 (highest = 1),Sweden,text,,table,N,,
T2_2_individual_top_2,16,Table 2.2,Individual resilience 2023: rank 2 (highest = 1),United States,text,,table,N,,
T2_2_individual_top_3,16,Table 2.2,Individual resilience 2023: rank 3 (highest = 1),Kuwait,text,,table,N,,
T2_2_individual_top_4,16,Table 2.2,Individual resilience 2023: rank 4 (highest = 1),Vietnam,text,,table,N,,
T2_2_individual_top_5,16,Table 2.2,Individual resilience 2023: rank 5 (highest = 1),Norway,text,,table,N,,
T2_2_individual_top_6,16,Table 2.2,Individual resilience 2023: rank 6 (highest = 1),Saudi Arabia,text,,table,N,,
T2_2_individual_top_7,16,Table 2.2,Individual resilience 2023: rank 7 (highest = 1),Estonia,text,,table,N,,
T2_2_individual_top_8,16,Table 2.2,Individual resilience 2023: rank 8 (highest = 1),New Zealand,text,,table,N,,
T2_2_individual_top_9,16,Table 2.2,Individual resilience 2023: rank 9 (highest = 1),Switzerland,text,,table,N,,
T2_2_individual_top_10,16,Table 2.2,Individual resilience 2023: rank 10 (highest = 1),Australia,text,,table,N,,
T2_2_individual_bottom_1,16,Table 2.2,Individual resilience 2023: 1th lowest (lowest = 1; table lists these bottom-up),Afghanistan,text,,table,N,,
T2_2_individual_bottom_2,16,Table 2.2,Individual resilience 2023: 2th lowest (lowest = 1; table lists these bottom-up),Ethiopia,text,,table,N,,
T2_2_individual_bottom_3,16,Table 2.2,Individual resilience 2023: 3th lowest (lowest = 1; table lists these bottom-up),Somalia,text,,table,N,,
T2_2_individual_bottom_4,16,Table 2.2,Individual resilience 2023: 4th lowest (lowest = 1; table lists these bottom-up),Niger,text,,table,N,,
T2_2_individual_bottom_5,16,Table 2.2,Individual resilience 2023: 5th lowest (lowest = 1; table lists these bottom-up),Morocco,text,,table,N,,
T2_2_individual_bottom_6,16,Table 2.2,Individual resilience 2023: 6th lowest (lowest = 1; table lists these bottom-up),Burkina Faso,text,,table,N,,
T2_2_individual_bottom_7,16,Table 2.2,Individual resilience 2023: 7th lowest (lowest = 1; table lists these bottom-up),Malawi,text,,table,N,,
T2_2_individual_bottom_8,16,Table 2.2,Individual resilience 2023: 8th lowest (lowest = 1; table lists these bottom-up),Côte d'Ivoire,text,,table,N,,
T2_2_individual_bottom_9,16,Table 2.2,Individual resilience 2023: 9th lowest (lowest = 1; table lists these bottom-up),Yemen,text,,table,N,,
T2_2_individual_bottom_10,16,Table 2.2,Individual resilience 2023: 10th lowest (lowest = 1; table lists these bottom-up),Pakistan,text,,table,N,,
T2_2_household_top_1,16,Table 2.2,Household resilience 2023: rank 1 (highest = 1),Vietnam,text,,table,N,,
T2_2_household_top_2,16,Table 2.2,Household resilience 2023: rank 2 (highest = 1),Austria,text,,table,N,,
T2_2_household_top_3,16,Table 2.2,Household resilience 2023: rank 3 (highest = 1),Sweden,text,,table,N,,
T2_2_household_top_4,16,Table 2.2,Household resilience 2023: rank 4 (highest = 1),"Taiwan, PoC",text,,table,N,,
T2_2_household_top_5,16,Table 2.2,Household resilience 2023: rank 5 (highest = 1),United States,text,,table,N,,
T2_2_household_top_6,16,Table 2.2,Household resilience 2023: rank 6 (highest = 1),Norway,text,,table,N,,
T2_2_household_top_7,16,Table 2.2,Household resilience 2023: rank 7 (highest = 1),Germany,text,,table,N,,
T2_2_household_top_8,16,Table 2.2,Household resilience 2023: rank 8 (highest = 1),New Zealand,text,,table,N,,
T2_2_household_top_9,16,Table 2.2,Household resilience 2023: rank 9 (highest = 1),China,text,,table,N,,
T2_2_household_top_10,16,Table 2.2,Household resilience 2023: rank 10 (highest = 1),Canada,text,,table,N,,
T2_2_household_bottom_1,16,Table 2.2,Household resilience 2023: 1th lowest (lowest = 1; table lists these bottom-up),Madagascar,text,,table,N,,
T2_2_household_bottom_2,16,Table 2.2,Household resilience 2023: 2th lowest (lowest = 1; table lists these bottom-up),Ethiopia,text,,table,N,,
T2_2_household_bottom_3,16,Table 2.2,Household resilience 2023: 3th lowest (lowest = 1; table lists these bottom-up),Niger,text,,table,N,,
T2_2_household_bottom_4,16,Table 2.2,Household resilience 2023: 4th lowest (lowest = 1; table lists these bottom-up),Afghanistan,text,,table,N,,
T2_2_household_bottom_5,16,Table 2.2,Household resilience 2023: 5th lowest (lowest = 1; table lists these bottom-up),Yemen,text,,table,N,,
T2_2_household_bottom_6,16,Table 2.2,Household resilience 2023: 6th lowest (lowest = 1; table lists these bottom-up),Pakistan,text,,table,N,,
T2_2_household_bottom_7,16,Table 2.2,Household resilience 2023: 7th lowest (lowest = 1; table lists these bottom-up),Egypt,text,,table,N,,
T2_2_household_bottom_8,16,Table 2.2,Household resilience 2023: 8th lowest (lowest = 1; table lists these bottom-up),Democratic Republic of the Congo,text,,table,N,,
T2_2_household_bottom_9,16,Table 2.2,Household resilience 2023: 9th lowest (lowest = 1; table lists these bottom-up),Somalia,text,,table,N,,
T2_2_household_bottom_10,16,Table 2.2,Household resilience 2023: 10th lowest (lowest = 1; table lists these bottom-up),Chad,text,,table,N,,
T2_2_community_top_1,16,Table 2.2,Community resilience 2023: rank 1 (highest = 1),United Arab Emirates,text,,table,N,,
T2_2_community_top_2,16,Table 2.2,Community resilience 2023: rank 2 (highest = 1),Kuwait,text,,table,N,,
T2_2_community_top_3,16,Table 2.2,Community resilience 2023: rank 3 (highest = 1),Saudi Arabia,text,,table,N,,
T2_2_community_top_4,16,Table 2.2,Community resilience 2023: rank 4 (highest = 1),Tajikistan,text,,table,N,,
T2_2_community_top_5,16,Table 2.2,Community resilience 2023: rank 5 (highest = 1),Singapore,text,,table,N,,
T2_2_community_top_6,16,Table 2.2,Community resilience 2023: rank 6 (highest = 1),Indonesia,text,,table,N,,
T2_2_community_top_7,16,Table 2.2,Community resilience 2023: rank 7 (highest = 1),Bahrain,text,,table,N,,
T2_2_community_top_8,16,Table 2.2,Community resilience 2023: rank 8 (highest = 1),Switzerland,text,,table,N,,
T2_2_community_top_9,16,Table 2.2,Community resilience 2023: rank 9 (highest = 1),Bangladesh,text,,table,N,,
T2_2_community_top_10,16,Table 2.2,Community resilience 2023: rank 10 (highest = 1),Malaysia,text,,table,N,,
T2_2_community_bottom_1,16,Table 2.2,Community resilience 2023: 1th lowest (lowest = 1; table lists these bottom-up),Afghanistan,text,,table,N,,
T2_2_community_bottom_2,16,Table 2.2,Community resilience 2023: 2th lowest (lowest = 1; table lists these bottom-up),Venezuela,text,,table,N,,
T2_2_community_bottom_3,16,Table 2.2,Community resilience 2023: 3th lowest (lowest = 1; table lists these bottom-up),Gabon,text,,table,N,,
T2_2_community_bottom_4,16,Table 2.2,Community resilience 2023: 4th lowest (lowest = 1; table lists these bottom-up),Ecuador,text,,table,N,,
T2_2_community_bottom_5,16,Table 2.2,Community resilience 2023: 5th lowest (lowest = 1; table lists these bottom-up),Tunisia,text,,table,N,,
T2_2_community_bottom_6,16,Table 2.2,Community resilience 2023: 6th lowest (lowest = 1; table lists these bottom-up),Greece,text,,table,N,,
T2_2_community_bottom_7,16,Table 2.2,Community resilience 2023: 7th lowest (lowest = 1; table lists these bottom-up),Togo,text,,table,N,,
T2_2_community_bottom_8,16,Table 2.2,Community resilience 2023: 8th lowest (lowest = 1; table lists these bottom-up),Democratic Republic of the Congo,text,,table,N,,
T2_2_community_bottom_9,16,Table 2.2,Community resilience 2023: 9th lowest (lowest = 1; table lists these bottom-up),Madagascar,text,,table,N,,
T2_2_community_bottom_10,16,Table 2.2,Community resilience 2023: 10th lowest (lowest = 1; table lists these bottom-up),Liberia,text,,table,N,,
T2_2_societal_top_1,16,Table 2.2,Societal resilience 2023: rank 1 (highest = 1),Tajikistan,text,,table,N,,
T2_2_societal_top_2,16,Table 2.2,Societal resilience 2023: rank 2 (highest = 1),Algeria,text,,table,N,,
T2_2_societal_top_3,16,Table 2.2,Societal resilience 2023: rank 3 (highest = 1),Kuwait,text,,table,N,,
T2_2_societal_top_4,16,Table 2.2,Societal resilience 2023: rank 4 (highest = 1),Bahrain,text,,table,N,,
T2_2_societal_top_5,16,Table 2.2,Societal resilience 2023: rank 5 (highest = 1),Uzbekistan,text,,table,N,,
T2_2_societal_top_6,16,Table 2.2,Societal resilience 2023: rank 6 (highest = 1),Tanzania,text,,table,N,,
T2_2_societal_top_7,16,Table 2.2,Societal resilience 2023: rank 7 (highest = 1),Niger,text,,table,N,,
T2_2_societal_top_8,16,Table 2.2,Societal resilience 2023: rank 8 (highest = 1),Singapore,text,,table,N,,
T2_2_societal_top_9,16,Table 2.2,Societal resilience 2023: rank 9 (highest = 1),Gabon,text,,table,N,,
T2_2_societal_top_10,16,Table 2.2,Societal resilience 2023: rank 10 (highest = 1),Indonesia,text,,table,N,,
T2_2_societal_bottom_1,16,Table 2.2,Societal resilience 2023: 1th lowest (lowest = 1; table lists these bottom-up),Yemen,text,,table,N,,
T2_2_societal_bottom_2,16,Table 2.2,Societal resilience 2023: 2th lowest (lowest = 1; table lists these bottom-up),Comoros,text,,table,N,,
T2_2_societal_bottom_3,16,Table 2.2,Societal resilience 2023: 3th lowest (lowest = 1; table lists these bottom-up),Bolivia,text,,table,N,,
T2_2_societal_bottom_4,16,Table 2.2,Societal resilience 2023: 4th lowest (lowest = 1; table lists these bottom-up),Peru,text,,table,N,,
T2_2_societal_bottom_5,16,Table 2.2,Societal resilience 2023: 5th lowest (lowest = 1; table lists these bottom-up),Ecuador,text,,table,N,,
T2_2_societal_bottom_6,16,Table 2.2,Societal resilience 2023: 6th lowest (lowest = 1; table lists these bottom-up),Venezuela,text,,table,N,,
T2_2_societal_bottom_7,16,Table 2.2,Societal resilience 2023: 7th lowest (lowest = 1; table lists these bottom-up),Afghanistan,text,,table,N,,
T2_2_societal_bottom_8,16,Table 2.2,Societal resilience 2023: 8th lowest (lowest = 1; table lists these bottom-up),Colombia,text,,table,N,,
T2_2_societal_bottom_9,16,Table 2.2,Societal resilience 2023: 9th lowest (lowest = 1; table lists these bottom-up),Argentina,text,,table,N,,
T2_2_societal_bottom_10,16,Table 2.2,Societal resilience 2023: 10th lowest (lowest = 1; table lists these bottom-up),Bulgaria,text,,table,N,,
X78_KWT,16,Chapter 2,Kuwait: number of dimensions in which it ranks top 10,3,count,0,text,N,,
X78_AFG,16,Chapter 2,Afghanistan: number of dimensions in which it ranks bottom 10 ('all'),4,count,0,text,N,,
X78_YEM,16,Chapter 2,Yemen: number of dimensions in which it ranks bottom 10,3,count,0,text,N,,
X79,16,Chapter 2,"Other countries in the top 10, or in the bottom 10, on more than two dimensions",0,count,0,text,N,,"Top and bottom counted separately. Counting top and bottom together, Niger has three (bottom 10 individual and household, top 10 societal), as Table 2.2 itself shows."
X80,17,Chapter 3,"Experienced a disaster in past five years: % received at least one warning, 2023",70,pct,,text,N,,Received warning = yes to any of the four sources; no warning = no to at least one and yes to none; respondents with no substantive answer to every source excluded (report definition).
X81,17,Chapter 3,"Experienced a disaster in past five years: % received no warning, 2023",30,pct,,text,N,,Received warning = yes to any of the four sources; no warning = no to at least one and yes to none; respondents with no substantive answer to every source excluded (report definition).
X82,17,Chapter 3,"Experienced a disaster in past five years: % received at least one warning, 2021",69,pct,,text,N,,Received warning = yes to any of the four sources; no warning = no to at least one and yes to none; respondents with no substantive answer to every source excluded (report definition).
X83,17,Chapter 3,"Experienced a disaster in past five years: % received no warning, 2021",31,pct,,text,N,,Received warning = yes to any of the four sources; no warning = no to at least one and yes to none; respondents with no substantive answer to every source excluded (report definition).
X84,17,Chapter 3,Early Warnings for All priority countries measured by the 2023 Poll,17,count,0,text,N,,Counts the priority countries shown in Chart 3.1 that are in the 2023 data; the list of 30 priority countries is external (UN).
C3_1_MOZ,17,Chart 3.1,"% received at least one form of early warning, MOZ, 2023",83,pct,,chart,N,,Received warning = yes to any of the four sources; no warning = no to at least one and yes to none; respondents with no substantive answer to every source excluded (report definition).
C3_1_MUS,17,Chart 3.1,"% received at least one form of early warning, MUS, 2023",80,pct,,chart,N,,
C3_1_KHM,17,Chart 3.1,"% received at least one form of early warning, KHM, 2023",80,pct,,chart,N,,
C3_1_BGD,17,Chart 3.1,"% received at least one form of early warning, BGD, 2023",74,pct,,chart,N,,
C3_1_LAO,17,Chart 3.1,"% received at least one form of early warning, LAO, 2023",74,pct,,chart,N,,
C3_1_MDG,17,Chart 3.1,"% received at least one form of early warning, MDG, 2023",71,pct,,chart,N,,
C3_1_SOM,17,Chart 3.1,"% received at least one form of early warning, SOM, 2023",63,pct,,chart,N,,
C3_1_UGA,17,Chart 3.1,"% received at least one form of early warning, UGA, 2023",56,pct,,chart,N,,
C3_1_COM,17,Chart 3.1,"% received at least one form of early warning, COM, 2023",56,pct,,chart,N,,
C3_1_LBR,17,Chart 3.1,"% received at least one form of early warning, LBR, 2023",54,pct,,chart,N,,
C3_1_GTM,17,Chart 3.1,"% received at least one form of early warning, GTM, 2023",50,pct,,chart,N,,
C3_1_ECU,17,Chart 3.1,"% received at least one form of early warning, ECU, 2023",41,pct,,chart,N,,
C3_1_NPL,17,Chart 3.1,"% received at least one form of early warning, NPL, 2023",40,pct,,chart,N,,
C3_1_NER,17,Chart 3.1,"% received at least one form of early warning, NER, 2023",37,pct,,chart,N,,
C3_1_TCD,17,Chart 3.1,"% received at least one form of early warning, TCD, 2023",35,pct,,chart,N,,
C3_1_TJK,17,Chart 3.1,"% received at least one form of early warning, TJK, 2023",25,pct,,chart,N,,
C3_1_ETH,17,Chart 3.1,"% received at least one form of early warning, ETH, 2023",23,pct,,chart,N,,
X85_earthquake,17,Chapter 3,Experienced earthquake in past five years: % no warning,49,pct,,text,N,,
X85_mudslide,17,Chapter 3,Experienced mudslides/landslides in past five years: % no warning,50,pct,,text,N,,
X85_heatwave,17,Chapter 3,Experienced heatwave in past five years: % at least one warning,94,pct,,text,N,,
X85_hurricane,17,Chapter 3,Experienced hurricanes in past five years: % at least one warning,86,pct,,text,N,,
X85_blizzard,17,Chapter 3,Experienced blizzards in past five years: % at least one warning,86,pct,,text,N,,
X85_tornado,17,Chapter 3,Experienced tornados in past five years: % at least one warning,80,pct,,text,N,,
X85_flood,17,Chapter 3,Experienced flooding in past five years: % at least one warning ('two-thirds'),67,pct,2,text,N,,'Two-thirds' recorded as 67 with a 2-point tolerance.
X86_radio_2023,18,Chapter 3,"Experienced disaster: % warned via radio, TV or newspaper, 2023",53,pct,,text,N,,
X86_radio_2021,18,Chapter 3,"Experienced disaster: % warned via radio, TV or newspaper, 2021",56,pct,,text,N,,
X86_government_2023,18,Chapter 3,"Experienced disaster: % warned by local government or police, 2023",47,pct,,text,N,,
X86_government_2021,18,Chapter 3,"Experienced disaster: % warned by local government or police, 2021",41,pct,,text,N,,
X86_internet_2023,18,Chapter 3,"Experienced disaster: % warned via internet or social media, 2023",46,pct,,text,N,,
X86_internet_2021,18,Chapter 3,"Experienced disaster: % warned via internet or social media, 2021",36,pct,,text,N,,
C3_2_radio_2021,18,Chart 3.2,"% received early warning from Radio, TV, or newspapers, 2021",56,pct,,chart,N,,Base: everyone who experienced a disaster in the past five years (DK/refused kept).
C3_2_radio_2023,18,Chart 3.2,"% received early warning from Radio, TV, or newspapers, 2023",53,pct,,chart,N,,
C3_2_government_2021,18,Chart 3.2,"% received early warning from Local government or police, 2021",41,pct,,chart,N,,
C3_2_government_2023,18,Chart 3.2,"% received early warning from Local government or police, 2023",47,pct,,chart,N,,
C3_2_internet_2021,18,Chart 3.2,"% received early warning from Internet/Social media, 2021",36,pct,,chart,N,,
C3_2_internet_2023,18,Chart 3.2,"% received early warning from Internet/Social media, 2023",46,pct,,chart,N,,
C3_2_community_2021,18,Chart 3.2,"% received early warning from Local community organization, 2021",31,pct,,chart,N,,
C3_2_community_2023,18,Chart 3.2,"% received early warning from Local community organization, 2023",35,pct,,chart,N,,
C3_3_15_29_2021,18,Chart 3.3,"% warned via internet/social media, aged 15-29, 2021",40,pct,,chart,N,,
C3_3_15_29_2023,18,Chart 3.3,"% warned via internet/social media, aged 15-29, 2023",49,pct,,chart,N,,
C3_3_30_49_2021,18,Chart 3.3,"% warned via internet/social media, aged 30-49, 2021",35,pct,,chart,N,,
C3_3_30_49_2023,18,Chart 3.3,"% warned via internet/social media, aged 30-49, 2023",47,pct,,chart,N,,
C3_3_50_64_2021,18,Chart 3.3,"% warned via internet/social media, aged 50-64, 2021",34,pct,,chart,N,,
C3_3_50_64_2023,18,Chart 3.3,"% warned via internet/social media, aged 50-64, 2023",43,pct,,chart,N,,
C3_3_65plus_2021,18,Chart 3.3,"% warned via internet/social media, aged 65+, 2021",26,pct,,chart,N,,
C3_3_65plus_2023,18,Chart 3.3,"% warned via internet/social media, aged 65+, 2023",34,pct,,chart,N,,
X87_15_29,18,Chapter 3,"% warned via internet/social media, aged 15-29, 2023",49,pct,,text,N,,
X87_65plus,18,Chapter 3,"% warned via internet/social media, aged 65+, 2023",34,pct,,text,N,,
X88,18,Chapter 3 (box),"% of the world's population with access to the internet in some way, 2023 (Gallup World Poll)",71,pct,,text,Y,GWP_INTERNET_ACCESS,Placeholder GWP item code; see README.
X89,19,Chapter 3,% of people who experienced a natural hazard 2018-2023 who received a warning,70,pct,,text,N,,Received warning = yes to any of the four sources; no warning = no to at least one and yes to none; respondents with no substantive answer to every source excluded (report definition).
C3_4_east_asia_warned,19,Chart 3.4,"% at least one warning, Eastern Asia",90,pct,,chart,N,,Received warning = yes to any of the four sources; no warning = no to at least one and yes to none; respondents with no substantive answer to every source excluded (report definition).
C3_4_east_asia_none,19,Chart 3.4,"% no warning, Eastern Asia",10,pct,,chart,N,,
C3_4_anz_warned,19,Chart 3.4,"% at least one warning, Australia & New Zealand",86,pct,,chart,N,,
C3_4_anz_none,19,Chart 3.4,"% no warning, Australia & New Zealand",14,pct,,chart,N,,
C3_4_north_america_warned,19,Chart 3.4,"% at least one warning, Northern America",83,pct,,chart,N,,
C3_4_north_america_none,19,Chart 3.4,"% no warning, Northern America",17,pct,,chart,N,,
C3_4_northern_western_europe_warned,19,Chart 3.4,"% at least one warning, Northern/Western Europe",75,pct,,chart,N,,
C3_4_northern_western_europe_none,19,Chart 3.4,"% no warning, Northern/Western Europe",25,pct,,chart,N,,
C3_4_southeast_asia_warned,19,Chart 3.4,"% at least one warning, Southeastern Asia",74,pct,,chart,N,,
C3_4_southeast_asia_none,19,Chart 3.4,"% no warning, Southeastern Asia",26,pct,,chart,N,,
C3_4_eastern_europe_warned,19,Chart 3.4,"% at least one warning, Eastern Europe",72,pct,,chart,N,,
C3_4_eastern_europe_none,19,Chart 3.4,"% no warning, Eastern Europe",28,pct,,chart,N,,
C3_4_south_asia_warned,19,Chart 3.4,"% at least one warning, Southern Asia",66,pct,,chart,N,,
C3_4_south_asia_none,19,Chart 3.4,"% no warning, Southern Asia",34,pct,,chart,N,,
C3_4_southern_africa_warned,19,Chart 3.4,"% at least one warning, Southern Africa",62,pct,,chart,N,,
C3_4_southern_africa_none,19,Chart 3.4,"% no warning, Southern Africa",38,pct,,chart,N,,
C3_4_southern_europe_warned,19,Chart 3.4,"% at least one warning, Southern Europe",61,pct,,chart,N,,
C3_4_southern_europe_none,19,Chart 3.4,"% no warning, Southern Europe",39,pct,,chart,N,,
C3_4_east_africa_warned,19,Chart 3.4,"% at least one warning, Eastern Africa",59,pct,,chart,N,,
C3_4_east_africa_none,19,Chart 3.4,"% no warning, Eastern Africa",41,pct,,chart,N,,
C3_4_middle_east_warned,19,Chart 3.4,"% at least one warning, Middle East",58,pct,,chart,N,,
C3_4_middle_east_none,19,Chart 3.4,"% no warning, Middle East",42,pct,,chart,N,,
C3_4_latin_america_warned,19,Chart 3.4,"% at least one warning, Latin America & the Caribbean",55,pct,,chart,N,,
C3_4_latin_america_none,19,Chart 3.4,"% no warning, Latin America & the Caribbean",45,pct,,chart,N,,
C3_4_central_asia_warned,19,Chart 3.4,"% at least one warning, Central Asia",50,pct,,chart,N,,
C3_4_central_asia_none,19,Chart 3.4,"% no warning, Central Asia",50,pct,,chart,N,,
C3_4_central_western_africa_warned,19,Chart 3.4,"% at least one warning, Central/Western Africa",38,pct,,chart,N,,
C3_4_central_western_africa_none,19,Chart 3.4,"% no warning, Central/Western Africa",62,pct,,chart,N,,
C3_4_north_africa_warned,19,Chart 3.4,"% at least one warning, Northern Africa",25,pct,,chart,N,,
C3_4_north_africa_none,19,Chart 3.4,"% no warning, Northern Africa",75,pct,,chart,N,,
C3_5_primary_warned,19,Chart 3.5,"% at least one warning, education Primary",66,pct,,chart,N,,
C3_5_primary_none,19,Chart 3.5,"% no warning, education Primary",34,pct,,chart,N,,
C3_5_secondary_warned,19,Chart 3.5,"% at least one warning, education Secondary",71,pct,,chart,N,,
C3_5_secondary_none,19,Chart 3.5,"% no warning, education Secondary",29,pct,,chart,N,,
C3_5_tertiary_warned,19,Chart 3.5,"% at least one warning, education Tertiary",78,pct,,chart,N,,
C3_5_tertiary_none,19,Chart 3.5,"% no warning, education Tertiary",22,pct,,chart,N,,
X90_tertiary,19,Chapter 3,"% at least one warning, tertiary education",78,pct,,text,N,,
X90_secondary,19,Chapter 3,"% at least one warning, secondary education",71,pct,,text,N,,
X90_primary,19,Chapter 3,"% at least one warning, primary education",66,pct,,text,N,,
C3_6_less_week_warned,20,Chart 3.6,"% at least one warning, could cover basic needs: Less than a week",63,pct,,chart,N,,Financial resilience from WP22228/WP22229: less than a week; a week to a month (including DK on weeks); a month or more.
C3_6_less_week_none,20,Chart 3.6,"% no warning, could cover basic needs: Less than a week",37,pct,,chart,N,,
C3_6_week_month_warned,20,Chart 3.6,"% at least one warning, could cover basic needs: Between a week and a month",66,pct,,chart,N,,
C3_6_week_month_none,20,Chart 3.6,"% no warning, could cover basic needs: Between a week and a month",34,pct,,chart,N,,
C3_6_month_plus_warned,20,Chart 3.6,"% at least one warning, could cover basic needs: A month or more",74,pct,,chart,N,,
C3_6_month_plus_none,20,Chart 3.6,"% no warning, could cover basic needs: A month or more",26,pct,,chart,N,,
X91_month_plus,20,Chapter 3,"% at least one warning, could last a month or more with no income",74,pct,,text,N,,
X91_less_week,20,Chapter 3,"% at least one warning, could last a week or less with no income",63,pct,,text,N,,
C3_7_rural_warned,20,Chart 3.7,"% at least one warning, Rural areas",65,pct,,chart,Y,GWP_DEGURBA,Degree of urbanisation (rural / towns and semi-dense / cities) is a Gallup variable not in the release; placeholder item code. See README.
C3_7_rural_none,20,Chart 3.7,"% no warning, Rural areas",35,pct,,chart,Y,GWP_DEGURBA,Degree of urbanisation (rural / towns and semi-dense / cities) is a Gallup variable not in the release; placeholder item code. See README.
C3_7_towns_warned,20,Chart 3.7,"% at least one warning, Towns and semi-dense areas",67,pct,,chart,Y,GWP_DEGURBA,Degree of urbanisation (rural / towns and semi-dense / cities) is a Gallup variable not in the release; placeholder item code. See README.
C3_7_towns_none,20,Chart 3.7,"% no warning, Towns and semi-dense areas",33,pct,,chart,Y,GWP_DEGURBA,Degree of urbanisation (rural / towns and semi-dense / cities) is a Gallup variable not in the release; placeholder item code. See README.
C3_7_cities_warned,20,Chart 3.7,"% at least one warning, Cities",74,pct,,chart,Y,GWP_DEGURBA,Degree of urbanisation (rural / towns and semi-dense / cities) is a Gallup variable not in the release; placeholder item code. See README.
C3_7_cities_none,20,Chart 3.7,"% no warning, Cities",26,pct,,chart,Y,GWP_DEGURBA,Degree of urbanisation (rural / towns and semi-dense / cities) is a Gallup variable not in the release; placeholder item code. See README.
X92_men,21,Chapter 3,Men who experienced a disaster: % received early warning,71,pct,,text,N,,
X92_women,21,Chapter 3,Women who experienced a disaster: % received early warning,68,pct,,text,N,,
X93,21,Chapter 3,Of those not warned about a disaster: % who own a mobile phone,77,pct,,text,Y,GWP_MOBILE_PHONE,Mobile phone ownership (with / without internet access / none) is a Gallup World Poll item; placeholder item code. See README.
X94_internet,21,Chapter 3,Global population: % own a mobile phone with internet access,68,pct,,text,Y,GWP_MOBILE_PHONE,Mobile phone ownership (with / without internet access / none) is a Gallup World Poll item; placeholder item code. See README.
X94_no_internet,21,Chapter 3,Global population: % own a mobile phone without internet access (or DK),17,pct,,text,Y,GWP_MOBILE_PHONE,Mobile phone ownership (with / without internet access / none) is a Gallup World Poll item; placeholder item code. See README.
X94_none,21,Chapter 3,Global population: % do not own a mobile phone,15,pct,,text,Y,GWP_MOBILE_PHONE,Mobile phone ownership (with / without internet access / none) is a Gallup World Poll item; placeholder item code. See README.
X95_warned,21,Chapter 3,Experienced disaster and received warning: % own a smartphone,74,pct,,text,Y,GWP_MOBILE_PHONE,Mobile phone ownership (with / without internet access / none) is a Gallup World Poll item; placeholder item code. See README.
X95_none,21,Chapter 3,Experienced disaster and not warned: % own a smartphone,54,pct,,text,Y,GWP_MOBILE_PHONE,Mobile phone ownership (with / without internet access / none) is a Gallup World Poll item; placeholder item code. See README.
C3_8_warned_internet,21,Chart 3.8,"At least one warning: % Yes, phone can access internet",74,pct,,chart,Y,GWP_MOBILE_PHONE,Mobile phone ownership (with / without internet access / none) is a Gallup World Poll item; placeholder item code. See README.
C3_8_none_internet,21,Chart 3.8,"No warning: % Yes, phone can access internet",54,pct,,chart,Y,GWP_MOBILE_PHONE,Mobile phone ownership (with / without internet access / none) is a Gallup World Poll item; placeholder item code. See README.
C3_8_warned_no_internet,21,Chart 3.8,"At least one warning: % No, phone cannot access internet",15,pct,,chart,Y,GWP_MOBILE_PHONE,Mobile phone ownership (with / without internet access / none) is a Gallup World Poll item; placeholder item code. See README.
C3_8_none_no_internet,21,Chart 3.8,"No warning: % No, phone cannot access internet",23,pct,,chart,Y,GWP_MOBILE_PHONE,Mobile phone ownership (with / without internet access / none) is a Gallup World Poll item; placeholder item code. See README.
C3_8_warned_none,21,Chart 3.8,At least one warning: % Does not have phone,11,pct,,chart,Y,GWP_MOBILE_PHONE,Mobile phone ownership (with / without internet access / none) is a Gallup World Poll item; placeholder item code. See README.
C3_8_none_none,21,Chart 3.8,No warning: % Does not have phone,23,pct,,chart,Y,GWP_MOBILE_PHONE,Mobile phone ownership (with / without internet access / none) is a Gallup World Poll item; placeholder item code. See README.
C3_9_index_warned,22,Chart 3.9,"Resilience index score, experienced disaster and received at least one warning",61,index,,chart,N,,
C3_9_index_none,22,Chart 3.9,"Resilience index score, experienced disaster and received no warning",50,index,,chart,N,,
C3_9_individual_warned,22,Chart 3.9,"Individual score, experienced disaster and received at least one warning",54,index,,chart,N,,
C3_9_individual_none,22,Chart 3.9,"Individual score, experienced disaster and received no warning",40,index,,chart,N,,
C3_9_household_warned,22,Chart 3.9,"Household score, experienced disaster and received at least one warning",62,index,,chart,N,,
C3_9_household_none,22,Chart 3.9,"Household score, experienced disaster and received no warning",46,index,,chart,N,,
C3_9_community_warned,22,Chart 3.9,"Community score, experienced disaster and received at least one warning",66,index,,chart,N,,
C3_9_community_none,22,Chart 3.9,"Community score, experienced disaster and received no warning",54,index,,chart,N,,
C3_9_societal_warned,22,Chart 3.9,"Societal score, experienced disaster and received at least one warning",64,index,,chart,N,,
C3_9_societal_none,22,Chart 3.9,"Societal score, experienced disaster and received no warning",60,index,,chart,N,,
X96,23,Chapter 4,Model: Resilience Index points for full-time employed by an employer vs out of the workforce,4,points,,text,N,,"Weighted least squares (PROJWT) of the Resilience Index on employment status, age group, sex, income quintile, urbanicity, region, log GDP per capita, real GDP growth and CPI inflation (World Bank, 2023); see README."
X97,23,Chapter 4,"Afghanistan: Resilience Index gap, full-time employed by employer minus out of workforce ('17-point')",17,points,,text,N,,
X98_women,23,Chapter 4,Afghanistan: % of women out of the workforce,73,pct,,text,N,,Read as the share of each sex out of the workforce; the share of women among those out of the workforce is also 73%.
X98_men,23,Chapter 4,Afghanistan: % of men out of the workforce,27,pct,,text,N,,
X99_COM,23,Chapter 4,"Comoros: Resilience Index gap, full-time employed by employer minus out of workforce",14,points,,text,N,,
X99_CHN,23,Chapter 4,"China: Resilience Index gap, full-time employed by employer minus out of workforce",13,points,,text,N,,
C4_1_ft_employer_individual,23,Chart 4.1,"Individual resilience, Employed full time by an employer",53,index,,chart,N,,Employment: full time for an employer (EMP_2010 = 1); in workforce but not (2-5); out of workforce (6).
C4_1_ft_employer_household,23,Chart 4.1,"Household resilience, Employed full time by an employer",63,index,,chart,N,,
C4_1_ft_employer_community,23,Chart 4.1,"Community resilience, Employed full time by an employer",66,index,,chart,N,,
C4_1_ft_employer_societal,23,Chart 4.1,"Societal resilience, Employed full time by an employer",65,index,,chart,N,,
C4_1_other_workforce_individual,23,Chart 4.1,"Individual resilience, In workforce, but not employed full-time by an employer",43,index,,chart,N,,
C4_1_other_workforce_household,23,Chart 4.1,"Household resilience, In workforce, but not employed full-time by an employer",53,index,,chart,N,,
C4_1_other_workforce_community,23,Chart 4.1,"Community resilience, In workforce, but not employed full-time by an employer",62,index,,chart,N,,
C4_1_other_workforce_societal,23,Chart 4.1,"Societal resilience, In workforce, but not employed full-time by an employer",64,index,,chart,N,,
C4_1_out_workforce_individual,23,Chart 4.1,"Individual resilience, Out of workforce",38,index,,chart,N,,
C4_1_out_workforce_household,23,Chart 4.1,"Household resilience, Out of workforce",50,index,,chart,N,,
C4_1_out_workforce_community,23,Chart 4.1,"Community resilience, Out of workforce",61,index,,chart,N,,
C4_1_out_workforce_societal,23,Chart 4.1,"Societal resilience, Out of workforce",66,index,,chart,N,,
X100_out_2023,23,Chapter 4,"Out of workforce: % who could do nothing to protect themselves in a future disaster, 2023",50,pct,,text,N,,
X100_out_2021,23,Chapter 4,"Out of workforce: % who could do nothing to protect themselves in a future disaster, 2021",41,pct,,text,N,,
X100_other_2023,23,Chapter 4,"In workforce but not full time for an employer: % who could do nothing, 2023",41,pct,,text,N,,
X100_other_2021,23,Chapter 4,"In workforce but not full time for an employer: % who could do nothing, 2021",39,pct,,text,N,,
X100_ft_2023,23,Chapter 4,"Full time for an employer: % who could do nothing, 2023",35,pct,,text,N,,
X100_ft_2021,23,Chapter 4,"Full time for an employer: % who could do nothing, 2021 ('unchanged')",35,pct,,text,N,,
T4_1_east_asia_poorest,24,Table 4.1,"Resilience Index, poorest 20%, Eastern Asia",57,index,,table,N,,
T4_1_east_asia_richest,24,Table 4.1,"Resilience Index, richest 20%, Eastern Asia",69,index,,table,N,,
T4_1_east_asia_gap,24,Table 4.1,"Resilience Index gap, richest minus poorest 20%, Eastern Asia",12,points,,table,N,,
T4_1_north_africa_poorest,24,Table 4.1,"Resilience Index, poorest 20%, Northern Africa",44,index,,table,N,,
T4_1_north_africa_richest,24,Table 4.1,"Resilience Index, richest 20%, Northern Africa",55,index,,table,N,,
T4_1_north_africa_gap,24,Table 4.1,"Resilience Index gap, richest minus poorest 20%, Northern Africa",11,points,,table,N,,
T4_1_north_america_poorest,24,Table 4.1,"Resilience Index, poorest 20%, Northern America",58,index,,table,N,,
T4_1_north_america_richest,24,Table 4.1,"Resilience Index, richest 20%, Northern America",67,index,,table,N,,
T4_1_north_america_gap,24,Table 4.1,"Resilience Index gap, richest minus poorest 20%, Northern America",9,points,,table,N,,
T4_1_southern_africa_poorest,24,Table 4.1,"Resilience Index, poorest 20%, Southern Africa",45,index,,table,N,,
T4_1_southern_africa_richest,24,Table 4.1,"Resilience Index, richest 20%, Southern Africa",54,index,,table,N,,
T4_1_southern_africa_gap,24,Table 4.1,"Resilience Index gap, richest minus poorest 20%, Southern Africa",9,points,,table,N,,
T4_1_middle_east_poorest,24,Table 4.1,"Resilience Index, poorest 20%, Middle East",46,index,,table,N,,
T4_1_middle_east_richest,24,Table 4.1,"Resilience Index, richest 20%, Middle East",55,index,,table,N,,
T4_1_middle_east_gap,24,Table 4.1,"Resilience Index gap, richest minus poorest 20%, Middle East",9,points,,table,N,,
T4_1_south_asia_poorest,24,Table 4.1,"Resilience Index, poorest 20%, Southern Asia",49,index,,table,N,,
T4_1_south_asia_richest,24,Table 4.1,"Resilience Index, richest 20%, Southern Asia",57,index,,table,N,,
T4_1_south_asia_gap,24,Table 4.1,"Resilience Index gap, richest minus poorest 20%, Southern Asia",8,points,,table,N,,
T4_1_southeast_asia_poorest,24,Table 4.1,"Resilience Index, poorest 20%, Southeastern Asia",60,index,,table,N,,
T4_1_southeast_asia_richest,24,Table 4.1,"Resilience Index, richest 20%, Southeastern Asia",69,index,,table,N,,
T4_1_southeast_asia_gap,24,Table 4.1,"Resilience Index gap, richest minus poorest 20%, Southeastern Asia",8,points,,table,N,,
T4_1_latin_america_poorest,24,Table 4.1,"Resilience Index, poorest 20%, Latin America & the Caribbean",46,index,,table,N,,
T4_1_latin_america_richest,24,Table 4.1,"Resilience Index, richest 20%, Latin America & the Caribbean",54,index,,table,N,,
T4_1_latin_america_gap,24,Table 4.1,"Resilience Index gap, richest minus poorest 20%, Latin America & the Caribbean",8,points,,table,N,,
T4_1_central_asia_poorest,24,Table 4.1,"Resilience Index, poorest 20%, Central Asia",57,index,,table,N,,
T4_1_central_asia_richest,24,Table 4.1,"Resilience Index, richest 20%, Central Asia",65,index,,table,N,,
T4_1_central_asia_gap,24,Table 4.1,"Resilience Index gap, richest minus poorest 20%, Central Asia",8,points,,table,N,,
T4_1_anz_poorest,24,Table 4.1,"Resilience Index, poorest 20%, Australia & New Zealand",59,index,,table,N,,
T4_1_anz_richest,24,Table 4.1,"Resilience Index, richest 20%, Australia & New Zealand",67,index,,table,N,,
T4_1_anz_gap,24,Table 4.1,"Resilience Index gap, richest minus poorest 20%, Australia & New Zealand",8,points,,table,N,,
T4_1_northern_western_europe_poorest,24,Table 4.1,"Resilience Index, poorest 20%, Northern/Western Europe",58,index,,table,N,,
T4_1_northern_western_europe_richest,24,Table 4.1,"Resilience Index, richest 20%, Northern/Western Europe",65,index,,table,N,,
T4_1_northern_western_europe_gap,24,Table 4.1,"Resilience Index gap, richest minus poorest 20%, Northern/Western Europe",7,points,,table,N,,
T4_1_eastern_europe_poorest,24,Table 4.1,"Resilience Index, poorest 20%, Eastern Europe",54,index,,table,N,,
T4_1_eastern_europe_richest,24,Table 4.1,"Resilience Index, richest 20%, Eastern Europe",61,index,,table,N,,
T4_1_eastern_europe_gap,24,Table 4.1,"Resilience Index gap, richest minus poorest 20%, Eastern Europe",7,points,,table,N,,
T4_1_east_africa_poorest,24,Table 4.1,"Resilience Index, poorest 20%, Eastern Africa",44,index,,table,N,,
T4_1_east_africa_richest,24,Table 4.1,"Resilience Index, richest 20%, Eastern Africa",51,index,,table,N,,
T4_1_east_africa_gap,24,Table 4.1,"Resilience Index gap, richest minus poorest 20%, Eastern Africa",7,points,,table,N,,
T4_1_central_western_africa_poorest,24,Table 4.1,"Resilience Index, poorest 20%, Central/Western Africa",41,index,,table,N,,
T4_1_central_western_africa_richest,24,Table 4.1,"Resilience Index, richest 20%, Central/Western Africa",47,index,,table,N,,
T4_1_central_western_africa_gap,24,Table 4.1,"Resilience Index gap, richest minus poorest 20%, Central/Western Africa",7,points,,table,N,,
T4_1_southern_europe_poorest,24,Table 4.1,"Resilience Index, poorest 20%, Southern Europe",51,index,,table,N,,
T4_1_southern_europe_richest,24,Table 4.1,"Resilience Index, richest 20%, Southern Europe",58,index,,table,N,,
T4_1_southern_europe_gap,24,Table 4.1,"Resilience Index gap, richest minus poorest 20%, Southern Europe",7,points,,table,N,,
X101_east_asia,24,Chapter 4,"Income gap in resilience (richest minus poorest 20%), Eastern Asia",12,points,,text,N,,
X101_north_africa,24,Chapter 4,"Income gap in resilience, Northern Africa",11,points,,text,N,,
X101_southern_europe,24,Chapter 4,"Income gap in resilience, Southern Europe (lowest)",7,points,,text,N,,
X102,24,Chapter 4 (footnote),Model: Resilience Index points for ages 15-29 vs over 50,4,points,,text,N,,"Weighted least squares (PROJWT) of the Resilience Index on employment status, age group, sex, income quintile, urbanicity, region, log GDP per capita, real GDP growth and CPI inflation (World Bank, 2023); see README."
X103,24,Chapter 4 (footnote),Model: Resilience Index points for ages 30-49 vs over 50,2,points,,text,N,,"Weighted least squares (PROJWT) of the Resilience Index on employment status, age group, sex, income quintile, urbanicity, region, log GDP per capita, real GDP growth and CPI inflation (World Bank, 2023); see README."
X104_MYS,24,Chapter 4,"Malaysia: Resilience Index gap, aged 15-29 minus aged 65+",13,points,,text,N,,
X104_LKA,24,Chapter 4,"Sri Lanka: Resilience Index gap, aged 15-29 minus aged 65+",13,points,,text,N,,
X104_PHL,24,Chapter 4,"Philippines: Resilience Index gap, aged 15-29 minus aged 65+",12,points,,text,N,,
X105,24,Chapter 4,Countries where women score higher than men on the Resilience Index ('equal to or lower ... in all countries'),0,count,0,text,N,,"Counted on scores rounded to whole points. Women score higher in 5 countries (7 unrounded), by at most 2.3 points (UAE); none by the report's 4-point threshold."
X106_AFG,24,Chapter 4,Afghanistan: gender gap in Resilience Index (men minus women),12,points,,text,N,,
X106_PAK,24,Chapter 4,Pakistan: gender gap in Resilience Index (men minus women),9,points,,text,N,,
X106_CZE,24,Chapter 4,Czech Republic: gender gap in Resilience Index (men minus women),8,points,,text,N,,
X106_KOR,24,Chapter 4,South Korea: gender gap in Resilience Index (men minus women),8,points,,text,N,,
T4_2_UKR_index_2023,25,Table 4.2,"UKR: Resilience Index score, 2023",59,index,,table,N,,
T4_2_UKR_index_2021,25,Table 4.2,"UKR: Resilience Index score, 2021",55,index,,table,N,,
T4_2_UKR_individual_2023,25,Table 4.2,"UKR: individual score, 2023",57,index,,table,N,,
T4_2_UKR_individual_2021,25,Table 4.2,"UKR: individual score, 2021",61,index,,table,N,,
T4_2_UKR_household_2023,25,Table 4.2,"UKR: household score, 2023",61,index,,table,N,,
T4_2_UKR_household_2021,25,Table 4.2,"UKR: household score, 2021",59,index,,table,N,,
T4_2_UKR_community_2023,25,Table 4.2,"UKR: community score, 2023",56,index,,table,N,,
T4_2_UKR_community_2021,25,Table 4.2,"UKR: community score, 2021",50,index,,table,N,,
T4_2_UKR_societal_2023,25,Table 4.2,"UKR: societal score, 2023",62,index,,table,N,,
T4_2_UKR_societal_2021,25,Table 4.2,"UKR: societal score, 2021",52,index,,table,N,,
T4_2_RUS_index_2023,25,Table 4.2,"RUS: Resilience Index score, 2023",60,index,,table,N,,
T4_2_RUS_index_2021,25,Table 4.2,"RUS: Resilience Index score, 2021",56,index,,table,N,,
T4_2_RUS_individual_2023,25,Table 4.2,"RUS: individual score, 2023",59,index,,table,N,,
T4_2_RUS_individual_2021,25,Table 4.2,"RUS: individual score, 2021",59,index,,table,N,,
T4_2_RUS_household_2023,25,Table 4.2,"RUS: household score, 2023",63,index,,table,N,,
T4_2_RUS_household_2021,25,Table 4.2,"RUS: household score, 2021",58,index,,table,N,,
T4_2_RUS_community_2023,25,Table 4.2,"RUS: community score, 2023",54,index,,table,N,,
T4_2_RUS_community_2021,25,Table 4.2,"RUS: community score, 2021",47,index,,table,N,,
T4_2_RUS_societal_2023,25,Table 4.2,"RUS: societal score, 2023",65,index,,table,N,,
T4_2_RUS_societal_2021,25,Table 4.2,"RUS: societal score, 2021",58,index,,table,N,,
T4_2_BFA_index_2023,25,Table 4.2,"BFA: Resilience Index score, 2023",47,index,,table,N,,
T4_2_BFA_index_2021,25,Table 4.2,"BFA: Resilience Index score, 2021",42,index,,table,N,,
T4_2_BFA_individual_2023,25,Table 4.2,"BFA: individual score, 2023",24,index,,table,N,,
T4_2_BFA_individual_2021,25,Table 4.2,"BFA: individual score, 2021",24,index,,table,N,,
T4_2_BFA_household_2023,25,Table 4.2,"BFA: household score, 2023",38,index,,table,N,,
T4_2_BFA_household_2021,25,Table 4.2,"BFA: household score, 2021",35,index,,table,N,,
T4_2_BFA_community_2023,25,Table 4.2,"BFA: community score, 2023",54,index,,table,N,,
T4_2_BFA_community_2021,25,Table 4.2,"BFA: community score, 2021",48,index,,table,N,,
T4_2_BFA_societal_2023,25,Table 4.2,"BFA: societal score, 2023",72,index,,table,N,,
T4_2_BFA_societal_2021,25,Table 4.2,"BFA: societal score, 2021",63,index,,table,N,,
T4_2_MLI_index_2023,25,Table 4.2,"MLI: Resilience Index score, 2023",48,index,,table,N,,
T4_2_MLI_index_2021,25,Table 4.2,"MLI: Resilience Index score, 2021",45,index,,table,N,,
T4_2_MLI_individual_2023,25,Table 4.2,"MLI: individual score, 2023",31,index,,table,N,,
T4_2_MLI_individual_2021,25,Table 4.2,"MLI: individual score, 2021",34,index,,table,N,,
T4_2_MLI_household_2023,25,Table 4.2,"MLI: household score, 2023",38,index,,table,N,,
T4_2_MLI_household_2021,25,Table 4.2,"MLI: household score, 2021",40,index,,table,N,,
T4_2_MLI_community_2023,25,Table 4.2,"MLI: community score, 2023",52,index,,table,N,,
T4_2_MLI_community_2021,25,Table 4.2,"MLI: community score, 2021",45,index,,table,N,,
T4_2_MLI_societal_2023,25,Table 4.2,"MLI: societal score, 2023",73,index,,table,N,,
T4_2_MLI_societal_2021,25,Table 4.2,"MLI: societal score, 2021",62,index,,table,N,,
T4_2_MMR_index_2023,25,Table 4.2,"MMR: Resilience Index score, 2023",52,index,,table,N,,
T4_2_MMR_index_2021,25,Table 4.2,"MMR: Resilience Index score, 2021",52,index,,table,N,,
T4_2_MMR_individual_2023,25,Table 4.2,"MMR: individual score, 2023",42,index,,table,N,,
T4_2_MMR_individual_2021,25,Table 4.2,"MMR: individual score, 2021",46,index,,table,N,,
T4_2_MMR_household_2023,25,Table 4.2,"MMR: household score, 2023",54,index,,table,N,,
T4_2_MMR_household_2021,25,Table 4.2,"MMR: household score, 2021",60,index,,table,N,,
T4_2_MMR_community_2023,25,Table 4.2,"MMR: community score, 2023",59,index,,table,N,,
T4_2_MMR_community_2021,25,Table 4.2,"MMR: community score, 2021",51,index,,table,N,,
T4_2_MMR_societal_2023,25,Table 4.2,"MMR: societal score, 2023",54,index,,table,N,,
T4_2_MMR_societal_2021,25,Table 4.2,"MMR: societal score, 2021",53,index,,table,N,,
T4_2_AFG_index_2023,25,Table 4.2,"AFG: Resilience Index score, 2023",29,index,,table,N,,
T4_2_AFG_index_2021,25,Table 4.2,"AFG: Resilience Index score, 2021",33,index,,table,N,,
T4_2_AFG_individual_2023,25,Table 4.2,"AFG: individual score, 2023",16,index,,table,N,,
T4_2_AFG_individual_2021,25,Table 4.2,"AFG: individual score, 2021",23,index,,table,N,,
T4_2_AFG_household_2023,25,Table 4.2,"AFG: household score, 2023",30,index,,table,N,,
T4_2_AFG_household_2021,25,Table 4.2,"AFG: household score, 2021",38,index,,table,N,,
T4_2_AFG_community_2023,25,Table 4.2,"AFG: community score, 2023",27,index,,table,N,,
T4_2_AFG_community_2021,25,Table 4.2,"AFG: community score, 2021",33,index,,table,N,,
T4_2_AFG_societal_2023,25,Table 4.2,"AFG: societal score, 2023",44,index,,table,N,,
T4_2_AFG_societal_2021,25,Table 4.2,"AFG: societal score, 2021",40,index,,table,N,,
T4_2_ECU_index_2023,25,Table 4.2,"ECU: Resilience Index score, 2023",42,index,,table,N,,
T4_2_ECU_index_2021,25,Table 4.2,"ECU: Resilience Index score, 2021",49,index,,table,N,,
T4_2_ECU_individual_2023,25,Table 4.2,"ECU: individual score, 2023",38,index,,table,N,,
T4_2_ECU_individual_2021,25,Table 4.2,"ECU: individual score, 2021",44,index,,table,N,,
T4_2_ECU_household_2023,25,Table 4.2,"ECU: household score, 2023",49,index,,table,N,,
T4_2_ECU_household_2021,25,Table 4.2,"ECU: household score, 2021",56,index,,table,N,,
T4_2_ECU_community_2023,25,Table 4.2,"ECU: community score, 2023",40,index,,table,N,,
T4_2_ECU_community_2021,25,Table 4.2,"ECU: community score, 2021",48,index,,table,N,,
T4_2_ECU_societal_2023,25,Table 4.2,"ECU: societal score, 2023",40,index,,table,N,,
T4_2_ECU_societal_2021,25,Table 4.2,"ECU: societal score, 2021",49,index,,table,N,,
X107,25,Chapter 4,Afghanistan: change in societal resilience ('nudged up by four points'),4,points,,text,N,,
X108,26,Chapter 4 (footnote),Correlation across countries of change in real GDP growth and change in community resilience,0.25,r,0.02,text,N,,"Change in real GDP growth = World Bank NY.GDP.MKTP.KD.ZG 2023 minus 2021 (snapshot in reports/external); other dimensions: individual 0.04, household -0.09, societal 0.19."
X109,26,Chapter 4 (footnote),Correlation across countries of change in household financial resilience and change in individual resilience,0.55,r,0.02,text,N,,Financial resilience = % could cover basic needs for a month or more.
C4_2_less_week_index,26,Chart 4.2,"Resilience index score, could cover basic needs: Less than a week",46,index,,chart,N,,Financial resilience from WP22228/WP22229: less than a week; a week to a month (including DK on weeks); a month or more.
C4_2_less_week_individual,26,Chart 4.2,"Individual score, could cover basic needs: Less than a week",33,index,,chart,N,,
C4_2_less_week_household,26,Chart 4.2,"Household score, could cover basic needs: Less than a week",31,index,,chart,N,,
C4_2_less_week_community,26,Chart 4.2,"Community score, could cover basic needs: Less than a week",58,index,,chart,N,,
C4_2_less_week_societal,26,Chart 4.2,"Societal score, could cover basic needs: Less than a week",62,index,,chart,N,,
C4_2_week_month_index,26,Chart 4.2,"Resilience index score, could cover basic needs: Between a week and a month",51,index,,chart,N,,
C4_2_week_month_individual,26,Chart 4.2,"Individual score, could cover basic needs: Between a week and a month",40,index,,chart,N,,
C4_2_week_month_household,26,Chart 4.2,"Household score, could cover basic needs: Between a week and a month",40,index,,chart,N,,
C4_2_week_month_community,26,Chart 4.2,"Community score, could cover basic needs: Between a week and a month",61,index,,chart,N,,
C4_2_week_month_societal,26,Chart 4.2,"Societal score, could cover basic needs: Between a week and a month",63,index,,chart,N,,
C4_2_month_plus_index,26,Chart 4.2,"Resilience index score, could cover basic needs: A month or more",62,index,,chart,N,,
C4_2_month_plus_individual,26,Chart 4.2,"Individual score, could cover basic needs: A month or more",49,index,,chart,N,,
C4_2_month_plus_household,26,Chart 4.2,"Household score, could cover basic needs: A month or more",67,index,,chart,N,,
C4_2_month_plus_community,26,Chart 4.2,"Community score, could cover basic needs: A month or more",65,index,,chart,N,,
C4_2_month_plus_societal,26,Chart 4.2,"Societal score, could cover basic needs: A month or more",66,index,,chart,N,,
X110_2023,27,Chapter 5,"% experienced a disaster from a natural hazard in past five years, 2023",30,pct,,text,N,,
X110_2021,27,Chapter 5,"% experienced a disaster from a natural hazard in past five years, 2021",27,pct,,text,N,,
X111_flood,27,Chapter 5,Of those who experienced a disaster: % flooding,42,pct,,text,N,,
X111_hurricane,27,Chapter 5,Of those who experienced a disaster: % hurricanes,19,pct,,text,N,,
X111_earthquake,27,Chapter 5,Of those who experienced a disaster: % earthquakes,16,pct,,text,N,,
X112_2023,27,Chapter 5,"All adults: % experienced a flooding-related disaster in past five years, 2023",13,pct,,text,N,,
X112_2021,27,Chapter 5,"All adults: % experienced a flooding-related disaster in past five years, 2021",10,pct,,text,N,,
X113,27,Chapter 5,"Australia & New Zealand: % experienced a disaster, 2023",41,pct,,text,N,,
X114_NZL_2023,27,Chapter 5,"New Zealand: % experienced a disaster, 2023",52,pct,,text,N,,
X114_NZL_2021,27,Chapter 5,"New Zealand: % experienced a disaster, 2021",26,pct,,text,N,,
X114_AUS_2023,27,Chapter 5,"Australia: % experienced a disaster, 2023",39,pct,,text,N,,
X114_AUS_2021,27,Chapter 5,"Australia: % experienced a disaster, 2021",31,pct,,text,N,,
X115_southern_africa,27,Chapter 5,Southern Africa: percentage-point increase in disaster experience,12,points,,text,N,,"2021 figures use the 2023 GlobalRegion of each country (Iran moves from Middle East to Southern Asia), which is what reproduces the chart."
X115_central_asia,27,Chapter 5,Central Asia: percentage-point increase in disaster experience,10,points,,text,N,,Unrounded change; the rounded chart values (9 and 19) differ by 10.
X116_2023,27,Chapter 5,"Ukraine: % experienced a disaster, 2023",23,pct,,text,N,,
X116_2021,27,Chapter 5,"Ukraine: % experienced a disaster, 2021",42,pct,,text,N,,
C5_1_anz_2021,27,Chart 5.1,"% experienced a disaster in past five years, Australia & New Zealand, 2021",30,pct,,chart,N,,"2021 figures use the 2023 GlobalRegion of each country (Iran moves from Middle East to Southern Asia), which is what reproduces the chart."
C5_1_anz_2023,27,Chart 5.1,"% experienced a disaster in past five years, Australia & New Zealand, 2023",41,pct,,chart,N,,
C5_1_southeast_asia_2021,27,Chart 5.1,"% experienced a disaster in past five years, Southeastern Asia, 2021",36,pct,,chart,N,,"2021 figures use the 2023 GlobalRegion of each country (Iran moves from Middle East to Southern Asia), which is what reproduces the chart."
C5_1_southeast_asia_2023,27,Chart 5.1,"% experienced a disaster in past five years, Southeastern Asia, 2023",40,pct,,chart,N,,
C5_1_south_asia_2021,27,Chart 5.1,"% experienced a disaster in past five years, Southern Asia, 2021",31,pct,,chart,N,,"2021 figures use the 2023 GlobalRegion of each country (Iran moves from Middle East to Southern Asia), which is what reproduces the chart."
C5_1_south_asia_2023,27,Chart 5.1,"% experienced a disaster in past five years, Southern Asia, 2023",36,pct,,chart,N,,
C5_1_east_africa_2021,27,Chart 5.1,"% experienced a disaster in past five years, Eastern Africa, 2021",31,pct,,chart,N,,"2021 figures use the 2023 GlobalRegion of each country (Iran moves from Middle East to Southern Asia), which is what reproduces the chart."
C5_1_east_africa_2023,27,Chart 5.1,"% experienced a disaster in past five years, Eastern Africa, 2023",36,pct,,chart,N,,
C5_1_central_western_africa_2021,27,Chart 5.1,"% experienced a disaster in past five years, Central/Western Africa, 2021",26,pct,,chart,N,,"2021 figures use the 2023 GlobalRegion of each country (Iran moves from Middle East to Southern Asia), which is what reproduces the chart."
C5_1_central_western_africa_2023,27,Chart 5.1,"% experienced a disaster in past five years, Central/Western Africa, 2023",34,pct,,chart,N,,
C5_1_north_america_2021,27,Chart 5.1,"% experienced a disaster in past five years, Northern America, 2021",28,pct,,chart,N,,"2021 figures use the 2023 GlobalRegion of each country (Iran moves from Middle East to Southern Asia), which is what reproduces the chart."
C5_1_north_america_2023,27,Chart 5.1,"% experienced a disaster in past five years, Northern America, 2023",33,pct,,chart,N,,
C5_1_southern_africa_2021,27,Chart 5.1,"% experienced a disaster in past five years, Southern Africa, 2021",18,pct,,chart,N,,"2021 figures use the 2023 GlobalRegion of each country (Iran moves from Middle East to Southern Asia), which is what reproduces the chart."
C5_1_southern_africa_2023,27,Chart 5.1,"% experienced a disaster in past five years, Southern Africa, 2023",30,pct,,chart,N,,
C5_1_east_asia_2021,27,Chart 5.1,"% experienced a disaster in past five years, Eastern Asia, 2021",26,pct,,chart,N,,"2021 figures use the 2023 GlobalRegion of each country (Iran moves from Middle East to Southern Asia), which is what reproduces the chart."
C5_1_east_asia_2023,27,Chart 5.1,"% experienced a disaster in past five years, Eastern Asia, 2023",28,pct,,chart,N,,
C5_1_latin_america_2021,27,Chart 5.1,"% experienced a disaster in past five years, Latin America & the Caribbean, 2021",24,pct,,chart,N,,"2021 figures use the 2023 GlobalRegion of each country (Iran moves from Middle East to Southern Asia), which is what reproduces the chart."
C5_1_latin_america_2023,27,Chart 5.1,"% experienced a disaster in past five years, Latin America & the Caribbean, 2023",24,pct,,chart,N,,
C5_1_middle_east_2021,27,Chart 5.1,"% experienced a disaster in past five years, Middle East, 2021",23,pct,,chart,N,,"2021 figures use the 2023 GlobalRegion of each country (Iran moves from Middle East to Southern Asia), which is what reproduces the chart."
C5_1_middle_east_2023,27,Chart 5.1,"% experienced a disaster in past five years, Middle East, 2023",23,pct,,chart,N,,
C5_1_eastern_europe_2021,27,Chart 5.1,"% experienced a disaster in past five years, Eastern Europe, 2021",27,pct,,chart,N,,"2021 figures use the 2023 GlobalRegion of each country (Iran moves from Middle East to Southern Asia), which is what reproduces the chart."
C5_1_eastern_europe_2023,27,Chart 5.1,"% experienced a disaster in past five years, Eastern Europe, 2023",22,pct,,chart,N,,
C5_1_southern_europe_2021,27,Chart 5.1,"% experienced a disaster in past five years, Southern Europe, 2021",21,pct,,chart,N,,"2021 figures use the 2023 GlobalRegion of each country (Iran moves from Middle East to Southern Asia), which is what reproduces the chart."
C5_1_southern_europe_2023,27,Chart 5.1,"% experienced a disaster in past five years, Southern Europe, 2023",20,pct,,chart,N,,
C5_1_north_africa_2021,27,Chart 5.1,"% experienced a disaster in past five years, Northern Africa, 2021",16,pct,,chart,N,,"2021 figures use the 2023 GlobalRegion of each country (Iran moves from Middle East to Southern Asia), which is what reproduces the chart."
C5_1_north_africa_2023,27,Chart 5.1,"% experienced a disaster in past five years, Northern Africa, 2023",19,pct,,chart,N,,
C5_1_central_asia_2021,27,Chart 5.1,"% experienced a disaster in past five years, Central Asia, 2021",9,pct,,chart,N,,"2021 figures use the 2023 GlobalRegion of each country (Iran moves from Middle East to Southern Asia), which is what reproduces the chart."
C5_1_central_asia_2023,27,Chart 5.1,"% experienced a disaster in past five years, Central Asia, 2023",19,pct,,chart,N,,
C5_1_northern_western_europe_2021,27,Chart 5.1,"% experienced a disaster in past five years, Northern/Western Europe, 2021",14,pct,,chart,N,,"2021 figures use the 2023 GlobalRegion of each country (Iran moves from Middle East to Southern Asia), which is what reproduces the chart."
C5_1_northern_western_europe_2023,27,Chart 5.1,"% experienced a disaster in past five years, Northern/Western Europe, 2023",13,pct,,chart,N,,
X117_exp,28,Chapter 5,Experienced a disaster: % could protect themselves/family from a future disaster,62,pct,,text,N,,
X117_noexp,28,Chapter 5,Did not experience a disaster: % could protect themselves/family,46,pct,,text,N,,
X118_exp,28,Chapter 5,Experienced a disaster: % household plan known by all members,48,pct,,text,N,,
X118_noexp,28,Chapter 5,Did not experience a disaster: % household plan known by all members,34,pct,,text,N,,
X119,28,Chapter 5,Countries measured in both 2021 and 2023 (Chart 5.2),120,count,0,text,N,,
X120,28,Chapter 5 (footnote),Correlation across countries of change in disaster experience and change in household planning,0.22,r,0.02,text,N,,
X121,28,Chapter 5,Morocco: percentage-point change in household planning,-7,points,,text,N,,
X122,29,Chapter 5 (footnote),Correlation across countries of change in disaster experience and change in agency,0.12,r,0.02,text,N,,
X123,29,Chapter 5 (footnote),"Correlation across regions of % with a household plan and % with agency, 2023",0.90,r,0.02,text,N,,
X124_men,30,Chapter 5,Men: % could protect themselves/family from a future disaster,53,pct,,text,N,,
X124_women,30,Chapter 5,Women: % could protect themselves/family from a future disaster,48,pct,,text,N,,
X125_men,30,Chapter 5 (footnote),Men: % household plan known by all members,39,pct,,text,N,,
X125_women,30,Chapter 5 (footnote),Women: % household plan known by all members,37,pct,,text,N,,
X126_men,30,Chapter 5 (footnote),Men: % household could cover basic needs for more than a month,62,pct,,text,N,,'More than a month' is the answer 'a month or more' (WP22228 = 2).
X126_women,30,Chapter 5 (footnote),Women: % household could cover basic needs for more than a month,56,pct,,text,N,,
X127_exp,30,Chapter 5 (box),Experienced any disaster: % climate change a 'very serious threat',45,pct,,text,N,,
X127_noexp,30,Chapter 5 (box),Did not experience a disaster: % climate change a 'very serious threat',37,pct,,text,N,,
X128_earthquake,30,Chapter 5 (box),Experienced an earthquake: % climate change a very serious threat,47,pct,,text,N,,
X128_hurricane,30,Chapter 5 (box),Experienced hurricanes: % climate change a very serious threat,45,pct,,text,N,,
X128_flood,30,Chapter 5 (box),Experienced flooding: % climate change a very serious threat,45,pct,,text,N,,
X128_heatwave,30,Chapter 5 (box),Experienced heatwaves: % climate change a very serious threat,34,pct,,text,N,,
X128_mudslide,30,Chapter 5 (box),Experienced mudslides/landslides: % climate change a very serious threat,66,pct,,text,N,,
X129,30,Chapter 5 (box),Ratio of mudslide to heatwave 'very serious threat' rates ('twice the rate'),2,ratio,0.25,text,N,,
X130_change,31,Chapter 5,Morocco: change in Resilience Index ('declined by seven points'),-7,points,,text,N,,
X130_2023,31,Chapter 5,Morocco: Resilience Index 2023,44,index,,text,N,,
X130_individual,31,Chapter 5,Morocco: change in individual resilience ('16 points'),-16,points,,text,N,,
X130_household,31,Chapter 5,Morocco: change in household resilience ('11 points'),-11,points,,text,N,,
X131_2021,31,Chapter 5,"Morocco: % experienced a disaster, 2021",23,pct,,text,N,,
X131_flood,31,Chapter 5,"Morocco 2021, of those who experienced a disaster: % floods",35,pct,,text,N,,
X131_drought,31,Chapter 5,"Morocco 2021, of those who experienced a disaster: % drought",28,pct,,text,N,,
X131_wildfire,31,Chapter 5,"Morocco 2021, of those who experienced a disaster: % wildfires",19,pct,,text,N,,
X131_2023,31,Chapter 5,"Morocco: % experienced a disaster, 2023",59,pct,,text,N,,
X131_earthquake,31,Chapter 5,"Morocco 2023, of those who experienced a disaster: % earthquake",87,pct,,text,N,,
X131_earthquake_all,31,Chapter 5,Morocco 2023: % of all adults who experienced an earthquake,51,pct,,text,N,,
X132_exp,31,Chapter 5,Morocco: Resilience Index of those who experienced a disaster,43,index,,text,N,,
X132_noexp,31,Chapter 5,Morocco: Resilience Index of those who did not experience a disaster,47,index,,text,N,,
C5_5_index_2021,31,Chart 5.5,"Morocco: Resilience Index score, 2021",51,index,,chart,N,,
C5_5_index_2023,31,Chart 5.5,"Morocco: Resilience Index score, 2023",44,index,,chart,N,,
C5_5_individual_2021,31,Chart 5.5,"Morocco: individual score, 2021",39,index,,chart,N,,
C5_5_individual_2023,31,Chart 5.5,"Morocco: individual score, 2023",24,index,,chart,N,,
C5_5_household_2021,31,Chart 5.5,"Morocco: household score, 2021",51,index,,chart,N,,
C5_5_household_2023,31,Chart 5.5,"Morocco: household score, 2023",41,index,,chart,N,,
C5_5_community_2021,31,Chart 5.5,"Morocco: community score, 2021",50,index,,chart,N,,
C5_5_community_2023,31,Chart 5.5,"Morocco: community score, 2023",52,index,,chart,N,,
C5_5_societal_2021,31,Chart 5.5,"Morocco: societal score, 2021",63,index,,chart,N,,
C5_5_societal_2023,31,Chart 5.5,"Morocco: societal score, 2023",61,index,,chart,N,,
X133_2023,31,Chapter 5,"Morocco: % could protect themselves/family from a future disaster, 2023",23,pct,,text,N,,
X133_2021,31,Chapter 5,"Morocco: % could protect themselves/family from a future disaster, 2021",52,pct,,text,N,,
X133_exp,31,Chapter 5,"Morocco 2023, experienced a disaster: % could protect themselves",19,pct,,text,N,,
X133_noexp,31,Chapter 5,"Morocco 2023, did not experience a disaster: % could protect themselves",29,pct,,text,N,,
X134_2023,31,Chapter 5,"Morocco: % with a household plan, 2023",12,pct,,text,N,,
X134_2021,31,Chapter 5,"Morocco: % with a household plan, 2021",18,pct,,text,N,,
X135,32,Chapter 5,"Morocco: % donated money to charity in the past month, 2023 (Gallup World Poll)",18,pct,,text,Y,WP108,"WP108 is the Gallup World Poll 'donated money to a charity in the past month' item (same civic-engagement block as WP110, which the index uses)."
X136_2023,32,Chapter 5,"Pakistan: % experienced a disaster, 2023",27,pct,,text,N,,
X136_2021,32,Chapter 5,"Pakistan: % experienced a disaster, 2021",11,pct,,text,N,,
X137_2023,32,Chapter 5,"Pakistan: % of all adults experienced flooding, 2023",26,pct,,text,N,,
X137_2021,32,Chapter 5,"Pakistan: % of all adults experienced flooding, 2021",6,pct,,text,N,,
X138_2023,32,Chapter 5,"New Zealand: % experienced a disaster, 2023",52,pct,,text,N,,
X138_2021,32,Chapter 5,"New Zealand: % experienced a disaster, 2021",26,pct,,text,N,,
X139,32,Chapter 5,"New Zealand: % of adults experienced flooding, 2023",28,pct,,text,N,,
X140_sindh,32,Chapter 5,"Pakistan, Sindh: % experienced flooding, 2023",54,pct,,text,N,,
X140_kp,32,Chapter 5,"Pakistan, Khyber-Pakhtunkhwa: % experienced flooding, 2023",20,pct,,text,N,,
X140_punjab,32,Chapter 5,"Pakistan, Punjab: % experienced flooding, 2023",12,pct,,text,N,,
X141,32,Chapter 5,"New Zealand, Auckland: % experienced flooding, 2023",44,pct,,text,N,,
X142_community,32,Chapter 5,"Pakistan, Khyber-Pakhtunkhwa: change in community resilience",3,points,,text,N,,
X142_societal,32,Chapter 5,"Pakistan, Khyber-Pakhtunkhwa: change in societal resilience",-4,points,,text,N,,
C5_6_sindh_index,32,Chart 5.6,"Pakistan, Sindh: point change in Resilience Index",-4,points,,chart,N,,Provinces from REGION_PAK (2021 and 2023); change = 2023 minus 2021 unrounded score.
C5_6_sindh_individual,32,Chart 5.6,"Pakistan, Sindh: point change in individual",-2,points,,chart,N,,
C5_6_sindh_household,32,Chart 5.6,"Pakistan, Sindh: point change in household",2,points,,chart,N,,
C5_6_sindh_community,32,Chart 5.6,"Pakistan, Sindh: point change in community",-8,points,,chart,N,,
C5_6_sindh_societal,32,Chart 5.6,"Pakistan, Sindh: point change in societal",-8,points,,chart,N,,
C5_6_punjab_index,32,Chart 5.6,"Pakistan, Punjab: point change in Resilience Index",-2,points,,chart,N,,
C5_6_punjab_individual,32,Chart 5.6,"Pakistan, Punjab: point change in individual",-2,points,,chart,N,,
C5_6_punjab_household,32,Chart 5.6,"Pakistan, Punjab: point change in household",0,points,,chart,N,,
C5_6_punjab_community,32,Chart 5.6,"Pakistan, Punjab: point change in community",-1,points,,chart,N,,
C5_6_punjab_societal,32,Chart 5.6,"Pakistan, Punjab: point change in societal",-3,points,,chart,N,,
C5_6_kp_index,32,Chart 5.6,"Pakistan, Khyber-Pakhtunkhwa: point change in Resilience Index",1,points,,chart,N,,
C5_6_kp_individual,32,Chart 5.6,"Pakistan, Khyber-Pakhtunkhwa: point change in individual",0,points,,chart,N,,
C5_6_kp_household,32,Chart 5.6,"Pakistan, Khyber-Pakhtunkhwa: point change in household",3,points,,chart,N,,
C5_6_kp_community,32,Chart 5.6,"Pakistan, Khyber-Pakhtunkhwa: point change in community",3,points,,chart,N,,
C5_6_kp_societal,32,Chart 5.6,"Pakistan, Khyber-Pakhtunkhwa: point change in societal",-4,points,,chart,N,,
X143_community,33,Chapter 5,"New Zealand, Auckland: change in community resilience",-10,points,,text,N,,
X143_societal,33,Chapter 5,"New Zealand, Auckland: change in societal resilience",-9,points,,text,N,,
C5_7_auckland_index,33,Chart 5.7,"New Zealand, Auckland: point change in Resilience Index",-6,points,,chart,N,,Regions from REGION_NZL (2021 and 2023).
C5_7_auckland_individual,33,Chart 5.7,"New Zealand, Auckland: point change in individual",-2,points,,chart,N,,
C5_7_auckland_household,33,Chart 5.7,"New Zealand, Auckland: point change in household",-1,points,,chart,N,,
C5_7_auckland_community,33,Chart 5.7,"New Zealand, Auckland: point change in community",-10,points,,chart,N,,
C5_7_auckland_societal,33,Chart 5.7,"New Zealand, Auckland: point change in societal",-9,points,,chart,N,,
C5_7_wellington_index,33,Chart 5.7,"New Zealand, Wellington: point change in Resilience Index",-3,points,,chart,N,,
C5_7_wellington_individual,33,Chart 5.7,"New Zealand, Wellington: point change in individual",-1,points,,chart,N,,
C5_7_wellington_household,33,Chart 5.7,"New Zealand, Wellington: point change in household",0,points,,chart,N,,
C5_7_wellington_community,33,Chart 5.7,"New Zealand, Wellington: point change in community",-6,points,,chart,N,,
C5_7_wellington_societal,33,Chart 5.7,"New Zealand, Wellington: point change in societal",-6,points,,chart,N,,
C5_7_canterbury_index,33,Chart 5.7,"New Zealand, Canterbury: point change in Resilience Index",0,points,,chart,N,,
C5_7_canterbury_individual,33,Chart 5.7,"New Zealand, Canterbury: point change in individual",7,points,,chart,N,,
C5_7_canterbury_household,33,Chart 5.7,"New Zealand, Canterbury: point change in household",0,points,,chart,N,,
C5_7_canterbury_community,33,Chart 5.7,"New Zealand, Canterbury: point change in community",-3,points,,chart,N,,
C5_7_canterbury_societal,33,Chart 5.7,"New Zealand, Canterbury: point change in societal",-6,points,,chart,N,,
X144,39,Appendix i,Countries systematically missing one or more societal-dimension items,17,count,0,text,Y,GWP_NATIONAL_INSTITUTIONS,The national institutions items are Gallup World Poll items not in the release; placeholder item code. See README.
X145,39,Appendix i,Countries lacking all societal-dimension items (Saudi Arabia),1,count,0,text,N,,
TA_2_AFG_moe,43,Appendix ii,AFG: margin of error,3.5,points,0.1,table,N,,"95% margin of error for a proportion of 50%, with the Kish design effect of WGT: 196 * sqrt(0.25 * deff / n)."
TA_2_AFG_index,43,Appendix ii,"AFG: Resilience Index score, 2023",29,index,,table,N,,
TA_2_AFG_individual,43,Appendix ii,"AFG: individual score, 2023",16,index,,table,N,,
TA_2_AFG_household,43,Appendix ii,"AFG: household score, 2023",30,index,,table,N,,
TA_2_AFG_community,43,Appendix ii,"AFG: community score, 2023",27,index,,table,N,,
TA_2_AFG_societal,43,Appendix ii,"AFG: societal score, 2023",44,index,,table,N,,
TA_2_ALB_moe,43,Appendix ii,ALB: margin of error,4.4,points,0.1,table,N,,
TA_2_ALB_index,43,Appendix ii,"ALB: Resilience Index score, 2023",48,index,,table,N,,
TA_2_ALB_individual,43,Appendix ii,"ALB: individual score, 2023",31,index,,table,N,,
TA_2_ALB_household,43,Appendix ii,"ALB: household score, 2023",49,index,,table,N,,
TA_2_ALB_community,43,Appendix ii,"ALB: community score, 2023",58,index,,table,N,,
TA_2_ALB_societal,43,Appendix ii,"ALB: societal score, 2023",53,index,,table,N,,
TA_2_DZA_moe,43,Appendix ii,DZA: margin of error,4.5,points,0.1,table,N,,
TA_2_DZA_index,43,Appendix ii,"DZA: Resilience Index score, 2023",63,index,,table,N,,
TA_2_DZA_individual,43,Appendix ii,"DZA: individual score, 2023",43,index,,table,N,,
TA_2_DZA_household,43,Appendix ii,"DZA: household score, 2023",62,index,,table,N,,
TA_2_DZA_community,43,Appendix ii,"DZA: community score, 2023",56,index,,table,N,,
TA_2_DZA_societal,43,Appendix ii,"DZA: societal score, 2023",91,index,,table,N,,
TA_2_ARG_moe,43,Appendix ii,ARG: margin of error,3.8,points,0.1,table,N,,
TA_2_ARG_index,43,Appendix ii,"ARG: Resilience Index score, 2023",46,index,,table,N,,
TA_2_ARG_individual,43,Appendix ii,"ARG: individual score, 2023",41,index,,table,N,,
TA_2_ARG_household,43,Appendix ii,"ARG: household score, 2023",50,index,,table,N,,
TA_2_ARG_community,43,Appendix ii,"ARG: community score, 2023",49,index,,table,N,,
TA_2_ARG_societal,43,Appendix ii,"ARG: societal score, 2023",44,index,,table,N,,
TA_2_ARM_moe,43,Appendix ii,ARM: margin of error,4.0,points,0.1,table,N,,
TA_2_ARM_index,43,Appendix ii,"ARM: Resilience Index score, 2023",57,index,,table,N,,
TA_2_ARM_individual,43,Appendix ii,"ARM: individual score, 2023",57,index,,table,N,,
TA_2_ARM_household,43,Appendix ii,"ARM: household score, 2023",55,index,,table,N,,
TA_2_ARM_community,43,Appendix ii,"ARM: community score, 2023",60,index,,table,N,,
TA_2_ARM_societal,43,Appendix ii,"ARM: societal score, 2023",56,index,,table,N,,
TA_2_AUS_moe,43,Appendix ii,AUS: margin of error,3.9,points,0.1,table,N,,
TA_2_AUS_index,43,Appendix ii,"AUS: Resilience Index score, 2023",64,index,,table,N,,
TA_2_AUS_individual,43,Appendix ii,"AUS: individual score, 2023",63,index,,table,N,,
TA_2_AUS_household,43,Appendix ii,"AUS: household score, 2023",70,index,,table,N,,
TA_2_AUS_community,43,Appendix ii,"AUS: community score, 2023",64,index,,table,N,,
TA_2_AUS_societal,43,Appendix ii,"AUS: societal score, 2023",58,index,,table,N,,
TA_2_AUT_moe,43,Appendix ii,AUT: margin of error,4.1,points,0.1,table,N,,
TA_2_AUT_index,43,Appendix ii,"AUT: Resilience Index score, 2023",68,index,,table,N,,
TA_2_AUT_individual,43,Appendix ii,"AUT: individual score, 2023",59,index,,table,N,,
TA_2_AUT_household,43,Appendix ii,"AUT: household score, 2023",76,index,,table,N,,
TA_2_AUT_community,43,Appendix ii,"AUT: community score, 2023",73,index,,table,N,,
TA_2_AUT_societal,43,Appendix ii,"AUT: societal score, 2023",66,index,,table,N,,
TA_2_AZE_moe,43,Appendix ii,AZE: margin of error,3.5,points,0.1,table,N,,
TA_2_AZE_index,43,Appendix ii,"AZE: Resilience Index score, 2023",55,index,,table,N,,
TA_2_AZE_individual,43,Appendix ii,"AZE: individual score, 2023",39,index,,table,N,,
TA_2_AZE_household,43,Appendix ii,"AZE: household score, 2023",49,index,,table,N,,
TA_2_AZE_community,43,Appendix ii,"AZE: community score, 2023",59,index,,table,N,,
TA_2_AZE_societal,43,Appendix ii,"AZE: societal score, 2023",73,index,,table,N,,
TA_2_BHR_moe,43,Appendix ii,BHR: margin of error,3.5,points,0.1,table,N,,
TA_2_BHR_index,43,Appendix ii,"BHR: Resilience Index score, 2023",68,index,,table,N,,
TA_2_BHR_individual,43,Appendix ii,"BHR: individual score, 2023",54,index,,table,N,,
TA_2_BHR_household,43,Appendix ii,"BHR: household score, 2023",58,index,,table,N,,
TA_2_BHR_community,43,Appendix ii,"BHR: community score, 2023",77,index,,table,N,,
TA_2_BHR_societal,43,Appendix ii,"BHR: societal score, 2023",84,index,,table,N,,
TA_2_BGD_moe,43,Appendix ii,BGD: margin of error,3.4,points,0.1,table,N,,
TA_2_BGD_index,43,Appendix ii,"BGD: Resilience Index score, 2023",57,index,,table,N,,
TA_2_BGD_individual,43,Appendix ii,"BGD: individual score, 2023",44,index,,table,N,,
TA_2_BGD_household,43,Appendix ii,"BGD: household score, 2023",36,index,,table,N,,
TA_2_BGD_community,43,Appendix ii,"BGD: community score, 2023",76,index,,table,N,,
TA_2_BGD_societal,43,Appendix ii,"BGD: societal score, 2023",71,index,,table,N,,
TA_2_BEL_moe,43,Appendix ii,BEL: margin of error,3.7,points,0.1,table,N,,
TA_2_BEL_index,43,Appendix ii,"BEL: Resilience Index score, 2023",60,index,,table,N,,
TA_2_BEL_individual,43,Appendix ii,"BEL: individual score, 2023",52,index,,table,N,,
TA_2_BEL_household,43,Appendix ii,"BEL: household score, 2023",61,index,,table,N,,
TA_2_BEL_community,43,Appendix ii,"BEL: community score, 2023",67,index,,table,N,,
TA_2_BEL_societal,43,Appendix ii,"BEL: societal score, 2023",60,index,,table,N,,
TA_2_BEN_moe,43,Appendix ii,BEN: margin of error,4.1,points,0.1,table,N,,
TA_2_BEN_index,43,Appendix ii,"BEN: Resilience Index score, 2023",44,index,,table,N,,
TA_2_BEN_individual,43,Appendix ii,"BEN: individual score, 2023",28,index,,table,N,,
TA_2_BEN_household,43,Appendix ii,"BEN: household score, 2023",37,index,,table,N,,
TA_2_BEN_community,43,Appendix ii,"BEN: community score, 2023",46,index,,table,N,,
TA_2_BEN_societal,43,Appendix ii,"BEN: societal score, 2023",64,index,,table,N,,
TA_2_BOL_moe,43,Appendix ii,BOL: margin of error,3.7,points,0.1,table,N,,
TA_2_BOL_index,43,Appendix ii,"BOL: Resilience Index score, 2023",48,index,,table,N,,
TA_2_BOL_individual,43,Appendix ii,"BOL: individual score, 2023",47,index,,table,N,,
TA_2_BOL_household,43,Appendix ii,"BOL: household score, 2023",57,index,,table,N,,
TA_2_BOL_community,43,Appendix ii,"BOL: community score, 2023",48,index,,table,N,,
TA_2_BOL_societal,43,Appendix ii,"BOL: societal score, 2023",39,index,,table,N,,
TA_2_BIH_moe,43,Appendix ii,BIH: margin of error,3.7,points,0.1,table,N,,
TA_2_BIH_index,43,Appendix ii,"BIH: Resilience Index score, 2023",53,index,,table,N,,
TA_2_BIH_individual,43,Appendix ii,"BIH: individual score, 2023",46,index,,table,N,,
TA_2_BIH_household,43,Appendix ii,"BIH: household score, 2023",62,index,,table,N,,
TA_2_BIH_community,43,Appendix ii,"BIH: community score, 2023",57,index,,table,N,,
TA_2_BIH_societal,43,Appendix ii,"BIH: societal score, 2023",46,index,,table,N,,
TA_2_BWA_moe,43,Appendix ii,BWA: margin of error,3.9,points,0.1,table,N,,
TA_2_BWA_index,43,Appendix ii,"BWA: Resilience Index score, 2023",44,index,,table,N,,
TA_2_BWA_individual,43,Appendix ii,"BWA: individual score, 2023",28,index,,table,N,,
TA_2_BWA_household,43,Appendix ii,"BWA: household score, 2023",42,index,,table,N,,
TA_2_BWA_community,43,Appendix ii,"BWA: community score, 2023",46,index,,table,N,,
TA_2_BWA_societal,43,Appendix ii,"BWA: societal score, 2023",59,index,,table,N,,
TA_2_BRA_moe,43,Appendix ii,BRA: margin of error,3.6,points,0.1,table,N,,
TA_2_BRA_index,43,Appendix ii,"BRA: Resilience Index score, 2023",48,index,,table,N,,
TA_2_BRA_individual,43,Appendix ii,"BRA: individual score, 2023",39,index,,table,N,,
TA_2_BRA_household,43,Appendix ii,"BRA: household score, 2023",52,index,,table,N,,
TA_2_BRA_community,43,Appendix ii,"BRA: community score, 2023",52,index,,table,N,,
TA_2_BRA_societal,43,Appendix ii,"BRA: societal score, 2023",51,index,,table,N,,
TA_2_BGR_moe,43,Appendix ii,BGR: margin of error,3.6,points,0.1,table,N,,
TA_2_BGR_index,43,Appendix ii,"BGR: Resilience Index score, 2023",46,index,,table,N,,
TA_2_BGR_individual,43,Appendix ii,"BGR: individual score, 2023",41,index,,table,N,,
TA_2_BGR_household,43,Appendix ii,"BGR: household score, 2023",52,index,,table,N,,
TA_2_BGR_community,43,Appendix ii,"BGR: community score, 2023",47,index,,table,N,,
TA_2_BGR_societal,43,Appendix ii,"BGR: societal score, 2023",45,index,,table,N,,
TA_2_BFA_moe,43,Appendix ii,BFA: margin of error,4.0,points,0.1,table,N,,
TA_2_BFA_index,43,Appendix ii,"BFA: Resilience Index score, 2023",47,index,,table,N,,
TA_2_BFA_individual,43,Appendix ii,"BFA: individual score, 2023",24,index,,table,N,,
TA_2_BFA_household,43,Appendix ii,"BFA: household score, 2023",38,index,,table,N,,
TA_2_BFA_community,43,Appendix ii,"BFA: community score, 2023",54,index,,table,N,,
TA_2_BFA_societal,43,Appendix ii,"BFA: societal score, 2023",72,index,,table,N,,
TA_2_KHM_moe,43,Appendix ii,KHM: margin of error,4.1,points,0.1,table,N,,
TA_2_KHM_index,43,Appendix ii,"KHM: Resilience Index score, 2023",60,index,,table,N,,
TA_2_KHM_individual,43,Appendix ii,"KHM: individual score, 2023",37,index,,table,N,,
TA_2_KHM_household,43,Appendix ii,"KHM: household score, 2023",69,index,,table,N,,
TA_2_KHM_community,43,Appendix ii,"KHM: community score, 2023",65,index,,table,N,,
TA_2_KHM_societal,43,Appendix ii,"KHM: societal score, 2023",70,index,,table,N,,
TA_2_CMR_moe,43,Appendix ii,CMR: margin of error,3.7,points,0.1,table,N,,
TA_2_CMR_index,43,Appendix ii,"CMR: Resilience Index score, 2023",46,index,,table,N,,
TA_2_CMR_individual,43,Appendix ii,"CMR: individual score, 2023",39,index,,table,N,,
TA_2_CMR_household,43,Appendix ii,"CMR: household score, 2023",41,index,,table,N,,
TA_2_CMR_community,43,Appendix ii,"CMR: community score, 2023",50,index,,table,N,,
TA_2_CMR_societal,43,Appendix ii,"CMR: societal score, 2023",53,index,,table,N,,
TA_2_CAN_moe,43,Appendix ii,CAN: margin of error,3.7,points,0.1,table,N,,
TA_2_CAN_index,43,Appendix ii,"CAN: Resilience Index score, 2023",63,index,,table,N,,
TA_2_CAN_individual,43,Appendix ii,"CAN: individual score, 2023",63,index,,table,N,,
TA_2_CAN_household,43,Appendix ii,"CAN: household score, 2023",71,index,,table,N,,
TA_2_CAN_community,43,Appendix ii,"CAN: community score, 2023",61,index,,table,N,,
TA_2_CAN_societal,43,Appendix ii,"CAN: societal score, 2023",58,index,,table,N,,
TA_2_TCD_moe,43,Appendix ii,TCD: margin of error,4.0,points,0.1,table,N,,
TA_2_TCD_index,43,Appendix ii,"TCD: Resilience Index score, 2023",40,index,,table,N,,
TA_2_TCD_individual,43,Appendix ii,"TCD: individual score, 2023",26,index,,table,N,,
TA_2_TCD_household,43,Appendix ii,"TCD: household score, 2023",35,index,,table,N,,
TA_2_TCD_community,43,Appendix ii,"TCD: community score, 2023",50,index,,table,N,,
TA_2_TCD_societal,43,Appendix ii,"TCD: societal score, 2023",51,index,,table,N,,
TA_2_CHL_moe,43,Appendix ii,CHL: margin of error,3.9,points,0.1,table,N,,
TA_2_CHL_index,43,Appendix ii,"CHL: Resilience Index score, 2023",52,index,,table,N,,
TA_2_CHL_individual,43,Appendix ii,"CHL: individual score, 2023",51,index,,table,N,,
TA_2_CHL_household,43,Appendix ii,"CHL: household score, 2023",58,index,,table,N,,
TA_2_CHL_community,43,Appendix ii,"CHL: community score, 2023",48,index,,table,N,,
TA_2_CHL_societal,43,Appendix ii,"CHL: societal score, 2023",50,index,,table,N,,
TA_2_CHN_moe,43,Appendix ii,CHN: margin of error,2.5,points,0.1,table,N,,
TA_2_CHN_index,43,Appendix ii,"CHN: Resilience Index score, 2023",66,index,,table,N,,
TA_2_CHN_individual,43,Appendix ii,"CHN: individual score, 2023",48,index,,table,N,,
TA_2_CHN_household,43,Appendix ii,"CHN: household score, 2023",71,index,,table,N,,
TA_2_CHN_community,43,Appendix ii,"CHN: community score, 2023",72,index,,table,N,,
TA_2_CHN_societal,43,Appendix ii,"CHN: societal score, 2023",74,index,,table,N,,
TA_2_COL_moe,43,Appendix ii,COL: margin of error,3.7,points,0.1,table,N,,
TA_2_COL_index,43,Appendix ii,"COL: Resilience Index score, 2023",45,index,,table,N,,
TA_2_COL_individual,43,Appendix ii,"COL: individual score, 2023",42,index,,table,N,,
TA_2_COL_household,43,Appendix ii,"COL: household score, 2023",47,index,,table,N,,
TA_2_COL_community,43,Appendix ii,"COL: community score, 2023",47,index,,table,N,,
TA_2_COL_societal,43,Appendix ii,"COL: societal score, 2023",44,index,,table,N,,
TA_2_COM_moe,43,Appendix ii,COM: margin of error,4.2,points,0.1,table,N,,
TA_2_COM_index,43,Appendix ii,"COM: Resilience Index score, 2023",41,index,,table,N,,
TA_2_COM_individual,43,Appendix ii,"COM: individual score, 2023",31,index,,table,N,,
TA_2_COM_household,43,Appendix ii,"COM: household score, 2023",48,index,,table,N,,
TA_2_COM_community,43,Appendix ii,"COM: community score, 2023",47,index,,table,N,,
TA_2_COM_societal,43,Appendix ii,"COM: societal score, 2023",38,index,,table,N,,
TA_2_COG_moe,43,Appendix ii,COG: margin of error,4.2,points,0.1,table,N,,
TA_2_COG_index,43,Appendix ii,"COG: Resilience Index score, 2023",43,index,,table,N,,
TA_2_COG_individual,43,Appendix ii,"COG: individual score, 2023",41,index,,table,N,,
TA_2_COG_household,43,Appendix ii,"COG: household score, 2023",36,index,,table,N,,
TA_2_COG_community,43,Appendix ii,"COG: community score, 2023",46,index,,table,N,,
TA_2_COG_societal,43,Appendix ii,"COG: societal score, 2023",50,index,,table,N,,
TA_2_COD_moe,43,Appendix ii,COD: margin of error,4.5,points,0.1,table,N,,
TA_2_COD_index,43,Appendix ii,"COD: Resilience Index score, 2023",41,index,,table,N,,
TA_2_COD_individual,43,Appendix ii,"COD: individual score, 2023",42,index,,table,N,,
TA_2_COD_household,43,Appendix ii,"COD: household score, 2023",33,index,,table,N,,
TA_2_COD_community,43,Appendix ii,"COD: community score, 2023",42,index,,table,N,,
TA_2_COD_societal,43,Appendix ii,"COD: societal score, 2023",46,index,,table,N,,
TA_2_CRI_moe,43,Appendix ii,CRI: margin of error,3.8,points,0.1,table,N,,
TA_2_CRI_index,43,Appendix ii,"CRI: Resilience Index score, 2023",54,index,,table,N,,
TA_2_CRI_individual,43,Appendix ii,"CRI: individual score, 2023",50,index,,table,N,,
TA_2_CRI_household,43,Appendix ii,"CRI: household score, 2023",58,index,,table,N,,
TA_2_CRI_community,43,Appendix ii,"CRI: community score, 2023",54,index,,table,N,,
TA_2_CRI_societal,43,Appendix ii,"CRI: societal score, 2023",53,index,,table,N,,
TA_2_CIV_moe,43,Appendix ii,CIV: margin of error,4.5,points,0.1,table,N,,
TA_2_CIV_index,43,Appendix ii,"CIV: Resilience Index score, 2023",43,index,,table,N,,
TA_2_CIV_individual,43,Appendix ii,"CIV: individual score, 2023",25,index,,table,N,,
TA_2_CIV_household,43,Appendix ii,"CIV: household score, 2023",39,index,,table,N,,
TA_2_CIV_community,43,Appendix ii,"CIV: community score, 2023",50,index,,table,N,,
TA_2_CIV_societal,43,Appendix ii,"CIV: societal score, 2023",60,index,,table,N,,
TA_2_HRV_moe,43,Appendix ii,HRV: margin of error,4.3,points,0.1,table,N,,
TA_2_HRV_index,43,Appendix ii,"HRV: Resilience Index score, 2023",53,index,,table,N,,
TA_2_HRV_individual,43,Appendix ii,"HRV: individual score, 2023",39,index,,table,N,,
TA_2_HRV_household,43,Appendix ii,"HRV: household score, 2023",60,index,,table,N,,
TA_2_HRV_community,43,Appendix ii,"HRV: community score, 2023",54,index,,table,N,,
TA_2_HRV_societal,43,Appendix ii,"HRV: societal score, 2023",59,index,,table,N,,
TA_2_CYP_moe,43,Appendix ii,CYP: margin of error,4.2,points,0.1,table,N,,
TA_2_CYP_index,43,Appendix ii,"CYP: Resilience Index score, 2023",54,index,,table,N,,
TA_2_CYP_individual,43,Appendix ii,"CYP: individual score, 2023",50,index,,table,N,,
TA_2_CYP_household,43,Appendix ii,"CYP: household score, 2023",57,index,,table,N,,
TA_2_CYP_community,43,Appendix ii,"CYP: community score, 2023",56,index,,table,N,,
TA_2_CYP_societal,43,Appendix ii,"CYP: societal score, 2023",52,index,,table,N,,
TA_2_CZE_moe,43,Appendix ii,CZE: margin of error,3.7,points,0.1,table,N,,
TA_2_CZE_index,43,Appendix ii,"CZE: Resilience Index score, 2023",63,index,,table,N,,
TA_2_CZE_individual,43,Appendix ii,"CZE: individual score, 2023",58,index,,table,N,,
TA_2_CZE_household,43,Appendix ii,"CZE: household score, 2023",66,index,,table,N,,
TA_2_CZE_community,43,Appendix ii,"CZE: community score, 2023",65,index,,table,N,,
TA_2_CZE_societal,43,Appendix ii,"CZE: societal score, 2023",61,index,,table,N,,
TA_2_DNK_moe,43,Appendix ii,DNK: margin of error,4.3,points,0.1,table,N,,
TA_2_DNK_index,43,Appendix ii,"DNK: Resilience Index score, 2023",66,index,,table,N,,
TA_2_DNK_individual,43,Appendix ii,"DNK: individual score, 2023",61,index,,table,N,,
TA_2_DNK_household,43,Appendix ii,"DNK: household score, 2023",64,index,,table,N,,
TA_2_DNK_community,43,Appendix ii,"DNK: community score, 2023",74,index,,table,N,,
TA_2_DNK_societal,43,Appendix ii,"DNK: societal score, 2023",66,index,,table,N,,
TA_2_DOM_moe,43,Appendix ii,DOM: margin of error,3.9,points,0.1,table,N,,
TA_2_DOM_index,43,Appendix ii,"DOM: Resilience Index score, 2023",55,index,,table,N,,
TA_2_DOM_individual,43,Appendix ii,"DOM: individual score, 2023",49,index,,table,N,,
TA_2_DOM_household,43,Appendix ii,"DOM: household score, 2023",58,index,,table,N,,
TA_2_DOM_community,43,Appendix ii,"DOM: community score, 2023",60,index,,table,N,,
TA_2_DOM_societal,43,Appendix ii,"DOM: societal score, 2023",52,index,,table,N,,
TA_2_ECU_moe,43,Appendix ii,ECU: margin of error,4.0,points,0.1,table,N,,
TA_2_ECU_index,43,Appendix ii,"ECU: Resilience Index score, 2023",42,index,,table,N,,
TA_2_ECU_individual,43,Appendix ii,"ECU: individual score, 2023",38,index,,table,N,,
TA_2_ECU_household,43,Appendix ii,"ECU: household score, 2023",49,index,,table,N,,
TA_2_ECU_community,43,Appendix ii,"ECU: community score, 2023",40,index,,table,N,,
TA_2_ECU_societal,43,Appendix ii,"ECU: societal score, 2023",40,index,,table,N,,
TA_2_EGY_moe,43,Appendix ii,EGY: margin of error,3.6,points,0.1,table,N,,
TA_2_EGY_index,43,Appendix ii,"EGY: Resilience Index score, 2023",45,index,,table,N,,
TA_2_EGY_individual,43,Appendix ii,"EGY: individual score, 2023",25,index,,table,N,,
TA_2_EGY_household,43,Appendix ii,"EGY: household score, 2023",32,index,,table,N,,
TA_2_EGY_community,43,Appendix ii,"EGY: community score, 2023",56,index,,table,N,,
TA_2_EGY_societal,43,Appendix ii,"EGY: societal score, 2023",66,index,,table,N,,
TA_2_SLV_moe,43,Appendix ii,SLV: margin of error,4.2,points,0.1,table,N,,
TA_2_SLV_index,43,Appendix ii,"SLV: Resilience Index score, 2023",58,index,,table,N,,
TA_2_SLV_individual,43,Appendix ii,"SLV: individual score, 2023",39,index,,table,N,,
TA_2_SLV_household,43,Appendix ii,"SLV: household score, 2023",56,index,,table,N,,
TA_2_SLV_community,43,Appendix ii,"SLV: community score, 2023",68,index,,table,N,,
TA_2_SLV_societal,43,Appendix ii,"SLV: societal score, 2023",71,index,,table,N,,
TA_2_EST_moe,43,Appendix ii,EST: margin of error,3.7,points,0.1,table,N,,
TA_2_EST_index,43,Appendix ii,"EST: Resilience Index score, 2023",65,index,,table,N,,
TA_2_EST_individual,43,Appendix ii,"EST: individual score, 2023",64,index,,table,N,,
TA_2_EST_household,43,Appendix ii,"EST: household score, 2023",69,index,,table,N,,
TA_2_EST_community,43,Appendix ii,"EST: community score, 2023",66,index,,table,N,,
TA_2_EST_societal,43,Appendix ii,"EST: societal score, 2023",61,index,,table,N,,
TA_2_SWZ_moe,43,Appendix ii,SWZ: margin of error,4.5,points,0.1,table,N,,
TA_2_SWZ_index,43,Appendix ii,"SWZ: Resilience Index score, 2023",50,index,,table,N,,
TA_2_SWZ_individual,43,Appendix ii,"SWZ: individual score, 2023",35,index,,table,N,,
TA_2_SWZ_household,43,Appendix ii,"SWZ: household score, 2023",47,index,,table,N,,
TA_2_SWZ_community,43,Appendix ii,"SWZ: community score, 2023",56,index,,table,N,,
TA_2_SWZ_societal,43,Appendix ii,"SWZ: societal score, 2023",61,index,,table,N,,
TA_2_ETH_moe,43,Appendix ii,ETH: margin of error,3.8,points,0.1,table,N,,
TA_2_ETH_index,43,Appendix ii,"ETH: Resilience Index score, 2023",43,index,,table,N,,
TA_2_ETH_individual,43,Appendix ii,"ETH: individual score, 2023",18,index,,table,N,,
TA_2_ETH_household,43,Appendix ii,"ETH: household score, 2023",29,index,,table,N,,
TA_2_ETH_community,43,Appendix ii,"ETH: community score, 2023",55,index,,table,N,,
TA_2_ETH_societal,43,Appendix ii,"ETH: societal score, 2023",72,index,,table,N,,
TA_2_FIN_moe,43,Appendix ii,FIN: margin of error,3.8,points,0.1,table,N,,
TA_2_FIN_index,43,Appendix ii,"FIN: Resilience Index score, 2023",66,index,,table,N,,
TA_2_FIN_individual,43,Appendix ii,"FIN: individual score, 2023",58,index,,table,N,,
TA_2_FIN_household,43,Appendix ii,"FIN: household score, 2023",68,index,,table,N,,
TA_2_FIN_community,43,Appendix ii,"FIN: community score, 2023",68,index,,table,N,,
TA_2_FIN_societal,43,Appendix ii,"FIN: societal score, 2023",71,index,,table,N,,
TA_2_FRA_moe,43,Appendix ii,FRA: margin of error,4.3,points,0.1,table,N,,
TA_2_FRA_index,43,Appendix ii,"FRA: Resilience Index score, 2023",55,index,,table,N,,
TA_2_FRA_individual,43,Appendix ii,"FRA: individual score, 2023",48,index,,table,N,,
TA_2_FRA_household,43,Appendix ii,"FRA: household score, 2023",58,index,,table,N,,
TA_2_FRA_community,43,Appendix ii,"FRA: community score, 2023",59,index,,table,N,,
TA_2_FRA_societal,43,Appendix ii,"FRA: societal score, 2023",57,index,,table,N,,
TA_2_GAB_moe,43,Appendix ii,GAB: margin of error,4.0,points,0.1,table,N,,
TA_2_GAB_index,43,Appendix ii,"GAB: Resilience Index score, 2023",48,index,,table,N,,
TA_2_GAB_individual,43,Appendix ii,"GAB: individual score, 2023",36,index,,table,N,,
TA_2_GAB_household,43,Appendix ii,"GAB: household score, 2023",40,index,,table,N,,
TA_2_GAB_community,43,Appendix ii,"GAB: community score, 2023",38,index,,table,N,,
TA_2_GAB_societal,43,Appendix ii,"GAB: societal score, 2023",76,index,,table,N,,
TA_2_GMB_moe,43,Appendix ii,GMB: margin of error,3.5,points,0.1,table,N,,
TA_2_GMB_index,43,Appendix ii,"GMB: Resilience Index score, 2023",42,index,,table,N,,
TA_2_GMB_individual,43,Appendix ii,"GMB: individual score, 2023",26,index,,table,N,,
TA_2_GMB_household,43,Appendix ii,"GMB: household score, 2023",38,index,,table,N,,
TA_2_GMB_community,43,Appendix ii,"GMB: community score, 2023",49,index,,table,N,,
TA_2_GMB_societal,43,Appendix ii,"GMB: societal score, 2023",57,index,,table,N,,
TA_2_GEO_moe,43,Appendix ii,GEO: margin of error,3.8,points,0.1,table,N,,
TA_2_GEO_index,43,Appendix ii,"GEO: Resilience Index score, 2023",58,index,,table,N,,
TA_2_GEO_individual,43,Appendix ii,"GEO: individual score, 2023",50,index,,table,N,,
TA_2_GEO_household,43,Appendix ii,"GEO: household score, 2023",52,index,,table,N,,
TA_2_GEO_community,43,Appendix ii,"GEO: community score, 2023",66,index,,table,N,,
TA_2_GEO_societal,43,Appendix ii,"GEO: societal score, 2023",63,index,,table,N,,
TA_2_DEU_moe,43,Appendix ii,DEU: margin of error,4.9,points,0.1,table,N,,
TA_2_DEU_index,43,Appendix ii,"DEU: Resilience Index score, 2023",67,index,,table,N,,
TA_2_DEU_individual,43,Appendix ii,"DEU: individual score, 2023",63,index,,table,N,,
TA_2_DEU_household,43,Appendix ii,"DEU: household score, 2023",73,index,,table,N,,
TA_2_DEU_community,43,Appendix ii,"DEU: community score, 2023",69,index,,table,N,,
TA_2_DEU_societal,43,Appendix ii,"DEU: societal score, 2023",65,index,,table,N,,
TA_2_GHA_moe,43,Appendix ii,GHA: margin of error,4.0,points,0.1,table,N,,
TA_2_GHA_index,43,Appendix ii,"GHA: Resilience Index score, 2023",46,index,,table,N,,
TA_2_GHA_individual,43,Appendix ii,"GHA: individual score, 2023",28,index,,table,N,,
TA_2_GHA_household,43,Appendix ii,"GHA: household score, 2023",42,index,,table,N,,
TA_2_GHA_community,43,Appendix ii,"GHA: community score, 2023",57,index,,table,N,,
TA_2_GHA_societal,43,Appendix ii,"GHA: societal score, 2023",56,index,,table,N,,
TA_2_GRC_moe,43,Appendix ii,GRC: margin of error,4.7,points,0.1,table,N,,
TA_2_GRC_index,43,Appendix ii,"GRC: Resilience Index score, 2023",53,index,,table,N,,
TA_2_GRC_individual,43,Appendix ii,"GRC: individual score, 2023",55,index,,table,N,,
TA_2_GRC_household,43,Appendix ii,"GRC: household score, 2023",64,index,,table,N,,
TA_2_GRC_community,43,Appendix ii,"GRC: community score, 2023",41,index,,table,N,,
TA_2_GRC_societal,43,Appendix ii,"GRC: societal score, 2023",51,index,,table,N,,
TA_2_GTM_moe,43,Appendix ii,GTM: margin of error,4.2,points,0.1,table,N,,
TA_2_GTM_index,43,Appendix ii,"GTM: Resilience Index score, 2023",47,index,,table,N,,
TA_2_GTM_individual,43,Appendix ii,"GTM: individual score, 2023",36,index,,table,N,,
TA_2_GTM_household,43,Appendix ii,"GTM: household score, 2023",47,index,,table,N,,
TA_2_GTM_community,43,Appendix ii,"GTM: community score, 2023",57,index,,table,N,,
TA_2_GTM_societal,43,Appendix ii,"GTM: societal score, 2023",46,index,,table,N,,
TA_2_GIN_moe,43,Appendix ii,GIN: margin of error,4.1,points,0.1,table,N,,
TA_2_GIN_index,43,Appendix ii,"GIN: Resilience Index score, 2023",45,index,,table,N,,
TA_2_GIN_individual,43,Appendix ii,"GIN: individual score, 2023",30,index,,table,N,,
TA_2_GIN_household,43,Appendix ii,"GIN: household score, 2023",42,index,,table,N,,
TA_2_GIN_community,43,Appendix ii,"GIN: community score, 2023",52,index,,table,N,,
TA_2_GIN_societal,43,Appendix ii,"GIN: societal score, 2023",54,index,,table,N,,
TA_2_HND_moe,43,Appendix ii,HND: margin of error,4.1,points,0.1,table,N,,
TA_2_HND_index,43,Appendix ii,"HND: Resilience Index score, 2023",45,index,,table,N,,
TA_2_HND_individual,43,Appendix ii,"HND: individual score, 2023",36,index,,table,N,,
TA_2_HND_household,43,Appendix ii,"HND: household score, 2023",48,index,,table,N,,
TA_2_HND_community,43,Appendix ii,"HND: community score, 2023",52,index,,table,N,,
TA_2_HND_societal,43,Appendix ii,"HND: societal score, 2023",45,index,,table,N,,
TA_2_HKG_moe,43,Appendix ii,HKG: margin of error,3.6,points,0.1,table,N,,
TA_2_HKG_index,43,Appendix ii,"HKG: Resilience Index score, 2023",57,index,,table,N,,
TA_2_HKG_individual,43,Appendix ii,"HKG: individual score, 2023",48,index,,table,N,,
TA_2_HKG_household,43,Appendix ii,"HKG: household score, 2023",62,index,,table,N,,
TA_2_HKG_community,43,Appendix ii,"HKG: community score, 2023",58,index,,table,N,,
TA_2_HKG_societal,43,Appendix ii,"HKG: societal score, 2023",61,index,,table,N,,
TA_2_HUN_moe,43,Appendix ii,HUN: margin of error,4.4,points,0.1,table,N,,
TA_2_HUN_index,43,Appendix ii,"HUN: Resilience Index score, 2023",52,index,,table,N,,
TA_2_HUN_individual,43,Appendix ii,"HUN: individual score, 2023",44,index,,table,N,,
TA_2_HUN_household,43,Appendix ii,"HUN: household score, 2023",64,index,,table,N,,
TA_2_HUN_community,43,Appendix ii,"HUN: community score, 2023",50,index,,table,N,,
TA_2_HUN_societal,43,Appendix ii,"HUN: societal score, 2023",51,index,,table,N,,
TA_2_ISL_moe,43,Appendix ii,ISL: margin of error,4.8,points,0.1,table,N,,
TA_2_ISL_index,43,Appendix ii,"ISL: Resilience Index score, 2023",63,index,,table,N,,
TA_2_ISL_individual,43,Appendix ii,"ISL: individual score, 2023",54,index,,table,N,,
TA_2_ISL_household,43,Appendix ii,"ISL: household score, 2023",69,index,,table,N,,
TA_2_ISL_community,43,Appendix ii,"ISL: community score, 2023",66,index,,table,N,,
TA_2_ISL_societal,43,Appendix ii,"ISL: societal score, 2023",64,index,,table,N,,
TA_2_IND_moe,43,Appendix ii,IND: margin of error,2.1,points,0.1,table,N,,
TA_2_IND_index,43,Appendix ii,"IND: Resilience Index score, 2023",54,index,,table,N,,
TA_2_IND_individual,43,Appendix ii,"IND: individual score, 2023",36,index,,table,N,,
TA_2_IND_household,43,Appendix ii,"IND: household score, 2023",40,index,,table,N,,
TA_2_IND_community,43,Appendix ii,"IND: community score, 2023",67,index,,table,N,,
TA_2_IND_societal,43,Appendix ii,"IND: societal score, 2023",73,index,,table,N,,
TA_2_IDN_moe,43,Appendix ii,IDN: margin of error,3.5,points,0.1,table,N,,
TA_2_IDN_index,43,Appendix ii,"IDN: Resilience Index score, 2023",65,index,,table,N,,
TA_2_IDN_individual,43,Appendix ii,"IDN: individual score, 2023",52,index,,table,N,,
TA_2_IDN_household,43,Appendix ii,"IDN: household score, 2023",57,index,,table,N,,
TA_2_IDN_community,43,Appendix ii,"IDN: community score, 2023",77,index,,table,N,,
TA_2_IDN_societal,43,Appendix ii,"IDN: societal score, 2023",76,index,,table,N,,
TA_2_IRN_moe,43,Appendix ii,IRN: margin of error,3.5,points,0.1,table,N,,
TA_2_IRN_index,43,Appendix ii,"IRN: Resilience Index score, 2023",58,index,,table,N,,
TA_2_IRN_individual,43,Appendix ii,"IRN: individual score, 2023",51,index,,table,N,,
TA_2_IRN_household,43,Appendix ii,"IRN: household score, 2023",55,index,,table,N,,
TA_2_IRN_community,43,Appendix ii,"IRN: community score, 2023",57,index,,table,N,,
TA_2_IRN_societal,43,Appendix ii,"IRN: societal score, 2023",71,index,,table,N,,
TA_2_IRQ_moe,43,Appendix ii,IRQ: margin of error,3.3,points,0.1,table,N,,
TA_2_IRQ_index,43,Appendix ii,"IRQ: Resilience Index score, 2023",49,index,,table,N,,
TA_2_IRQ_individual,43,Appendix ii,"IRQ: individual score, 2023",36,index,,table,N,,
TA_2_IRQ_household,43,Appendix ii,"IRQ: household score, 2023",50,index,,table,N,,
TA_2_IRQ_community,43,Appendix ii,"IRQ: community score, 2023",59,index,,table,N,,
TA_2_IRQ_societal,43,Appendix ii,"IRQ: societal score, 2023",51,index,,table,N,,
TA_2_IRL_moe,43,Appendix ii,IRL: margin of error,4.5,points,0.1,table,N,,
TA_2_IRL_index,43,Appendix ii,"IRL: Resilience Index score, 2023",64,index,,table,N,,
TA_2_IRL_individual,43,Appendix ii,"IRL: individual score, 2023",60,index,,table,N,,
TA_2_IRL_household,43,Appendix ii,"IRL: household score, 2023",62,index,,table,N,,
TA_2_IRL_community,43,Appendix ii,"IRL: community score, 2023",69,index,,table,N,,
TA_2_IRL_societal,43,Appendix ii,"IRL: societal score, 2023",67,index,,table,N,,
TA_2_ISR_moe,43,Appendix ii,ISR: margin of error,3.3,points,0.1,table,N,,
TA_2_ISR_index,43,Appendix ii,"ISR: Resilience Index score, 2023",57,index,,table,N,,
TA_2_ISR_individual,43,Appendix ii,"ISR: individual score, 2023",48,index,,table,N,,
TA_2_ISR_household,43,Appendix ii,"ISR: household score, 2023",55,index,,table,N,,
TA_2_ISR_community,43,Appendix ii,"ISR: community score, 2023",67,index,,table,N,,
TA_2_ISR_societal,43,Appendix ii,"ISR: societal score, 2023",58,index,,table,N,,
TA_2_ITA_moe,43,Appendix ii,ITA: margin of error,4.9,points,0.1,table,N,,
TA_2_ITA_index,43,Appendix ii,"ITA: Resilience Index score, 2023",51,index,,table,N,,
TA_2_ITA_individual,43,Appendix ii,"ITA: individual score, 2023",38,index,,table,N,,
TA_2_ITA_household,43,Appendix ii,"ITA: household score, 2023",62,index,,table,N,,
TA_2_ITA_community,43,Appendix ii,"ITA: community score, 2023",50,index,,table,N,,
TA_2_ITA_societal,43,Appendix ii,"ITA: societal score, 2023",55,index,,table,N,,
TA_2_JPN_moe,43,Appendix ii,JPN: margin of error,3.5,points,0.1,table,N,,
TA_2_JPN_index,43,Appendix ii,"JPN: Resilience Index score, 2023",59,index,,table,N,,
TA_2_JPN_individual,43,Appendix ii,"JPN: individual score, 2023",60,index,,table,N,,
TA_2_JPN_household,43,Appendix ii,"JPN: household score, 2023",60,index,,table,N,,
TA_2_JPN_community,43,Appendix ii,"JPN: community score, 2023",59,index,,table,N,,
TA_2_JPN_societal,43,Appendix ii,"JPN: societal score, 2023",59,index,,table,N,,
TA_2_JOR_moe,43,Appendix ii,JOR: margin of error,3.5,points,0.1,table,N,,
TA_2_JOR_index,43,Appendix ii,"JOR: Resilience Index score, 2023",56,index,,table,N,,
TA_2_JOR_individual,43,Appendix ii,"JOR: individual score, 2023",49,index,,table,N,,
TA_2_JOR_household,43,Appendix ii,"JOR: household score, 2023",48,index,,table,N,,
TA_2_JOR_community,43,Appendix ii,"JOR: community score, 2023",60,index,,table,N,,
TA_2_JOR_societal,43,Appendix ii,"JOR: societal score, 2023",69,index,,table,N,,
TA_2_KAZ_moe,43,Appendix ii,KAZ: margin of error,3.7,points,0.1,table,N,,
TA_2_KAZ_index,43,Appendix ii,"KAZ: Resilience Index score, 2023",55,index,,table,N,,
TA_2_KAZ_individual,43,Appendix ii,"KAZ: individual score, 2023",46,index,,table,N,,
TA_2_KAZ_household,43,Appendix ii,"KAZ: household score, 2023",51,index,,table,N,,
TA_2_KAZ_community,43,Appendix ii,"KAZ: community score, 2023",56,index,,table,N,,
TA_2_KAZ_societal,43,Appendix ii,"KAZ: societal score, 2023",67,index,,table,N,,
TA_2_KEN_moe,43,Appendix ii,KEN: margin of error,3.6,points,0.1,table,N,,
TA_2_KEN_index,43,Appendix ii,"KEN: Resilience Index score, 2023",51,index,,table,N,,
TA_2_KEN_individual,43,Appendix ii,"KEN: individual score, 2023",38,index,,table,N,,
TA_2_KEN_household,43,Appendix ii,"KEN: household score, 2023",53,index,,table,N,,
TA_2_KEN_community,43,Appendix ii,"KEN: community score, 2023",56,index,,table,N,,
TA_2_KEN_societal,43,Appendix ii,"KEN: societal score, 2023",56,index,,table,N,,
TA_2_XKX_moe,43,Appendix ii,XKX: margin of error,4.0,points,0.1,table,N,,
TA_2_XKX_index,43,Appendix ii,"XKX: Resilience Index score, 2023",52,index,,table,N,,
TA_2_XKX_individual,43,Appendix ii,"XKX: individual score, 2023",25,index,,table,N,,
TA_2_XKX_household,43,Appendix ii,"XKX: household score, 2023",51,index,,table,N,,
TA_2_XKX_community,43,Appendix ii,"XKX: community score, 2023",68,index,,table,N,,
TA_2_XKX_societal,43,Appendix ii,"XKX: societal score, 2023",64,index,,table,N,,
TA_2_KWT_moe,43,Appendix ii,KWT: margin of error,3.8,points,0.1,table,N,,
TA_2_KWT_index,43,Appendix ii,"KWT: Resilience Index score, 2023",74,index,,table,N,,
TA_2_KWT_individual,43,Appendix ii,"KWT: individual score, 2023",66,index,,table,N,,
TA_2_KWT_household,43,Appendix ii,"KWT: household score, 2023",67,index,,table,N,,
TA_2_KWT_community,43,Appendix ii,"KWT: community score, 2023",80,index,,table,N,,
TA_2_KWT_societal,43,Appendix ii,"KWT: societal score, 2023",85,index,,table,N,,
TA_2_KGZ_moe,43,Appendix ii,KGZ: margin of error,3.6,points,0.1,table,N,,
TA_2_KGZ_index,43,Appendix ii,"KGZ: Resilience Index score, 2023",55,index,,table,N,,
TA_2_KGZ_individual,43,Appendix ii,"KGZ: individual score, 2023",40,index,,table,N,,
TA_2_KGZ_household,43,Appendix ii,"KGZ: household score, 2023",56,index,,table,N,,
TA_2_KGZ_community,43,Appendix ii,"KGZ: community score, 2023",61,index,,table,N,,
TA_2_KGZ_societal,43,Appendix ii,"KGZ: societal score, 2023",63,index,,table,N,,
TA_2_LAO_moe,43,Appendix ii,LAO: margin of error,3.9,points,0.1,table,N,,
TA_2_LAO_index,43,Appendix ii,"LAO: Resilience Index score, 2023",55,index,,table,N,,
TA_2_LAO_individual,43,Appendix ii,"LAO: individual score, 2023",32,index,,table,N,,
TA_2_LAO_household,43,Appendix ii,"LAO: household score, 2023",57,index,,table,N,,
TA_2_LAO_community,43,Appendix ii,"LAO: community score, 2023",63,index,,table,N,,
TA_2_LAO_societal,43,Appendix ii,"LAO: societal score, 2023",65,index,,table,N,,
TA_2_LVA_moe,43,Appendix ii,LVA: margin of error,3.6,points,0.1,table,N,,
TA_2_LVA_index,43,Appendix ii,"LVA: Resilience Index score, 2023",57,index,,table,N,,
TA_2_LVA_individual,43,Appendix ii,"LVA: individual score, 2023",57,index,,table,N,,
TA_2_LVA_household,43,Appendix ii,"LVA: household score, 2023",64,index,,table,N,,
TA_2_LVA_community,43,Appendix ii,"LVA: community score, 2023",52,index,,table,N,,
TA_2_LVA_societal,43,Appendix ii,"LVA: societal score, 2023",56,index,,table,N,,
TA_2_LBN_moe,43,Appendix ii,LBN: margin of error,3.3,points,0.1,table,N,,
TA_2_LBN_index,43,Appendix ii,"LBN: Resilience Index score, 2023",44,index,,table,N,,
TA_2_LBN_individual,43,Appendix ii,"LBN: individual score, 2023",37,index,,table,N,,
TA_2_LBN_household,43,Appendix ii,"LBN: household score, 2023",50,index,,table,N,,
TA_2_LBN_community,43,Appendix ii,"LBN: community score, 2023",44,index,,table,N,,
TA_2_LBN_societal,43,Appendix ii,"LBN: societal score, 2023",45,index,,table,N,,
TA_2_LBR_moe,43,Appendix ii,LBR: margin of error,3.6,points,0.1,table,N,,
TA_2_LBR_index,43,Appendix ii,"LBR: Resilience Index score, 2023",46,index,,table,N,,
TA_2_LBR_individual,43,Appendix ii,"LBR: individual score, 2023",37,index,,table,N,,
TA_2_LBR_household,43,Appendix ii,"LBR: household score, 2023",55,index,,table,N,,
TA_2_LBR_community,43,Appendix ii,"LBR: community score, 2023",43,index,,table,N,,
TA_2_LBR_societal,43,Appendix ii,"LBR: societal score, 2023",51,index,,table,N,,
TA_2_LBY_moe,43,Appendix ii,LBY: margin of error,3.5,points,0.1,table,N,,
TA_2_LBY_index,43,Appendix ii,"LBY: Resilience Index score, 2023",55,index,,table,N,,
TA_2_LBY_individual,43,Appendix ii,"LBY: individual score, 2023",44,index,,table,N,,
TA_2_LBY_household,43,Appendix ii,"LBY: household score, 2023",54,index,,table,N,,
TA_2_LBY_community,43,Appendix ii,"LBY: community score, 2023",62,index,,table,N,,
TA_2_LBY_societal,43,Appendix ii,"LBY: societal score, 2023",58,index,,table,N,,
TA_2_LTU_moe,43,Appendix ii,LTU: margin of error,3.7,points,0.1,table,N,,
TA_2_LTU_index,43,Appendix ii,"LTU: Resilience Index score, 2023",56,index,,table,N,,
TA_2_LTU_individual,43,Appendix ii,"LTU: individual score, 2023",44,index,,table,N,,
TA_2_LTU_household,43,Appendix ii,"LTU: household score, 2023",60,index,,table,N,,
TA_2_LTU_community,43,Appendix ii,"LTU: community score, 2023",56,index,,table,N,,
TA_2_LTU_societal,43,Appendix ii,"LTU: societal score, 2023",63,index,,table,N,,
TA_2_LUX_moe,43,Appendix ii,LUX: margin of error,4.2,points,0.1,table,N,,
TA_2_LUX_index,43,Appendix ii,"LUX: Resilience Index score, 2023",68,index,,table,N,,
TA_2_LUX_individual,43,Appendix ii,"LUX: individual score, 2023",59,index,,table,N,,
TA_2_LUX_household,43,Appendix ii,"LUX: household score, 2023",67,index,,table,N,,
TA_2_LUX_community,43,Appendix ii,"LUX: community score, 2023",73,index,,table,N,,
TA_2_LUX_societal,43,Appendix ii,"LUX: societal score, 2023",71,index,,table,N,,
TA_2_MDG_moe,43,Appendix ii,MDG: margin of error,3.8,points,0.1,table,N,,
TA_2_MDG_index,43,Appendix ii,"MDG: Resilience Index score, 2023",36,index,,table,N,,
TA_2_MDG_individual,43,Appendix ii,"MDG: individual score, 2023",28,index,,table,N,,
TA_2_MDG_household,43,Appendix ii,"MDG: household score, 2023",28,index,,table,N,,
TA_2_MDG_community,43,Appendix ii,"MDG: community score, 2023",42,index,,table,N,,
TA_2_MDG_societal,43,Appendix ii,"MDG: societal score, 2023",45,index,,table,N,,
TA_2_MWI_moe,43,Appendix ii,MWI: margin of error,3.6,points,0.1,table,N,,
TA_2_MWI_index,43,Appendix ii,"MWI: Resilience Index score, 2023",45,index,,table,N,,
TA_2_MWI_individual,43,Appendix ii,"MWI: individual score, 2023",25,index,,table,N,,
TA_2_MWI_household,43,Appendix ii,"MWI: household score, 2023",53,index,,table,N,,
TA_2_MWI_community,43,Appendix ii,"MWI: community score, 2023",48,index,,table,N,,
TA_2_MWI_societal,43,Appendix ii,"MWI: societal score, 2023",56,index,,table,N,,
TA_2_MYS_moe,43,Appendix ii,MYS: margin of error,4.0,points,0.1,table,N,,
TA_2_MYS_index,43,Appendix ii,"MYS: Resilience Index score, 2023",64,index,,table,N,,
TA_2_MYS_individual,43,Appendix ii,"MYS: individual score, 2023",50,index,,table,N,,
TA_2_MYS_household,43,Appendix ii,"MYS: household score, 2023",59,index,,table,N,,
TA_2_MYS_community,43,Appendix ii,"MYS: community score, 2023",74,index,,table,N,,
TA_2_MYS_societal,43,Appendix ii,"MYS: societal score, 2023",71,index,,table,N,,
TA_2_MLI_moe,44,Appendix ii,MLI: margin of error,3.7,points,0.1,table,N,,
TA_2_MLI_index,44,Appendix ii,"MLI: Resilience Index score, 2023",48,index,,table,N,,
TA_2_MLI_individual,44,Appendix ii,"MLI: individual score, 2023",31,index,,table,N,,
TA_2_MLI_household,44,Appendix ii,"MLI: household score, 2023",38,index,,table,N,,
TA_2_MLI_community,44,Appendix ii,"MLI: community score, 2023",52,index,,table,N,,
TA_2_MLI_societal,44,Appendix ii,"MLI: societal score, 2023",73,index,,table,N,,
TA_2_MLT_moe,44,Appendix ii,MLT: margin of error,3.5,points,0.1,table,N,,
TA_2_MLT_index,44,Appendix ii,"MLT: Resilience Index score, 2023",56,index,,table,N,,
TA_2_MLT_individual,44,Appendix ii,"MLT: individual score, 2023",45,index,,table,N,,
TA_2_MLT_household,44,Appendix ii,"MLT: household score, 2023",60,index,,table,N,,
TA_2_MLT_community,44,Appendix ii,"MLT: community score, 2023",59,index,,table,N,,
TA_2_MLT_societal,44,Appendix ii,"MLT: societal score, 2023",61,index,,table,N,,
TA_2_MRT_moe,44,Appendix ii,MRT: margin of error,3.7,points,0.1,table,N,,
TA_2_MRT_index,44,Appendix ii,"MRT: Resilience Index score, 2023",43,index,,table,N,,
TA_2_MRT_individual,44,Appendix ii,"MRT: individual score, 2023",29,index,,table,N,,
TA_2_MRT_household,44,Appendix ii,"MRT: household score, 2023",47,index,,table,N,,
TA_2_MRT_community,44,Appendix ii,"MRT: community score, 2023",47,index,,table,N,,
TA_2_MRT_societal,44,Appendix ii,"MRT: societal score, 2023",48,index,,table,N,,
TA_2_MUS_moe,44,Appendix ii,MUS: margin of error,4.0,points,0.1,table,N,,
TA_2_MUS_index,44,Appendix ii,"MUS: Resilience Index score, 2023",59,index,,table,N,,
TA_2_MUS_individual,44,Appendix ii,"MUS: individual score, 2023",54,index,,table,N,,
TA_2_MUS_household,44,Appendix ii,"MUS: household score, 2023",57,index,,table,N,,
TA_2_MUS_community,44,Appendix ii,"MUS: community score, 2023",62,index,,table,N,,
TA_2_MUS_societal,44,Appendix ii,"MUS: societal score, 2023",62,index,,table,N,,
TA_2_MEX_moe,44,Appendix ii,MEX: margin of error,3.8,points,0.1,table,N,,
TA_2_MEX_index,44,Appendix ii,"MEX: Resilience Index score, 2023",51,index,,table,N,,
TA_2_MEX_individual,44,Appendix ii,"MEX: individual score, 2023",47,index,,table,N,,
TA_2_MEX_household,44,Appendix ii,"MEX: household score, 2023",49,index,,table,N,,
TA_2_MEX_community,44,Appendix ii,"MEX: community score, 2023",52,index,,table,N,,
TA_2_MEX_societal,44,Appendix ii,"MEX: societal score, 2023",57,index,,table,N,,
TA_2_MDA_moe,44,Appendix ii,MDA: margin of error,4.4,points,0.1,table,N,,
TA_2_MDA_index,44,Appendix ii,"MDA: Resilience Index score, 2023",51,index,,table,N,,
TA_2_MDA_individual,44,Appendix ii,"MDA: individual score, 2023",43,index,,table,N,,
TA_2_MDA_household,44,Appendix ii,"MDA: household score, 2023",51,index,,table,N,,
TA_2_MDA_community,44,Appendix ii,"MDA: community score, 2023",58,index,,table,N,,
TA_2_MDA_societal,44,Appendix ii,"MDA: societal score, 2023",50,index,,table,N,,
TA_2_MNG_moe,44,Appendix ii,MNG: margin of error,3.5,points,0.1,table,N,,
TA_2_MNG_index,44,Appendix ii,"MNG: Resilience Index score, 2023",49,index,,table,N,,
TA_2_MNG_individual,44,Appendix ii,"MNG: individual score, 2023",50,index,,table,N,,
TA_2_MNG_household,44,Appendix ii,"MNG: household score, 2023",54,index,,table,N,,
TA_2_MNG_community,44,Appendix ii,"MNG: community score, 2023",44,index,,table,N,,
TA_2_MNG_societal,44,Appendix ii,"MNG: societal score, 2023",47,index,,table,N,,
TA_2_MNE_moe,44,Appendix ii,MNE: margin of error,3.6,points,0.1,table,N,,
TA_2_MNE_index,44,Appendix ii,"MNE: Resilience Index score, 2023",53,index,,table,N,,
TA_2_MNE_individual,44,Appendix ii,"MNE: individual score, 2023",35,index,,table,N,,
TA_2_MNE_household,44,Appendix ii,"MNE: household score, 2023",51,index,,table,N,,
TA_2_MNE_community,44,Appendix ii,"MNE: community score, 2023",65,index,,table,N,,
TA_2_MNE_societal,44,Appendix ii,"MNE: societal score, 2023",61,index,,table,N,,
TA_2_MAR_moe,44,Appendix ii,MAR: margin of error,3.5,points,0.1,table,N,,
TA_2_MAR_index,44,Appendix ii,"MAR: Resilience Index score, 2023",44,index,,table,N,,
TA_2_MAR_individual,44,Appendix ii,"MAR: individual score, 2023",24,index,,table,N,,
TA_2_MAR_household,44,Appendix ii,"MAR: household score, 2023",41,index,,table,N,,
TA_2_MAR_community,44,Appendix ii,"MAR: community score, 2023",52,index,,table,N,,
TA_2_MAR_societal,44,Appendix ii,"MAR: societal score, 2023",61,index,,table,N,,
TA_2_MOZ_moe,44,Appendix ii,MOZ: margin of error,4.6,points,0.1,table,N,,
TA_2_MOZ_index,44,Appendix ii,"MOZ: Resilience Index score, 2023",50,index,,table,N,,
TA_2_MOZ_individual,44,Appendix ii,"MOZ: individual score, 2023",31,index,,table,N,,
TA_2_MOZ_household,44,Appendix ii,"MOZ: household score, 2023",44,index,,table,N,,
TA_2_MOZ_community,44,Appendix ii,"MOZ: community score, 2023",56,index,,table,N,,
TA_2_MOZ_societal,44,Appendix ii,"MOZ: societal score, 2023",71,index,,table,N,,
TA_2_MMR_moe,44,Appendix ii,MMR: margin of error,4.8,points,0.1,table,N,,
TA_2_MMR_index,44,Appendix ii,"MMR: Resilience Index score, 2023",52,index,,table,N,,
TA_2_MMR_individual,44,Appendix ii,"MMR: individual score, 2023",42,index,,table,N,,
TA_2_MMR_household,44,Appendix ii,"MMR: household score, 2023",54,index,,table,N,,
TA_2_MMR_community,44,Appendix ii,"MMR: community score, 2023",59,index,,table,N,,
TA_2_MMR_societal,44,Appendix ii,"MMR: societal score, 2023",54,index,,table,N,,
TA_2_NAM_moe,44,Appendix ii,NAM: margin of error,3.9,points,0.1,table,N,,
TA_2_NAM_index,44,Appendix ii,"NAM: Resilience Index score, 2023",52,index,,table,N,,
TA_2_NAM_individual,44,Appendix ii,"NAM: individual score, 2023",40,index,,table,N,,
TA_2_NAM_household,44,Appendix ii,"NAM: household score, 2023",57,index,,table,N,,
TA_2_NAM_community,44,Appendix ii,"NAM: community score, 2023",55,index,,table,N,,
TA_2_NAM_societal,44,Appendix ii,"NAM: societal score, 2023",57,index,,table,N,,
TA_2_NPL_moe,44,Appendix ii,NPL: margin of error,3.6,points,0.1,table,N,,
TA_2_NPL_index,44,Appendix ii,"NPL: Resilience Index score, 2023",50,index,,table,N,,
TA_2_NPL_individual,44,Appendix ii,"NPL: individual score, 2023",44,index,,table,N,,
TA_2_NPL_household,44,Appendix ii,"NPL: household score, 2023",40,index,,table,N,,
TA_2_NPL_community,44,Appendix ii,"NPL: community score, 2023",58,index,,table,N,,
TA_2_NPL_societal,44,Appendix ii,"NPL: societal score, 2023",58,index,,table,N,,
TA_2_NLD_moe,44,Appendix ii,NLD: margin of error,3.8,points,0.1,table,N,,
TA_2_NLD_index,44,Appendix ii,"NLD: Resilience Index score, 2023",65,index,,table,N,,
TA_2_NLD_individual,44,Appendix ii,"NLD: individual score, 2023",58,index,,table,N,,
TA_2_NLD_household,44,Appendix ii,"NLD: household score, 2023",64,index,,table,N,,
TA_2_NLD_community,44,Appendix ii,"NLD: community score, 2023",73,index,,table,N,,
TA_2_NLD_societal,44,Appendix ii,"NLD: societal score, 2023",63,index,,table,N,,
TA_2_NZL_moe,44,Appendix ii,NZL: margin of error,3.9,points,0.1,table,N,,
TA_2_NZL_index,44,Appendix ii,"NZL: Resilience Index score, 2023",63,index,,table,N,,
TA_2_NZL_individual,44,Appendix ii,"NZL: individual score, 2023",63,index,,table,N,,
TA_2_NZL_household,44,Appendix ii,"NZL: household score, 2023",72,index,,table,N,,
TA_2_NZL_community,44,Appendix ii,"NZL: community score, 2023",58,index,,table,N,,
TA_2_NZL_societal,44,Appendix ii,"NZL: societal score, 2023",58,index,,table,N,,
TA_2_NIC_moe,44,Appendix ii,NIC: margin of error,3.9,points,0.1,table,N,,
TA_2_NIC_index,44,Appendix ii,"NIC: Resilience Index score, 2023",57,index,,table,N,,
TA_2_NIC_individual,44,Appendix ii,"NIC: individual score, 2023",46,index,,table,N,,
TA_2_NIC_household,44,Appendix ii,"NIC: household score, 2023",57,index,,table,N,,
TA_2_NIC_community,44,Appendix ii,"NIC: community score, 2023",63,index,,table,N,,
TA_2_NIC_societal,44,Appendix ii,"NIC: societal score, 2023",64,index,,table,N,,
TA_2_NER_moe,44,Appendix ii,NER: margin of error,3.8,points,0.1,table,N,,
TA_2_NER_index,44,Appendix ii,"NER: Resilience Index score, 2023",48,index,,table,N,,
TA_2_NER_individual,44,Appendix ii,"NER: individual score, 2023",24,index,,table,N,,
TA_2_NER_household,44,Appendix ii,"NER: household score, 2023",29,index,,table,N,,
TA_2_NER_community,44,Appendix ii,"NER: community score, 2023",60,index,,table,N,,
TA_2_NER_societal,44,Appendix ii,"NER: societal score, 2023",77,index,,table,N,,
TA_2_NGA_moe,44,Appendix ii,NGA: margin of error,4.7,points,0.1,table,N,,
TA_2_NGA_index,44,Appendix ii,"NGA: Resilience Index score, 2023",44,index,,table,N,,
TA_2_NGA_individual,44,Appendix ii,"NGA: individual score, 2023",31,index,,table,N,,
TA_2_NGA_household,44,Appendix ii,"NGA: household score, 2023",46,index,,table,N,,
TA_2_NGA_community,44,Appendix ii,"NGA: community score, 2023",51,index,,table,N,,
TA_2_NGA_societal,44,Appendix ii,"NGA: societal score, 2023",48,index,,table,N,,
TA_2_MKD_moe,44,Appendix ii,MKD: margin of error,3.8,points,0.1,table,N,,
TA_2_MKD_index,44,Appendix ii,"MKD: Resilience Index score, 2023",46,index,,table,N,,
TA_2_MKD_individual,44,Appendix ii,"MKD: individual score, 2023",37,index,,table,N,,
TA_2_MKD_household,44,Appendix ii,"MKD: household score, 2023",52,index,,table,N,,
TA_2_MKD_community,44,Appendix ii,"MKD: community score, 2023",45,index,,table,N,,
TA_2_MKD_societal,44,Appendix ii,"MKD: societal score, 2023",48,index,,table,N,,
TA_2_NOR_moe,44,Appendix ii,NOR: margin of error,4.4,points,0.1,table,N,,
TA_2_NOR_index,44,Appendix ii,"NOR: Resilience Index score, 2023",71,index,,table,N,,
TA_2_NOR_individual,44,Appendix ii,"NOR: individual score, 2023",65,index,,table,N,,
TA_2_NOR_household,44,Appendix ii,"NOR: household score, 2023",73,index,,table,N,,
TA_2_NOR_community,44,Appendix ii,"NOR: community score, 2023",73,index,,table,N,,
TA_2_NOR_societal,44,Appendix ii,"NOR: societal score, 2023",75,index,,table,N,,
TA_2_PAK_moe,44,Appendix ii,PAK: margin of error,4.0,points,0.1,table,N,,
TA_2_PAK_index,44,Appendix ii,"PAK: Resilience Index score, 2023",41,index,,table,N,,
TA_2_PAK_individual,44,Appendix ii,"PAK: individual score, 2023",25,index,,table,N,,
TA_2_PAK_household,44,Appendix ii,"PAK: household score, 2023",31,index,,table,N,,
TA_2_PAK_community,44,Appendix ii,"PAK: community score, 2023",52,index,,table,N,,
TA_2_PAK_societal,44,Appendix ii,"PAK: societal score, 2023",55,index,,table,N,,
TA_2_PSE_moe,44,Appendix ii,PSE: margin of error,3.4,points,0.1,table,N,,
TA_2_PSE_index,44,Appendix ii,"PSE: Resilience Index score, 2023",51,index,,table,N,,
TA_2_PSE_individual,44,Appendix ii,"PSE: individual score, 2023",47,index,,table,N,,
TA_2_PSE_household,44,Appendix ii,"PSE: household score, 2023",48,index,,table,N,,
TA_2_PSE_community,44,Appendix ii,"PSE: community score, 2023",57,index,,table,N,,
TA_2_PSE_societal,44,Appendix ii,"PSE: societal score, 2023",52,index,,table,N,,
TA_2_PAN_moe,44,Appendix ii,PAN: margin of error,4.2,points,0.1,table,N,,
TA_2_PAN_index,44,Appendix ii,"PAN: Resilience Index score, 2023",50,index,,table,N,,
TA_2_PAN_individual,44,Appendix ii,"PAN: individual score, 2023",46,index,,table,N,,
TA_2_PAN_household,44,Appendix ii,"PAN: household score, 2023",53,index,,table,N,,
TA_2_PAN_community,44,Appendix ii,"PAN: community score, 2023",55,index,,table,N,,
TA_2_PAN_societal,44,Appendix ii,"PAN: societal score, 2023",45,index,,table,N,,
TA_2_PRY_moe,44,Appendix ii,PRY: margin of error,3.7,points,0.1,table,N,,
TA_2_PRY_index,44,Appendix ii,"PRY: Resilience Index score, 2023",52,index,,table,N,,
TA_2_PRY_individual,44,Appendix ii,"PRY: individual score, 2023",48,index,,table,N,,
TA_2_PRY_household,44,Appendix ii,"PRY: household score, 2023",51,index,,table,N,,
TA_2_PRY_community,44,Appendix ii,"PRY: community score, 2023",56,index,,table,N,,
TA_2_PRY_societal,44,Appendix ii,"PRY: societal score, 2023",53,index,,table,N,,
TA_2_PER_moe,44,Appendix ii,PER: margin of error,3.5,points,0.1,table,N,,
TA_2_PER_index,44,Appendix ii,"PER: Resilience Index score, 2023",48,index,,table,N,,
TA_2_PER_individual,44,Appendix ii,"PER: individual score, 2023",54,index,,table,N,,
TA_2_PER_household,44,Appendix ii,"PER: household score, 2023",57,index,,table,N,,
TA_2_PER_community,44,Appendix ii,"PER: community score, 2023",43,index,,table,N,,
TA_2_PER_societal,44,Appendix ii,"PER: societal score, 2023",39,index,,table,N,,
TA_2_PHL_moe,44,Appendix ii,PHL: margin of error,3.8,points,0.1,table,N,,
TA_2_PHL_index,44,Appendix ii,"PHL: Resilience Index score, 2023",67,index,,table,N,,
TA_2_PHL_individual,44,Appendix ii,"PHL: individual score, 2023",60,index,,table,N,,
TA_2_PHL_household,44,Appendix ii,"PHL: household score, 2023",66,index,,table,N,,
TA_2_PHL_community,44,Appendix ii,"PHL: community score, 2023",70,index,,table,N,,
TA_2_PHL_societal,44,Appendix ii,"PHL: societal score, 2023",71,index,,table,N,,
TA_2_POL_moe,44,Appendix ii,POL: margin of error,3.5,points,0.1,table,N,,
TA_2_POL_index,44,Appendix ii,"POL: Resilience Index score, 2023",52,index,,table,N,,
TA_2_POL_individual,44,Appendix ii,"POL: individual score, 2023",41,index,,table,N,,
TA_2_POL_household,44,Appendix ii,"POL: household score, 2023",56,index,,table,N,,
TA_2_POL_community,44,Appendix ii,"POL: community score, 2023",54,index,,table,N,,
TA_2_POL_societal,44,Appendix ii,"POL: societal score, 2023",58,index,,table,N,,
TA_2_PRT_moe,44,Appendix ii,PRT: margin of error,3.9,points,0.1,table,N,,
TA_2_PRT_index,44,Appendix ii,"PRT: Resilience Index score, 2023",57,index,,table,N,,
TA_2_PRT_individual,44,Appendix ii,"PRT: individual score, 2023",51,index,,table,N,,
TA_2_PRT_household,44,Appendix ii,"PRT: household score, 2023",62,index,,table,N,,
TA_2_PRT_community,44,Appendix ii,"PRT: community score, 2023",59,index,,table,N,,
TA_2_PRT_societal,44,Appendix ii,"PRT: societal score, 2023",55,index,,table,N,,
TA_2_ROU_moe,44,Appendix ii,ROU: margin of error,3.7,points,0.1,table,N,,
TA_2_ROU_index,44,Appendix ii,"ROU: Resilience Index score, 2023",51,index,,table,N,,
TA_2_ROU_individual,44,Appendix ii,"ROU: individual score, 2023",44,index,,table,N,,
TA_2_ROU_household,44,Appendix ii,"ROU: household score, 2023",54,index,,table,N,,
TA_2_ROU_community,44,Appendix ii,"ROU: community score, 2023",57,index,,table,N,,
TA_2_ROU_societal,44,Appendix ii,"ROU: societal score, 2023",48,index,,table,N,,
TA_2_RUS_moe,44,Appendix ii,RUS: margin of error,2.8,points,0.1,table,N,,
TA_2_RUS_index,44,Appendix ii,"RUS: Resilience Index score, 2023",60,index,,table,N,,
TA_2_RUS_individual,44,Appendix ii,"RUS: individual score, 2023",59,index,,table,N,,
TA_2_RUS_household,44,Appendix ii,"RUS: household score, 2023",63,index,,table,N,,
TA_2_RUS_community,44,Appendix ii,"RUS: community score, 2023",54,index,,table,N,,
TA_2_RUS_societal,44,Appendix ii,"RUS: societal score, 2023",65,index,,table,N,,
TA_2_SAU_moe,44,Appendix ii,SAU: margin of error,3.5,points,0.1,table,N,,
TA_2_SAU_individual,44,Appendix ii,"SAU: individual score, 2023",64,index,,table,N,,
TA_2_SAU_household,44,Appendix ii,"SAU: household score, 2023",64,index,,table,N,,
TA_2_SAU_community,44,Appendix ii,"SAU: community score, 2023",79,index,,table,N,,
TA_2_SEN_moe,44,Appendix ii,SEN: margin of error,3.8,points,0.1,table,N,,
TA_2_SEN_index,44,Appendix ii,"SEN: Resilience Index score, 2023",48,index,,table,N,,
TA_2_SEN_individual,44,Appendix ii,"SEN: individual score, 2023",34,index,,table,N,,
TA_2_SEN_household,44,Appendix ii,"SEN: household score, 2023",44,index,,table,N,,
TA_2_SEN_community,44,Appendix ii,"SEN: community score, 2023",60,index,,table,N,,
TA_2_SEN_societal,44,Appendix ii,"SEN: societal score, 2023",56,index,,table,N,,
TA_2_SRB_moe,44,Appendix ii,SRB: margin of error,3.5,points,0.1,table,N,,
TA_2_SRB_index,44,Appendix ii,"SRB: Resilience Index score, 2023",52,index,,table,N,,
TA_2_SRB_individual,44,Appendix ii,"SRB: individual score, 2023",41,index,,table,N,,
TA_2_SRB_household,44,Appendix ii,"SRB: household score, 2023",51,index,,table,N,,
TA_2_SRB_community,44,Appendix ii,"SRB: community score, 2023",56,index,,table,N,,
TA_2_SRB_societal,44,Appendix ii,"SRB: societal score, 2023",59,index,,table,N,,
TA_2_SLE_moe,44,Appendix ii,SLE: margin of error,3.5,points,0.1,table,N,,
TA_2_SLE_index,44,Appendix ii,"SLE: Resilience Index score, 2023",43,index,,table,N,,
TA_2_SLE_individual,44,Appendix ii,"SLE: individual score, 2023",30,index,,table,N,,
TA_2_SLE_household,44,Appendix ii,"SLE: household score, 2023",44,index,,table,N,,
TA_2_SLE_community,44,Appendix ii,"SLE: community score, 2023",44,index,,table,N,,
TA_2_SLE_societal,44,Appendix ii,"SLE: societal score, 2023",55,index,,table,N,,
TA_2_SGP_moe,44,Appendix ii,SGP: margin of error,4.0,points,0.1,table,N,,
TA_2_SGP_index,44,Appendix ii,"SGP: Resilience Index score, 2023",71,index,,table,N,,
TA_2_SGP_individual,44,Appendix ii,"SGP: individual score, 2023",60,index,,table,N,,
TA_2_SGP_household,44,Appendix ii,"SGP: household score, 2023",70,index,,table,N,,
TA_2_SGP_community,44,Appendix ii,"SGP: community score, 2023",77,index,,table,N,,
TA_2_SGP_societal,44,Appendix ii,"SGP: societal score, 2023",77,index,,table,N,,
TA_2_SVK_moe,44,Appendix ii,SVK: margin of error,3.5,points,0.1,table,N,,
TA_2_SVK_index,44,Appendix ii,"SVK: Resilience Index score, 2023",54,index,,table,N,,
TA_2_SVK_individual,44,Appendix ii,"SVK: individual score, 2023",48,index,,table,N,,
TA_2_SVK_household,44,Appendix ii,"SVK: household score, 2023",61,index,,table,N,,
TA_2_SVK_community,44,Appendix ii,"SVK: community score, 2023",55,index,,table,N,,
TA_2_SVK_societal,44,Appendix ii,"SVK: societal score, 2023",54,index,,table,N,,
TA_2_SVN_moe,44,Appendix ii,SVN: margin of error,4.0,points,0.1,table,N,,
TA_2_SVN_index,44,Appendix ii,"SVN: Resilience Index score, 2023",62,index,,table,N,,
TA_2_SVN_individual,44,Appendix ii,"SVN: individual score, 2023",57,index,,table,N,,
TA_2_SVN_household,44,Appendix ii,"SVN: household score, 2023",66,index,,table,N,,
TA_2_SVN_community,44,Appendix ii,"SVN: community score, 2023",64,index,,table,N,,
TA_2_SVN_societal,44,Appendix ii,"SVN: societal score, 2023",59,index,,table,N,,
TA_2_SOM_moe,44,Appendix ii,SOM: margin of error,3.5,points,0.1,table,N,,
TA_2_SOM_index,44,Appendix ii,"SOM: Resilience Index score, 2023",49,index,,table,N,,
TA_2_SOM_individual,44,Appendix ii,"SOM: individual score, 2023",22,index,,table,N,,
TA_2_SOM_household,44,Appendix ii,"SOM: household score, 2023",35,index,,table,N,,
TA_2_SOM_community,44,Appendix ii,"SOM: community score, 2023",70,index,,table,N,,
TA_2_SOM_societal,44,Appendix ii,"SOM: societal score, 2023",67,index,,table,N,,
TA_2_ZAF_moe,44,Appendix ii,ZAF: margin of error,3.9,points,0.1,table,N,,
TA_2_ZAF_index,44,Appendix ii,"ZAF: Resilience Index score, 2023",47,index,,table,N,,
TA_2_ZAF_individual,44,Appendix ii,"ZAF: individual score, 2023",37,index,,table,N,,
TA_2_ZAF_household,44,Appendix ii,"ZAF: household score, 2023",50,index,,table,N,,
TA_2_ZAF_community,44,Appendix ii,"ZAF: community score, 2023",51,index,,table,N,,
TA_2_ZAF_societal,44,Appendix ii,"ZAF: societal score, 2023",51,index,,table,N,,
TA_2_KOR_moe,44,Appendix ii,KOR: margin of error,3.7,points,0.1,table,N,,
TA_2_KOR_index,44,Appendix ii,"KOR: Resilience Index score, 2023",58,index,,table,N,,
TA_2_KOR_individual,44,Appendix ii,"KOR: individual score, 2023",52,index,,table,N,,
TA_2_KOR_household,44,Appendix ii,"KOR: household score, 2023",61,index,,table,N,,
TA_2_KOR_community,44,Appendix ii,"KOR: community score, 2023",64,index,,table,N,,
TA_2_KOR_societal,44,Appendix ii,"KOR: societal score, 2023",55,index,,table,N,,
TA_2_ESP_moe,44,Appendix ii,ESP: margin of error,4.0,points,0.1,table,N,,
TA_2_ESP_index,44,Appendix ii,"ESP: Resilience Index score, 2023",59,index,,table,N,,
TA_2_ESP_individual,44,Appendix ii,"ESP: individual score, 2023",54,index,,table,N,,
TA_2_ESP_household,44,Appendix ii,"ESP: household score, 2023",62,index,,table,N,,
TA_2_ESP_community,44,Appendix ii,"ESP: community score, 2023",63,index,,table,N,,
TA_2_ESP_societal,44,Appendix ii,"ESP: societal score, 2023",59,index,,table,N,,
TA_2_LKA_moe,44,Appendix ii,LKA: margin of error,3.7,points,0.1,table,N,,
TA_2_LKA_index,44,Appendix ii,"LKA: Resilience Index score, 2023",52,index,,table,N,,
TA_2_LKA_individual,44,Appendix ii,"LKA: individual score, 2023",44,index,,table,N,,
TA_2_LKA_household,44,Appendix ii,"LKA: household score, 2023",47,index,,table,N,,
TA_2_LKA_community,44,Appendix ii,"LKA: community score, 2023",58,index,,table,N,,
TA_2_LKA_societal,44,Appendix ii,"LKA: societal score, 2023",60,index,,table,N,,
TA_2_SWE_moe,44,Appendix ii,SWE: margin of error,3.9,points,0.1,table,N,,
TA_2_SWE_index,44,Appendix ii,"SWE: Resilience Index score, 2023",71,index,,table,N,,
TA_2_SWE_individual,44,Appendix ii,"SWE: individual score, 2023",72,index,,table,N,,
TA_2_SWE_household,44,Appendix ii,"SWE: household score, 2023",76,index,,table,N,,
TA_2_SWE_community,44,Appendix ii,"SWE: community score, 2023",69,index,,table,N,,
TA_2_SWE_societal,44,Appendix ii,"SWE: societal score, 2023",68,index,,table,N,,
TA_2_CHE_moe,44,Appendix ii,CHE: margin of error,4.3,points,0.1,table,N,,
TA_2_CHE_index,44,Appendix ii,"CHE: Resilience Index score, 2023",71,index,,table,N,,
TA_2_CHE_individual,44,Appendix ii,"CHE: individual score, 2023",63,index,,table,N,,
TA_2_CHE_household,44,Appendix ii,"CHE: household score, 2023",70,index,,table,N,,
TA_2_CHE_community,44,Appendix ii,"CHE: community score, 2023",76,index,,table,N,,
TA_2_CHE_societal,44,Appendix ii,"CHE: societal score, 2023",76,index,,table,N,,
TA_2_TWN_moe,44,Appendix ii,TWN: margin of error,4.1,points,0.1,table,N,,
TA_2_TWN_index,44,Appendix ii,"TWN: Resilience Index score, 2023",64,index,,table,N,,
TA_2_TWN_individual,44,Appendix ii,"TWN: individual score, 2023",57,index,,table,N,,
TA_2_TWN_household,44,Appendix ii,"TWN: household score, 2023",75,index,,table,N,,
TA_2_TWN_community,44,Appendix ii,"TWN: community score, 2023",70,index,,table,N,,
TA_2_TWN_societal,44,Appendix ii,"TWN: societal score, 2023",53,index,,table,N,,
TA_2_TJK_moe,44,Appendix ii,TJK: margin of error,3.6,points,0.1,table,N,,
TA_2_TJK_index,44,Appendix ii,"TJK: Resilience Index score, 2023",65,index,,table,N,,
TA_2_TJK_individual,44,Appendix ii,"TJK: individual score, 2023",41,index,,table,N,,
TA_2_TJK_household,44,Appendix ii,"TJK: household score, 2023",49,index,,table,N,,
TA_2_TJK_community,44,Appendix ii,"TJK: community score, 2023",78,index,,table,N,,
TA_2_TJK_societal,44,Appendix ii,"TJK: societal score, 2023",96,index,,table,N,,
TA_2_TZA_moe,44,Appendix ii,TZA: margin of error,3.8,points,0.1,table,N,,
TA_2_TZA_index,44,Appendix ii,"TZA: Resilience Index score, 2023",53,index,,table,N,,
TA_2_TZA_individual,44,Appendix ii,"TZA: individual score, 2023",26,index,,table,N,,
TA_2_TZA_household,44,Appendix ii,"TZA: household score, 2023",50,index,,table,N,,
TA_2_TZA_community,44,Appendix ii,"TZA: community score, 2023",57,index,,table,N,,
TA_2_TZA_societal,44,Appendix ii,"TZA: societal score, 2023",79,index,,table,N,,
TA_2_THA_moe,44,Appendix ii,THA: margin of error,3.9,points,0.1,table,N,,
TA_2_THA_index,44,Appendix ii,"THA: Resilience Index score, 2023",61,index,,table,N,,
TA_2_THA_individual,44,Appendix ii,"THA: individual score, 2023",37,index,,table,N,,
TA_2_THA_household,44,Appendix ii,"THA: household score, 2023",68,index,,table,N,,
TA_2_THA_community,44,Appendix ii,"THA: community score, 2023",72,index,,table,N,,
TA_2_THA_societal,44,Appendix ii,"THA: societal score, 2023",66,index,,table,N,,
TA_2_TGO_moe,44,Appendix ii,TGO: margin of error,4.3,points,0.1,table,N,,
TA_2_TGO_index,44,Appendix ii,"TGO: Resilience Index score, 2023",41,index,,table,N,,
TA_2_TGO_individual,44,Appendix ii,"TGO: individual score, 2023",27,index,,table,N,,
TA_2_TGO_household,44,Appendix ii,"TGO: household score, 2023",38,index,,table,N,,
TA_2_TGO_community,44,Appendix ii,"TGO: community score, 2023",42,index,,table,N,,
TA_2_TGO_societal,44,Appendix ii,"TGO: societal score, 2023",56,index,,table,N,,
TA_2_TUN_moe,44,Appendix ii,TUN: margin of error,3.6,points,0.1,table,N,,
TA_2_TUN_index,44,Appendix ii,"TUN: Resilience Index score, 2023",43,index,,table,N,,
TA_2_TUN_individual,44,Appendix ii,"TUN: individual score, 2023",33,index,,table,N,,
TA_2_TUN_household,44,Appendix ii,"TUN: household score, 2023",40,index,,table,N,,
TA_2_TUN_community,44,Appendix ii,"TUN: community score, 2023",41,index,,table,N,,
TA_2_TUN_societal,44,Appendix ii,"TUN: societal score, 2023",58,index,,table,N,,
TA_2_TUR_moe,44,Appendix ii,TUR: margin of error,3.5,points,0.1,table,N,,
TA_2_TUR_index,44,Appendix ii,"TUR: Resilience Index score, 2023",51,index,,table,N,,
TA_2_TUR_individual,44,Appendix ii,"TUR: individual score, 2023",34,index,,table,N,,
TA_2_TUR_household,44,Appendix ii,"TUR: household score, 2023",55,index,,table,N,,
TA_2_TUR_community,44,Appendix ii,"TUR: community score, 2023",54,index,,table,N,,
TA_2_TUR_societal,44,Appendix ii,"TUR: societal score, 2023",61,index,,table,N,,
TA_2_UGA_moe,44,Appendix ii,UGA: margin of error,3.7,points,0.1,table,N,,
TA_2_UGA_index,44,Appendix ii,"UGA: Resilience Index score, 2023",44,index,,table,N,,
TA_2_UGA_individual,44,Appendix ii,"UGA: individual score, 2023",29,index,,table,N,,
TA_2_UGA_household,44,Appendix ii,"UGA: household score, 2023",38,index,,table,N,,
TA_2_UGA_community,44,Appendix ii,"UGA: community score, 2023",50,index,,table,N,,
TA_2_UGA_societal,44,Appendix ii,"UGA: societal score, 2023",60,index,,table,N,,
TA_2_UKR_moe,44,Appendix ii,UKR: margin of error,4.1,points,0.1,table,N,,
TA_2_UKR_index,44,Appendix ii,"UKR: Resilience Index score, 2023",59,index,,table,N,,
TA_2_UKR_individual,44,Appendix ii,"UKR: individual score, 2023",57,index,,table,N,,
TA_2_UKR_household,44,Appendix ii,"UKR: household score, 2023",61,index,,table,N,,
TA_2_UKR_community,44,Appendix ii,"UKR: community score, 2023",56,index,,table,N,,
TA_2_UKR_societal,44,Appendix ii,"UKR: societal score, 2023",62,index,,table,N,,
TA_2_ARE_moe,44,Appendix ii,ARE: margin of error,3.5,points,0.1,table,N,,
TA_2_ARE_index,44,Appendix ii,"ARE: Resilience Index score, 2023",69,index,,table,N,,
TA_2_ARE_individual,44,Appendix ii,"ARE: individual score, 2023",58,index,,table,N,,
TA_2_ARE_household,44,Appendix ii,"ARE: household score, 2023",61,index,,table,N,,
TA_2_ARE_community,44,Appendix ii,"ARE: community score, 2023",81,index,,table,N,,
TA_2_ARE_societal,44,Appendix ii,"ARE: societal score, 2023",74,index,,table,N,,
TA_2_GBR_moe,44,Appendix ii,GBR: margin of error,4.1,points,0.1,table,N,,
TA_2_GBR_index,44,Appendix ii,"GBR: Resilience Index score, 2023",61,index,,table,N,,
TA_2_GBR_individual,44,Appendix ii,"GBR: individual score, 2023",56,index,,table,N,,
TA_2_GBR_household,44,Appendix ii,"GBR: household score, 2023",64,index,,table,N,,
TA_2_GBR_community,44,Appendix ii,"GBR: community score, 2023",64,index,,table,N,,
TA_2_GBR_societal,44,Appendix ii,"GBR: societal score, 2023",60,index,,table,N,,
TA_2_USA_moe,44,Appendix ii,USA: margin of error,4.0,points,0.1,table,N,,
TA_2_USA_index,44,Appendix ii,"USA: Resilience Index score, 2023",63,index,,table,N,,
TA_2_USA_individual,44,Appendix ii,"USA: individual score, 2023",68,index,,table,N,,
TA_2_USA_household,44,Appendix ii,"USA: household score, 2023",74,index,,table,N,,
TA_2_USA_community,44,Appendix ii,"USA: community score, 2023",62,index,,table,N,,
TA_2_USA_societal,44,Appendix ii,"USA: societal score, 2023",47,index,,table,N,,
TA_2_URY_moe,44,Appendix ii,URY: margin of error,3.7,points,0.1,table,N,,
TA_2_URY_index,44,Appendix ii,"URY: Resilience Index score, 2023",55,index,,table,N,,
TA_2_URY_individual,44,Appendix ii,"URY: individual score, 2023",41,index,,table,N,,
TA_2_URY_household,44,Appendix ii,"URY: household score, 2023",57,index,,table,N,,
TA_2_URY_community,44,Appendix ii,"URY: community score, 2023",61,index,,table,N,,
TA_2_URY_societal,44,Appendix ii,"URY: societal score, 2023",60,index,,table,N,,
TA_2_UZB_moe,44,Appendix ii,UZB: margin of error,3.7,points,0.1,table,N,,
TA_2_UZB_index,44,Appendix ii,"UZB: Resilience Index score, 2023",68,index,,table,N,,
TA_2_UZB_individual,44,Appendix ii,"UZB: individual score, 2023",55,index,,table,N,,
TA_2_UZB_household,44,Appendix ii,"UZB: household score, 2023",65,index,,table,N,,
TA_2_UZB_community,44,Appendix ii,"UZB: community score, 2023",72,index,,table,N,,
TA_2_UZB_societal,44,Appendix ii,"UZB: societal score, 2023",81,index,,table,N,,
TA_2_VEN_moe,44,Appendix ii,VEN: margin of error,3.8,points,0.1,table,N,,
TA_2_VEN_index,44,Appendix ii,"VEN: Resilience Index score, 2023",43,index,,table,N,,
TA_2_VEN_individual,44,Appendix ii,"VEN: individual score, 2023",46,index,,table,N,,
TA_2_VEN_household,44,Appendix ii,"VEN: household score, 2023",47,index,,table,N,,
TA_2_VEN_community,44,Appendix ii,"VEN: community score, 2023",37,index,,table,N,,
TA_2_VEN_societal,44,Appendix ii,"VEN: societal score, 2023",43,index,,table,N,,
TA_2_VNM_moe,44,Appendix ii,VNM: margin of error,3.6,points,0.1,table,N,,
TA_2_VNM_index,44,Appendix ii,"VNM: Resilience Index score, 2023",73,index,,table,N,,
TA_2_VNM_individual,44,Appendix ii,"VNM: individual score, 2023",66,index,,table,N,,
TA_2_VNM_household,44,Appendix ii,"VNM: household score, 2023",79,index,,table,N,,
TA_2_VNM_community,44,Appendix ii,"VNM: community score, 2023",73,index,,table,N,,
TA_2_VNM_societal,44,Appendix ii,"VNM: societal score, 2023",75,index,,table,N,,
TA_2_YEM_moe,44,Appendix ii,YEM: margin of error,4.3,points,0.1,table,N,,
TA_2_YEM_index,44,Appendix ii,"YEM: Resilience Index score, 2023",31,index,,table,N,,
TA_2_YEM_individual,44,Appendix ii,"YEM: individual score, 2023",25,index,,table,N,,
TA_2_YEM_household,44,Appendix ii,"YEM: household score, 2023",30,index,,table,N,,
TA_2_YEM_community,44,Appendix ii,"YEM: community score, 2023",45,index,,table,N,,
TA_2_YEM_societal,44,Appendix ii,"YEM: societal score, 2023",24,index,,table,N,,
TA_2_ZMB_moe,44,Appendix ii,ZMB: margin of error,4.0,points,0.1,table,N,,
TA_2_ZMB_index,44,Appendix ii,"ZMB: Resilience Index score, 2023",47,index,,table,N,,
TA_2_ZMB_individual,44,Appendix ii,"ZMB: individual score, 2023",35,index,,table,N,,
TA_2_ZMB_household,44,Appendix ii,"ZMB: household score, 2023",41,index,,table,N,,
TA_2_ZMB_community,44,Appendix ii,"ZMB: community score, 2023",50,index,,table,N,,
TA_2_ZMB_societal,44,Appendix ii,"ZMB: societal score, 2023",63,index,,table,N,,
TA_2_ZWE_moe,44,Appendix ii,ZWE: margin of error,3.8,points,0.1,table,N,,
TA_2_ZWE_index,44,Appendix ii,"ZWE: Resilience Index score, 2023",45,index,,table,N,,
TA_2_ZWE_individual,44,Appendix ii,"ZWE: individual score, 2023",28,index,,table,N,,
TA_2_ZWE_household,44,Appendix ii,"ZWE: household score, 2023",36,index,,table,N,,
TA_2_ZWE_community,44,Appendix ii,"ZWE: community score, 2023",48,index,,table,N,,
TA_2_ZWE_societal,44,Appendix ii,"ZWE: societal score, 2023",66,index,,table,N,,
