finding_id,page,section,description,published_value,unit,tolerance,source,requires_gallup,gallup_items,note
X01,"4, 5, 10",Executive Summary,Respondents interviewed in 2021,125911,count,,text,N,,"Page 4 says 'more than 125,000 interviews'; pages 5 and 10 give 125,911."
X02,"4, 5, 10",Executive Summary,Countries and territories surveyed in 2021,121,count,,text,N,,
X03,"5, 10",Executive Summary,Countries and territories surveyed in 2019,142,count,,text,N,,
X04,10,Introduction,"Countries surveyed in 2021 but not in 2019 (Iceland, Czech Republic)",2,count,,text,N,,
X05,"12, 46",Chapter 1,Countries and territories surveyed in both 2019 and 2021,119,count,,text,N,,
X06_less_2019,"5, 11, 12",Executive Summary,"Feel safe compared with five years ago, global (text): % less safe, 2019",30,pct,,text,N,,"Trend base: the 119 countries surveyed in both years, excluding China (not asked the safety question in 2021) in both years."
X06_less_2021,"5, 11, 12",Executive Summary,"Feel safe compared with five years ago, global (text): % less safe, 2021",34,pct,,text,N,,"Trend base: the 119 countries surveyed in both years, excluding China (not asked the safety question in 2021) in both years."
X06_more_2021,"5, 11, 12",Executive Summary,"Feel safe compared with five years ago, global (text): % more safe, 2021",27,pct,,text,N,,"Trend base: the 119 countries surveyed in both years, excluding China (not asked the safety question in 2021) in both years."
X06_more_change,"5, 11, 12",Executive Summary,"Feel safe compared with five years ago, global (text): change in % more safe, 2019 to 2021 ('down one point')",-1,pct,,text,N,,"Trend base: the 119 countries surveyed in both years, excluding China (not asked the safety question in 2021) in both years."
X07_covid,"5, 6, 10, 11, 14, 31, 32",Executive Summary,"Greatest source of risk to safety, 2021 (text): % Covid-19",7,pct,,text,N,,
X07_road,"5, 11, 14",Executive Summary,"Greatest source of risk to safety, 2021 (text): % road-related accidents",13,pct,,text,N,,
X07_crime,"5, 11, 14",Executive Summary,"Greatest source of risk to safety, 2021 (text): % crime and violence",12,pct,,text,N,,
X07_health,"5, 11, 14",Executive Summary,"Greatest source of risk to safety, 2021 (text): % personal health (non-Covid-19)",10,pct,,text,N,,
X08,"5, 10, 11",Executive Summary,"Rank of Covid-19 among named sources of risk, 2021 ('fourth most commonly named')",4,rank,,text,N,,"Ranked among named risks, excluding 'other', 'nothing/no risks', don't know and refused."
X09_health_2019,14,Chapter 1,"Greatest source of risk, 2019 vs 2021 (text): % personal health, 2019",9,pct,,text,N,,"Trend base: the 119 countries surveyed in both years, excluding China (not asked the greatest-risk question in 2021) in both years."
X09_none_2019,14,Chapter 1,"Greatest source of risk, 2019 vs 2021 (text): % nothing/no risks, 2019",15,pct,,text,N,,"Trend base: the 119 countries surveyed in both years, excluding China (not asked the greatest-risk question in 2021) in both years."
X09_none_2021,14,Chapter 1,"Greatest source of risk, 2019 vs 2021 (text): % nothing/no risks, 2021",7,pct,,text,N,,"Trend base: the 119 countries surveyed in both years, excluding China (not asked the greatest-risk question in 2021) in both years."
X10_covid,"6, 31, 32",Executive Summary,"Aged 65 and older, greatest source of risk (text): % Covid-19",5,pct,,text,N,,
X10_health,"6, 31, 32",Executive Summary,"Aged 65 and older, greatest source of risk (text): % personal health (non-Covid-19)",18,pct,,text,N,,
X11_threat_2021,"7, 45, 46",Executive Summary,"Climate change a threat to the country (text): % very or somewhat serious threat, 2021",67,pct,,text,N,,Trend base: the 119 countries surveyed in both years.
X11_threat_2019,"7, 45, 46",Executive Summary,"Climate change a threat to the country (text): % very or somewhat serious threat, 2019",69,pct,,text,N,,Trend base: the 119 countries surveyed in both years.
X11_very_2021,"7, 45, 46",Executive Summary,"Climate change a threat to the country (text): % very serious threat, 2021",41,pct,,text,N,,Trend base: the 119 countries surveyed in both years.
X11_very_2019,"7, 45, 46",Executive Summary,"Climate change a threat to the country (text): % very serious threat, 2019 ('unchanged')",41,pct,,text,N,,Trend base: the 119 countries surveyed in both years.
X12_very_primary,"7, 45, 47",Executive Summary,"Climate change a threat, by education (text): % very serious threat, primary education or less",32,pct,,text,N,,
X12_very_secondary,"7, 45, 47",Executive Summary,"Climate change a threat, by education (text): % very serious threat, secondary education",47,pct,,text,N,,
X12_very_post_secondary,"7, 45, 47",Executive Summary,"Climate change a threat, by education (text): % very serious threat, post-secondary education",50,pct,,text,N,,
X12_dk_primary,"7, 45, 47",Executive Summary,"Climate change a threat, by education (text): % don't know, primary education or less",28,pct,,text,N,,
X12_dk_secondary,"7, 45, 47",Executive Summary,"Climate change a threat, by education (text): % don't know, secondary education",13,pct,,text,N,,
X12_dk_post_secondary,"7, 45, 47",Executive Summary,"Climate change a threat, by education (text): % don't know, post-secondary education",7,pct,,text,N,,
X13,8,Executive Summary,2019: % who trusted the government food safety authority most for food safety information,15,pct,,text,N,,"A 2019 World Risk Poll finding (question L14), restated in this report."
X14,11,Chapter 1,"Regions where % 'less safe' rose by more than 10 points, 2019 to 2021",3,count,,text,N,,The report computes differences from the rounded percentages.
X15_latin_america,11,Chapter 1,"Crime/violence named as greatest risk, 2021 (text): % Latin America/Caribbean",43,pct,,text,N,,
X15_southern_africa,11,Chapter 1,"Crime/violence named as greatest risk, 2021 (text): % Southern Africa",42,pct,,text,N,,
X16_southeastern_asia_2019,12,Chapter 1,"Feel 'less safe' than five years ago, by region (text): % Southeastern Asia, 2019",13,pct,,text,N,,
X16_southeastern_asia_2021,12,Chapter 1,"Feel 'less safe' than five years ago, by region (text): % Southeastern Asia, 2021",26,pct,,text,N,,
X16_southeastern_asia_change,12,Chapter 1,"Feel 'less safe' than five years ago, by region (text): change, Southeastern Asia (points)",13,pct,,text,N,,The report computes differences from the rounded percentages.
X16_central_western_africa_2021,12,Chapter 1,"Feel 'less safe' than five years ago, by region (text): % Central/Western Africa, 2021",51,pct,,text,N,,
X16_central_western_africa_2019,12,Chapter 1,"Feel 'less safe' than five years ago, by region (text): % Central/Western Africa, 2019",38,pct,,text,N,,
X16_central_western_africa_change,12,Chapter 1,"Feel 'less safe' than five years ago, by region (text): change, Central/Western Africa (points)",13,pct,,text,N,,The report computes differences from the rounded percentages.
X16_northern_america_change,12,Chapter 1,"Feel 'less safe' than five years ago, by region (text): change, Northern America (points)",11,pct,,text,N,,The report computes differences from the rounded percentages.
X16_northern_western_europe_2019,13,Chapter 1,"Feel 'less safe' than five years ago, by region (text): % Northern/Western Europe, 2019",28,pct,,text,N,,
X16_northern_western_europe_2021,13,Chapter 1,"Feel 'less safe' than five years ago, by region (text): % Northern/Western Europe, 2021",25,pct,,text,N,,
X16_eastern_europe_2019,13,Chapter 1,"Feel 'less safe' than five years ago, by region (text): % Eastern Europe, 2019",21,pct,,text,N,,
X16_eastern_europe_2021,13,Chapter 1,"Feel 'less safe' than five years ago, by region (text): % Eastern Europe, 2021",27,pct,,text,N,,
X16_latin_america_2019,13,Chapter 1,"Feel 'less safe' than five years ago, by region (text): % Latin America/Caribbean, 2019",52,pct,,text,N,,
X16_latin_america_2021,13,Chapter 1,"Feel 'less safe' than five years ago, by region (text): % Latin America/Caribbean, 2021",49,pct,,text,N,,
X17_northern_western_europe,13,Chapter 1,"Satisfied with the availability of quality healthcare in their area, 2021: % Northern/Western Europe",78,pct,,text,Y,GWP_HEALTHCARE_SATISFACTION,Gallup World Poll item; the item code is a placeholder.
X17_southern_europe,13,Chapter 1,"Satisfied with the availability of quality healthcare in their area, 2021: % Southern Europe",60,pct,,text,Y,GWP_HEALTHCARE_SATISFACTION,Gallup World Poll item; the item code is a placeholder.
X17_eastern_europe,13,Chapter 1,"Satisfied with the availability of quality healthcare in their area, 2021: % Eastern Europe",37,pct,,text,Y,GWP_HEALTHCARE_SATISFACTION,Gallup World Poll item; the item code is a placeholder.
X18_2019,14,Chapter 1,"Nigeria, % 'less safe' than five years ago (text): 2019",35,pct,,text,N,,
X18_2021,14,Chapter 1,"Nigeria, % 'less safe' than five years ago (text): 2021",61,pct,,text,N,,
X19,14,Chapter 1,United States' share of Northern America's population ('about 89%'),89,pct,,text,N,,"Computed from the population projection weights (PROJWT), which sum to each country's adult population."
X20,14,Chapter 1,United States: % naming Covid-19 as the greatest risk,5,pct,,text,N,,
X21_post_secondary_road,15,Chapter 1,"Greatest source of risk, by education (text): % road-related accidents, post-secondary education",20,pct,,text,N,,
X21_post_secondary_crime,15,Chapter 1,"Greatest source of risk, by education (text): % crime and violence, post-secondary education",13,pct,,text,N,,
X21_primary_financial,15,Chapter 1,"Greatest source of risk, by education (text): % financial, primary education or less",8,pct,,text,N,,
X21_primary_road,15,Chapter 1,"Greatest source of risk, by education (text): % road-related accidents, primary education or less",8,pct,,text,N,,
X21_primary_crime,15,Chapter 1,"Greatest source of risk, by education (text): % crime and violence, primary education or less",9,pct,,text,N,,
X21_post_secondary_financial,15,Chapter 1,"Greatest source of risk, by education (text): % financial, post-secondary education",4,pct,,text,N,,
X22,16,Chapter 1,"Of those who named Covid-19 as greatest risk, % who felt less safe",36,pct,,text,N,,
X89,16,Chapter 1,"Of war/terrorism, politics/corruption and crime/violence: risks where at least half of those naming it felt less safe",3,count,,text,N,,Counted on the rounded figures in Chart 1.4 (crime/violence is 49.6%).
X90_road,16,Chapter 1,"Of those naming each risk as greatest, % who felt less safe ('about one in four'): road-related accidents",25,pct,3,text,N,,
X90_cooking,16,Chapter 1,"Of those naming each risk as greatest, % who felt less safe ('about one in four'): cooking or other household accidents",25,pct,3,text,N,,
X23,16,Chapter 1,Regions where Covid-19 was among the top-three named risks,4,count,,text,N,,"Top three ranked among named risks and 'nothing/no risks', excluding 'other', don't know and refused."
X24_road,16,Chapter 1,Regions (of 15) where each risk was among the top-three named risks: road-related accidents,11,count,,text,N,,"Top three ranked among named risks and 'nothing/no risks', excluding 'other', don't know and refused. The text gives one figure (11) for the three risks together."
X24_health,16,Chapter 1,Regions (of 15) where each risk was among the top-three named risks: personal health (non-Covid-19),11,count,,text,N,,"Top three ranked among named risks and 'nothing/no risks', excluding 'other', don't know and refused. The text gives one figure (11) for the three risks together."
X24_crime,16,Chapter 1,Regions (of 15) where each risk was among the top-three named risks: crime and violence,11,count,,text,N,,"Top three ranked among named risks and 'nothing/no risks', excluding 'other', don't know and refused. The text gives one figure (11) for the three risks together."
X25,17,Chapter 1,Regions where Covid-19 was the most commonly named risk,2,count,,text,N,,"Top three ranked among named risks and 'nothing/no risks', excluding 'other', don't know and refused."
X26_DZA,"17, 36",Chapter 1,Covid-19 named as greatest risk: % Algeria,35,pct,,text,N,,
X26_EGY,17,Chapter 1,Covid-19 named as greatest risk: % Egypt,15,pct,,text,N,,
X27,18,Chapter 1,Crime named as greatest risk: Latin America and Southern Africa vs any other region ('twice the percentage'),2,ratio,0.5,text,N,,"Lower of the two regions divided by the highest other region, from rounded figures."
X28_VEN,18,Chapter 1,"Crime/violence named as greatest risk, by country: % Venezuela",60,pct,,text,N,,
X28_ECU,18,Chapter 1,"Crime/violence named as greatest risk, by country: % Ecuador",50,pct,,text,N,,
X28_ARG,18,Chapter 1,"Crime/violence named as greatest risk, by country: % Argentina",49,pct,,text,N,,
X28_COL,18,Chapter 1,"Crime/violence named as greatest risk, by country: % Colombia",47,pct,,text,N,,
X28_MEX,18,Chapter 1,"Crime/violence named as greatest risk, by country: % Mexico",46,pct,,text,N,,
X29_latin_america,19,Chapter 1,Would like to move permanently to another country (Gallup World Poll 2021): % Latin America/Caribbean,37,pct,,text,Y,WP1325,"Quoted from the Gallup World Poll 2021, which covered more countries than the World Risk Poll."
X29_global,19,Chapter 1,Would like to move permanently to another country (Gallup World Poll 2021): % globally,16,pct,,text,Y,WP1325,"Quoted from the Gallup World Poll 2021, which covered more countries than the World Risk Poll."
X30_age_15_29,19,Chapter 1,"Latin America/Caribbean, crime/violence named as greatest risk: % aged 15-29",47,pct,,text,N,,
X30_age_65plus,19,Chapter 1,"Latin America/Caribbean, crime/violence named as greatest risk: % aged 65 and older",35,pct,,text,N,,
X30_men,19,Chapter 1,"Latin America/Caribbean, crime/violence named as greatest risk: % men",41,pct,,text,N,,
X30_women,19,Chapter 1,"Latin America/Caribbean, crime/violence named as greatest risk: % women",46,pct,,text,N,,
X30_income_bottom,19,Chapter 1,"Latin America/Caribbean, crime/violence named as greatest risk: % lowest income quintile",41,pct,,text,N,,
X30_income_top,19,Chapter 1,"Latin America/Caribbean, crime/violence named as greatest risk: % highest income quintile",46,pct,,text,N,,
X30_post_secondary,19,Chapter 1,"Latin America/Caribbean, crime/violence named as greatest risk: % post-secondary education",51,pct,,text,N,,
X30_primary,19,Chapter 1,"Latin America/Caribbean, crime/violence named as greatest risk: % primary education or less",36,pct,,text,N,,
X31_FIN,19,Chapter 1,"Road-related accidents named as greatest risk, by country: % Finland",46,pct,,text,N,,
X31_ISL,19,Chapter 1,"Road-related accidents named as greatest risk, by country: % Iceland",43,pct,,text,N,,
X31_NZL,19,Chapter 1,"Road-related accidents named as greatest risk, by country: % New Zealand",39,pct,,text,N,,
X31_NOR,19,Chapter 1,"Road-related accidents named as greatest risk, by country: % Norway",35,pct,,text,N,,
X31_NLD,19,Chapter 1,"Road-related accidents named as greatest risk, by country: % Netherlands",35,pct,,text,N,,
X31_AUS,19,Chapter 1,"Road-related accidents named as greatest risk, by country: % Australia",31,pct,,text,N,,
X32_central_western_africa,19,Chapter 1,Satisfied with the roads and highways in their country (Gallup World Poll 2021): % Central/Western Africa,40,pct,,text,Y,GWP_ROADS_SATISFACTION,Gallup World Poll item; the item code is a placeholder.
X32_eastern_africa,19,Chapter 1,Satisfied with the roads and highways in their country (Gallup World Poll 2021): % Eastern Africa,42,pct,,text,Y,GWP_ROADS_SATISFACTION,Gallup World Poll item; the item code is a placeholder.
X32_latin_america,19,Chapter 1,Satisfied with the roads and highways in their country (Gallup World Poll 2021): % Latin America/Caribbean,49,pct,,text,Y,GWP_ROADS_SATISFACTION,Gallup World Poll item; the item code is a placeholder.
X32_northern_western_europe,19,Chapter 1,Satisfied with the roads and highways in their country (Gallup World Poll 2021): % Northern/Western Europe,74,pct,,text,Y,GWP_ROADS_SATISFACTION,Gallup World Poll item; the item code is a placeholder.
X33,19,Chapter 1,Eastern Asian countries where % naming road-related accidents rose by more than 10 points,2,count,,text,N,,
X34_KOR_2019,19,Chapter 1,"Road-related accidents named as greatest risk, 2019 vs 2021: % South Korea, 2019",9,pct,,text,N,,
X34_KOR_2021,19,Chapter 1,"Road-related accidents named as greatest risk, 2019 vs 2021: % South Korea, 2021",25,pct,,text,N,,
X34_HKG_2019,19,Chapter 1,"Road-related accidents named as greatest risk, 2019 vs 2021: % Hong Kong SAR, 2019",7,pct,,text,N,,
X34_HKG_2021,19,Chapter 1,"Road-related accidents named as greatest risk, 2019 vs 2021: % Hong Kong SAR, 2021",18,pct,,text,N,,
C1_1_2019_more,12,Chart 1.1,"Feel safe compared with five years ago, global, 2019: % more safe",28,pct,,chart,N,,"Trend base: the 119 countries surveyed in both years, excluding China (not asked the safety question in 2021) in both years."
C1_1_2019_same,12,Chart 1.1,"Feel safe compared with five years ago, global, 2019: % about as safe",40,pct,,chart,N,,"Trend base: the 119 countries surveyed in both years, excluding China (not asked the safety question in 2021) in both years."
C1_1_2019_less,12,Chart 1.1,"Feel safe compared with five years ago, global, 2019: % less safe",30,pct,,chart,N,,"Trend base: the 119 countries surveyed in both years, excluding China (not asked the safety question in 2021) in both years."
C1_1_2019_dk,12,Chart 1.1,"Feel safe compared with five years ago, global, 2019: % don't know/refused",2,pct,,chart,N,,"Trend base: the 119 countries surveyed in both years, excluding China (not asked the safety question in 2021) in both years."
C1_1_2021_more,12,Chart 1.1,"Feel safe compared with five years ago, global, 2021: % more safe",27,pct,,chart,N,,"Trend base: the 119 countries surveyed in both years, excluding China (not asked the safety question in 2021) in both years."
C1_1_2021_same,12,Chart 1.1,"Feel safe compared with five years ago, global, 2021: % about as safe",37,pct,,chart,N,,"Trend base: the 119 countries surveyed in both years, excluding China (not asked the safety question in 2021) in both years."
C1_1_2021_less,12,Chart 1.1,"Feel safe compared with five years ago, global, 2021: % less safe",34,pct,,chart,N,,"Trend base: the 119 countries surveyed in both years, excluding China (not asked the safety question in 2021) in both years."
C1_1_2021_dk,12,Chart 1.1,"Feel safe compared with five years ago, global, 2021: % don't know/refused",1,pct,,chart,N,,"Trend base: the 119 countries surveyed in both years, excluding China (not asked the safety question in 2021) in both years."
C1_2_southeastern_asia_2019_more,13,Chart 1.2,"Feel safe compared with five years ago, Southeastern Asia, 2019: % more safe",31,pct,,chart,N,,
C1_2_southeastern_asia_2019_same,13,Chart 1.2,"Feel safe compared with five years ago, Southeastern Asia, 2019: % about as safe",54,pct,,chart,N,,
C1_2_southeastern_asia_2019_less,13,Chart 1.2,"Feel safe compared with five years ago, Southeastern Asia, 2019: % less safe",13,pct,,chart,N,,
C1_2_southeastern_asia_2021_more,13,Chart 1.2,"Feel safe compared with five years ago, Southeastern Asia, 2021: % more safe",27,pct,,chart,N,,
C1_2_southeastern_asia_2021_same,13,Chart 1.2,"Feel safe compared with five years ago, Southeastern Asia, 2021: % about as safe",45,pct,,chart,N,,
C1_2_southeastern_asia_2021_less,13,Chart 1.2,"Feel safe compared with five years ago, Southeastern Asia, 2021: % less safe",26,pct,,chart,N,,
C1_2_southeastern_asia_diff,13,Chart 1.2,"Feel safe compared with five years ago, Southeastern Asia: 'less safe' difference 2019 to 2021 (points)",13,pct,,chart,N,,The report computes differences from the rounded percentages.
C1_2_central_western_africa_2019_more,13,Chart 1.2,"Feel safe compared with five years ago, Central/Western Africa, 2019: % more safe",39,pct,,chart,N,,
C1_2_central_western_africa_2019_same,13,Chart 1.2,"Feel safe compared with five years ago, Central/Western Africa, 2019: % about as safe",20,pct,,chart,N,,
C1_2_central_western_africa_2019_less,13,Chart 1.2,"Feel safe compared with five years ago, Central/Western Africa, 2019: % less safe",38,pct,,chart,N,,
C1_2_central_western_africa_2021_more,13,Chart 1.2,"Feel safe compared with five years ago, Central/Western Africa, 2021: % more safe",28,pct,,chart,N,,
C1_2_central_western_africa_2021_same,13,Chart 1.2,"Feel safe compared with five years ago, Central/Western Africa, 2021: % about as safe",19,pct,,chart,N,,
C1_2_central_western_africa_2021_less,13,Chart 1.2,"Feel safe compared with five years ago, Central/Western Africa, 2021: % less safe",51,pct,,chart,N,,
C1_2_central_western_africa_diff,13,Chart 1.2,"Feel safe compared with five years ago, Central/Western Africa: 'less safe' difference 2019 to 2021 (points)",13,pct,,chart,N,,The report computes differences from the rounded percentages.
C1_2_northern_america_2019_more,13,Chart 1.2,"Feel safe compared with five years ago, Northern America, 2019: % more safe",17,pct,,chart,N,,
C1_2_northern_america_2019_same,13,Chart 1.2,"Feel safe compared with five years ago, Northern America, 2019: % about as safe",56,pct,,chart,N,,
C1_2_northern_america_2019_less,13,Chart 1.2,"Feel safe compared with five years ago, Northern America, 2019: % less safe",26,pct,,chart,N,,
C1_2_northern_america_2021_more,13,Chart 1.2,"Feel safe compared with five years ago, Northern America, 2021: % more safe",16,pct,,chart,N,,
C1_2_northern_america_2021_same,13,Chart 1.2,"Feel safe compared with five years ago, Northern America, 2021: % about as safe",47,pct,,chart,N,,
C1_2_northern_america_2021_less,13,Chart 1.2,"Feel safe compared with five years ago, Northern America, 2021: % less safe",37,pct,,chart,N,,
C1_2_northern_america_diff,13,Chart 1.2,"Feel safe compared with five years ago, Northern America: 'less safe' difference 2019 to 2021 (points)",11,pct,,chart,N,,The report computes differences from the rounded percentages.
C1_2_eastern_europe_2019_more,13,Chart 1.2,"Feel safe compared with five years ago, Eastern Europe, 2019: % more safe",20,pct,,chart,N,,
C1_2_eastern_europe_2019_same,13,Chart 1.2,"Feel safe compared with five years ago, Eastern Europe, 2019: % about as safe",55,pct,,chart,N,,
C1_2_eastern_europe_2019_less,13,Chart 1.2,"Feel safe compared with five years ago, Eastern Europe, 2019: % less safe",21,pct,,chart,N,,
C1_2_eastern_europe_2021_more,13,Chart 1.2,"Feel safe compared with five years ago, Eastern Europe, 2021: % more safe",20,pct,,chart,N,,
C1_2_eastern_europe_2021_same,13,Chart 1.2,"Feel safe compared with five years ago, Eastern Europe, 2021: % about as safe",51,pct,,chart,N,,
C1_2_eastern_europe_2021_less,13,Chart 1.2,"Feel safe compared with five years ago, Eastern Europe, 2021: % less safe",27,pct,,chart,N,,
C1_2_eastern_europe_diff,13,Chart 1.2,"Feel safe compared with five years ago, Eastern Europe: 'less safe' difference 2019 to 2021 (points)",6,pct,,chart,N,,The report computes differences from the rounded percentages.
C1_2_southern_africa_2019_more,13,Chart 1.2,"Feel safe compared with five years ago, Southern Africa, 2019: % more safe",31,pct,,chart,N,,
C1_2_southern_africa_2019_same,13,Chart 1.2,"Feel safe compared with five years ago, Southern Africa, 2019: % about as safe",16,pct,,chart,N,,
C1_2_southern_africa_2019_less,13,Chart 1.2,"Feel safe compared with five years ago, Southern Africa, 2019: % less safe",52,pct,,chart,N,,
C1_2_southern_africa_2021_more,13,Chart 1.2,"Feel safe compared with five years ago, Southern Africa, 2021: % more safe",20,pct,,chart,N,,
C1_2_southern_africa_2021_same,13,Chart 1.2,"Feel safe compared with five years ago, Southern Africa, 2021: % about as safe",20,pct,,chart,N,,
C1_2_southern_africa_2021_less,13,Chart 1.2,"Feel safe compared with five years ago, Southern Africa, 2021: % less safe",58,pct,,chart,N,,
C1_2_southern_africa_diff,13,Chart 1.2,"Feel safe compared with five years ago, Southern Africa: 'less safe' difference 2019 to 2021 (points)",6,pct,,chart,N,,The report computes differences from the rounded percentages.
C1_2_southern_asia_2019_more,13,Chart 1.2,"Feel safe compared with five years ago, Southern Asia, 2019: % more safe",36,pct,,chart,N,,
C1_2_southern_asia_2019_same,13,Chart 1.2,"Feel safe compared with five years ago, Southern Asia, 2019: % about as safe",31,pct,,chart,N,,
C1_2_southern_asia_2019_less,13,Chart 1.2,"Feel safe compared with five years ago, Southern Asia, 2019: % less safe",29,pct,,chart,N,,
C1_2_southern_asia_2021_more,13,Chart 1.2,"Feel safe compared with five years ago, Southern Asia, 2021: % more safe",36,pct,,chart,N,,
C1_2_southern_asia_2021_same,13,Chart 1.2,"Feel safe compared with five years ago, Southern Asia, 2021: % about as safe",29,pct,,chart,N,,
C1_2_southern_asia_2021_less,13,Chart 1.2,"Feel safe compared with five years ago, Southern Asia, 2021: % less safe",33,pct,,chart,N,,
C1_2_southern_asia_diff,13,Chart 1.2,"Feel safe compared with five years ago, Southern Asia: 'less safe' difference 2019 to 2021 (points)",4,pct,,chart,N,,The report computes differences from the rounded percentages.
C1_2_eastern_africa_2019_more,13,Chart 1.2,"Feel safe compared with five years ago, Eastern Africa, 2019: % more safe",34,pct,,chart,N,,
C1_2_eastern_africa_2019_same,13,Chart 1.2,"Feel safe compared with five years ago, Eastern Africa, 2019: % about as safe",19,pct,,chart,N,,
C1_2_eastern_africa_2019_less,13,Chart 1.2,"Feel safe compared with five years ago, Eastern Africa, 2019: % less safe",44,pct,,chart,N,,
C1_2_eastern_africa_2021_more,13,Chart 1.2,"Feel safe compared with five years ago, Eastern Africa, 2021: % more safe",29,pct,,chart,N,,
C1_2_eastern_africa_2021_same,13,Chart 1.2,"Feel safe compared with five years ago, Eastern Africa, 2021: % about as safe",20,pct,,chart,N,,
C1_2_eastern_africa_2021_less,13,Chart 1.2,"Feel safe compared with five years ago, Eastern Africa, 2021: % less safe",48,pct,,chart,N,,
C1_2_eastern_africa_diff,13,Chart 1.2,"Feel safe compared with five years ago, Eastern Africa: 'less safe' difference 2019 to 2021 (points)",4,pct,,chart,N,,The report computes differences from the rounded percentages.
C1_2_middle_east_2019_more,13,Chart 1.2,"Feel safe compared with five years ago, Middle East, 2019: % more safe",31,pct,,chart,N,,
C1_2_middle_east_2019_same,13,Chart 1.2,"Feel safe compared with five years ago, Middle East, 2019: % about as safe",39,pct,,chart,N,,
C1_2_middle_east_2019_less,13,Chart 1.2,"Feel safe compared with five years ago, Middle East, 2019: % less safe",29,pct,,chart,N,,
C1_2_middle_east_2021_more,13,Chart 1.2,"Feel safe compared with five years ago, Middle East, 2021: % more safe",31,pct,,chart,N,,
C1_2_middle_east_2021_same,13,Chart 1.2,"Feel safe compared with five years ago, Middle East, 2021: % about as safe",36,pct,,chart,N,,
C1_2_middle_east_2021_less,13,Chart 1.2,"Feel safe compared with five years ago, Middle East, 2021: % less safe",33,pct,,chart,N,,
C1_2_middle_east_diff,13,Chart 1.2,"Feel safe compared with five years ago, Middle East: 'less safe' difference 2019 to 2021 (points)",4,pct,,chart,N,,The report computes differences from the rounded percentages.
C1_2_central_asia_2019_more,13,Chart 1.2,"Feel safe compared with five years ago, Central Asia, 2019: % more safe",35,pct,,chart,N,,
C1_2_central_asia_2019_same,13,Chart 1.2,"Feel safe compared with five years ago, Central Asia, 2019: % about as safe",41,pct,,chart,N,,
C1_2_central_asia_2019_less,13,Chart 1.2,"Feel safe compared with five years ago, Central Asia, 2019: % less safe",20,pct,,chart,N,,
C1_2_central_asia_2021_more,13,Chart 1.2,"Feel safe compared with five years ago, Central Asia, 2021: % more safe",34,pct,,chart,N,,
C1_2_central_asia_2021_same,13,Chart 1.2,"Feel safe compared with five years ago, Central Asia, 2021: % about as safe",45,pct,,chart,N,,
C1_2_central_asia_2021_less,13,Chart 1.2,"Feel safe compared with five years ago, Central Asia, 2021: % less safe",19,pct,,chart,N,,
C1_2_central_asia_diff,13,Chart 1.2,"Feel safe compared with five years ago, Central Asia: 'less safe' difference 2019 to 2021 (points)",-1,pct,,chart,N,,The report computes differences from the rounded percentages.
C1_2_southern_europe_2019_more,13,Chart 1.2,"Feel safe compared with five years ago, Southern Europe, 2019: % more safe",12,pct,,chart,N,,
C1_2_southern_europe_2019_same,13,Chart 1.2,"Feel safe compared with five years ago, Southern Europe, 2019: % about as safe",56,pct,,chart,N,,
C1_2_southern_europe_2019_less,13,Chart 1.2,"Feel safe compared with five years ago, Southern Europe, 2019: % less safe",31,pct,,chart,N,,
C1_2_southern_europe_2021_more,13,Chart 1.2,"Feel safe compared with five years ago, Southern Europe, 2021: % more safe",17,pct,,chart,N,,
C1_2_southern_europe_2021_same,13,Chart 1.2,"Feel safe compared with five years ago, Southern Europe, 2021: % about as safe",53,pct,,chart,N,,
C1_2_southern_europe_2021_less,13,Chart 1.2,"Feel safe compared with five years ago, Southern Europe, 2021: % less safe",30,pct,,chart,N,,
C1_2_southern_europe_diff,13,Chart 1.2,"Feel safe compared with five years ago, Southern Europe: 'less safe' difference 2019 to 2021 (points)",-1,pct,,chart,N,,The report computes differences from the rounded percentages.
C1_2_latin_america_2019_more,13,Chart 1.2,"Feel safe compared with five years ago, Latin America & Caribbean, 2019: % more safe",22,pct,,chart,N,,
C1_2_latin_america_2019_same,13,Chart 1.2,"Feel safe compared with five years ago, Latin America & Caribbean, 2019: % about as safe",25,pct,,chart,N,,
C1_2_latin_america_2019_less,13,Chart 1.2,"Feel safe compared with five years ago, Latin America & Caribbean, 2019: % less safe",52,pct,,chart,N,,
C1_2_latin_america_2021_more,13,Chart 1.2,"Feel safe compared with five years ago, Latin America & Caribbean, 2021: % more safe",26,pct,,chart,N,,
C1_2_latin_america_2021_same,13,Chart 1.2,"Feel safe compared with five years ago, Latin America & Caribbean, 2021: % about as safe",25,pct,,chart,N,,
C1_2_latin_america_2021_less,13,Chart 1.2,"Feel safe compared with five years ago, Latin America & Caribbean, 2021: % less safe",49,pct,,chart,N,,
C1_2_latin_america_diff,13,Chart 1.2,"Feel safe compared with five years ago, Latin America & Caribbean: 'less safe' difference 2019 to 2021 (points)",-3,pct,,chart,N,,The report computes differences from the rounded percentages.
C1_2_northern_western_europe_2019_more,13,Chart 1.2,"Feel safe compared with five years ago, Northern/Western Europe, 2019: % more safe",11,pct,,chart,N,,
C1_2_northern_western_europe_2019_same,13,Chart 1.2,"Feel safe compared with five years ago, Northern/Western Europe, 2019: % about as safe",60,pct,,chart,N,,
C1_2_northern_western_europe_2019_less,13,Chart 1.2,"Feel safe compared with five years ago, Northern/Western Europe, 2019: % less safe",28,pct,,chart,N,,
C1_2_northern_western_europe_2021_more,13,Chart 1.2,"Feel safe compared with five years ago, Northern/Western Europe, 2021: % more safe",13,pct,,chart,N,,
C1_2_northern_western_europe_2021_same,13,Chart 1.2,"Feel safe compared with five years ago, Northern/Western Europe, 2021: % about as safe",62,pct,,chart,N,,
C1_2_northern_western_europe_2021_less,13,Chart 1.2,"Feel safe compared with five years ago, Northern/Western Europe, 2021: % less safe",25,pct,,chart,N,,
C1_2_northern_western_europe_diff,13,Chart 1.2,"Feel safe compared with five years ago, Northern/Western Europe: 'less safe' difference 2019 to 2021 (points)",-3,pct,,chart,N,,The report computes differences from the rounded percentages.
C1_2_australia_nz_2019_more,13,Chart 1.2,"Feel safe compared with five years ago, Australia & New Zealand, 2019: % more safe",11,pct,,chart,N,,
C1_2_australia_nz_2019_same,13,Chart 1.2,"Feel safe compared with five years ago, Australia & New Zealand, 2019: % about as safe",66,pct,,chart,N,,
C1_2_australia_nz_2019_less,13,Chart 1.2,"Feel safe compared with five years ago, Australia & New Zealand, 2019: % less safe",23,pct,,chart,N,,
C1_2_australia_nz_2021_more,13,Chart 1.2,"Feel safe compared with five years ago, Australia & New Zealand, 2021: % more safe",15,pct,,chart,N,,
C1_2_australia_nz_2021_same,13,Chart 1.2,"Feel safe compared with five years ago, Australia & New Zealand, 2021: % about as safe",66,pct,,chart,N,,
C1_2_australia_nz_2021_less,13,Chart 1.2,"Feel safe compared with five years ago, Australia & New Zealand, 2021: % less safe",19,pct,,chart,N,,
C1_2_australia_nz_diff,13,Chart 1.2,"Feel safe compared with five years ago, Australia & New Zealand: 'less safe' difference 2019 to 2021 (points)",-4,pct,,chart,N,,The report computes differences from the rounded percentages.
C1_2_northern_africa_2019_more,13,Chart 1.2,"Feel safe compared with five years ago, Northern Africa, 2019: % more safe",33,pct,,chart,N,,
C1_2_northern_africa_2019_same,13,Chart 1.2,"Feel safe compared with five years ago, Northern Africa, 2019: % about as safe",33,pct,,chart,N,,
C1_2_northern_africa_2019_less,13,Chart 1.2,"Feel safe compared with five years ago, Northern Africa, 2019: % less safe",33,pct,,chart,N,,
C1_2_northern_africa_2021_more,13,Chart 1.2,"Feel safe compared with five years ago, Northern Africa, 2021: % more safe",34,pct,,chart,N,,
C1_2_northern_africa_2021_same,13,Chart 1.2,"Feel safe compared with five years ago, Northern Africa, 2021: % about as safe",36,pct,,chart,N,,
C1_2_northern_africa_2021_less,13,Chart 1.2,"Feel safe compared with five years ago, Northern Africa, 2021: % less safe",28,pct,,chart,N,,
C1_2_northern_africa_diff,13,Chart 1.2,"Feel safe compared with five years ago, Northern Africa: 'less safe' difference 2019 to 2021 (points)",-5,pct,,chart,N,,The report computes differences from the rounded percentages.
C1_2_eastern_asia_2019_more,13,Chart 1.2,"Feel safe compared with five years ago, Eastern Asia, 2019: % more safe",16,pct,,chart,N,,
C1_2_eastern_asia_2019_same,13,Chart 1.2,"Feel safe compared with five years ago, Eastern Asia, 2019: % about as safe",54,pct,,chart,N,,
C1_2_eastern_asia_2019_less,13,Chart 1.2,"Feel safe compared with five years ago, Eastern Asia, 2019: % less safe",29,pct,,chart,N,,
C1_2_eastern_asia_2021_more,13,Chart 1.2,"Feel safe compared with five years ago, Eastern Asia, 2021: % more safe",17,pct,,chart,N,,
C1_2_eastern_asia_2021_same,13,Chart 1.2,"Feel safe compared with five years ago, Eastern Asia, 2021: % about as safe",62,pct,,chart,N,,
C1_2_eastern_asia_2021_less,13,Chart 1.2,"Feel safe compared with five years ago, Eastern Asia, 2021: % less safe",20,pct,,chart,N,,
C1_2_eastern_asia_diff,13,Chart 1.2,"Feel safe compared with five years ago, Eastern Asia: 'less safe' difference 2019 to 2021 (points)",-9,pct,,chart,N,,The report computes differences from the rounded percentages.
T1_1_MMR_2019_less,14,Table 1.1,"Feel safe compared with five years ago, Myanmar, 2019: % less safe",11,pct,,table,N,,
T1_1_MMR_2019_same,14,Table 1.1,"Feel safe compared with five years ago, Myanmar, 2019: % about as safe",49,pct,,table,N,,
T1_1_MMR_2019_more,14,Table 1.1,"Feel safe compared with five years ago, Myanmar, 2019: % more safe",38,pct,,table,N,,
T1_1_MMR_2021_less,14,Table 1.1,"Feel safe compared with five years ago, Myanmar, 2021: % less safe",59,pct,,table,N,,
T1_1_MMR_2021_same,14,Table 1.1,"Feel safe compared with five years ago, Myanmar, 2021: % about as safe",26,pct,,table,N,,
T1_1_MMR_2021_more,14,Table 1.1,"Feel safe compared with five years ago, Myanmar, 2021: % more safe",12,pct,,table,N,,
T1_1_MMR_diff,14,Table 1.1,"Feel safe compared with five years ago, Myanmar: 'less safe' difference (points)",48,pct,,table,N,,The report computes differences from the rounded percentages.
T1_1_ARM_2019_less,14,Table 1.1,"Feel safe compared with five years ago, Armenia, 2019: % less safe",10,pct,,table,N,,
T1_1_ARM_2019_same,14,Table 1.1,"Feel safe compared with five years ago, Armenia, 2019: % about as safe",39,pct,,table,N,,
T1_1_ARM_2019_more,14,Table 1.1,"Feel safe compared with five years ago, Armenia, 2019: % more safe",48,pct,,table,N,,
T1_1_ARM_2021_less,14,Table 1.1,"Feel safe compared with five years ago, Armenia, 2021: % less safe",38,pct,,table,N,,
T1_1_ARM_2021_same,14,Table 1.1,"Feel safe compared with five years ago, Armenia, 2021: % about as safe",28,pct,,table,N,,
T1_1_ARM_2021_more,14,Table 1.1,"Feel safe compared with five years ago, Armenia, 2021: % more safe",31,pct,,table,N,,
T1_1_ARM_diff,14,Table 1.1,"Feel safe compared with five years ago, Armenia: 'less safe' difference (points)",28,pct,,table,N,,The report computes differences from the rounded percentages.
T1_1_VNM_2019_less,14,Table 1.1,"Feel safe compared with five years ago, Vietnam, 2019: % less safe",11,pct,,table,N,,
T1_1_VNM_2019_same,14,Table 1.1,"Feel safe compared with five years ago, Vietnam, 2019: % about as safe",37,pct,,table,N,,
T1_1_VNM_2019_more,14,Table 1.1,"Feel safe compared with five years ago, Vietnam, 2019: % more safe",48,pct,,table,N,,
T1_1_VNM_2021_less,14,Table 1.1,"Feel safe compared with five years ago, Vietnam, 2021: % less safe",37,pct,,table,N,,
T1_1_VNM_2021_same,14,Table 1.1,"Feel safe compared with five years ago, Vietnam, 2021: % about as safe",25,pct,,table,N,,
T1_1_VNM_2021_more,14,Table 1.1,"Feel safe compared with five years ago, Vietnam, 2021: % more safe",36,pct,,table,N,,
T1_1_VNM_diff,14,Table 1.1,"Feel safe compared with five years ago, Vietnam: 'less safe' difference (points)",26,pct,,table,N,,The report computes differences from the rounded percentages.
T1_1_NGA_2019_less,14,Table 1.1,"Feel safe compared with five years ago, Nigeria, 2019: % less safe",35,pct,,table,N,,
T1_1_NGA_2019_same,14,Table 1.1,"Feel safe compared with five years ago, Nigeria, 2019: % about as safe",16,pct,,table,N,,
T1_1_NGA_2019_more,14,Table 1.1,"Feel safe compared with five years ago, Nigeria, 2019: % more safe",46,pct,,table,N,,
T1_1_NGA_2021_less,14,Table 1.1,"Feel safe compared with five years ago, Nigeria, 2021: % less safe",61,pct,,table,N,,
T1_1_NGA_2021_same,14,Table 1.1,"Feel safe compared with five years ago, Nigeria, 2021: % about as safe",12,pct,,table,N,,
T1_1_NGA_2021_more,14,Table 1.1,"Feel safe compared with five years ago, Nigeria, 2021: % more safe",25,pct,,table,N,,
T1_1_NGA_diff,14,Table 1.1,"Feel safe compared with five years ago, Nigeria: 'less safe' difference (points)",26,pct,,table,N,,The report computes differences from the rounded percentages.
T1_1_TUR_2019_less,14,Table 1.1,"Feel safe compared with five years ago, Turkey, 2019: % less safe",34,pct,,table,N,,
T1_1_TUR_2019_same,14,Table 1.1,"Feel safe compared with five years ago, Turkey, 2019: % about as safe",33,pct,,table,N,,
T1_1_TUR_2019_more,14,Table 1.1,"Feel safe compared with five years ago, Turkey, 2019: % more safe",30,pct,,table,N,,
T1_1_TUR_2021_less,14,Table 1.1,"Feel safe compared with five years ago, Turkey, 2021: % less safe",50,pct,,table,N,,
T1_1_TUR_2021_same,14,Table 1.1,"Feel safe compared with five years ago, Turkey, 2021: % about as safe",25,pct,,table,N,,
T1_1_TUR_2021_more,14,Table 1.1,"Feel safe compared with five years ago, Turkey, 2021: % more safe",23,pct,,table,N,,
T1_1_TUR_diff,14,Table 1.1,"Feel safe compared with five years ago, Turkey: 'less safe' difference (points)",25,pct,,table,N,,The report computes differences from the rounded percentages. The table's own figures give 50 - 34 = 16 points; the printed 25 looks like a typo.
C1_3_road_2019,15,Chart 1.3,"Greatest source of risk to safety, global, 2019: % Road-related accidents/injuries",18,pct,,chart,N,,"Trend base: the 119 countries surveyed in both years, excluding China (not asked the greatest-risk question in 2021) in both years."
C1_3_road_2021,15,Chart 1.3,"Greatest source of risk to safety, global, 2021: % Road-related accidents/injuries",13,pct,,chart,N,,"Trend base: the 119 countries surveyed in both years, excluding China (not asked the greatest-risk question in 2021) in both years."
C1_3_crime_2019,15,Chart 1.3,"Greatest source of risk to safety, global, 2019: % Crime/violence",15,pct,,chart,N,,"Trend base: the 119 countries surveyed in both years, excluding China (not asked the greatest-risk question in 2021) in both years. In 2019 'terrorism' was coded with crime/violence."
C1_3_crime_2021,15,Chart 1.3,"Greatest source of risk to safety, global, 2021: % Crime/violence",12,pct,,chart,N,,"Trend base: the 119 countries surveyed in both years, excluding China (not asked the greatest-risk question in 2021) in both years."
C1_3_health_2019,15,Chart 1.3,"Greatest source of risk to safety, global, 2019: % Personal health (non-Covid-19)",9,pct,,chart,N,,"Trend base: the 119 countries surveyed in both years, excluding China (not asked the greatest-risk question in 2021) in both years."
C1_3_health_2021,15,Chart 1.3,"Greatest source of risk to safety, global, 2021: % Personal health (non-Covid-19)",10,pct,,chart,N,,"Trend base: the 119 countries surveyed in both years, excluding China (not asked the greatest-risk question in 2021) in both years."
C1_3_covid_2021,15,Chart 1.3,"Greatest source of risk to safety, global, 2021: % Covid-19/coronavirus related",7,pct,,chart,N,,"Trend base: the 119 countries surveyed in both years, excluding China (not asked the greatest-risk question in 2021) in both years."
C1_3_none_2019,15,Chart 1.3,"Greatest source of risk to safety, global, 2019: % Nothing/no risks",15,pct,,chart,N,,"Trend base: the 119 countries surveyed in both years, excluding China (not asked the greatest-risk question in 2021) in both years."
C1_3_none_2021,15,Chart 1.3,"Greatest source of risk to safety, global, 2021: % Nothing/no risks",7,pct,,chart,N,,"Trend base: the 119 countries surveyed in both years, excluding China (not asked the greatest-risk question in 2021) in both years."
C1_3_financial_2019,15,Chart 1.3,"Greatest source of risk to safety, global, 2019: % Financial: not having enough money",5,pct,,chart,N,,"Trend base: the 119 countries surveyed in both years, excluding China (not asked the greatest-risk question in 2021) in both years."
C1_3_financial_2021,15,Chart 1.3,"Greatest source of risk to safety, global, 2021: % Financial: not having enough money",6,pct,,chart,N,,"Trend base: the 119 countries surveyed in both years, excluding China (not asked the greatest-risk question in 2021) in both years."
C1_3_economic_2019,15,Chart 1.3,"Greatest source of risk to safety, global, 2019: % Economic: unemployment, high prices",4,pct,,chart,N,,"Trend base: the 119 countries surveyed in both years, excluding China (not asked the greatest-risk question in 2021) in both years."
C1_3_economic_2021,15,Chart 1.3,"Greatest source of risk to safety, global, 2021: % Economic: unemployment, high prices",5,pct,,chart,N,,"Trend base: the 119 countries surveyed in both years, excluding China (not asked the greatest-risk question in 2021) in both years."
C1_3_other_2019,15,Chart 1.3,"Greatest source of risk to safety, global, 2019: % Other",6,pct,,chart,N,,"Trend base: the 119 countries surveyed in both years, excluding China (not asked the greatest-risk question in 2021) in both years. 2019 'other' may include hunger, which has no code in the 2019 file."
C1_3_other_2021,15,Chart 1.3,"Greatest source of risk to safety, global, 2021: % Other",5,pct,,chart,N,,"Trend base: the 119 countries surveyed in both years, excluding China (not asked the greatest-risk question in 2021) in both years."
C1_3_climate_2019,15,Chart 1.3,"Greatest source of risk to safety, global, 2019: % Climate change or severe weather",3,pct,,chart,N,,"Trend base: the 119 countries surveyed in both years, excluding China (not asked the greatest-risk question in 2021) in both years. 2019 code 16 combines climate change, natural disasters and weather-related events."
C1_3_climate_2021,15,Chart 1.3,"Greatest source of risk to safety, global, 2021: % Climate change or severe weather",3,pct,,chart,N,,"Trend base: the 119 countries surveyed in both years, excluding China (not asked the greatest-risk question in 2021) in both years."
C1_3_work_2019,15,Chart 1.3,"Greatest source of risk to safety, global, 2019: % Work-related injuries",2,pct,,chart,N,,"Trend base: the 119 countries surveyed in both years, excluding China (not asked the greatest-risk question in 2021) in both years."
C1_3_work_2021,15,Chart 1.3,"Greatest source of risk to safety, global, 2021: % Work-related injuries",2,pct,,chart,N,,"Trend base: the 119 countries surveyed in both years, excluding China (not asked the greatest-risk question in 2021) in both years."
C1_3_war_2021,15,Chart 1.3,"Greatest source of risk to safety, global, 2021: % War/terrorism",2,pct,,chart,N,,"Trend base: the 119 countries surveyed in both years, excluding China (not asked the greatest-risk question in 2021) in both years."
C1_3_politics_2019,15,Chart 1.3,"Greatest source of risk to safety, global, 2019: % Politics/corruption",2,pct,,chart,N,,"Trend base: the 119 countries surveyed in both years, excluding China (not asked the greatest-risk question in 2021) in both years."
C1_3_politics_2021,15,Chart 1.3,"Greatest source of risk to safety, global, 2021: % Politics/corruption",2,pct,,chart,N,,"Trend base: the 119 countries surveyed in both years, excluding China (not asked the greatest-risk question in 2021) in both years."
C1_3_non_road_2019,15,Chart 1.3,"Greatest source of risk to safety, global, 2019: % Non-road transportation injuries",2,pct,,chart,N,,"Trend base: the 119 countries surveyed in both years, excluding China (not asked the greatest-risk question in 2021) in both years."
C1_3_non_road_2021,15,Chart 1.3,"Greatest source of risk to safety, global, 2021: % Non-road transportation injuries",1,pct,,chart,N,,"Trend base: the 119 countries surveyed in both years, excluding China (not asked the greatest-risk question in 2021) in both years."
C1_3_cooking_2019,15,Chart 1.3,"Greatest source of risk to safety, global, 2019: % Cooking or other household accidents/injuries",3,pct,,chart,N,,"Trend base: the 119 countries surveyed in both years, excluding China (not asked the greatest-risk question in 2021) in both years."
C1_3_cooking_2021,15,Chart 1.3,"Greatest source of risk to safety, global, 2021: % Cooking or other household accidents/injuries",1,pct,,chart,N,,"Trend base: the 119 countries surveyed in both years, excluding China (not asked the greatest-risk question in 2021) in both years."
C1_3_mental_2019,15,Chart 1.3,"Greatest source of risk to safety, global, 2019: % Mental stress/exhaustion",1,pct,,chart,N,,"Trend base: the 119 countries surveyed in both years, excluding China (not asked the greatest-risk question in 2021) in both years."
C1_3_mental_2021,15,Chart 1.3,"Greatest source of risk to safety, global, 2021: % Mental stress/exhaustion",1,pct,,chart,N,,"Trend base: the 119 countries surveyed in both years, excluding China (not asked the greatest-risk question in 2021) in both years."
C1_3_disasters_2021,15,Chart 1.3,"Greatest source of risk to safety, global, 2021: % Non-weather-related natural disasters",1,pct,,chart,N,,"Trend base: the 119 countries surveyed in both years, excluding China (not asked the greatest-risk question in 2021) in both years."
C1_3_drugs_2019,15,Chart 1.3,"Greatest source of risk to safety, global, 2019: % Drugs/alcohol/smoking",1,pct,,chart,N,,"Trend base: the 119 countries surveyed in both years, excluding China (not asked the greatest-risk question in 2021) in both years."
C1_3_drugs_2021,15,Chart 1.3,"Greatest source of risk to safety, global, 2021: % Drugs/alcohol/smoking",1,pct,,chart,N,,"Trend base: the 119 countries surveyed in both years, excluding China (not asked the greatest-risk question in 2021) in both years."
C1_3_hunger_2019,15,Chart 1.3,"Greatest source of risk to safety, global, 2019: % Hunger/lack of food",1,pct,0.5,chart,N,,"Trend base: the 119 countries surveyed in both years, excluding China (not asked the greatest-risk question in 2021) in both years. The 2019 file has no hunger code (L3_A), so the reproduction gives 0. Tolerance 0.5: the chart prints anything under 0.5 as '<0.5', so a printed 1 cannot be a true 0."
C1_3_hunger_2021,15,Chart 1.3,"Greatest source of risk to safety, global, 2021: % Hunger/lack of food",1,pct,,chart,N,,"Trend base: the 119 countries surveyed in both years, excluding China (not asked the greatest-risk question in 2021) in both years."
C1_3_pollution_2019,15,Chart 1.3,"Greatest source of risk to safety, global, 2019: % Pollution",1,pct,,chart,N,,"Trend base: the 119 countries surveyed in both years, excluding China (not asked the greatest-risk question in 2021) in both years."
C1_3_pollution_2021,15,Chart 1.3,"Greatest source of risk to safety, global, 2021: % Pollution",0,pct,0.5,chart,N,,"Printed as '<0.5'; recorded as 0 with a tolerance of 0.5. Trend base: the 119 countries surveyed in both years, excluding China (not asked the greatest-risk question in 2021) in both years."
C1_3_water_2019,15,Chart 1.3,"Greatest source of risk to safety, global, 2019: % Unsafe water supply",0,pct,0.5,chart,N,,"Printed as '<0.5'; recorded as 0 with a tolerance of 0.5. Trend base: the 119 countries surveyed in both years, excluding China (not asked the greatest-risk question in 2021) in both years."
C1_3_water_2021,15,Chart 1.3,"Greatest source of risk to safety, global, 2021: % Unsafe water supply",0,pct,0.5,chart,N,,"Printed as '<0.5'; recorded as 0 with a tolerance of 0.5. Trend base: the 119 countries surveyed in both years, excluding China (not asked the greatest-risk question in 2021) in both years."
C1_3_internet_2019,15,Chart 1.3,"Greatest source of risk to safety, global, 2019: % Internet/technology-related risks",0,pct,0.5,chart,N,,"Printed as '<0.5'; recorded as 0 with a tolerance of 0.5. Trend base: the 119 countries surveyed in both years, excluding China (not asked the greatest-risk question in 2021) in both years."
C1_3_internet_2021,15,Chart 1.3,"Greatest source of risk to safety, global, 2021: % Internet/technology-related risks",0,pct,0.5,chart,N,,"Printed as '<0.5'; recorded as 0 with a tolerance of 0.5. Trend base: the 119 countries surveyed in both years, excluding China (not asked the greatest-risk question in 2021) in both years."
C1_3_food_2019,15,Chart 1.3,"Greatest source of risk to safety, global, 2019: % Unsafe or contaminated food",1,pct,,chart,N,,"Trend base: the 119 countries surveyed in both years, excluding China (not asked the greatest-risk question in 2021) in both years."
C1_3_food_2021,15,Chart 1.3,"Greatest source of risk to safety, global, 2021: % Unsafe or contaminated food",0,pct,0.5,chart,N,,"Printed as '<0.5'; recorded as 0 with a tolerance of 0.5. Trend base: the 119 countries surveyed in both years, excluding China (not asked the greatest-risk question in 2021) in both years."
C1_3_drowning_2019,15,Chart 1.3,"Greatest source of risk to safety, global, 2019: % Drowning",0,pct,0.5,chart,N,,"Printed as '<0.5'; recorded as 0 with a tolerance of 0.5. Trend base: the 119 countries surveyed in both years, excluding China (not asked the greatest-risk question in 2021) in both years."
C1_3_drowning_2021,15,Chart 1.3,"Greatest source of risk to safety, global, 2021: % Drowning",0,pct,0.5,chart,N,,"Printed as '<0.5'; recorded as 0 with a tolerance of 0.5. Trend base: the 119 countries surveyed in both years, excluding China (not asked the greatest-risk question in 2021) in both years."
C1_4_war,16,Chart 1.4,"% who felt 'less safe' than five years ago, among those naming War/terrorism as greatest risk",52,pct,,chart,N,,
C1_4_politics,16,Chart 1.4,"% who felt 'less safe' than five years ago, among those naming Politics/corruption as greatest risk",52,pct,,chart,N,,
C1_4_crime,16,Chart 1.4,"% who felt 'less safe' than five years ago, among those naming Crime/violence as greatest risk",50,pct,,chart,N,,
C1_4_hunger,16,Chart 1.4,"% who felt 'less safe' than five years ago, among those naming Hunger/lack of food as greatest risk",49,pct,,chart,N,,
C1_4_water,16,Chart 1.4,"% who felt 'less safe' than five years ago, among those naming Unsafe water supply as greatest risk",47,pct,,chart,N,,
C1_4_drugs,16,Chart 1.4,"% who felt 'less safe' than five years ago, among those naming Drugs/alcohol/smoking as greatest risk",47,pct,,chart,N,,
C1_4_economic,16,Chart 1.4,"% who felt 'less safe' than five years ago, among those naming Economic: unemployment, high prices as greatest risk",39,pct,,chart,N,,
C1_4_financial,16,Chart 1.4,"% who felt 'less safe' than five years ago, among those naming Financial: not having enough money as greatest risk",38,pct,,chart,N,,
C1_4_covid,16,Chart 1.4,"% who felt 'less safe' than five years ago, among those naming Covid-19/coronavirus related as greatest risk",36,pct,,chart,N,,
C1_4_non_road,16,Chart 1.4,"% who felt 'less safe' than five years ago, among those naming Non-road transportation injuries as greatest risk",33,pct,,chart,N,,
C1_4_health,16,Chart 1.4,"% who felt 'less safe' than five years ago, among those naming Personal health (non-Covid-19) as greatest risk",33,pct,,chart,N,,
C1_4_mental,16,Chart 1.4,"% who felt 'less safe' than five years ago, among those naming Mental stress/exhaustion as greatest risk",33,pct,,chart,N,,
C1_4_food,16,Chart 1.4,"% who felt 'less safe' than five years ago, among those naming Unsafe or contaminated food as greatest risk",32,pct,,chart,N,,
C1_4_work,16,Chart 1.4,"% who felt 'less safe' than five years ago, among those naming Work-related injuries as greatest risk",32,pct,,chart,N,,
C1_4_internet,16,Chart 1.4,"% who felt 'less safe' than five years ago, among those naming Internet/technology-related risks as greatest risk",32,pct,,chart,N,,
C1_4_pollution,16,Chart 1.4,"% who felt 'less safe' than five years ago, among those naming Pollution as greatest risk",31,pct,,chart,N,,
C1_4_climate,16,Chart 1.4,"% who felt 'less safe' than five years ago, among those naming Climate change or severe weather as greatest risk",31,pct,,chart,N,,
C1_4_road,16,Chart 1.4,"% who felt 'less safe' than five years ago, among those naming Road-related accidents/injuries as greatest risk",26,pct,,chart,N,,
C1_4_cooking,16,Chart 1.4,"% who felt 'less safe' than five years ago, among those naming Cooking or other household accidents/injuries as greatest risk",25,pct,,chart,N,,
C1_4_drowning,16,Chart 1.4,"% who felt 'less safe' than five years ago, among those naming Drowning as greatest risk",25,pct,,chart,N,,
C1_4_disasters,16,Chart 1.4,"% who felt 'less safe' than five years ago, among those naming Non-weather-related natural disasters as greatest risk",23,pct,,chart,N,,
T1_2_eastern_africa_covid,17,Table 1.2,"Greatest source of risk, Eastern Africa: % Covid-19",3,pct,,table,N,,Base: the 119 countries surveyed in both years (see README).
T1_2_eastern_africa_health,17,Table 1.2,"Greatest source of risk, Eastern Africa: % personal health, non-Covid-19",17,pct,,table,N,,Base: the 119 countries surveyed in both years (see README).
T1_2_eastern_africa_road,17,Table 1.2,"Greatest source of risk, Eastern Africa: % road-related accidents",7,pct,,table,N,,Base: the 119 countries surveyed in both years (see README).
T1_2_eastern_africa_crime,17,Table 1.2,"Greatest source of risk, Eastern Africa: % crime/violence",18,pct,,table,N,,Base: the 119 countries surveyed in both years (see README).
T1_2_eastern_africa_financial,17,Table 1.2,"Greatest source of risk, Eastern Africa: % financial: not having enough money",13,pct,,table,N,,Base: the 119 countries surveyed in both years (see README).
T1_2_eastern_africa_economic,17,Table 1.2,"Greatest source of risk, Eastern Africa: % economic: unemployment, high prices",4,pct,,table,N,,Base: the 119 countries surveyed in both years (see README).
T1_2_eastern_africa_cooking,17,Table 1.2,"Greatest source of risk, Eastern Africa: % cooking or other household accidents",0,pct,0.5,table,N,,Printed as '<0.5'; recorded as 0 with a tolerance of 0.5. Base: the 119 countries surveyed in both years (see README).
T1_2_eastern_africa_none,17,Table 1.2,"Greatest source of risk, Eastern Africa: % nothing/no risks",2,pct,,table,N,,Base: the 119 countries surveyed in both years (see README).
T1_2_central_western_africa_covid,17,Table 1.2,"Greatest source of risk, Central/Western Africa: % Covid-19",1,pct,,table,N,,Base: the 119 countries surveyed in both years (see README).
T1_2_central_western_africa_health,17,Table 1.2,"Greatest source of risk, Central/Western Africa: % personal health, non-Covid-19",10,pct,,table,N,,Base: the 119 countries surveyed in both years (see README).
T1_2_central_western_africa_road,17,Table 1.2,"Greatest source of risk, Central/Western Africa: % road-related accidents",17,pct,,table,N,,Base: the 119 countries surveyed in both years (see README).
T1_2_central_western_africa_crime,17,Table 1.2,"Greatest source of risk, Central/Western Africa: % crime/violence",22,pct,,table,N,,Base: the 119 countries surveyed in both years (see README).
T1_2_central_western_africa_financial,17,Table 1.2,"Greatest source of risk, Central/Western Africa: % financial: not having enough money",11,pct,,table,N,,Base: the 119 countries surveyed in both years (see README).
T1_2_central_western_africa_economic,17,Table 1.2,"Greatest source of risk, Central/Western Africa: % economic: unemployment, high prices",3,pct,,table,N,,Base: the 119 countries surveyed in both years (see README).
T1_2_central_western_africa_cooking,17,Table 1.2,"Greatest source of risk, Central/Western Africa: % cooking or other household accidents",0,pct,0.5,table,N,,Printed as '<0.5'; recorded as 0 with a tolerance of 0.5. Base: the 119 countries surveyed in both years (see README).
T1_2_central_western_africa_none,17,Table 1.2,"Greatest source of risk, Central/Western Africa: % nothing/no risks",1,pct,,table,N,,Base: the 119 countries surveyed in both years (see README).
T1_2_northern_africa_covid,17,Table 1.2,"Greatest source of risk, Northern Africa: % Covid-19",16,pct,,table,N,,Base: the 119 countries surveyed in both years (see README).
T1_2_northern_africa_health,17,Table 1.2,"Greatest source of risk, Northern Africa: % personal health, non-Covid-19",15,pct,,table,N,,Base: the 119 countries surveyed in both years (see README).
T1_2_northern_africa_road,17,Table 1.2,"Greatest source of risk, Northern Africa: % road-related accidents",6,pct,,table,N,,Base: the 119 countries surveyed in both years (see README).
T1_2_northern_africa_crime,17,Table 1.2,"Greatest source of risk, Northern Africa: % crime/violence",10,pct,,table,N,,Base: the 119 countries surveyed in both years (see README).
T1_2_northern_africa_financial,17,Table 1.2,"Greatest source of risk, Northern Africa: % financial: not having enough money",10,pct,,table,N,,Base: the 119 countries surveyed in both years (see README).
T1_2_northern_africa_economic,17,Table 1.2,"Greatest source of risk, Northern Africa: % economic: unemployment, high prices",8,pct,,table,N,,Base: the 119 countries surveyed in both years (see README).
T1_2_northern_africa_cooking,17,Table 1.2,"Greatest source of risk, Northern Africa: % cooking or other household accidents",1,pct,,table,N,,Base: the 119 countries surveyed in both years (see README).
T1_2_northern_africa_none,17,Table 1.2,"Greatest source of risk, Northern Africa: % nothing/no risks",10,pct,,table,N,,Base: the 119 countries surveyed in both years (see README).
T1_2_southern_africa_covid,17,Table 1.2,"Greatest source of risk, Southern Africa: % Covid-19",10,pct,,table,N,,Base: the 119 countries surveyed in both years (see README).
T1_2_southern_africa_health,17,Table 1.2,"Greatest source of risk, Southern Africa: % personal health, non-Covid-19",6,pct,,table,N,,Base: the 119 countries surveyed in both years (see README).
T1_2_southern_africa_road,17,Table 1.2,"Greatest source of risk, Southern Africa: % road-related accidents",7,pct,,table,N,,Base: the 119 countries surveyed in both years (see README).
T1_2_southern_africa_crime,17,Table 1.2,"Greatest source of risk, Southern Africa: % crime/violence",42,pct,,table,N,,Base: the 119 countries surveyed in both years (see README).
T1_2_southern_africa_financial,17,Table 1.2,"Greatest source of risk, Southern Africa: % financial: not having enough money",2,pct,,table,N,,Base: the 119 countries surveyed in both years (see README).
T1_2_southern_africa_economic,17,Table 1.2,"Greatest source of risk, Southern Africa: % economic: unemployment, high prices",3,pct,,table,N,,Base: the 119 countries surveyed in both years (see README).
T1_2_southern_africa_cooking,17,Table 1.2,"Greatest source of risk, Southern Africa: % cooking or other household accidents",0,pct,0.5,table,N,,Printed as '<0.5'; recorded as 0 with a tolerance of 0.5. Base: the 119 countries surveyed in both years (see README).
T1_2_southern_africa_none,17,Table 1.2,"Greatest source of risk, Southern Africa: % nothing/no risks",1,pct,,table,N,,Base: the 119 countries surveyed in both years (see README).
T1_2_central_asia_covid,17,Table 1.2,"Greatest source of risk, Central Asia: % Covid-19",7,pct,,table,N,,Base: the 119 countries surveyed in both years (see README).
T1_2_central_asia_health,17,Table 1.2,"Greatest source of risk, Central Asia: % personal health, non-Covid-19",14,pct,,table,N,,Base: the 119 countries surveyed in both years (see README).
T1_2_central_asia_road,17,Table 1.2,"Greatest source of risk, Central Asia: % road-related accidents",5,pct,,table,N,,Base: the 119 countries surveyed in both years (see README).
T1_2_central_asia_crime,17,Table 1.2,"Greatest source of risk, Central Asia: % crime/violence",2,pct,,table,N,,Base: the 119 countries surveyed in both years (see README).
T1_2_central_asia_financial,17,Table 1.2,"Greatest source of risk, Central Asia: % financial: not having enough money",3,pct,,table,N,,Base: the 119 countries surveyed in both years (see README).
T1_2_central_asia_economic,17,Table 1.2,"Greatest source of risk, Central Asia: % economic: unemployment, high prices",3,pct,,table,N,,Base: the 119 countries surveyed in both years (see README).
T1_2_central_asia_cooking,17,Table 1.2,"Greatest source of risk, Central Asia: % cooking or other household accidents",0,pct,0.5,table,N,,Printed as '<0.5'; recorded as 0 with a tolerance of 0.5. Base: the 119 countries surveyed in both years (see README).
T1_2_central_asia_none,17,Table 1.2,"Greatest source of risk, Central Asia: % nothing/no risks",16,pct,,table,N,,Base: the 119 countries surveyed in both years (see README).
T1_2_eastern_asia_covid,17,Table 1.2,"Greatest source of risk, Eastern Asia: % Covid-19",7,pct,,table,N,,Base: the 119 countries surveyed in both years (see README).
T1_2_eastern_asia_health,17,Table 1.2,"Greatest source of risk, Eastern Asia: % personal health, non-Covid-19",16,pct,,table,N,,Base: the 119 countries surveyed in both years (see README).
T1_2_eastern_asia_road,17,Table 1.2,"Greatest source of risk, Eastern Asia: % road-related accidents",25,pct,,table,N,,Base: the 119 countries surveyed in both years (see README).
T1_2_eastern_asia_crime,17,Table 1.2,"Greatest source of risk, Eastern Asia: % crime/violence",5,pct,,table,N,,Base: the 119 countries surveyed in both years (see README).
T1_2_eastern_asia_financial,17,Table 1.2,"Greatest source of risk, Eastern Asia: % financial: not having enough money",1,pct,,table,N,,Base: the 119 countries surveyed in both years (see README).
T1_2_eastern_asia_economic,17,Table 1.2,"Greatest source of risk, Eastern Asia: % economic: unemployment, high prices",3,pct,,table,N,,Base: the 119 countries surveyed in both years (see README).
T1_2_eastern_asia_cooking,17,Table 1.2,"Greatest source of risk, Eastern Asia: % cooking or other household accidents",0,pct,0.5,table,N,,Printed as '<0.5'; recorded as 0 with a tolerance of 0.5. Base: the 119 countries surveyed in both years (see README).
T1_2_eastern_asia_none,17,Table 1.2,"Greatest source of risk, Eastern Asia: % nothing/no risks",16,pct,,table,N,,Base: the 119 countries surveyed in both years (see README).
T1_2_southeastern_asia_covid,17,Table 1.2,"Greatest source of risk, Southeastern Asia: % Covid-19",16,pct,,table,N,,Base: the 119 countries surveyed in both years (see README).
T1_2_southeastern_asia_health,17,Table 1.2,"Greatest source of risk, Southeastern Asia: % personal health, non-Covid-19",12,pct,,table,N,,Base: the 119 countries surveyed in both years (see README).
T1_2_southeastern_asia_road,17,Table 1.2,"Greatest source of risk, Southeastern Asia: % road-related accidents",14,pct,,table,N,,Base: the 119 countries surveyed in both years (see README).
T1_2_southeastern_asia_crime,17,Table 1.2,"Greatest source of risk, Southeastern Asia: % crime/violence",8,pct,,table,N,,Base: the 119 countries surveyed in both years (see README).
T1_2_southeastern_asia_financial,17,Table 1.2,"Greatest source of risk, Southeastern Asia: % financial: not having enough money",7,pct,,table,N,,Base: the 119 countries surveyed in both years (see README).
T1_2_southeastern_asia_economic,17,Table 1.2,"Greatest source of risk, Southeastern Asia: % economic: unemployment, high prices",6,pct,,table,N,,Base: the 119 countries surveyed in both years (see README).
T1_2_southeastern_asia_cooking,17,Table 1.2,"Greatest source of risk, Southeastern Asia: % cooking or other household accidents",1,pct,,table,N,,Base: the 119 countries surveyed in both years (see README).
T1_2_southeastern_asia_none,17,Table 1.2,"Greatest source of risk, Southeastern Asia: % nothing/no risks",9,pct,,table,N,,Base: the 119 countries surveyed in both years (see README).
T1_2_southern_asia_covid,17,Table 1.2,"Greatest source of risk, Southern Asia: % Covid-19",8,pct,,table,N,,Base: the 119 countries surveyed in both years (see README).
T1_2_southern_asia_health,17,Table 1.2,"Greatest source of risk, Southern Asia: % personal health, non-Covid-19",9,pct,,table,N,,Base: the 119 countries surveyed in both years (see README).
T1_2_southern_asia_road,17,Table 1.2,"Greatest source of risk, Southern Asia: % road-related accidents",9,pct,,table,N,,Base: the 119 countries surveyed in both years (see README).
T1_2_southern_asia_crime,17,Table 1.2,"Greatest source of risk, Southern Asia: % crime/violence",4,pct,,table,N,,Base: the 119 countries surveyed in both years (see README).
T1_2_southern_asia_financial,17,Table 1.2,"Greatest source of risk, Southern Asia: % financial: not having enough money",7,pct,,table,N,,Base: the 119 countries surveyed in both years (see README).
T1_2_southern_asia_economic,17,Table 1.2,"Greatest source of risk, Southern Asia: % economic: unemployment, high prices",6,pct,,table,N,,Base: the 119 countries surveyed in both years (see README).
T1_2_southern_asia_cooking,17,Table 1.2,"Greatest source of risk, Southern Asia: % cooking or other household accidents",1,pct,,table,N,,Base: the 119 countries surveyed in both years (see README).
T1_2_southern_asia_none,17,Table 1.2,"Greatest source of risk, Southern Asia: % nothing/no risks",10,pct,,table,N,,Base: the 119 countries surveyed in both years (see README).
T1_2_northern_america_covid,17,Table 1.2,"Greatest source of risk, Northern America: % Covid-19",5,pct,,table,N,,Base: the 119 countries surveyed in both years (see README).
T1_2_northern_america_health,17,Table 1.2,"Greatest source of risk, Northern America: % personal health, non-Covid-19",6,pct,,table,N,,Base: the 119 countries surveyed in both years (see README).
T1_2_northern_america_road,17,Table 1.2,"Greatest source of risk, Northern America: % road-related accidents",29,pct,,table,N,,Base: the 119 countries surveyed in both years (see README).
T1_2_northern_america_crime,17,Table 1.2,"Greatest source of risk, Northern America: % crime/violence",11,pct,,table,N,,Base: the 119 countries surveyed in both years (see README).
T1_2_northern_america_financial,17,Table 1.2,"Greatest source of risk, Northern America: % financial: not having enough money",2,pct,,table,N,,Base: the 119 countries surveyed in both years (see README).
T1_2_northern_america_economic,17,Table 1.2,"Greatest source of risk, Northern America: % economic: unemployment, high prices",2,pct,,table,N,,Base: the 119 countries surveyed in both years (see README).
T1_2_northern_america_cooking,17,Table 1.2,"Greatest source of risk, Northern America: % cooking or other household accidents",0,pct,0.5,table,N,,Printed as '<0.5'; recorded as 0 with a tolerance of 0.5. Base: the 119 countries surveyed in both years (see README).
T1_2_northern_america_none,17,Table 1.2,"Greatest source of risk, Northern America: % nothing/no risks",1,pct,,table,N,,Base: the 119 countries surveyed in both years (see README).
T1_2_latin_america_covid,17,Table 1.2,"Greatest source of risk, Latin America & Caribbean: % Covid-19",3,pct,,table,N,,Base: the 119 countries surveyed in both years (see README).
T1_2_latin_america_health,17,Table 1.2,"Greatest source of risk, Latin America & Caribbean: % personal health, non-Covid-19",6,pct,,table,N,,Base: the 119 countries surveyed in both years (see README).
T1_2_latin_america_road,17,Table 1.2,"Greatest source of risk, Latin America & Caribbean: % road-related accidents",10,pct,,table,N,,Base: the 119 countries surveyed in both years (see README).
T1_2_latin_america_crime,17,Table 1.2,"Greatest source of risk, Latin America & Caribbean: % crime/violence",43,pct,,table,N,,Base: the 119 countries surveyed in both years (see README).
T1_2_latin_america_financial,17,Table 1.2,"Greatest source of risk, Latin America & Caribbean: % financial: not having enough money",1,pct,,table,N,,Base: the 119 countries surveyed in both years (see README).
T1_2_latin_america_economic,17,Table 1.2,"Greatest source of risk, Latin America & Caribbean: % economic: unemployment, high prices",3,pct,,table,N,,Base: the 119 countries surveyed in both years (see README).
T1_2_latin_america_cooking,17,Table 1.2,"Greatest source of risk, Latin America & Caribbean: % cooking or other household accidents",1,pct,,table,N,,Base: the 119 countries surveyed in both years (see README).
T1_2_latin_america_none,17,Table 1.2,"Greatest source of risk, Latin America & Caribbean: % nothing/no risks",3,pct,,table,N,,Base: the 119 countries surveyed in both years (see README).
T1_2_middle_east_covid,17,Table 1.2,"Greatest source of risk, Middle East: % Covid-19",8,pct,,table,N,,Base: the 119 countries surveyed in both years (see README).
T1_2_middle_east_health,17,Table 1.2,"Greatest source of risk, Middle East: % personal health, non-Covid-19",7,pct,,table,N,,Base: the 119 countries surveyed in both years (see README).
T1_2_middle_east_road,17,Table 1.2,"Greatest source of risk, Middle East: % road-related accidents",9,pct,,table,N,,Base: the 119 countries surveyed in both years (see README).
T1_2_middle_east_crime,17,Table 1.2,"Greatest source of risk, Middle East: % crime/violence",12,pct,,table,N,,Base: the 119 countries surveyed in both years (see README).
T1_2_middle_east_financial,17,Table 1.2,"Greatest source of risk, Middle East: % financial: not having enough money",6,pct,,table,N,,Base: the 119 countries surveyed in both years (see README).
T1_2_middle_east_economic,17,Table 1.2,"Greatest source of risk, Middle East: % economic: unemployment, high prices",11,pct,,table,N,,Base: the 119 countries surveyed in both years (see README).
T1_2_middle_east_cooking,17,Table 1.2,"Greatest source of risk, Middle East: % cooking or other household accidents",1,pct,,table,N,,Base: the 119 countries surveyed in both years (see README).
T1_2_middle_east_none,17,Table 1.2,"Greatest source of risk, Middle East: % nothing/no risks",16,pct,,table,N,,Base: the 119 countries surveyed in both years (see README).
T1_2_eastern_europe_covid,17,Table 1.2,"Greatest source of risk, Eastern Europe: % Covid-19",5,pct,,table,N,,Base: the 119 countries surveyed in both years (see README).
T1_2_eastern_europe_health,17,Table 1.2,"Greatest source of risk, Eastern Europe: % personal health, non-Covid-19",17,pct,,table,N,,Base: the 119 countries surveyed in both years (see README).
T1_2_eastern_europe_road,17,Table 1.2,"Greatest source of risk, Eastern Europe: % road-related accidents",12,pct,,table,N,,"Base: the 119 countries surveyed in both years (see README). With all 121 countries this is 13%: the Czech Republic, surveyed only in 2021, has 39%."
T1_2_eastern_europe_crime,17,Table 1.2,"Greatest source of risk, Eastern Europe: % crime/violence",9,pct,,table,N,,Base: the 119 countries surveyed in both years (see README).
T1_2_eastern_europe_financial,17,Table 1.2,"Greatest source of risk, Eastern Europe: % financial: not having enough money",7,pct,,table,N,,Base: the 119 countries surveyed in both years (see README).
T1_2_eastern_europe_economic,17,Table 1.2,"Greatest source of risk, Eastern Europe: % economic: unemployment, high prices",8,pct,,table,N,,Base: the 119 countries surveyed in both years (see README).
T1_2_eastern_europe_cooking,17,Table 1.2,"Greatest source of risk, Eastern Europe: % cooking or other household accidents",0,pct,0.5,table,N,,Printed as '<0.5'; recorded as 0 with a tolerance of 0.5. Base: the 119 countries surveyed in both years (see README).
T1_2_eastern_europe_none,17,Table 1.2,"Greatest source of risk, Eastern Europe: % nothing/no risks",3,pct,,table,N,,Base: the 119 countries surveyed in both years (see README).
T1_2_northern_western_europe_covid,17,Table 1.2,"Greatest source of risk, Northern/Western Europe: % Covid-19",4,pct,,table,N,,Base: the 119 countries surveyed in both years (see README).
T1_2_northern_western_europe_health,17,Table 1.2,"Greatest source of risk, Northern/Western Europe: % personal health, non-Covid-19",11,pct,,table,N,,Base: the 119 countries surveyed in both years (see README).
T1_2_northern_western_europe_road,17,Table 1.2,"Greatest source of risk, Northern/Western Europe: % road-related accidents",21,pct,,table,N,,Base: the 119 countries surveyed in both years (see README).
T1_2_northern_western_europe_crime,17,Table 1.2,"Greatest source of risk, Northern/Western Europe: % crime/violence",8,pct,,table,N,,Base: the 119 countries surveyed in both years (see README).
T1_2_northern_western_europe_financial,17,Table 1.2,"Greatest source of risk, Northern/Western Europe: % financial: not having enough money",3,pct,,table,N,,Base: the 119 countries surveyed in both years (see README).
T1_2_northern_western_europe_economic,17,Table 1.2,"Greatest source of risk, Northern/Western Europe: % economic: unemployment, high prices",4,pct,,table,N,,Base: the 119 countries surveyed in both years (see README).
T1_2_northern_western_europe_cooking,17,Table 1.2,"Greatest source of risk, Northern/Western Europe: % cooking or other household accidents",4,pct,,table,N,,Base: the 119 countries surveyed in both years (see README).
T1_2_northern_western_europe_none,17,Table 1.2,"Greatest source of risk, Northern/Western Europe: % nothing/no risks",4,pct,,table,N,,Base: the 119 countries surveyed in both years (see README).
T1_2_southern_europe_covid,17,Table 1.2,"Greatest source of risk, Southern Europe: % Covid-19",4,pct,,table,N,,Base: the 119 countries surveyed in both years (see README).
T1_2_southern_europe_health,17,Table 1.2,"Greatest source of risk, Southern Europe: % personal health, non-Covid-19",13,pct,,table,N,,Base: the 119 countries surveyed in both years (see README).
T1_2_southern_europe_road,17,Table 1.2,"Greatest source of risk, Southern Europe: % road-related accidents",19,pct,,table,N,,Base: the 119 countries surveyed in both years (see README).
T1_2_southern_europe_crime,17,Table 1.2,"Greatest source of risk, Southern Europe: % crime/violence",9,pct,,table,N,,Base: the 119 countries surveyed in both years (see README).
T1_2_southern_europe_financial,17,Table 1.2,"Greatest source of risk, Southern Europe: % financial: not having enough money",4,pct,,table,N,,Base: the 119 countries surveyed in both years (see README).
T1_2_southern_europe_economic,17,Table 1.2,"Greatest source of risk, Southern Europe: % economic: unemployment, high prices",9,pct,,table,N,,Base: the 119 countries surveyed in both years (see README).
T1_2_southern_europe_cooking,17,Table 1.2,"Greatest source of risk, Southern Europe: % cooking or other household accidents",2,pct,,table,N,,Base: the 119 countries surveyed in both years (see README).
T1_2_southern_europe_none,17,Table 1.2,"Greatest source of risk, Southern Europe: % nothing/no risks",5,pct,,table,N,,Base: the 119 countries surveyed in both years (see README).
T1_2_australia_nz_covid,17,Table 1.2,"Greatest source of risk, Australia & New Zealand: % Covid-19",7,pct,,table,N,,Base: the 119 countries surveyed in both years (see README).
T1_2_australia_nz_health,17,Table 1.2,"Greatest source of risk, Australia & New Zealand: % personal health, non-Covid-19",7,pct,,table,N,,Base: the 119 countries surveyed in both years (see README).
T1_2_australia_nz_road,17,Table 1.2,"Greatest source of risk, Australia & New Zealand: % road-related accidents",33,pct,,table,N,,Base: the 119 countries surveyed in both years (see README).
T1_2_australia_nz_crime,17,Table 1.2,"Greatest source of risk, Australia & New Zealand: % crime/violence",11,pct,,table,N,,Base: the 119 countries surveyed in both years (see README).
T1_2_australia_nz_financial,17,Table 1.2,"Greatest source of risk, Australia & New Zealand: % financial: not having enough money",2,pct,,table,N,,Base: the 119 countries surveyed in both years (see README).
T1_2_australia_nz_economic,17,Table 1.2,"Greatest source of risk, Australia & New Zealand: % economic: unemployment, high prices",3,pct,,table,N,,Base: the 119 countries surveyed in both years (see README).
T1_2_australia_nz_cooking,17,Table 1.2,"Greatest source of risk, Australia & New Zealand: % cooking or other household accidents",11,pct,,table,N,,Base: the 119 countries surveyed in both years (see README).
T1_2_australia_nz_none,17,Table 1.2,"Greatest source of risk, Australia & New Zealand: % nothing/no risks",2,pct,,table,N,,Base: the 119 countries surveyed in both years (see README).
C1_5_latin_america,18,Chart 1.5,% naming crime and violence as the greatest threat to their safety: Latin America & Caribbean,43,pct,,chart,N,,"Base: the 119 countries surveyed in both years, as Table 1.2; all 121 give the same rounded figures."
C1_5_southern_africa,18,Chart 1.5,% naming crime and violence as the greatest threat to their safety: Southern Africa,42,pct,,chart,N,,"Base: the 119 countries surveyed in both years, as Table 1.2; all 121 give the same rounded figures."
C1_5_central_western_africa,18,Chart 1.5,% naming crime and violence as the greatest threat to their safety: Central/Western Africa,22,pct,,chart,N,,"Base: the 119 countries surveyed in both years, as Table 1.2; all 121 give the same rounded figures."
C1_5_eastern_africa,18,Chart 1.5,% naming crime and violence as the greatest threat to their safety: Eastern Africa,18,pct,,chart,N,,"Base: the 119 countries surveyed in both years, as Table 1.2; all 121 give the same rounded figures."
C1_5_middle_east,18,Chart 1.5,% naming crime and violence as the greatest threat to their safety: Middle East,12,pct,,chart,N,,"Base: the 119 countries surveyed in both years, as Table 1.2; all 121 give the same rounded figures."
C1_5_northern_america,18,Chart 1.5,% naming crime and violence as the greatest threat to their safety: Northern America,11,pct,,chart,N,,"Base: the 119 countries surveyed in both years, as Table 1.2; all 121 give the same rounded figures."
C1_5_australia_nz,18,Chart 1.5,% naming crime and violence as the greatest threat to their safety: Australia & New Zealand,11,pct,,chart,N,,"Base: the 119 countries surveyed in both years, as Table 1.2; all 121 give the same rounded figures."
C1_5_northern_africa,18,Chart 1.5,% naming crime and violence as the greatest threat to their safety: Northern Africa,10,pct,,chart,N,,"Base: the 119 countries surveyed in both years, as Table 1.2; all 121 give the same rounded figures."
C1_5_southern_europe,18,Chart 1.5,% naming crime and violence as the greatest threat to their safety: Southern Europe,9,pct,,chart,N,,"Base: the 119 countries surveyed in both years, as Table 1.2; all 121 give the same rounded figures."
C1_5_eastern_europe,18,Chart 1.5,% naming crime and violence as the greatest threat to their safety: Eastern Europe,9,pct,,chart,N,,"Base: the 119 countries surveyed in both years, as Table 1.2; all 121 give the same rounded figures."
C1_5_southeastern_asia,18,Chart 1.5,% naming crime and violence as the greatest threat to their safety: Southeastern Asia,8,pct,,chart,N,,"Base: the 119 countries surveyed in both years, as Table 1.2; all 121 give the same rounded figures."
C1_5_northern_western_europe,18,Chart 1.5,% naming crime and violence as the greatest threat to their safety: Northern/Western Europe,8,pct,,chart,N,,"Base: the 119 countries surveyed in both years, as Table 1.2; all 121 give the same rounded figures."
C1_5_eastern_asia,18,Chart 1.5,% naming crime and violence as the greatest threat to their safety: Eastern Asia,5,pct,,chart,N,,"Base: the 119 countries surveyed in both years, as Table 1.2; all 121 give the same rounded figures."
C1_5_southern_asia,18,Chart 1.5,% naming crime and violence as the greatest threat to their safety: Southern Asia,4,pct,,chart,N,,"Base: the 119 countries surveyed in both years, as Table 1.2; all 121 give the same rounded figures."
C1_5_central_asia,18,Chart 1.5,% naming crime and violence as the greatest threat to their safety: Central Asia,2,pct,,chart,N,,"Base: the 119 countries surveyed in both years, as Table 1.2; all 121 give the same rounded figures."
X35_experienced,"21, 22",Chapter 2,"Work-related harm, global, 2021 (text): % who or someone they know experienced serious harm from work",24,pct,,text,N,,Trend base: the 119 countries surveyed in both years.
X35_very_worried,"21, 22",Chapter 2,"Work-related harm, global, 2021 (text): % very worried about harm from the work they do",19,pct,,text,N,,Trend base: the 119 countries surveyed in both years.
X35_ratio,"21, 22",Chapter 2,"Work-related harm, global, 2021 (text): worry-to-experience ratio ('0.8:1')",0.8,ratio,0.1,text,N,,Trend base: the 119 countries surveyed in both years. Ratio of the rounded percentages.
X36_experienced,"21, 26",Chapter 2,"Italy, work-related harm: % personally experienced serious harm from work in the past two years",36,pct,,text,N,,"Experience of work-related harm uses everyone asked the experience question, not only workers: that is what reproduces the report (see README)."
X36_very_worried,"21, 26",Chapter 2,"Italy, work-related harm: % of workers very worried about harm from their work",16,pct,,text,N,,"Experience of work-related harm uses everyone asked the experience question, not only workers: that is what reproduces the report (see README)."
X37,21,Chapter 2,"Of Sierra Leone, Ghana, Zambia, India, the Philippines and Afghanistan: countries where over 20% personally experienced harm from food or water",6,count,,text,N,,
X38_very_worried,22,Chapter 2,"Violent crime, global, 2021 (text): % very worried",32,pct,,text,N,,Trend base: the 119 countries surveyed in both years.
X38_experienced,22,Chapter 2,"Violent crime, global, 2021 (text): % who or someone they know experienced serious harm",19,pct,,text,N,,Trend base: the 119 countries surveyed in both years.
X38_ratio,22,Chapter 2,"Violent crime, global, 2021 (text): worry-to-experience ratio ('1.7:1')",1.7,ratio,0.1,text,N,,Trend base: the 119 countries surveyed in both years. Ratio of the rounded percentages.
X39_experienced_2019,"23, 37, 38, 39",Chapter 2,"Severe weather events, global (text): % experienced serious harm (self or someone known), 2019",22,pct,,text,N,,Trend base: the 119 countries surveyed in both years.
X39_experienced_2021,"23, 37, 38, 39",Chapter 2,"Severe weather events, global (text): % experienced serious harm (self or someone known), 2021",27,pct,,text,N,,Trend base: the 119 countries surveyed in both years.
X39_very_worried_2019,"23, 37, 38, 39",Chapter 2,"Severe weather events, global (text): % very worried, 2019",34,pct,,text,N,,Trend base: the 119 countries surveyed in both years.
X39_very_worried_2021,"23, 37, 38, 39",Chapter 2,"Severe weather events, global (text): % very worried, 2021",34,pct,,text,N,,Trend base: the 119 countries surveyed in both years.
X40_central_western_africa,24,Chapter 2,"Workers very worried about harm from the work they do, by region (text): % Central/Western Africa",37,pct,,text,N,,
X40_southern_africa,24,Chapter 2,"Workers very worried about harm from the work they do, by region (text): % Southern Africa",34,pct,,text,N,,
X40_southern_asia,24,Chapter 2,"Workers very worried about harm from the work they do, by region (text): % Southern Asia",32,pct,,text,N,,
X40_eastern_africa,24,Chapter 2,"Workers very worried about harm from the work they do, by region (text): % Eastern Africa",30,pct,,text,N,,
X40_northern_america,24,Chapter 2,"Workers very worried about harm from the work they do, by region (text): % Northern America",7,pct,,text,N,,
X40_northern_western_europe,24,Chapter 2,"Workers very worried about harm from the work they do, by region (text): % Northern/Western Europe",6,pct,,text,N,,
X40_australia_nz,24,Chapter 2,"Workers very worried about harm from the work they do, by region (text): % Australia/New Zealand",5,pct,,text,N,,
X41,24,Chapter 2,Regions where at least 30% of workers were very worried about work-related harm,4,count,,text,N,,Counted on the rounded regional figures (Eastern Africa is 29.9%).
X42_southern_asia,24,Chapter 2,"Personally experienced work-related harm, by region (text): % Southern Asia",28,pct,,text,N,,"Experience of work-related harm uses everyone asked the experience question, not only workers: that is what reproduces the report (see README)."
X42_southern_europe,24,Chapter 2,"Personally experienced work-related harm, by region (text): % Southern Europe",20,pct,,text,N,,"Experience of work-related harm uses everyone asked the experience question, not only workers: that is what reproduces the report (see README)."
X42_southeastern_asia,24,Chapter 2,"Personally experienced work-related harm, by region (text): % Southeastern Asia",16,pct,,text,N,,"Experience of work-related harm uses everyone asked the experience question, not only workers: that is what reproduces the report (see README)."
X43_BEL_experienced,25,Chapter 2,"Work-related harm, Belgium and Guinea (text): % personally experienced, Belgium",3,pct,,text,N,,"Experience of work-related harm uses everyone asked the experience question, not only workers: that is what reproduces the report (see README)."
X43_BEL_very_worried,25,Chapter 2,"Work-related harm, Belgium and Guinea (text): % of workers very worried, Belgium",5,pct,,text,N,,"Experience of work-related harm uses everyone asked the experience question, not only workers: that is what reproduces the report (see README)."
X43_GIN_experienced,25,Chapter 2,"Work-related harm, Belgium and Guinea (text): % personally experienced, Guinea",20,pct,,text,N,,"Experience of work-related harm uses everyone asked the experience question, not only workers: that is what reproduces the report (see README)."
X43_GIN_very_worried,25,Chapter 2,"Work-related harm, Belgium and Guinea (text): % of workers very worried, Guinea",56,pct,,text,N,,"Experience of work-related harm uses everyone asked the experience question, not only workers: that is what reproduces the report (see README)."
X44,25,Chapter 2,Belgium: very worried relative to experienced work-related harm ('almost twice as high'),2,ratio,0.5,text,N,,Ratio of the rounded percentages (5 / 3).
X45,25,Chapter 2,"Of Italy, Switzerland, Afghanistan and Vietnam: countries where 18% or more personally experienced work-related harm",4,count,,text,N,,"Experience of work-related harm uses everyone asked the experience question, not only workers: that is what reproduces the report (see README)."
X46,26,Chapter 2,Afghanistan: % very worried about harm from violent crime,60,pct,,text,N,,
X47,26,Chapter 2,"Countries where over 30% personally experienced work-related harm (Italy, India, Mali)",3,count,,text,N,,"Experience of work-related harm uses everyone asked the experience question, not only workers: that is what reproduces the report (see README)."
X48_experienced_very_difficult,26,Chapter 2,"Work-related harm by feelings about household income (text): % personally experienced, finding it very difficult",25,pct,,text,N,,"Experience of work-related harm uses everyone asked the experience question, not only workers: that is what reproduces the report (see README)."
X48_experienced_comfortable,26,Chapter 2,"Work-related harm by feelings about household income (text): % personally experienced, living comfortably",9,pct,,text,N,,"Experience of work-related harm uses everyone asked the experience question, not only workers: that is what reproduces the report (see README)."
X48_experienced_getting_by,26,Chapter 2,"Work-related harm by feelings about household income (text): % personally experienced, getting by",10,pct,,text,N,,"Experience of work-related harm uses everyone asked the experience question, not only workers: that is what reproduces the report (see README)."
X48_very_worried_very_difficult,26,Chapter 2,"Work-related harm by feelings about household income (text): % of workers very worried, finding it very difficult",36,pct,,text,N,,"Experience of work-related harm uses everyone asked the experience question, not only workers: that is what reproduces the report (see README)."
X48_very_worried_comfortable,26,Chapter 2,"Work-related harm by feelings about household income (text): % of workers very worried, living comfortably",9,pct,,text,N,,"Experience of work-related harm uses everyone asked the experience question, not only workers: that is what reproduces the report (see README)."
X49,26,Chapter 2,Very worried about work-related harm: finding it very difficult vs living comfortably ('four times as likely'),4,ratio,0.5,text,N,,Ratio of the rounded percentages (36 / 9).
X50,27,Chapter 2,Southern Asia: % finding it difficult or very difficult who experienced work-related harm ('about one-third'),33,pct,3,text,N,,"Experience of work-related harm uses everyone asked the experience question, not only workers: that is what reproduces the report (see README)."
X51,27,Chapter 2,India: % finding it difficult or very difficult who experienced work-related harm,37,pct,,text,N,,"Experience of work-related harm uses everyone asked the experience question, not only workers: that is what reproduces the report (see README)."
X52,27,Chapter 2,India: people finding it difficult or very difficult who experienced work-related harm ('about 233 million'),233000000,count,5000000,text,N,,"Population estimate from the projection weights (PROJWT). Experience of work-related harm uses everyone asked the experience question, not only workers: that is what reproduces the report (see README)."
X53_northern_america,27,Chapter 2,Finding it very difficult on present income: % who experienced work-related harm: Northern America,32,pct,,text,N,,"Experience of work-related harm uses everyone asked the experience question, not only workers: that is what reproduces the report (see README)."
X53_USA,27,Chapter 2,Finding it very difficult on present income: % who experienced work-related harm: United States,33,pct,,text,N,,"Experience of work-related harm uses everyone asked the experience question, not only workers: that is what reproduces the report (see README)."
X53_CAN,27,Chapter 2,Finding it very difficult on present income: % who experienced work-related harm: Canada,24,pct,,text,N,,"Experience of work-related harm uses everyone asked the experience question, not only workers: that is what reproduces the report (see README). Canada gives 22.9% in the data, from 32 respondents. Workers only gives 31.6%, excluding don't know changes nothing, 'yes, personally' alone gives 15.7%."
T2_1_work_2021_very_worried,23,Table 2.1,"Worry/experience, global, 2021, The work you do: % very worried",19,pct,,table,N,,Trend base: the 119 countries surveyed in both years. Worry about work: workers only.
T2_1_work_2021_experienced,23,Table 2.1,"Worry/experience, global, 2021, The work you do: % experienced or know someone who experienced",24,pct,,table,N,,Trend base: the 119 countries surveyed in both years.
T2_1_work_2021_ratio,23,Table 2.1,"Worry/experience, global, 2021, The work you do: worry-to-experience ratio",0.8,ratio,0.1,table,N,,Ratio of the rounded percentages; the unrounded ratio differs by 0.1 for four rows.
T2_1_mental_2019_very_worried,23,Table 2.1,"Worry/experience, global, 2019, Mental health issues: % very worried",19,pct,,table,N,,Trend base: the 119 countries surveyed in both years.
T2_1_mental_2019_experienced,23,Table 2.1,"Worry/experience, global, 2019, Mental health issues: % experienced or know someone who experienced",20,pct,,table,N,,Trend base: the 119 countries surveyed in both years.
T2_1_mental_2019_ratio,23,Table 2.1,"Worry/experience, global, 2019, Mental health issues: worry-to-experience ratio",1.0,ratio,0.1,table,N,,"Ratio of the rounded percentages; the unrounded ratio differs by 0.1 for four rows. 19 / 20 = 0.95, which the report rounds up to 1.0."
T2_1_mental_2021_very_worried,23,Table 2.1,"Worry/experience, global, 2021, Mental health issues: % very worried",25,pct,,table,N,,Trend base: the 119 countries surveyed in both years.
T2_1_mental_2021_experienced,23,Table 2.1,"Worry/experience, global, 2021, Mental health issues: % experienced or know someone who experienced",25,pct,,table,N,,Trend base: the 119 countries surveyed in both years.
T2_1_mental_2021_ratio,23,Table 2.1,"Worry/experience, global, 2021, Mental health issues: worry-to-experience ratio",1.0,ratio,0.1,table,N,,Ratio of the rounded percentages; the unrounded ratio differs by 0.1 for four rows.
T2_1_food_2019_very_worried,23,Table 2.1,"Worry/experience, global, 2019, The food you eat: % very worried",21,pct,,table,N,,Trend base: the 119 countries surveyed in both years.
T2_1_food_2019_experienced,23,Table 2.1,"Worry/experience, global, 2019, The food you eat: % experienced or know someone who experienced",17,pct,,table,N,,Trend base: the 119 countries surveyed in both years.
T2_1_food_2019_ratio,23,Table 2.1,"Worry/experience, global, 2019, The food you eat: worry-to-experience ratio",1.2,ratio,0.1,table,N,,Ratio of the rounded percentages; the unrounded ratio differs by 0.1 for four rows.
T2_1_food_2021_very_worried,23,Table 2.1,"Worry/experience, global, 2021, The food you eat: % very worried",22,pct,,table,N,,Trend base: the 119 countries surveyed in both years.
T2_1_food_2021_experienced,23,Table 2.1,"Worry/experience, global, 2021, The food you eat: % experienced or know someone who experienced",19,pct,,table,N,,Trend base: the 119 countries surveyed in both years.
T2_1_food_2021_ratio,23,Table 2.1,"Worry/experience, global, 2021, The food you eat: worry-to-experience ratio",1.2,ratio,0.1,table,N,,Ratio of the rounded percentages; the unrounded ratio differs by 0.1 for four rows.
T2_1_traffic_2021_very_worried,23,Table 2.1,"Worry/experience, global, 2021, Traffic/roadside accidents: % very worried",37,pct,,table,N,,Trend base: the 119 countries surveyed in both years.
T2_1_traffic_2021_experienced,23,Table 2.1,"Worry/experience, global, 2021, Traffic/roadside accidents: % experienced or know someone who experienced",32,pct,,table,N,,Trend base: the 119 countries surveyed in both years.
T2_1_traffic_2021_ratio,23,Table 2.1,"Worry/experience, global, 2021, Traffic/roadside accidents: worry-to-experience ratio",1.2,ratio,0.1,table,N,,Ratio of the rounded percentages; the unrounded ratio differs by 0.1 for four rows.
T2_1_water_2019_very_worried,23,Table 2.1,"Worry/experience, global, 2019, The water you drink: % very worried",18,pct,,table,N,,Trend base: the 119 countries surveyed in both years.
T2_1_water_2019_experienced,23,Table 2.1,"Worry/experience, global, 2019, The water you drink: % experienced or know someone who experienced",14,pct,,table,N,,Trend base: the 119 countries surveyed in both years.
T2_1_water_2019_ratio,23,Table 2.1,"Worry/experience, global, 2019, The water you drink: worry-to-experience ratio",1.3,ratio,0.1,table,N,,Ratio of the rounded percentages; the unrounded ratio differs by 0.1 for four rows.
T2_1_water_2021_very_worried,23,Table 2.1,"Worry/experience, global, 2021, The water you drink: % very worried",18,pct,,table,N,,Trend base: the 119 countries surveyed in both years.
T2_1_water_2021_experienced,23,Table 2.1,"Worry/experience, global, 2021, The water you drink: % experienced or know someone who experienced",14,pct,,table,N,,Trend base: the 119 countries surveyed in both years.
T2_1_water_2021_ratio,23,Table 2.1,"Worry/experience, global, 2021, The water you drink: worry-to-experience ratio",1.3,ratio,0.1,table,N,,Ratio of the rounded percentages; the unrounded ratio differs by 0.1 for four rows.
T2_1_weather_2019_very_worried,23,Table 2.1,"Worry/experience, global, 2019, Severe weather events: % very worried",34,pct,,table,N,,Trend base: the 119 countries surveyed in both years.
T2_1_weather_2019_experienced,23,Table 2.1,"Worry/experience, global, 2019, Severe weather events: % experienced or know someone who experienced",22,pct,,table,N,,Trend base: the 119 countries surveyed in both years.
T2_1_weather_2019_ratio,23,Table 2.1,"Worry/experience, global, 2019, Severe weather events: worry-to-experience ratio",1.5,ratio,0.1,table,N,,Ratio of the rounded percentages; the unrounded ratio differs by 0.1 for four rows.
T2_1_weather_2021_very_worried,23,Table 2.1,"Worry/experience, global, 2021, Severe weather events: % very worried",34,pct,,table,N,,Trend base: the 119 countries surveyed in both years.
T2_1_weather_2021_experienced,23,Table 2.1,"Worry/experience, global, 2021, Severe weather events: % experienced or know someone who experienced",27,pct,,table,N,,Trend base: the 119 countries surveyed in both years.
T2_1_weather_2021_ratio,23,Table 2.1,"Worry/experience, global, 2021, Severe weather events: worry-to-experience ratio",1.3,ratio,0.1,table,N,,Ratio of the rounded percentages; the unrounded ratio differs by 0.1 for four rows.
T2_1_crime_2019_very_worried,23,Table 2.1,"Worry/experience, global, 2019, Violent crime: % very worried",32,pct,,table,N,,Trend base: the 119 countries surveyed in both years.
T2_1_crime_2019_experienced,23,Table 2.1,"Worry/experience, global, 2019, Violent crime: % experienced or know someone who experienced",17,pct,,table,N,,Trend base: the 119 countries surveyed in both years.
T2_1_crime_2019_ratio,23,Table 2.1,"Worry/experience, global, 2019, Violent crime: worry-to-experience ratio",1.9,ratio,0.1,table,N,,Ratio of the rounded percentages; the unrounded ratio differs by 0.1 for four rows.
T2_1_crime_2021_very_worried,23,Table 2.1,"Worry/experience, global, 2021, Violent crime: % very worried",32,pct,,table,N,,Trend base: the 119 countries surveyed in both years.
T2_1_crime_2021_experienced,23,Table 2.1,"Worry/experience, global, 2021, Violent crime: % experienced or know someone who experienced",19,pct,,table,N,,Trend base: the 119 countries surveyed in both years.
T2_1_crime_2021_ratio,23,Table 2.1,"Worry/experience, global, 2021, Violent crime: worry-to-experience ratio",1.7,ratio,0.1,table,N,,Ratio of the rounded percentages; the unrounded ratio differs by 0.1 for four rows.
C2_1_southern_asia_very_worried,24,Chart 2.1,"Work-related harm, Southern Asia: % very worried (workers)",32,pct,,chart,N,,
C2_1_southern_asia_experienced,24,Chart 2.1,"Work-related harm, Southern Asia: % personally experienced",28,pct,,chart,N,,"Experience of work-related harm uses everyone asked the experience question, not only workers: that is what reproduces the report (see README)."
C2_1_southern_europe_very_worried,24,Chart 2.1,"Work-related harm, Southern Europe: % very worried (workers)",16,pct,,chart,N,,
C2_1_southern_europe_experienced,24,Chart 2.1,"Work-related harm, Southern Europe: % personally experienced",20,pct,,chart,N,,"Experience of work-related harm uses everyone asked the experience question, not only workers: that is what reproduces the report (see README)."
C2_1_southeastern_asia_very_worried,24,Chart 2.1,"Work-related harm, Southeastern Asia: % very worried (workers)",23,pct,,chart,N,,
C2_1_southeastern_asia_experienced,24,Chart 2.1,"Work-related harm, Southeastern Asia: % personally experienced",16,pct,,chart,N,,"Experience of work-related harm uses everyone asked the experience question, not only workers: that is what reproduces the report (see README)."
C2_1_central_western_africa_very_worried,24,Chart 2.1,"Work-related harm, Central/Western Africa: % very worried (workers)",37,pct,,chart,N,,
C2_1_central_western_africa_experienced,24,Chart 2.1,"Work-related harm, Central/Western Africa: % personally experienced",15,pct,,chart,N,,"Experience of work-related harm uses everyone asked the experience question, not only workers: that is what reproduces the report (see README)."
C2_1_eastern_africa_very_worried,24,Chart 2.1,"Work-related harm, Eastern Africa: % very worried (workers)",30,pct,,chart,N,,
C2_1_eastern_africa_experienced,24,Chart 2.1,"Work-related harm, Eastern Africa: % personally experienced",15,pct,,chart,N,,"Experience of work-related harm uses everyone asked the experience question, not only workers: that is what reproduces the report (see README)."
C2_1_southern_africa_very_worried,24,Chart 2.1,"Work-related harm, Southern Africa: % very worried (workers)",34,pct,,chart,N,,
C2_1_southern_africa_experienced,24,Chart 2.1,"Work-related harm, Southern Africa: % personally experienced",13,pct,,chart,N,,"Experience of work-related harm uses everyone asked the experience question, not only workers: that is what reproduces the report (see README)."
C2_1_northern_western_europe_very_worried,24,Chart 2.1,"Work-related harm, Northern/Western Europe: % very worried (workers)",6,pct,,chart,N,,
C2_1_northern_western_europe_experienced,24,Chart 2.1,"Work-related harm, Northern/Western Europe: % personally experienced",12,pct,,chart,N,,"Experience of work-related harm uses everyone asked the experience question, not only workers: that is what reproduces the report (see README)."
C2_1_latin_america_very_worried,24,Chart 2.1,"Work-related harm, Latin America & Caribbean: % very worried (workers)",21,pct,,chart,N,,
C2_1_latin_america_experienced,24,Chart 2.1,"Work-related harm, Latin America & Caribbean: % personally experienced",12,pct,,chart,N,,"Experience of work-related harm uses everyone asked the experience question, not only workers: that is what reproduces the report (see README)."
C2_1_middle_east_very_worried,24,Chart 2.1,"Work-related harm, Middle East: % very worried (workers)",19,pct,,chart,N,,
C2_1_middle_east_experienced,24,Chart 2.1,"Work-related harm, Middle East: % personally experienced",11,pct,,chart,N,,"Experience of work-related harm uses everyone asked the experience question, not only workers: that is what reproduces the report (see README)."
C2_1_northern_africa_very_worried,24,Chart 2.1,"Work-related harm, Northern Africa: % very worried (workers)",21,pct,,chart,N,,
C2_1_northern_africa_experienced,24,Chart 2.1,"Work-related harm, Northern Africa: % personally experienced",11,pct,,chart,N,,"Experience of work-related harm uses everyone asked the experience question, not only workers: that is what reproduces the report (see README)."
C2_1_northern_america_very_worried,24,Chart 2.1,"Work-related harm, Northern America: % very worried (workers)",7,pct,,chart,N,,
C2_1_northern_america_experienced,24,Chart 2.1,"Work-related harm, Northern America: % personally experienced",7,pct,,chart,N,,"Experience of work-related harm uses everyone asked the experience question, not only workers: that is what reproduces the report (see README)."
C2_1_eastern_europe_very_worried,24,Chart 2.1,"Work-related harm, Eastern Europe: % very worried (workers)",10,pct,,chart,N,,
C2_1_eastern_europe_experienced,24,Chart 2.1,"Work-related harm, Eastern Europe: % personally experienced",7,pct,,chart,N,,"Experience of work-related harm uses everyone asked the experience question, not only workers: that is what reproduces the report (see README)."
C2_1_eastern_asia_very_worried,24,Chart 2.1,"Work-related harm, Eastern Asia: % very worried (workers)",9,pct,,chart,N,,
C2_1_eastern_asia_experienced,24,Chart 2.1,"Work-related harm, Eastern Asia: % personally experienced",6,pct,,chart,N,,"Experience of work-related harm uses everyone asked the experience question, not only workers: that is what reproduces the report (see README)."
C2_1_australia_nz_very_worried,24,Chart 2.1,"Work-related harm, Australia & New Zealand: % very worried (workers)",5,pct,,chart,N,,
C2_1_australia_nz_experienced,24,Chart 2.1,"Work-related harm, Australia & New Zealand: % personally experienced",6,pct,,chart,N,,"Experience of work-related harm uses everyone asked the experience question, not only workers: that is what reproduces the report (see README)."
C2_1_central_asia_very_worried,24,Chart 2.1,"Work-related harm, Central Asia: % very worried (workers)",7,pct,,chart,N,,
C2_1_central_asia_experienced,24,Chart 2.1,"Work-related harm, Central Asia: % personally experienced",5,pct,,chart,N,,"Experience of work-related harm uses everyone asked the experience question, not only workers: that is what reproduces the report (see README)."
C2_3_experienced_comfortable,26,Chart 2.3,"Work-related harm by financial situation: % personally experienced, living comfortably",9,pct,,chart,N,,"Experience of work-related harm uses everyone asked the experience question, not only workers: that is what reproduces the report (see README)."
C2_3_experienced_getting_by,26,Chart 2.3,"Work-related harm by financial situation: % personally experienced, getting by",10,pct,,chart,N,,"Experience of work-related harm uses everyone asked the experience question, not only workers: that is what reproduces the report (see README)."
C2_3_experienced_difficult,26,Chart 2.3,"Work-related harm by financial situation: % personally experienced, finding it difficult",18,pct,,chart,N,,"Experience of work-related harm uses everyone asked the experience question, not only workers: that is what reproduces the report (see README)."
C2_3_experienced_very_difficult,26,Chart 2.3,"Work-related harm by financial situation: % personally experienced, finding it very difficult",25,pct,,chart,N,,"Experience of work-related harm uses everyone asked the experience question, not only workers: that is what reproduces the report (see README)."
C2_3_very_worried_comfortable,26,Chart 2.3,"Work-related harm by financial situation: % very worried (workers), living comfortably",9,pct,,chart,N,,
C2_3_very_worried_getting_by,26,Chart 2.3,"Work-related harm by financial situation: % very worried (workers), getting by",13,pct,,chart,N,,
C2_3_very_worried_difficult,26,Chart 2.3,"Work-related harm by financial situation: % very worried (workers), finding it difficult",25,pct,,chart,N,,
C2_3_very_worried_very_difficult,26,Chart 2.3,"Work-related harm by financial situation: % very worried (workers), finding it very difficult",36,pct,,chart,N,,
T2_2_southern_asia_comfortable,28,Table 2.2,"Personally experienced work-related harm, Southern Asia: % living comfortably",18,pct,,table,N,,"Experience of work-related harm uses everyone asked the experience question, not only workers: that is what reproduces the report (see README)."
T2_2_southern_asia_getting_by,28,Table 2.2,"Personally experienced work-related harm, Southern Asia: % getting by",23,pct,,table,N,,"Experience of work-related harm uses everyone asked the experience question, not only workers: that is what reproduces the report (see README)."
T2_2_southern_asia_difficult,28,Table 2.2,"Personally experienced work-related harm, Southern Asia: % finding it difficult",30,pct,,table,N,,"Experience of work-related harm uses everyone asked the experience question, not only workers: that is what reproduces the report (see README)."
T2_2_southern_asia_very_difficult,28,Table 2.2,"Personally experienced work-related harm, Southern Asia: % finding it very difficult",35,pct,,table,N,,"Experience of work-related harm uses everyone asked the experience question, not only workers: that is what reproduces the report (see README)."
T2_2_northern_america_comfortable,28,Table 2.2,"Personally experienced work-related harm, Northern America: % living comfortably",3,pct,,table,N,,"Experience of work-related harm uses everyone asked the experience question, not only workers: that is what reproduces the report (see README)."
T2_2_northern_america_getting_by,28,Table 2.2,"Personally experienced work-related harm, Northern America: % getting by",7,pct,,table,N,,"Experience of work-related harm uses everyone asked the experience question, not only workers: that is what reproduces the report (see README)."
T2_2_northern_america_difficult,28,Table 2.2,"Personally experienced work-related harm, Northern America: % finding it difficult",12,pct,,table,N,,"Experience of work-related harm uses everyone asked the experience question, not only workers: that is what reproduces the report (see README)."
T2_2_northern_america_very_difficult,28,Table 2.2,"Personally experienced work-related harm, Northern America: % finding it very difficult",32,pct,,table,N,,"Experience of work-related harm uses everyone asked the experience question, not only workers: that is what reproduces the report (see README)."
T2_2_southern_europe_comfortable,28,Table 2.2,"Personally experienced work-related harm, Southern Europe: % living comfortably",18,pct,,table,N,,"Experience of work-related harm uses everyone asked the experience question, not only workers: that is what reproduces the report (see README)."
T2_2_southern_europe_getting_by,28,Table 2.2,"Personally experienced work-related harm, Southern Europe: % getting by",19,pct,,table,N,,"Experience of work-related harm uses everyone asked the experience question, not only workers: that is what reproduces the report (see README)."
T2_2_southern_europe_difficult,28,Table 2.2,"Personally experienced work-related harm, Southern Europe: % finding it difficult",25,pct,,table,N,,"Experience of work-related harm uses everyone asked the experience question, not only workers: that is what reproduces the report (see README)."
T2_2_southern_europe_very_difficult,28,Table 2.2,"Personally experienced work-related harm, Southern Europe: % finding it very difficult",24,pct,,table,N,,"Experience of work-related harm uses everyone asked the experience question, not only workers: that is what reproduces the report (see README)."
T2_2_southeastern_asia_comfortable,28,Table 2.2,"Personally experienced work-related harm, Southeastern Asia: % living comfortably",11,pct,,table,N,,"Experience of work-related harm uses everyone asked the experience question, not only workers: that is what reproduces the report (see README)."
T2_2_southeastern_asia_getting_by,28,Table 2.2,"Personally experienced work-related harm, Southeastern Asia: % getting by",14,pct,,table,N,,"Experience of work-related harm uses everyone asked the experience question, not only workers: that is what reproduces the report (see README)."
T2_2_southeastern_asia_difficult,28,Table 2.2,"Personally experienced work-related harm, Southeastern Asia: % finding it difficult",23,pct,,table,N,,"Experience of work-related harm uses everyone asked the experience question, not only workers: that is what reproduces the report (see README)."
T2_2_southeastern_asia_very_difficult,28,Table 2.2,"Personally experienced work-related harm, Southeastern Asia: % finding it very difficult",20,pct,,table,N,,"Experience of work-related harm uses everyone asked the experience question, not only workers: that is what reproduces the report (see README)."
T2_2_southern_africa_comfortable,28,Table 2.2,"Personally experienced work-related harm, Southern Africa: % living comfortably",5,pct,,table,N,,"Experience of work-related harm uses everyone asked the experience question, not only workers: that is what reproduces the report (see README)."
T2_2_southern_africa_getting_by,28,Table 2.2,"Personally experienced work-related harm, Southern Africa: % getting by",10,pct,,table,N,,"Experience of work-related harm uses everyone asked the experience question, not only workers: that is what reproduces the report (see README)."
T2_2_southern_africa_difficult,28,Table 2.2,"Personally experienced work-related harm, Southern Africa: % finding it difficult",17,pct,,table,N,,"Experience of work-related harm uses everyone asked the experience question, not only workers: that is what reproduces the report (see README)."
T2_2_southern_africa_very_difficult,28,Table 2.2,"Personally experienced work-related harm, Southern Africa: % finding it very difficult",19,pct,,table,N,,"Experience of work-related harm uses everyone asked the experience question, not only workers: that is what reproduces the report (see README)."
T2_2_middle_east_comfortable,28,Table 2.2,"Personally experienced work-related harm, Middle East: % living comfortably",5,pct,,table,N,,"Experience of work-related harm uses everyone asked the experience question, not only workers: that is what reproduces the report (see README)."
T2_2_middle_east_getting_by,28,Table 2.2,"Personally experienced work-related harm, Middle East: % getting by",8,pct,,table,N,,"Experience of work-related harm uses everyone asked the experience question, not only workers: that is what reproduces the report (see README)."
T2_2_middle_east_difficult,28,Table 2.2,"Personally experienced work-related harm, Middle East: % finding it difficult",12,pct,,table,N,,"Experience of work-related harm uses everyone asked the experience question, not only workers: that is what reproduces the report (see README)."
T2_2_middle_east_very_difficult,28,Table 2.2,"Personally experienced work-related harm, Middle East: % finding it very difficult",18,pct,,table,N,,"Experience of work-related harm uses everyone asked the experience question, not only workers: that is what reproduces the report (see README)."
T2_2_northern_africa_comfortable,28,Table 2.2,"Personally experienced work-related harm, Northern Africa: % living comfortably",7,pct,,table,N,,"Experience of work-related harm uses everyone asked the experience question, not only workers: that is what reproduces the report (see README)."
T2_2_northern_africa_getting_by,28,Table 2.2,"Personally experienced work-related harm, Northern Africa: % getting by",7,pct,,table,N,,"Experience of work-related harm uses everyone asked the experience question, not only workers: that is what reproduces the report (see README)."
T2_2_northern_africa_difficult,28,Table 2.2,"Personally experienced work-related harm, Northern Africa: % finding it difficult",11,pct,,table,N,,"Experience of work-related harm uses everyone asked the experience question, not only workers: that is what reproduces the report (see README)."
T2_2_northern_africa_very_difficult,28,Table 2.2,"Personally experienced work-related harm, Northern Africa: % finding it very difficult",18,pct,,table,N,,"Experience of work-related harm uses everyone asked the experience question, not only workers: that is what reproduces the report (see README)."
T2_2_latin_america_comfortable,28,Table 2.2,"Personally experienced work-related harm, Latin America & Caribbean: % living comfortably",6,pct,,table,N,,"Experience of work-related harm uses everyone asked the experience question, not only workers: that is what reproduces the report (see README)."
T2_2_latin_america_getting_by,28,Table 2.2,"Personally experienced work-related harm, Latin America & Caribbean: % getting by",10,pct,,table,N,,"Experience of work-related harm uses everyone asked the experience question, not only workers: that is what reproduces the report (see README)."
T2_2_latin_america_difficult,28,Table 2.2,"Personally experienced work-related harm, Latin America & Caribbean: % finding it difficult",13,pct,,table,N,,"Experience of work-related harm uses everyone asked the experience question, not only workers: that is what reproduces the report (see README)."
T2_2_latin_america_very_difficult,28,Table 2.2,"Personally experienced work-related harm, Latin America & Caribbean: % finding it very difficult",17,pct,,table,N,,"Experience of work-related harm uses everyone asked the experience question, not only workers: that is what reproduces the report (see README)."
T2_2_central_western_africa_comfortable,28,Table 2.2,"Personally experienced work-related harm, Central/Western Africa: % living comfortably",15,pct,,table,N,,"Experience of work-related harm uses everyone asked the experience question, not only workers: that is what reproduces the report (see README)."
T2_2_central_western_africa_getting_by,28,Table 2.2,"Personally experienced work-related harm, Central/Western Africa: % getting by",15,pct,,table,N,,"Experience of work-related harm uses everyone asked the experience question, not only workers: that is what reproduces the report (see README)."
T2_2_central_western_africa_difficult,28,Table 2.2,"Personally experienced work-related harm, Central/Western Africa: % finding it difficult",16,pct,,table,N,,"Experience of work-related harm uses everyone asked the experience question, not only workers: that is what reproduces the report (see README)."
T2_2_central_western_africa_very_difficult,28,Table 2.2,"Personally experienced work-related harm, Central/Western Africa: % finding it very difficult",16,pct,,table,N,,"Experience of work-related harm uses everyone asked the experience question, not only workers: that is what reproduces the report (see README)."
T2_2_eastern_africa_comfortable,28,Table 2.2,"Personally experienced work-related harm, Eastern Africa: % living comfortably",11,pct,,table,N,,"Experience of work-related harm uses everyone asked the experience question, not only workers: that is what reproduces the report (see README)."
T2_2_eastern_africa_getting_by,28,Table 2.2,"Personally experienced work-related harm, Eastern Africa: % getting by",12,pct,,table,N,,"Experience of work-related harm uses everyone asked the experience question, not only workers: that is what reproduces the report (see README)."
T2_2_eastern_africa_difficult,28,Table 2.2,"Personally experienced work-related harm, Eastern Africa: % finding it difficult",16,pct,,table,N,,"Experience of work-related harm uses everyone asked the experience question, not only workers: that is what reproduces the report (see README)."
T2_2_eastern_africa_very_difficult,28,Table 2.2,"Personally experienced work-related harm, Eastern Africa: % finding it very difficult",16,pct,,table,N,,"Experience of work-related harm uses everyone asked the experience question, not only workers: that is what reproduces the report (see README)."
T2_2_northern_western_europe_comfortable,28,Table 2.2,"Personally experienced work-related harm, Northern/Western Europe: % living comfortably",12,pct,,table,N,,"Experience of work-related harm uses everyone asked the experience question, not only workers: that is what reproduces the report (see README)."
T2_2_northern_western_europe_getting_by,28,Table 2.2,"Personally experienced work-related harm, Northern/Western Europe: % getting by",10,pct,,table,N,,"Experience of work-related harm uses everyone asked the experience question, not only workers: that is what reproduces the report (see README)."
T2_2_northern_western_europe_difficult,28,Table 2.2,"Personally experienced work-related harm, Northern/Western Europe: % finding it difficult",16,pct,,table,N,,"Experience of work-related harm uses everyone asked the experience question, not only workers: that is what reproduces the report (see README)."
T2_2_northern_western_europe_very_difficult,28,Table 2.2,"Personally experienced work-related harm, Northern/Western Europe: % finding it very difficult",16,pct,,table,N,,"Experience of work-related harm uses everyone asked the experience question, not only workers: that is what reproduces the report (see README)."
T2_2_eastern_europe_comfortable,28,Table 2.2,"Personally experienced work-related harm, Eastern Europe: % living comfortably",4,pct,,table,N,,"Experience of work-related harm uses everyone asked the experience question, not only workers: that is what reproduces the report (see README)."
T2_2_eastern_europe_getting_by,28,Table 2.2,"Personally experienced work-related harm, Eastern Europe: % getting by",7,pct,,table,N,,"Experience of work-related harm uses everyone asked the experience question, not only workers: that is what reproduces the report (see README)."
T2_2_eastern_europe_difficult,28,Table 2.2,"Personally experienced work-related harm, Eastern Europe: % finding it difficult",9,pct,,table,N,,"Experience of work-related harm uses everyone asked the experience question, not only workers: that is what reproduces the report (see README)."
T2_2_eastern_europe_very_difficult,28,Table 2.2,"Personally experienced work-related harm, Eastern Europe: % finding it very difficult",15,pct,,table,N,,"Experience of work-related harm uses everyone asked the experience question, not only workers: that is what reproduces the report (see README)."
T2_2_eastern_asia_comfortable,28,Table 2.2,"Personally experienced work-related harm, Eastern Asia: % living comfortably",4,pct,,table,N,,"Experience of work-related harm uses everyone asked the experience question, not only workers: that is what reproduces the report (see README)."
T2_2_eastern_asia_getting_by,28,Table 2.2,"Personally experienced work-related harm, Eastern Asia: % getting by",4,pct,,table,N,,"Experience of work-related harm uses everyone asked the experience question, not only workers: that is what reproduces the report (see README)."
T2_2_eastern_asia_difficult,28,Table 2.2,"Personally experienced work-related harm, Eastern Asia: % finding it difficult",9,pct,,table,N,,"Experience of work-related harm uses everyone asked the experience question, not only workers: that is what reproduces the report (see README)."
T2_2_eastern_asia_very_difficult,28,Table 2.2,"Personally experienced work-related harm, Eastern Asia: % finding it very difficult",15,pct,,table,N,,"Experience of work-related harm uses everyone asked the experience question, not only workers: that is what reproduces the report (see README)."
T2_2_central_asia_comfortable,28,Table 2.2,"Personally experienced work-related harm, Central Asia: % living comfortably",2,pct,,table,N,,"Experience of work-related harm uses everyone asked the experience question, not only workers: that is what reproduces the report (see README)."
T2_2_central_asia_getting_by,28,Table 2.2,"Personally experienced work-related harm, Central Asia: % getting by",4,pct,,table,N,,"Experience of work-related harm uses everyone asked the experience question, not only workers: that is what reproduces the report (see README)."
T2_2_central_asia_difficult,28,Table 2.2,"Personally experienced work-related harm, Central Asia: % finding it difficult",8,pct,,table,N,,"Experience of work-related harm uses everyone asked the experience question, not only workers: that is what reproduces the report (see README)."
T2_2_central_asia_very_difficult,28,Table 2.2,"Personally experienced work-related harm, Central Asia: % finding it very difficult",11,pct,,table,N,,"Experience of work-related harm uses everyone asked the experience question, not only workers: that is what reproduces the report (see README)."
T2_2_australia_nz_comfortable,28,Table 2.2,"Personally experienced work-related harm, Australia & New Zealand: % living comfortably",6,pct,,table,N,,"Experience of work-related harm uses everyone asked the experience question, not only workers: that is what reproduces the report (see README)."
T2_2_australia_nz_getting_by,28,Table 2.2,"Personally experienced work-related harm, Australia & New Zealand: % getting by",7,pct,,table,N,,"Experience of work-related harm uses everyone asked the experience question, not only workers: that is what reproduces the report (see README)."
T2_2_australia_nz_difficult,28,Table 2.2,"Personally experienced work-related harm, Australia & New Zealand: % finding it difficult",8,pct,,table,N,,"Experience of work-related harm uses everyone asked the experience question, not only workers: that is what reproduces the report (see README)."
T2_2_australia_nz_very_difficult,28,Table 2.2,"Personally experienced work-related harm, Australia & New Zealand: % finding it very difficult",5,pct,,table,N,,"Experience of work-related harm uses everyone asked the experience question, not only workers: that is what reproduces the report (see README)."
X54_SLE,29,Chapter 2,"Personally experienced harm from food in the past two years, by country: % Sierra Leone",28,pct,,text,N,,"Personally experienced = 'yes, personally' or 'both'."
X54_GHA,29,Chapter 2,"Personally experienced harm from food in the past two years, by country: % Ghana",28,pct,,text,N,,"Personally experienced = 'yes, personally' or 'both'."
X54_ZMB,29,Chapter 2,"Personally experienced harm from food in the past two years, by country: % Zambia",25,pct,,text,N,,"Personally experienced = 'yes, personally' or 'both'."
X54_IND,29,Chapter 2,"Personally experienced harm from food in the past two years, by country: % India",25,pct,,text,N,,"Personally experienced = 'yes, personally' or 'both'."
X54_MOZ,29,Chapter 2,"Personally experienced harm from food in the past two years, by country: % Mozambique",25,pct,,text,N,,"Personally experienced = 'yes, personally' or 'both'."
X54_PHL,29,Chapter 2,"Personally experienced harm from food in the past two years, by country: % the Philippines",21,pct,,text,N,,"Personally experienced = 'yes, personally' or 'both'."
X54_AFG,29,Chapter 2,"Personally experienced harm from food in the past two years, by country: % Afghanistan",20,pct,,text,N,,"Personally experienced = 'yes, personally' or 'both'."
X54_DZA,29,Chapter 2,"Personally experienced harm from food in the past two years, by country: % Algeria",20,pct,,text,N,,"Personally experienced = 'yes, personally' or 'both'."
X55,29,Chapter 2,Countries where at least 20% personally experienced harm from food,8,count,,text,N,,
X56_MOZ,29,Chapter 2,"Very worried about harm from the food they eat, by country: % Mozambique",59,pct,,text,N,,
X56_SLE,29,Chapter 2,"Very worried about harm from the food they eat, by country: % Sierra Leone",57,pct,,text,N,,
X56_GHA,29,Chapter 2,"Very worried about harm from the food they eat, by country: % Ghana",39,pct,,text,N,,
X56_PHL,29,Chapter 2,"Very worried about harm from the food they eat, by country: % the Philippines",39,pct,,text,N,,
X56_ZMB,29,Chapter 2,"Very worried about harm from the food they eat, by country: % Zambia",34,pct,,text,N,,
X56_DZA,29,Chapter 2,"Very worried about harm from the food they eat, by country: % Algeria",10,pct,,text,N,,
X57,29,Chapter 2,Of Cameroon and Congo Brazzaville: countries where more than 25% experienced harm from water,2,count,,text,N,,
X58_SLE_very_worried,29,Chapter 2,"Water, very worried vs personally experienced harm, by country: % very worried, Sierra Leone",54,pct,,text,N,,"Personally experienced = 'yes, personally' or 'both'."
X58_SLE_experienced,29,Chapter 2,"Water, very worried vs personally experienced harm, by country: % experienced, Sierra Leone",30,pct,,text,N,,"Personally experienced = 'yes, personally' or 'both'."
X58_COG_very_worried,29,Chapter 2,"Water, very worried vs personally experienced harm, by country: % very worried, Congo Brazzaville",56,pct,,text,N,,"Personally experienced = 'yes, personally' or 'both'."
X58_COG_experienced,29,Chapter 2,"Water, very worried vs personally experienced harm, by country: % experienced, Congo Brazzaville",26,pct,,text,N,,"Personally experienced = 'yes, personally' or 'both'."
X58_GHA_very_worried,29,Chapter 2,"Water, very worried vs personally experienced harm, by country: % very worried, Ghana",40,pct,,text,N,,"Personally experienced = 'yes, personally' or 'both'."
X58_GHA_experienced,29,Chapter 2,"Water, very worried vs personally experienced harm, by country: % experienced, Ghana",21,pct,,text,N,,"Personally experienced = 'yes, personally' or 'both'."
X58_PHL_experienced,29,Chapter 2,"Water, very worried vs personally experienced harm, by country: % experienced, the Philippines",21,pct,,text,N,,"Personally experienced = 'yes, personally' or 'both'."
X58_PHL_very_worried,29,Chapter 2,"Water, very worried vs personally experienced harm, by country: % very worried, the Philippines",19,pct,,text,N,,"Personally experienced = 'yes, personally' or 'both'."
X91_SLE,29,Chapter 2,"Water, very worried relative to personally experienced harm ('close to twice'): Sierra Leone",2,ratio,0.5,text,N,,"Ratio of the rounded percentages (54 / 30, 56 / 26, 40 / 21)."
X91_COG,29,Chapter 2,"Water, very worried relative to personally experienced harm ('close to twice'): Congo Brazzaville",2,ratio,0.5,text,N,,"Ratio of the rounded percentages (54 / 30, 56 / 26, 40 / 21)."
X91_GHA,29,Chapter 2,"Water, very worried relative to personally experienced harm ('close to twice'): Ghana",2,ratio,0.5,text,N,,"Ratio of the rounded percentages (54 / 30, 56 / 26, 40 / 21)."
X59,"31, 35",Chapter 3,Southeastern Asian countries where more than 10% named Covid-19 as greatest risk,7,count,,text,N,,
X60_MYS,"31, 35",Chapter 3,"Covid-19 named as greatest risk, by country: % Malaysia",34,pct,,text,N,,
X60_PHL,"31, 35",Chapter 3,"Covid-19 named as greatest risk, by country: % the Philippines",33,pct,,text,N,,
X61,35,Chapter 3,Southeastern Asian countries surveyed,9,count,,text,N,,
C3_1_15_29_health,32,Chart 3.1,"Greatest risk, aged 15-29: % personal health (non-Covid-19)",7,pct,,chart,N,,
C3_1_15_29_covid,32,Chart 3.1,"Greatest risk, aged 15-29: % Covid-19",7,pct,,chart,N,,
C3_1_30_49_health,32,Chart 3.1,"Greatest risk, aged 30-49: % personal health (non-Covid-19)",10,pct,,chart,N,,
C3_1_30_49_covid,32,Chart 3.1,"Greatest risk, aged 30-49: % Covid-19",8,pct,,chart,N,,
C3_1_50_64_health,32,Chart 3.1,"Greatest risk, aged 50-64: % personal health (non-Covid-19)",12,pct,,chart,N,,
C3_1_50_64_covid,32,Chart 3.1,"Greatest risk, aged 50-64: % Covid-19",8,pct,,chart,N,,
C3_1_65plus_health,32,Chart 3.1,"Greatest risk, aged 65+: % personal health (non-Covid-19)",18,pct,,chart,N,,
C3_1_65plus_covid,32,Chart 3.1,"Greatest risk, aged 65+: % Covid-19",5,pct,,chart,N,,
X62_bottom,33,Chapter 3,"Covid-19 named as greatest risk, by within-country income quintile (text): % bottom quintile",6,pct,,text,N,,
X62_top,33,Chapter 3,"Covid-19 named as greatest risk, by within-country income quintile (text): % top quintile",9,pct,,text,N,,
X63_bottom,33,Chapter 3,"Northern Africa, Covid-19 named as greatest risk, by income quintile (text): % bottom quintile",10,pct,,text,N,,
X63_top_three_min,33,Chapter 3,"Northern Africa, Covid-19 named as greatest risk, by income quintile (text): lowest of the top three quintiles ('18%-19%')",18,pct,,text,N,,
X63_top_three_max,33,Chapter 3,"Northern Africa, Covid-19 named as greatest risk, by income quintile (text): highest of the top three quintiles ('18%-19%')",19,pct,,text,N,,
T3_1_southeastern_asia_overall,33,Table 3.1,"Covid-19 named as greatest risk, Southeastern Asia: % overall",16,pct,,table,N,,
T3_1_southeastern_asia_bottom,33,Table 3.1,"Covid-19 named as greatest risk, Southeastern Asia: % bottom 20% income",14,pct,,table,N,,
T3_1_southeastern_asia_second,33,Table 3.1,"Covid-19 named as greatest risk, Southeastern Asia: % second 20%",16,pct,,table,N,,
T3_1_southeastern_asia_middle,33,Table 3.1,"Covid-19 named as greatest risk, Southeastern Asia: % middle 20%",16,pct,,table,N,,
T3_1_southeastern_asia_fourth,33,Table 3.1,"Covid-19 named as greatest risk, Southeastern Asia: % fourth 20%",16,pct,,table,N,,
T3_1_southeastern_asia_top,33,Table 3.1,"Covid-19 named as greatest risk, Southeastern Asia: % top 20% income",18,pct,,table,N,,
T3_1_northern_africa_overall,33,Table 3.1,"Covid-19 named as greatest risk, Northern Africa: % overall",16,pct,,table,N,,
T3_1_northern_africa_bottom,33,Table 3.1,"Covid-19 named as greatest risk, Northern Africa: % bottom 20% income",10,pct,,table,N,,
T3_1_northern_africa_second,33,Table 3.1,"Covid-19 named as greatest risk, Northern Africa: % second 20%",13,pct,,table,N,,
T3_1_northern_africa_middle,33,Table 3.1,"Covid-19 named as greatest risk, Northern Africa: % middle 20%",19,pct,,table,N,,
T3_1_northern_africa_fourth,33,Table 3.1,"Covid-19 named as greatest risk, Northern Africa: % fourth 20%",18,pct,,table,N,,
T3_1_northern_africa_top,33,Table 3.1,"Covid-19 named as greatest risk, Northern Africa: % top 20% income",18,pct,,table,N,,
T3_1_southern_africa_overall,33,Table 3.1,"Covid-19 named as greatest risk, Southern Africa: % overall",10,pct,,table,N,,
T3_1_southern_africa_bottom,33,Table 3.1,"Covid-19 named as greatest risk, Southern Africa: % bottom 20% income",8,pct,,table,N,,
T3_1_southern_africa_second,33,Table 3.1,"Covid-19 named as greatest risk, Southern Africa: % second 20%",10,pct,,table,N,,
T3_1_southern_africa_middle,33,Table 3.1,"Covid-19 named as greatest risk, Southern Africa: % middle 20%",9,pct,,table,N,,
T3_1_southern_africa_fourth,33,Table 3.1,"Covid-19 named as greatest risk, Southern Africa: % fourth 20%",9,pct,,table,N,,
T3_1_southern_africa_top,33,Table 3.1,"Covid-19 named as greatest risk, Southern Africa: % top 20% income",13,pct,,table,N,,
T3_1_middle_east_overall,33,Table 3.1,"Covid-19 named as greatest risk, Middle East: % overall",8,pct,,table,N,,
T3_1_middle_east_bottom,33,Table 3.1,"Covid-19 named as greatest risk, Middle East: % bottom 20% income",9,pct,,table,N,,
T3_1_middle_east_second,33,Table 3.1,"Covid-19 named as greatest risk, Middle East: % second 20%",8,pct,,table,N,,
T3_1_middle_east_middle,33,Table 3.1,"Covid-19 named as greatest risk, Middle East: % middle 20%",10,pct,,table,N,,
T3_1_middle_east_fourth,33,Table 3.1,"Covid-19 named as greatest risk, Middle East: % fourth 20%",9,pct,,table,N,,
T3_1_middle_east_top,33,Table 3.1,"Covid-19 named as greatest risk, Middle East: % top 20% income",7,pct,,table,N,,
T3_1_southern_asia_overall,33,Table 3.1,"Covid-19 named as greatest risk, Southern Asia: % overall",8,pct,,table,N,,
T3_1_southern_asia_bottom,33,Table 3.1,"Covid-19 named as greatest risk, Southern Asia: % bottom 20% income",4,pct,,table,N,,
T3_1_southern_asia_second,33,Table 3.1,"Covid-19 named as greatest risk, Southern Asia: % second 20%",8,pct,,table,N,,
T3_1_southern_asia_middle,33,Table 3.1,"Covid-19 named as greatest risk, Southern Asia: % middle 20%",7,pct,,table,N,,
T3_1_southern_asia_fourth,33,Table 3.1,"Covid-19 named as greatest risk, Southern Asia: % fourth 20%",9,pct,,table,N,,
T3_1_southern_asia_top,33,Table 3.1,"Covid-19 named as greatest risk, Southern Asia: % top 20% income",11,pct,,table,N,,
T3_1_central_asia_overall,33,Table 3.1,"Covid-19 named as greatest risk, Central Asia: % overall",7,pct,,table,N,,
T3_1_central_asia_bottom,33,Table 3.1,"Covid-19 named as greatest risk, Central Asia: % bottom 20% income",5,pct,,table,N,,
T3_1_central_asia_second,33,Table 3.1,"Covid-19 named as greatest risk, Central Asia: % second 20%",7,pct,,table,N,,
T3_1_central_asia_middle,33,Table 3.1,"Covid-19 named as greatest risk, Central Asia: % middle 20%",6,pct,,table,N,,
T3_1_central_asia_fourth,33,Table 3.1,"Covid-19 named as greatest risk, Central Asia: % fourth 20%",9,pct,,table,N,,
T3_1_central_asia_top,33,Table 3.1,"Covid-19 named as greatest risk, Central Asia: % top 20% income",9,pct,,table,N,,
T3_1_eastern_asia_overall,33,Table 3.1,"Covid-19 named as greatest risk, Eastern Asia: % overall",7,pct,,table,N,,
T3_1_eastern_asia_bottom,33,Table 3.1,"Covid-19 named as greatest risk, Eastern Asia: % bottom 20% income",7,pct,,table,N,,
T3_1_eastern_asia_second,33,Table 3.1,"Covid-19 named as greatest risk, Eastern Asia: % second 20%",8,pct,,table,N,,
T3_1_eastern_asia_middle,33,Table 3.1,"Covid-19 named as greatest risk, Eastern Asia: % middle 20%",5,pct,,table,N,,
T3_1_eastern_asia_fourth,33,Table 3.1,"Covid-19 named as greatest risk, Eastern Asia: % fourth 20%",9,pct,,table,N,,
T3_1_eastern_asia_top,33,Table 3.1,"Covid-19 named as greatest risk, Eastern Asia: % top 20% income",8,pct,,table,N,,
T3_1_australia_nz_overall,33,Table 3.1,"Covid-19 named as greatest risk, Australia & New Zealand: % overall",7,pct,,table,N,,
T3_1_australia_nz_bottom,33,Table 3.1,"Covid-19 named as greatest risk, Australia & New Zealand: % bottom 20% income",10,pct,,table,N,,
T3_1_australia_nz_second,33,Table 3.1,"Covid-19 named as greatest risk, Australia & New Zealand: % second 20%",6,pct,,table,N,,
T3_1_australia_nz_middle,33,Table 3.1,"Covid-19 named as greatest risk, Australia & New Zealand: % middle 20%",3,pct,,table,N,,
T3_1_australia_nz_fourth,33,Table 3.1,"Covid-19 named as greatest risk, Australia & New Zealand: % fourth 20%",7,pct,,table,N,,
T3_1_australia_nz_top,33,Table 3.1,"Covid-19 named as greatest risk, Australia & New Zealand: % top 20% income",8,pct,,table,N,,
T3_1_northern_america_overall,33,Table 3.1,"Covid-19 named as greatest risk, Northern America: % overall",5,pct,,table,N,,
T3_1_northern_america_bottom,33,Table 3.1,"Covid-19 named as greatest risk, Northern America: % bottom 20% income",3,pct,,table,N,,
T3_1_northern_america_second,33,Table 3.1,"Covid-19 named as greatest risk, Northern America: % second 20%",6,pct,,table,N,,
T3_1_northern_america_middle,33,Table 3.1,"Covid-19 named as greatest risk, Northern America: % middle 20%",6,pct,,table,N,,
T3_1_northern_america_fourth,33,Table 3.1,"Covid-19 named as greatest risk, Northern America: % fourth 20%",4,pct,,table,N,,
T3_1_northern_america_top,33,Table 3.1,"Covid-19 named as greatest risk, Northern America: % top 20% income",7,pct,,table,N,,
T3_1_eastern_europe_overall,33,Table 3.1,"Covid-19 named as greatest risk, Eastern Europe: % overall",5,pct,,table,N,,
T3_1_eastern_europe_bottom,33,Table 3.1,"Covid-19 named as greatest risk, Eastern Europe: % bottom 20% income",5,pct,,table,N,,
T3_1_eastern_europe_second,33,Table 3.1,"Covid-19 named as greatest risk, Eastern Europe: % second 20%",5,pct,,table,N,,
T3_1_eastern_europe_middle,33,Table 3.1,"Covid-19 named as greatest risk, Eastern Europe: % middle 20%",6,pct,,table,N,,
T3_1_eastern_europe_fourth,33,Table 3.1,"Covid-19 named as greatest risk, Eastern Europe: % fourth 20%",4,pct,,table,N,,
T3_1_eastern_europe_top,33,Table 3.1,"Covid-19 named as greatest risk, Eastern Europe: % top 20% income",5,pct,,table,N,,
T3_1_northern_western_europe_overall,33,Table 3.1,"Covid-19 named as greatest risk, Northern/Western Europe: % overall",4,pct,,table,N,,
T3_1_northern_western_europe_bottom,33,Table 3.1,"Covid-19 named as greatest risk, Northern/Western Europe: % bottom 20% income",4,pct,,table,N,,
T3_1_northern_western_europe_second,33,Table 3.1,"Covid-19 named as greatest risk, Northern/Western Europe: % second 20%",4,pct,,table,N,,
T3_1_northern_western_europe_middle,33,Table 3.1,"Covid-19 named as greatest risk, Northern/Western Europe: % middle 20%",3,pct,,table,N,,
T3_1_northern_western_europe_fourth,33,Table 3.1,"Covid-19 named as greatest risk, Northern/Western Europe: % fourth 20%",4,pct,,table,N,,
T3_1_northern_western_europe_top,33,Table 3.1,"Covid-19 named as greatest risk, Northern/Western Europe: % top 20% income",4,pct,,table,N,,
T3_1_southern_europe_overall,33,Table 3.1,"Covid-19 named as greatest risk, Southern Europe: % overall",4,pct,,table,N,,
T3_1_southern_europe_bottom,33,Table 3.1,"Covid-19 named as greatest risk, Southern Europe: % bottom 20% income",4,pct,,table,N,,
T3_1_southern_europe_second,33,Table 3.1,"Covid-19 named as greatest risk, Southern Europe: % second 20%",5,pct,,table,N,,
T3_1_southern_europe_middle,33,Table 3.1,"Covid-19 named as greatest risk, Southern Europe: % middle 20%",4,pct,,table,N,,
T3_1_southern_europe_fourth,33,Table 3.1,"Covid-19 named as greatest risk, Southern Europe: % fourth 20%",4,pct,,table,N,,
T3_1_southern_europe_top,33,Table 3.1,"Covid-19 named as greatest risk, Southern Europe: % top 20% income",3,pct,,table,N,,
T3_1_eastern_africa_overall,33,Table 3.1,"Covid-19 named as greatest risk, Eastern Africa: % overall",3,pct,,table,N,,
T3_1_eastern_africa_bottom,33,Table 3.1,"Covid-19 named as greatest risk, Eastern Africa: % bottom 20% income",2,pct,,table,N,,
T3_1_eastern_africa_second,33,Table 3.1,"Covid-19 named as greatest risk, Eastern Africa: % second 20%",2,pct,,table,N,,
T3_1_eastern_africa_middle,33,Table 3.1,"Covid-19 named as greatest risk, Eastern Africa: % middle 20%",4,pct,,table,N,,
T3_1_eastern_africa_fourth,33,Table 3.1,"Covid-19 named as greatest risk, Eastern Africa: % fourth 20%",2,pct,,table,N,,
T3_1_eastern_africa_top,33,Table 3.1,"Covid-19 named as greatest risk, Eastern Africa: % top 20% income",4,pct,,table,N,,
T3_1_latin_america_overall,33,Table 3.1,"Covid-19 named as greatest risk, Latin America & Caribbean: % overall",3,pct,,table,N,,
T3_1_latin_america_bottom,33,Table 3.1,"Covid-19 named as greatest risk, Latin America & Caribbean: % bottom 20% income",4,pct,,table,N,,
T3_1_latin_america_second,33,Table 3.1,"Covid-19 named as greatest risk, Latin America & Caribbean: % second 20%",2,pct,,table,N,,
T3_1_latin_america_middle,33,Table 3.1,"Covid-19 named as greatest risk, Latin America & Caribbean: % middle 20%",3,pct,,table,N,,
T3_1_latin_america_fourth,33,Table 3.1,"Covid-19 named as greatest risk, Latin America & Caribbean: % fourth 20%",2,pct,,table,N,,
T3_1_latin_america_top,33,Table 3.1,"Covid-19 named as greatest risk, Latin America & Caribbean: % top 20% income",2,pct,,table,N,,
T3_1_central_western_africa_overall,33,Table 3.1,"Covid-19 named as greatest risk, Central/Western Africa: % overall",1,pct,,table,N,,
T3_1_central_western_africa_bottom,33,Table 3.1,"Covid-19 named as greatest risk, Central/Western Africa: % bottom 20% income",0,pct,0.5,table,N,,Printed as '<0.5'; recorded as 0 with a tolerance of 0.5.
T3_1_central_western_africa_second,33,Table 3.1,"Covid-19 named as greatest risk, Central/Western Africa: % second 20%",0,pct,0.5,table,N,,Printed as '<0.5'; recorded as 0 with a tolerance of 0.5.
T3_1_central_western_africa_middle,33,Table 3.1,"Covid-19 named as greatest risk, Central/Western Africa: % middle 20%",0,pct,0.5,table,N,,Printed as '<0.5'; recorded as 0 with a tolerance of 0.5.
T3_1_central_western_africa_fourth,33,Table 3.1,"Covid-19 named as greatest risk, Central/Western Africa: % fourth 20%",1,pct,,table,N,,
T3_1_central_western_africa_top,33,Table 3.1,"Covid-19 named as greatest risk, Central/Western Africa: % top 20% income",1,pct,,table,N,,
X64,34,Chapter 3,"Countries where more than two-thirds felt less safe than five years ago (Venezuela, Lebanon, Afghanistan)",3,count,,text,N,,
X65_southeastern_asia,35,Chapter 3,"Covid-19 named as greatest risk, by region (text): % Southeastern Asia",16,pct,,text,N,,
X65_northern_africa,35,Chapter 3,"Covid-19 named as greatest risk, by region (text): % Northern Africa",16,pct,,text,N,,
M3_1_MMR,35,Map 3.1,% naming Covid-19 as the greatest threat to their safety: Myanmar,2,pct,,chart,N,,
M3_1_LAO,35,Map 3.1,% naming Covid-19 as the greatest threat to their safety: Laos,20,pct,,chart,N,,
M3_1_VNM,35,Map 3.1,% naming Covid-19 as the greatest threat to their safety: Vietnam,17,pct,,chart,N,,
M3_1_THA,35,Map 3.1,% naming Covid-19 as the greatest threat to their safety: Thailand,19,pct,,chart,N,,
M3_1_PHL,35,Map 3.1,% naming Covid-19 as the greatest threat to their safety: Philippines,33,pct,,chart,N,,
M3_1_MYS,35,Map 3.1,% naming Covid-19 as the greatest threat to their safety: Malaysia,34,pct,,chart,N,,
M3_1_KHM,35,Map 3.1,% naming Covid-19 as the greatest threat to their safety: Cambodia,14,pct,,chart,N,,
M3_1_SGP,35,Map 3.1,% naming Covid-19 as the greatest threat to their safety: Singapore,11,pct,,chart,N,,
M3_1_IDN,35,Map 3.1,% naming Covid-19 as the greatest threat to their safety: Indonesia,9,pct,,chart,N,,
X66,36,Chapter 3,Countries outside Southeastern Asia where one-third or more named Covid-19 (Algeria),1,count,,text,N,,
X67_2019,"37, 38, 40",Chapter 4,"Experienced serious harm from mental health issues (self or someone known), global (text): % 2019",20,pct,,text,N,,Trend base: the 119 countries surveyed in both years.
X67_2021,"37, 38, 40",Chapter 4,"Experienced serious harm from mental health issues (self or someone known), global (text): % 2021",25,pct,,text,N,,Trend base: the 119 countries surveyed in both years.
X68_weather,38,Chapter 4,"Increase in % experienced serious harm, 2019 to 2021 ('five-point increases'): severe weather events (points)",5,pct,,text,N,,Trend base: the 119 countries surveyed in both years. The report computes differences from the rounded percentages.
X68_mental,38,Chapter 4,"Increase in % experienced serious harm, 2019 to 2021 ('five-point increases'): mental health issues (points)",5,pct,,text,N,,Trend base: the 119 countries surveyed in both years. The report computes differences from the rounded percentages.
C4_1_weather_2019,39,Chart 4.1,"Experienced or know someone who experienced serious harm, global, 2019: % Severe weather events",22,pct,,chart,N,,Trend base: the 119 countries surveyed in both years.
C4_1_weather_2021,39,Chart 4.1,"Experienced or know someone who experienced serious harm, global, 2021: % Severe weather events",27,pct,,chart,N,,Trend base: the 119 countries surveyed in both years.
C4_1_mental_2019,39,Chart 4.1,"Experienced or know someone who experienced serious harm, global, 2019: % Mental health issues",20,pct,,chart,N,,Trend base: the 119 countries surveyed in both years.
C4_1_mental_2021,39,Chart 4.1,"Experienced or know someone who experienced serious harm, global, 2021: % Mental health issues",25,pct,,chart,N,,Trend base: the 119 countries surveyed in both years.
C4_1_crime_2019,39,Chart 4.1,"Experienced or know someone who experienced serious harm, global, 2019: % Violent crime",17,pct,,chart,N,,Trend base: the 119 countries surveyed in both years.
C4_1_crime_2021,39,Chart 4.1,"Experienced or know someone who experienced serious harm, global, 2021: % Violent crime",19,pct,,chart,N,,Trend base: the 119 countries surveyed in both years.
C4_1_food_2019,39,Chart 4.1,"Experienced or know someone who experienced serious harm, global, 2019: % Eating food",17,pct,,chart,N,,Trend base: the 119 countries surveyed in both years.
C4_1_food_2021,39,Chart 4.1,"Experienced or know someone who experienced serious harm, global, 2021: % Eating food",19,pct,,chart,N,,Trend base: the 119 countries surveyed in both years.
C4_1_water_2019,39,Chart 4.1,"Experienced or know someone who experienced serious harm, global, 2019: % Drinking water",14,pct,,chart,N,,Trend base: the 119 countries surveyed in both years.
C4_1_water_2021,39,Chart 4.1,"Experienced or know someone who experienced serious harm, global, 2021: % Drinking water",14,pct,,chart,N,,Trend base: the 119 countries surveyed in both years.
X69,39,Chapter 4,Risk sources (of five asked in both years) where the % very worried was stable,4,count,,text,N,,Stable read as a change of at most 1 point in the rounded figures. Trend base: the 119 countries surveyed in both years.
X70_crime_2019,39,Chapter 4,"Very worried, global, 2019 vs 2021 (text): % violent crime, 2019",32,pct,,text,N,,Trend base: the 119 countries surveyed in both years.
X70_crime_2021,39,Chapter 4,"Very worried, global, 2019 vs 2021 (text): % violent crime, 2021",32,pct,,text,N,,Trend base: the 119 countries surveyed in both years.
X70_food_2019,39,Chapter 4,"Very worried, global, 2019 vs 2021 (text): % food, 2019",21,pct,,text,N,,Trend base: the 119 countries surveyed in both years.
X70_food_2021,39,Chapter 4,"Very worried, global, 2019 vs 2021 (text): % food, 2021",22,pct,,text,N,,Trend base: the 119 countries surveyed in both years.
X70_water_2019,39,Chapter 4,"Very worried, global, 2019 vs 2021 (text): % water, 2019",18,pct,,text,N,,Trend base: the 119 countries surveyed in both years.
X70_water_2021,39,Chapter 4,"Very worried, global, 2019 vs 2021 (text): % water, 2021",18,pct,,text,N,,Trend base: the 119 countries surveyed in both years.
X71_2019,40,Chapter 4,"Very worried about mental health issues, global (text): % 2019",19,pct,,text,N,,Trend base: the 119 countries surveyed in both years.
X71_2021,40,Chapter 4,"Very worried about mental health issues, global (text): % 2021",25,pct,,text,N,,Trend base: the 119 countries surveyed in both years.
C4_2_weather_2019,40,Chart 4.2,"Very worried about harm, global, 2019: % Severe weather events",34,pct,,chart,N,,Trend base: the 119 countries surveyed in both years.
C4_2_weather_2021,40,Chart 4.2,"Very worried about harm, global, 2021: % Severe weather events",34,pct,,chart,N,,Trend base: the 119 countries surveyed in both years.
C4_2_crime_2019,40,Chart 4.2,"Very worried about harm, global, 2019: % Violent crime",32,pct,,chart,N,,Trend base: the 119 countries surveyed in both years.
C4_2_crime_2021,40,Chart 4.2,"Very worried about harm, global, 2021: % Violent crime",32,pct,,chart,N,,Trend base: the 119 countries surveyed in both years.
C4_2_mental_2019,40,Chart 4.2,"Very worried about harm, global, 2019: % Mental health issues",19,pct,,chart,N,,Trend base: the 119 countries surveyed in both years.
C4_2_mental_2021,40,Chart 4.2,"Very worried about harm, global, 2021: % Mental health issues",25,pct,,chart,N,,Trend base: the 119 countries surveyed in both years.
C4_2_food_2019,40,Chart 4.2,"Very worried about harm, global, 2019: % The food you eat",21,pct,,chart,N,,Trend base: the 119 countries surveyed in both years.
C4_2_food_2021,40,Chart 4.2,"Very worried about harm, global, 2021: % The food you eat",22,pct,,chart,N,,Trend base: the 119 countries surveyed in both years.
C4_2_water_2019,40,Chart 4.2,"Very worried about harm, global, 2019: % The water you drink",18,pct,,chart,N,,Trend base: the 119 countries surveyed in both years.
C4_2_water_2021,40,Chart 4.2,"Very worried about harm, global, 2021: % The water you drink",18,pct,,chart,N,,Trend base: the 119 countries surveyed in both years.
X72_personally,40,Chapter 4,"Harm from mental health issues in the past two years, global, 2021 (text): % personally experienced",12,pct,,text,N,,"Personally experienced = 'yes, personally' or 'both'."
X72_someone_known,40,Chapter 4,"Harm from mental health issues in the past two years, global, 2021 (text): % someone they personally know (only)",13,pct,,text,N,,"Personally experienced = 'yes, personally' or 'both'."
C4_3_low,41,Chart 4.3,"Personally experienced serious harm from mental health issues, total for Low-income countries",16,pct,,chart,N,,"Personally experienced = 'yes, personally' or 'both'. The chart's country points carry no values."
C4_3_lower_middle,41,Chart 4.3,"Personally experienced serious harm from mental health issues, total for Lower-middle-income countries",16,pct,,chart,N,,"Personally experienced = 'yes, personally' or 'both'. The chart's country points carry no values."
C4_3_upper_middle,41,Chart 4.3,"Personally experienced serious harm from mental health issues, total for Upper-middle-income countries",8,pct,,chart,N,,"Personally experienced = 'yes, personally' or 'both'. The chart's country points carry no values."
C4_3_high,41,Chart 4.3,"Personally experienced serious harm from mental health issues, total for High-income countries",10,pct,,chart,N,,"Personally experienced = 'yes, personally' or 'both'. The chart's country points carry no values."
X73_northern_america,41,Chapter 4,Climate change a 'very serious threat' ('about half'): % Northern America,50,pct,5,text,N,,
X73_australia_nz,41,Chapter 4,Climate change a 'very serious threat' ('about half'): % Australia/New Zealand,50,pct,5,text,N,,
C4_4_northern_america_very,42,Chart 4.4,"Climate change a 'very serious threat', Northern America: % among those very worried about harm from severe weather",80,pct,,chart,N,,
C4_4_northern_america_somewhat,42,Chart 4.4,"Climate change a 'very serious threat', Northern America: % among those somewhat worried about harm from severe weather",57,pct,,chart,N,,
C4_4_northern_america_not,42,Chart 4.4,"Climate change a 'very serious threat', Northern America: % among those not worried about harm from severe weather",31,pct,,chart,N,,
C4_4_australia_nz_very,42,Chart 4.4,"Climate change a 'very serious threat', Australia & New Zealand: % among those very worried about harm from severe weather",72,pct,,chart,N,,
C4_4_australia_nz_somewhat,42,Chart 4.4,"Climate change a 'very serious threat', Australia & New Zealand: % among those somewhat worried about harm from severe weather",56,pct,,chart,N,,
C4_4_australia_nz_not,42,Chart 4.4,"Climate change a 'very serious threat', Australia & New Zealand: % among those not worried about harm from severe weather",38,pct,,chart,N,,
C4_4_southern_asia_very,42,Chart 4.4,"Climate change a 'very serious threat', Southern Asia: % among those very worried about harm from severe weather",48,pct,,chart,N,,
C4_4_southern_asia_somewhat,42,Chart 4.4,"Climate change a 'very serious threat', Southern Asia: % among those somewhat worried about harm from severe weather",33,pct,,chart,N,,
C4_4_southern_asia_not,42,Chart 4.4,"Climate change a 'very serious threat', Southern Asia: % among those not worried about harm from severe weather",32,pct,,chart,N,,
C4_4_southeastern_asia_very,42,Chart 4.4,"Climate change a 'very serious threat', Southeastern Asia: % among those very worried about harm from severe weather",47,pct,,chart,N,,
C4_4_southeastern_asia_somewhat,42,Chart 4.4,"Climate change a 'very serious threat', Southeastern Asia: % among those somewhat worried about harm from severe weather",42,pct,,chart,N,,
C4_4_southeastern_asia_not,42,Chart 4.4,"Climate change a 'very serious threat', Southeastern Asia: % among those not worried about harm from severe weather",33,pct,,chart,N,,
X74_road_top,42,Chapter 4,"Very worried, top vs bottom within-country income quintile (text): % road-related accidents, top quintile",32,pct,,text,N,,
X74_road_bottom,42,Chapter 4,"Very worried, top vs bottom within-country income quintile (text): % road-related accidents, bottom quintile",42,pct,,text,N,,
X74_weather_top,42,Chapter 4,"Very worried, top vs bottom within-country income quintile (text): % severe weather, top quintile",29,pct,,text,N,,
X74_weather_bottom,42,Chapter 4,"Very worried, top vs bottom within-country income quintile (text): % severe weather, bottom quintile",40,pct,,text,N,,
X74_mental_top,42,Chapter 4,"Very worried, top vs bottom within-country income quintile (text): % mental health, top quintile",19,pct,,text,N,,
X74_mental_bottom,42,Chapter 4,"Very worried, top vs bottom within-country income quintile (text): % mental health, bottom quintile",29,pct,,text,N,,
X74_work_top,42,Chapter 4,"Very worried, top vs bottom within-country income quintile (text): % work (workers), top quintile",13,pct,,text,N,,
X74_work_bottom,42,Chapter 4,"Very worried, top vs bottom within-country income quintile (text): % work (workers), bottom quintile",24,pct,,text,N,,
X75,42,Chapter 4,Risk sources with at least a 10-point gap in % very worried between top and bottom income quintiles,4,count,,text,N,,"Counted on the rounded figures, as the text lists them (road: 42 vs 32)."
C4_5_weather_bottom,43,Chart 4.5,"Personally experienced harm in the past two years, Severe weather events: % bottom 20% income",21,pct,,chart,N,,"Personally experienced = 'yes, personally' or 'both'."
C4_5_weather_second,43,Chart 4.5,"Personally experienced harm in the past two years, Severe weather events: % second 20%",17,pct,,chart,N,,"Personally experienced = 'yes, personally' or 'both'."
C4_5_weather_middle,43,Chart 4.5,"Personally experienced harm in the past two years, Severe weather events: % middle 20%",14,pct,,chart,N,,"Personally experienced = 'yes, personally' or 'both'."
C4_5_weather_fourth,43,Chart 4.5,"Personally experienced harm in the past two years, Severe weather events: % fourth 20%",12,pct,,chart,N,,"Personally experienced = 'yes, personally' or 'both'."
C4_5_weather_top,43,Chart 4.5,"Personally experienced harm in the past two years, Severe weather events: % top 20% income",11,pct,,chart,N,,"Personally experienced = 'yes, personally' or 'both'."
C4_5_work_bottom,43,Chart 4.5,"Personally experienced harm in the past two years, The work you do: % bottom 20% income",18,pct,,chart,N,,"Personally experienced = 'yes, personally' or 'both'. Experience of work-related harm uses everyone asked the experience question, not only workers: that is what reproduces the report (see README)."
C4_5_work_second,43,Chart 4.5,"Personally experienced harm in the past two years, The work you do: % second 20%",17,pct,,chart,N,,"Personally experienced = 'yes, personally' or 'both'. Experience of work-related harm uses everyone asked the experience question, not only workers: that is what reproduces the report (see README)."
C4_5_work_middle,43,Chart 4.5,"Personally experienced harm in the past two years, The work you do: % middle 20%",14,pct,,chart,N,,"Personally experienced = 'yes, personally' or 'both'. Experience of work-related harm uses everyone asked the experience question, not only workers: that is what reproduces the report (see README)."
C4_5_work_fourth,43,Chart 4.5,"Personally experienced harm in the past two years, The work you do: % fourth 20%",12,pct,,chart,N,,"Personally experienced = 'yes, personally' or 'both'. Experience of work-related harm uses everyone asked the experience question, not only workers: that is what reproduces the report (see README)."
C4_5_work_top,43,Chart 4.5,"Personally experienced harm in the past two years, The work you do: % top 20% income",12,pct,,chart,N,,"Personally experienced = 'yes, personally' or 'both'. Experience of work-related harm uses everyone asked the experience question, not only workers: that is what reproduces the report (see README)."
C4_5_mental_bottom,43,Chart 4.5,"Personally experienced harm in the past two years, Mental health issues: % bottom 20% income",15,pct,,chart,N,,"Personally experienced = 'yes, personally' or 'both'."
C4_5_mental_second,43,Chart 4.5,"Personally experienced harm in the past two years, Mental health issues: % second 20%",13,pct,,chart,N,,"Personally experienced = 'yes, personally' or 'both'."
C4_5_mental_middle,43,Chart 4.5,"Personally experienced harm in the past two years, Mental health issues: % middle 20%",12,pct,,chart,N,,"Personally experienced = 'yes, personally' or 'both'."
C4_5_mental_fourth,43,Chart 4.5,"Personally experienced harm in the past two years, Mental health issues: % fourth 20%",9,pct,,chart,N,,"Personally experienced = 'yes, personally' or 'both'."
C4_5_mental_top,43,Chart 4.5,"Personally experienced harm in the past two years, Mental health issues: % top 20% income",9,pct,,chart,N,,"Personally experienced = 'yes, personally' or 'both'."
C4_5_road_bottom,43,Chart 4.5,"Personally experienced harm in the past two years, Road-related accidents/injuries: % bottom 20% income",14,pct,,chart,N,,"Personally experienced = 'yes, personally' or 'both'."
C4_5_road_second,43,Chart 4.5,"Personally experienced harm in the past two years, Road-related accidents/injuries: % second 20%",14,pct,,chart,N,,"Personally experienced = 'yes, personally' or 'both'."
C4_5_road_middle,43,Chart 4.5,"Personally experienced harm in the past two years, Road-related accidents/injuries: % middle 20%",12,pct,,chart,N,,"Personally experienced = 'yes, personally' or 'both'."
C4_5_road_fourth,43,Chart 4.5,"Personally experienced harm in the past two years, Road-related accidents/injuries: % fourth 20%",12,pct,,chart,N,,"Personally experienced = 'yes, personally' or 'both'."
C4_5_road_top,43,Chart 4.5,"Personally experienced harm in the past two years, Road-related accidents/injuries: % top 20% income",12,pct,,chart,N,,"Personally experienced = 'yes, personally' or 'both'."
C4_5_food_bottom,43,Chart 4.5,"Personally experienced harm in the past two years, Eating food: % bottom 20% income",13,pct,,chart,N,,"Personally experienced = 'yes, personally' or 'both'."
C4_5_food_second,43,Chart 4.5,"Personally experienced harm in the past two years, Eating food: % second 20%",12,pct,,chart,N,,"Personally experienced = 'yes, personally' or 'both'."
C4_5_food_middle,43,Chart 4.5,"Personally experienced harm in the past two years, Eating food: % middle 20%",11,pct,,chart,N,,"Personally experienced = 'yes, personally' or 'both'."
C4_5_food_fourth,43,Chart 4.5,"Personally experienced harm in the past two years, Eating food: % fourth 20%",8,pct,,chart,N,,"Personally experienced = 'yes, personally' or 'both'."
C4_5_food_top,43,Chart 4.5,"Personally experienced harm in the past two years, Eating food: % top 20% income",8,pct,,chart,N,,"Personally experienced = 'yes, personally' or 'both'."
C4_5_water_bottom,43,Chart 4.5,"Personally experienced harm in the past two years, Drinking water: % bottom 20% income",12,pct,,chart,N,,"Personally experienced = 'yes, personally' or 'both'."
C4_5_water_second,43,Chart 4.5,"Personally experienced harm in the past two years, Drinking water: % second 20%",10,pct,,chart,N,,"Personally experienced = 'yes, personally' or 'both'."
C4_5_water_middle,43,Chart 4.5,"Personally experienced harm in the past two years, Drinking water: % middle 20%",9,pct,,chart,N,,"Personally experienced = 'yes, personally' or 'both'."
C4_5_water_fourth,43,Chart 4.5,"Personally experienced harm in the past two years, Drinking water: % fourth 20%",8,pct,,chart,N,,"Personally experienced = 'yes, personally' or 'both'."
C4_5_water_top,43,Chart 4.5,"Personally experienced harm in the past two years, Drinking water: % top 20% income",6,pct,,chart,N,,"Personally experienced = 'yes, personally' or 'both'."
C4_5_crime_bottom,43,Chart 4.5,"Personally experienced harm in the past two years, Violent crime: % bottom 20% income",10,pct,,chart,N,,"Personally experienced = 'yes, personally' or 'both'."
C4_5_crime_second,43,Chart 4.5,"Personally experienced harm in the past two years, Violent crime: % second 20%",8,pct,,chart,N,,"Personally experienced = 'yes, personally' or 'both'."
C4_5_crime_middle,43,Chart 4.5,"Personally experienced harm in the past two years, Violent crime: % middle 20%",7,pct,,chart,N,,"Personally experienced = 'yes, personally' or 'both'."
C4_5_crime_fourth,43,Chart 4.5,"Personally experienced harm in the past two years, Violent crime: % fourth 20%",6,pct,,chart,N,,"Personally experienced = 'yes, personally' or 'both'."
C4_5_crime_top,43,Chart 4.5,"Personally experienced harm in the past two years, Violent crime: % top 20% income",5,pct,,chart,N,,"Personally experienced = 'yes, personally' or 'both'."
X76_southern_africa_crime_bottom,44,Chapter 4,"Personally experienced harm, bottom vs top income quintile, by region (text): % violent crime, Southern Africa, bottom quintile",29,pct,,text,N,,"Personally experienced = 'yes, personally' or 'both'."
X76_southern_africa_crime_top,44,Chapter 4,"Personally experienced harm, bottom vs top income quintile, by region (text): % violent crime, Southern Africa, top quintile",10,pct,,text,N,,"Personally experienced = 'yes, personally' or 'both'."
X76_eastern_asia_weather_bottom,44,Chapter 4,"Personally experienced harm, bottom vs top income quintile, by region (text): % severe weather, Eastern Asia, bottom quintile",18,pct,,text,N,,"Personally experienced = 'yes, personally' or 'both'."
X76_eastern_asia_weather_top,44,Chapter 4,"Personally experienced harm, bottom vs top income quintile, by region (text): % severe weather, Eastern Asia, top quintile",6,pct,,text,N,,"Personally experienced = 'yes, personally' or 'both'."
X77,44,Chapter 4,"Southern Africa: violent crime harm, bottom vs top quintile ('about three times as likely')",3,ratio,0.5,text,N,,Ratio of the rounded percentages (29 / 10).
X78_2019,46,Chapter 5,"Climate change not a threat or don't know ('about one-third'), global: % 2019",33,pct,3,text,N,,Trend base: the 119 countries surveyed in both years.
X78_2021,46,Chapter 5,"Climate change not a threat or don't know ('about one-third'), global: % 2021",33,pct,3,text,N,,Trend base: the 119 countries surveyed in both years.
C5_1_2019_very,46,Chart 5.1,"Climate change a threat to the country, global, 2019: % very serious threat",41,pct,,chart,N,,Trend base: the 119 countries surveyed in both years.
C5_1_2019_somewhat,46,Chart 5.1,"Climate change a threat to the country, global, 2019: % somewhat serious threat",28,pct,,chart,N,,Trend base: the 119 countries surveyed in both years.
C5_1_2019_not,46,Chart 5.1,"Climate change a threat to the country, global, 2019: % not a threat at all",13,pct,,chart,N,,Trend base: the 119 countries surveyed in both years.
C5_1_2019_dk,46,Chart 5.1,"Climate change a threat to the country, global, 2019: % don't know/refused",18,pct,,chart,N,,Trend base: the 119 countries surveyed in both years.
C5_1_2021_very,46,Chart 5.1,"Climate change a threat to the country, global, 2021: % very serious threat",41,pct,,chart,N,,Trend base: the 119 countries surveyed in both years.
C5_1_2021_somewhat,46,Chart 5.1,"Climate change a threat to the country, global, 2021: % somewhat serious threat",26,pct,,chart,N,,Trend base: the 119 countries surveyed in both years.
C5_1_2021_not,46,Chart 5.1,"Climate change a threat to the country, global, 2021: % not a threat at all",14,pct,,chart,N,,Trend base: the 119 countries surveyed in both years.
C5_1_2021_dk,46,Chart 5.1,"Climate change a threat to the country, global, 2021: % don't know/refused",19,pct,,chart,N,,Trend base: the 119 countries surveyed in both years.
C5_2_primary_very,47,Chart 5.2,"Climate change a threat, primary education or less: % very serious threat",32,pct,,chart,N,,
C5_2_primary_somewhat,47,Chart 5.2,"Climate change a threat, primary education or less: % somewhat serious threat",23,pct,,chart,N,,
C5_2_primary_not,47,Chart 5.2,"Climate change a threat, primary education or less: % not a threat at all",16,pct,,chart,N,,
C5_2_primary_dk,47,Chart 5.2,"Climate change a threat, primary education or less: % don't know/refused",28,pct,,chart,N,,
C5_2_secondary_very,47,Chart 5.2,"Climate change a threat, secondary education: % very serious threat",47,pct,,chart,N,,
C5_2_secondary_somewhat,47,Chart 5.2,"Climate change a threat, secondary education: % somewhat serious threat",28,pct,,chart,N,,
C5_2_secondary_not,47,Chart 5.2,"Climate change a threat, secondary education: % not a threat at all",12,pct,,chart,N,,
C5_2_secondary_dk,47,Chart 5.2,"Climate change a threat, secondary education: % don't know/refused",13,pct,,chart,N,,
C5_2_post_secondary_very,47,Chart 5.2,"Climate change a threat, post-secondary education: % very serious threat",50,pct,,chart,N,,
C5_2_post_secondary_somewhat,47,Chart 5.2,"Climate change a threat, post-secondary education: % somewhat serious threat",31,pct,,chart,N,,
C5_2_post_secondary_not,47,Chart 5.2,"Climate change a threat, post-secondary education: % not a threat at all",11,pct,,chart,N,,
C5_2_post_secondary_dk,47,Chart 5.2,"Climate change a threat, post-secondary education: % don't know/refused",7,pct,,chart,N,,
X79_latin_america,47,Chapter 5,"Did not recognise climate change as a very or somewhat serious threat, 2021 (text): % Latin America/Caribbean",15,pct,,text,N,,"'Not a threat' plus 'don't know', as in Table 5.1. Trend base: the 119 countries surveyed in both years."
X79_eastern_europe,47,Chapter 5,"Did not recognise climate change as a very or somewhat serious threat, 2021 (text): % Eastern Europe",26,pct,,text,N,,"'Not a threat' plus 'don't know', as in Table 5.1. Trend base: the 119 countries surveyed in both years."
X79_northern_america,47,Chapter 5,"Did not recognise climate change as a very or somewhat serious threat, 2021 (text): % Northern America",24,pct,,text,N,,"'Not a threat' plus 'don't know', as in Table 5.1. Trend base: the 119 countries surveyed in both years."
X79_australia_nz,47,Chapter 5,"Did not recognise climate change as a very or somewhat serious threat, 2021 (text): % Australia/New Zealand",19,pct,,text,N,,"'Not a threat' plus 'don't know', as in Table 5.1. Trend base: the 119 countries surveyed in both years."
X80,47,Chapter 5,"Regions where more than four in 10 did not recognise climate change as a threat, 2021",2,count,,text,N,,Table 5.1 total. Trend base: the 119 countries surveyed in both years.
X81_primary,48,Chapter 5,"Northern Africa: climate change not a risk or don't know, by education: % primary education or less",57,pct,,text,N,,
X81_secondary,48,Chapter 5,"Northern Africa: climate change not a risk or don't know, by education: % secondary education",37,pct,,text,N,,
X81_post_secondary,48,Chapter 5,"Northern Africa: climate change not a risk or don't know, by education: % post-secondary education",26,pct,,text,N,,
X82,48,Chapter 5,Countries where more than 30% said they don't know whether climate change is a threat,12,count,,text,N,,
X83,48,Chapter 5,China: % who don't know whether climate change is a threat,31,pct,,text,N,,
X84,48,Chapter 5,China: people who don't know whether climate change is a threat ('about 360 million'),360000000,count,5000000,text,N,,Population estimate from the projection weights (PROJWT).
X85_primary,48,Chapter 5,"China: climate change not a threat or don't know, by education: % primary education or less",57,pct,,text,N,,
X85_post_secondary,48,Chapter 5,"China: climate change not a threat or don't know, by education: % post-secondary education",25,pct,,text,N,,
T5_1_northern_africa_2019_not,48,Table 5.1,"Did not view climate change as a threat, Northern Africa, 2019: % not a threat",18,pct,,table,N,,Trend base: the 119 countries surveyed in both years.
T5_1_northern_africa_2019_dk,48,Table 5.1,"Did not view climate change as a threat, Northern Africa, 2019: % don't know",22,pct,,table,N,,Trend base: the 119 countries surveyed in both years.
T5_1_northern_africa_2019_total,48,Table 5.1,"Did not view climate change as a threat, Northern Africa, 2019: % total",39,pct,,table,N,,Trend base: the 119 countries surveyed in both years. The report's total is 'not a threat' plus 'don't know' (refused excluded).
T5_1_northern_africa_2021_not,48,Table 5.1,"Did not view climate change as a threat, Northern Africa, 2021: % not a threat",23,pct,,table,N,,Trend base: the 119 countries surveyed in both years.
T5_1_northern_africa_2021_dk,48,Table 5.1,"Did not view climate change as a threat, Northern Africa, 2021: % don't know",24,pct,,table,N,,Trend base: the 119 countries surveyed in both years.
T5_1_northern_africa_2021_total,48,Table 5.1,"Did not view climate change as a threat, Northern Africa, 2021: % total",46,pct,,table,N,,Trend base: the 119 countries surveyed in both years. The report's total is 'not a threat' plus 'don't know' (refused excluded).
T5_1_eastern_asia_2019_not,48,Table 5.1,"Did not view climate change as a threat, Eastern Asia, 2019: % not a threat",11,pct,,table,N,,Trend base: the 119 countries surveyed in both years.
T5_1_eastern_asia_2019_dk,48,Table 5.1,"Did not view climate change as a threat, Eastern Asia, 2019: % don't know",25,pct,,table,N,,Trend base: the 119 countries surveyed in both years.
T5_1_eastern_asia_2019_total,48,Table 5.1,"Did not view climate change as a threat, Eastern Asia, 2019: % total",36,pct,,table,N,,Trend base: the 119 countries surveyed in both years. The report's total is 'not a threat' plus 'don't know' (refused excluded).
T5_1_eastern_asia_2021_not,48,Table 5.1,"Did not view climate change as a threat, Eastern Asia, 2021: % not a threat",13,pct,,table,N,,Trend base: the 119 countries surveyed in both years.
T5_1_eastern_asia_2021_dk,48,Table 5.1,"Did not view climate change as a threat, Eastern Asia, 2021: % don't know",27,pct,,table,N,,Trend base: the 119 countries surveyed in both years.
T5_1_eastern_asia_2021_total,48,Table 5.1,"Did not view climate change as a threat, Eastern Asia, 2021: % total",41,pct,,table,N,,Trend base: the 119 countries surveyed in both years. The report's total is 'not a threat' plus 'don't know' (refused excluded).
T5_1_southern_asia_2019_not,48,Table 5.1,"Did not view climate change as a threat, Southern Asia, 2019: % not a threat",17,pct,,table,N,,Trend base: the 119 countries surveyed in both years.
T5_1_southern_asia_2019_dk,48,Table 5.1,"Did not view climate change as a threat, Southern Asia, 2019: % don't know",19,pct,,table,N,,Trend base: the 119 countries surveyed in both years.
T5_1_southern_asia_2019_total,48,Table 5.1,"Did not view climate change as a threat, Southern Asia, 2019: % total",37,pct,,table,N,,Trend base: the 119 countries surveyed in both years. The report's total is 'not a threat' plus 'don't know' (refused excluded).
T5_1_southern_asia_2021_not,48,Table 5.1,"Did not view climate change as a threat, Southern Asia, 2021: % not a threat",17,pct,,table,N,,Trend base: the 119 countries surveyed in both years.
T5_1_southern_asia_2021_dk,48,Table 5.1,"Did not view climate change as a threat, Southern Asia, 2021: % don't know",20,pct,,table,N,,Trend base: the 119 countries surveyed in both years.
T5_1_southern_asia_2021_total,48,Table 5.1,"Did not view climate change as a threat, Southern Asia, 2021: % total",37,pct,,table,N,,Trend base: the 119 countries surveyed in both years. The report's total is 'not a threat' plus 'don't know' (refused excluded).
T5_1_central_western_africa_2019_not,48,Table 5.1,"Did not view climate change as a threat, Central/Western Africa, 2019: % not a threat",14,pct,,table,N,,Trend base: the 119 countries surveyed in both years.
T5_1_central_western_africa_2019_dk,48,Table 5.1,"Did not view climate change as a threat, Central/Western Africa, 2019: % don't know",18,pct,,table,N,,Trend base: the 119 countries surveyed in both years.
T5_1_central_western_africa_2019_total,48,Table 5.1,"Did not view climate change as a threat, Central/Western Africa, 2019: % total",32,pct,,table,N,,Trend base: the 119 countries surveyed in both years. The report's total is 'not a threat' plus 'don't know' (refused excluded).
T5_1_central_western_africa_2021_not,48,Table 5.1,"Did not view climate change as a threat, Central/Western Africa, 2021: % not a threat",14,pct,,table,N,,Trend base: the 119 countries surveyed in both years.
T5_1_central_western_africa_2021_dk,48,Table 5.1,"Did not view climate change as a threat, Central/Western Africa, 2021: % don't know",22,pct,,table,N,,Trend base: the 119 countries surveyed in both years.
T5_1_central_western_africa_2021_total,48,Table 5.1,"Did not view climate change as a threat, Central/Western Africa, 2021: % total",36,pct,,table,N,,Trend base: the 119 countries surveyed in both years. The report's total is 'not a threat' plus 'don't know' (refused excluded).
T5_1_central_asia_2019_not,48,Table 5.1,"Did not view climate change as a threat, Central Asia, 2019: % not a threat",20,pct,,table,N,,Trend base: the 119 countries surveyed in both years.
T5_1_central_asia_2019_dk,48,Table 5.1,"Did not view climate change as a threat, Central Asia, 2019: % don't know",17,pct,,table,N,,Trend base: the 119 countries surveyed in both years.
T5_1_central_asia_2019_total,48,Table 5.1,"Did not view climate change as a threat, Central Asia, 2019: % total",37,pct,,table,N,,Trend base: the 119 countries surveyed in both years. The report's total is 'not a threat' plus 'don't know' (refused excluded).
T5_1_central_asia_2021_not,48,Table 5.1,"Did not view climate change as a threat, Central Asia, 2021: % not a threat",17,pct,,table,N,,Trend base: the 119 countries surveyed in both years.
T5_1_central_asia_2021_dk,48,Table 5.1,"Did not view climate change as a threat, Central Asia, 2021: % don't know",20,pct,,table,N,,Trend base: the 119 countries surveyed in both years.
T5_1_central_asia_2021_total,48,Table 5.1,"Did not view climate change as a threat, Central Asia, 2021: % total",36,pct,,table,N,,Trend base: the 119 countries surveyed in both years. The report's total is 'not a threat' plus 'don't know' (refused excluded).
T5_1_southern_africa_2019_not,48,Table 5.1,"Did not view climate change as a threat, Southern Africa, 2019: % not a threat",11,pct,,table,N,,Trend base: the 119 countries surveyed in both years.
T5_1_southern_africa_2019_dk,48,Table 5.1,"Did not view climate change as a threat, Southern Africa, 2019: % don't know",17,pct,,table,N,,Trend base: the 119 countries surveyed in both years.
T5_1_southern_africa_2019_total,48,Table 5.1,"Did not view climate change as a threat, Southern Africa, 2019: % total",28,pct,,table,N,,Trend base: the 119 countries surveyed in both years. The report's total is 'not a threat' plus 'don't know' (refused excluded).
T5_1_southern_africa_2021_not,48,Table 5.1,"Did not view climate change as a threat, Southern Africa, 2021: % not a threat",9,pct,,table,N,,Trend base: the 119 countries surveyed in both years.
T5_1_southern_africa_2021_dk,48,Table 5.1,"Did not view climate change as a threat, Southern Africa, 2021: % don't know",27,pct,,table,N,,Trend base: the 119 countries surveyed in both years.
T5_1_southern_africa_2021_total,48,Table 5.1,"Did not view climate change as a threat, Southern Africa, 2021: % total",35,pct,,table,N,,Trend base: the 119 countries surveyed in both years. The report's total is 'not a threat' plus 'don't know' (refused excluded).
T5_1_eastern_africa_2019_not,48,Table 5.1,"Did not view climate change as a threat, Eastern Africa, 2019: % not a threat",12,pct,,table,N,,Trend base: the 119 countries surveyed in both years.
T5_1_eastern_africa_2019_dk,48,Table 5.1,"Did not view climate change as a threat, Eastern Africa, 2019: % don't know",21,pct,,table,N,,Trend base: the 119 countries surveyed in both years.
T5_1_eastern_africa_2019_total,48,Table 5.1,"Did not view climate change as a threat, Eastern Africa, 2019: % total",33,pct,,table,N,,Trend base: the 119 countries surveyed in both years. The report's total is 'not a threat' plus 'don't know' (refused excluded).
T5_1_eastern_africa_2021_not,48,Table 5.1,"Did not view climate change as a threat, Eastern Africa, 2021: % not a threat",11,pct,,table,N,,Trend base: the 119 countries surveyed in both years.
T5_1_eastern_africa_2021_dk,48,Table 5.1,"Did not view climate change as a threat, Eastern Africa, 2021: % don't know",23,pct,,table,N,,Trend base: the 119 countries surveyed in both years.
T5_1_eastern_africa_2021_total,48,Table 5.1,"Did not view climate change as a threat, Eastern Africa, 2021: % total",34,pct,,table,N,,Trend base: the 119 countries surveyed in both years. The report's total is 'not a threat' plus 'don't know' (refused excluded).
T5_1_middle_east_2019_not,48,Table 5.1,"Did not view climate change as a threat, Middle East, 2019: % not a threat",13,pct,,table,N,,Trend base: the 119 countries surveyed in both years.
T5_1_middle_east_2019_dk,48,Table 5.1,"Did not view climate change as a threat, Middle East, 2019: % don't know",19,pct,,table,N,,Trend base: the 119 countries surveyed in both years.
T5_1_middle_east_2019_total,48,Table 5.1,"Did not view climate change as a threat, Middle East, 2019: % total",32,pct,,table,N,,Trend base: the 119 countries surveyed in both years. The report's total is 'not a threat' plus 'don't know' (refused excluded).
T5_1_middle_east_2021_not,48,Table 5.1,"Did not view climate change as a threat, Middle East, 2021: % not a threat",16,pct,,table,N,,Trend base: the 119 countries surveyed in both years.
T5_1_middle_east_2021_dk,48,Table 5.1,"Did not view climate change as a threat, Middle East, 2021: % don't know",18,pct,,table,N,,Trend base: the 119 countries surveyed in both years.
T5_1_middle_east_2021_total,48,Table 5.1,"Did not view climate change as a threat, Middle East, 2021: % total",34,pct,,table,N,,Trend base: the 119 countries surveyed in both years. The report's total is 'not a threat' plus 'don't know' (refused excluded).
T5_1_southeastern_asia_2019_not,48,Table 5.1,"Did not view climate change as a threat, Southeastern Asia, 2019: % not a threat",13,pct,,table,N,,Trend base: the 119 countries surveyed in both years.
T5_1_southeastern_asia_2019_dk,48,Table 5.1,"Did not view climate change as a threat, Southeastern Asia, 2019: % don't know",21,pct,,table,N,,Trend base: the 119 countries surveyed in both years.
T5_1_southeastern_asia_2019_total,48,Table 5.1,"Did not view climate change as a threat, Southeastern Asia, 2019: % total",34,pct,,table,N,,Trend base: the 119 countries surveyed in both years. The report's total is 'not a threat' plus 'don't know' (refused excluded).
T5_1_southeastern_asia_2021_not,48,Table 5.1,"Did not view climate change as a threat, Southeastern Asia, 2021: % not a threat",13,pct,,table,N,,Trend base: the 119 countries surveyed in both years.
T5_1_southeastern_asia_2021_dk,48,Table 5.1,"Did not view climate change as a threat, Southeastern Asia, 2021: % don't know",20,pct,,table,N,,Trend base: the 119 countries surveyed in both years.
T5_1_southeastern_asia_2021_total,48,Table 5.1,"Did not view climate change as a threat, Southeastern Asia, 2021: % total",33,pct,,table,N,,Trend base: the 119 countries surveyed in both years. The report's total is 'not a threat' plus 'don't know' (refused excluded).
T5_1_eastern_europe_2019_not,48,Table 5.1,"Did not view climate change as a threat, Eastern Europe, 2019: % not a threat",10,pct,,table,N,,Trend base: the 119 countries surveyed in both years.
T5_1_eastern_europe_2019_dk,48,Table 5.1,"Did not view climate change as a threat, Eastern Europe, 2019: % don't know",16,pct,,table,N,,Trend base: the 119 countries surveyed in both years.
T5_1_eastern_europe_2019_total,48,Table 5.1,"Did not view climate change as a threat, Eastern Europe, 2019: % total",26,pct,,table,N,,Trend base: the 119 countries surveyed in both years. The report's total is 'not a threat' plus 'don't know' (refused excluded).
T5_1_eastern_europe_2021_not,48,Table 5.1,"Did not view climate change as a threat, Eastern Europe, 2021: % not a threat",11,pct,,table,N,,Trend base: the 119 countries surveyed in both years.
T5_1_eastern_europe_2021_dk,48,Table 5.1,"Did not view climate change as a threat, Eastern Europe, 2021: % don't know",16,pct,,table,N,,Trend base: the 119 countries surveyed in both years.
T5_1_eastern_europe_2021_total,48,Table 5.1,"Did not view climate change as a threat, Eastern Europe, 2021: % total",26,pct,,table,N,,Trend base: the 119 countries surveyed in both years. The report's total is 'not a threat' plus 'don't know' (refused excluded).
T5_1_northern_america_2019_not,48,Table 5.1,"Did not view climate change as a threat, Northern America, 2019: % not a threat",20,pct,,table,N,,Trend base: the 119 countries surveyed in both years.
T5_1_northern_america_2019_dk,48,Table 5.1,"Did not view climate change as a threat, Northern America, 2019: % don't know",6,pct,,table,N,,Trend base: the 119 countries surveyed in both years.
T5_1_northern_america_2019_total,48,Table 5.1,"Did not view climate change as a threat, Northern America, 2019: % total",25,pct,,table,N,,Trend base: the 119 countries surveyed in both years. The report's total is 'not a threat' plus 'don't know' (refused excluded).
T5_1_northern_america_2021_not,48,Table 5.1,"Did not view climate change as a threat, Northern America, 2021: % not a threat",16,pct,,table,N,,Trend base: the 119 countries surveyed in both years.
T5_1_northern_america_2021_dk,48,Table 5.1,"Did not view climate change as a threat, Northern America, 2021: % don't know",8,pct,,table,N,,Trend base: the 119 countries surveyed in both years.
T5_1_northern_america_2021_total,48,Table 5.1,"Did not view climate change as a threat, Northern America, 2021: % total",24,pct,,table,N,,Trend base: the 119 countries surveyed in both years. The report's total is 'not a threat' plus 'don't know' (refused excluded).
T5_1_australia_nz_2019_not,48,Table 5.1,"Did not view climate change as a threat, Australia & New Zealand, 2019: % not a threat",14,pct,,table,N,,Trend base: the 119 countries surveyed in both years.
T5_1_australia_nz_2019_dk,48,Table 5.1,"Did not view climate change as a threat, Australia & New Zealand, 2019: % don't know",5,pct,,table,N,,Trend base: the 119 countries surveyed in both years.
T5_1_australia_nz_2019_total,48,Table 5.1,"Did not view climate change as a threat, Australia & New Zealand, 2019: % total",19,pct,,table,N,,Trend base: the 119 countries surveyed in both years. The report's total is 'not a threat' plus 'don't know' (refused excluded).
T5_1_australia_nz_2021_not,48,Table 5.1,"Did not view climate change as a threat, Australia & New Zealand, 2021: % not a threat",11,pct,,table,N,,Trend base: the 119 countries surveyed in both years.
T5_1_australia_nz_2021_dk,48,Table 5.1,"Did not view climate change as a threat, Australia & New Zealand, 2021: % don't know",8,pct,,table,N,,Trend base: the 119 countries surveyed in both years.
T5_1_australia_nz_2021_total,48,Table 5.1,"Did not view climate change as a threat, Australia & New Zealand, 2021: % total",19,pct,,table,N,,Trend base: the 119 countries surveyed in both years. The report's total is 'not a threat' plus 'don't know' (refused excluded).
T5_1_latin_america_2019_not,48,Table 5.1,"Did not view climate change as a threat, Latin America & Caribbean, 2019: % not a threat",7,pct,,table,N,,Trend base: the 119 countries surveyed in both years.
T5_1_latin_america_2019_dk,48,Table 5.1,"Did not view climate change as a threat, Latin America & Caribbean, 2019: % don't know",7,pct,,table,N,,Trend base: the 119 countries surveyed in both years.
T5_1_latin_america_2019_total,48,Table 5.1,"Did not view climate change as a threat, Latin America & Caribbean, 2019: % total",15,pct,,table,N,,Trend base: the 119 countries surveyed in both years. The report's total is 'not a threat' plus 'don't know' (refused excluded).
T5_1_latin_america_2021_not,48,Table 5.1,"Did not view climate change as a threat, Latin America & Caribbean, 2021: % not a threat",8,pct,,table,N,,Trend base: the 119 countries surveyed in both years.
T5_1_latin_america_2021_dk,48,Table 5.1,"Did not view climate change as a threat, Latin America & Caribbean, 2021: % don't know",6,pct,,table,N,,Trend base: the 119 countries surveyed in both years.
T5_1_latin_america_2021_total,48,Table 5.1,"Did not view climate change as a threat, Latin America & Caribbean, 2021: % total",15,pct,,table,N,,Trend base: the 119 countries surveyed in both years. The report's total is 'not a threat' plus 'don't know' (refused excluded).
T5_1_northern_western_europe_2019_not,48,Table 5.1,"Did not view climate change as a threat, Northern/Western Europe, 2019: % not a threat",7,pct,,table,N,,Trend base: the 119 countries surveyed in both years.
T5_1_northern_western_europe_2019_dk,48,Table 5.1,"Did not view climate change as a threat, Northern/Western Europe, 2019: % don't know",3,pct,,table,N,,Trend base: the 119 countries surveyed in both years.
T5_1_northern_western_europe_2019_total,48,Table 5.1,"Did not view climate change as a threat, Northern/Western Europe, 2019: % total",11,pct,,table,N,,Trend base: the 119 countries surveyed in both years. The report's total is 'not a threat' plus 'don't know' (refused excluded).
T5_1_northern_western_europe_2021_not,48,Table 5.1,"Did not view climate change as a threat, Northern/Western Europe, 2021: % not a threat",8,pct,,table,N,,Trend base: the 119 countries surveyed in both years.
T5_1_northern_western_europe_2021_dk,48,Table 5.1,"Did not view climate change as a threat, Northern/Western Europe, 2021: % don't know",2,pct,,table,N,,Trend base: the 119 countries surveyed in both years.
T5_1_northern_western_europe_2021_total,48,Table 5.1,"Did not view climate change as a threat, Northern/Western Europe, 2021: % total",10,pct,,table,N,,Trend base: the 119 countries surveyed in both years. The report's total is 'not a threat' plus 'don't know' (refused excluded).
T5_1_southern_europe_2019_not,48,Table 5.1,"Did not view climate change as a threat, Southern Europe, 2019: % not a threat",5,pct,,table,N,,Trend base: the 119 countries surveyed in both years.
T5_1_southern_europe_2019_dk,48,Table 5.1,"Did not view climate change as a threat, Southern Europe, 2019: % don't know",2,pct,,table,N,,Trend base: the 119 countries surveyed in both years.
T5_1_southern_europe_2019_total,48,Table 5.1,"Did not view climate change as a threat, Southern Europe, 2019: % total",7,pct,,table,N,,Trend base: the 119 countries surveyed in both years. The report's total is 'not a threat' plus 'don't know' (refused excluded).
T5_1_southern_europe_2021_not,48,Table 5.1,"Did not view climate change as a threat, Southern Europe, 2021: % not a threat",5,pct,,table,N,,Trend base: the 119 countries surveyed in both years.
T5_1_southern_europe_2021_dk,48,Table 5.1,"Did not view climate change as a threat, Southern Europe, 2021: % don't know",3,pct,,table,N,,Trend base: the 119 countries surveyed in both years.
T5_1_southern_europe_2021_total,48,Table 5.1,"Did not view climate change as a threat, Southern Europe, 2021: % total",7,pct,,table,N,,Trend base: the 119 countries surveyed in both years. The report's total is 'not a threat' plus 'don't know' (refused excluded).
X86_experienced,49,Chapter 5,"Climate change a 'very serious threat', by experience of harm from severe weather (text): % of those who had experienced harm",48,pct,,text,N,,
X86_know_someone,49,Chapter 5,"Climate change a 'very serious threat', by experience of harm from severe weather (text): % of those who know someone who had",54,pct,,text,N,,
X86_neither,49,Chapter 5,"Climate change a 'very serious threat', by experience of harm from severe weather (text): % of those with no personal connection",37,pct,,text,N,,
X87,49,Chapter 5,"Primary education or less, had experienced harm from severe weather: % climate change very serious threat",39,pct,,text,N,,
X88,49,Chapter 5,"Secondary education or more, had experienced harm from severe weather: % climate change very serious threat ('about six in 10')",60,pct,5,text,N,,
C5_3_total_experienced,49,Chart 5.3,"Climate change a 'very serious threat', Total: % among those who had experienced harm from severe weather",48,pct,,chart,N,,
C5_3_total_know_someone,49,Chart 5.3,"Climate change a 'very serious threat', Total: % among those who know someone who experienced harm",54,pct,,chart,N,,
C5_3_total_neither,49,Chart 5.3,"Climate change a 'very serious threat', Total: % among those who neither experienced nor know someone who experienced harm",37,pct,,chart,N,,
C5_3_primary_experienced,49,Chart 5.3,"Climate change a 'very serious threat', Primary education or less: % among those who had experienced harm from severe weather",39,pct,,chart,N,,
C5_3_primary_know_someone,49,Chart 5.3,"Climate change a 'very serious threat', Primary education or less: % among those who know someone who experienced harm",43,pct,,chart,N,,
C5_3_primary_neither,49,Chart 5.3,"Climate change a 'very serious threat', Primary education or less: % among those who neither experienced nor know someone who experienced harm",29,pct,,chart,N,,
C5_3_secondary_experienced,49,Chart 5.3,"Climate change a 'very serious threat', Secondary education: % among those who had experienced harm from severe weather",58,pct,,chart,N,,
C5_3_secondary_know_someone,49,Chart 5.3,"Climate change a 'very serious threat', Secondary education: % among those who know someone who experienced harm",59,pct,,chart,N,,
C5_3_secondary_neither,49,Chart 5.3,"Climate change a 'very serious threat', Secondary education: % among those who neither experienced nor know someone who experienced harm",43,pct,,chart,N,,
C5_3_post_secondary_experienced,49,Chart 5.3,"Climate change a 'very serious threat', Post-secondary education: % among those who had experienced harm from severe weather",61,pct,,chart,N,,
C5_3_post_secondary_know_someone,49,Chart 5.3,"Climate change a 'very serious threat', Post-secondary education: % among those who know someone who experienced harm",64,pct,,chart,N,,
C5_3_post_secondary_neither,49,Chart 5.3,"Climate change a 'very serious threat', Post-secondary education: % among those who neither experienced nor know someone who experienced harm",46,pct,,chart,N,,
